ReviewerID,ProductID,Star
A25X28UZCW2J6G,B00K9V6B94,4.1851435
A1FUH1O6FCTUYG,B00GZANS6M,4.4299307
AAUVEEG5YLZAX,B01864DDVO,3.6760862
A3VQLGTYTL5196,B001BXNQ2O,4.250952
A30WJKGX1XG19Q,B00I4KRGPA,4.2744665
A2JPS7EMNFKXOV,B00KLO64S2,4.246236
A1TA5QYECZP1L1,B019LZJ5H8,4.1351523
A27OS7Z94VXCYF,B00X2JUCRC,4.2288666
AJNVLN50MZSFU,B01A03HKFE,4.347871
AL2SKAXGCX01B,B00OM12RWM,4.3509493
A1RDYQ3CR9WOBH,B00HHGRE22,3.8335106
A3S3O6L6SZL8KV,B01GKU3D1G,4.4773207
A26V5ROE0OZCDA,B00EAHZR5W,3.928622
A37G8WNF7DGY6M,B00BF2APBQ,4.3877745
A15Q5MVRVBMKW7,B00TC1JYA0,4.477578
A1O206EET8BDM4,B00QBH0WE0,4.2290716
A3CYA250L0DABZ,B00N05R8GG,3.9300108
A31G4MNGZNYSZI,B017S1KRCO,4.323781
A18EEC1ENOT9YN,B007YUYWPS,4.186266
A23TQDWMUA4F6Y,B00NGZOH1E,3.928536
A1983ES85GQ6LC,B01HFFPC2I,4.0643663
A35CC2LV7L5GFE,B00PG4T6UU,4.0662475
A2S5EPJ451WL3I,B01H4NVSOC,3.9776695
A2AGAA1B2ORZW0,B00II5I3R6,4.1069727
A3N6TV5T5JSG7K,B011G3HM2S,4.399906
A2C7W167DVNUKH,B01A3SL1ME,4.4802036
A4YSGLUQJP68Q,B00R04OX5C,4.285676
A3E81XX9ZDNCNO,B013X96TL8,4.614275
A2D9S6V1AFXOAO,B00X8SCJCS,4.0983677
A8Q2ZFOHTVSCV,B0143PGMCC,4.5698977
A3N9UT7F50XA6L,B00HTJJST4,4.181155
AEKAL2F7RF7WL,B00BPTTFOW,4.1354866
AQFF452SVDF48,B00YSW6NWU,4.481986
A16XJNGXIVCHE3,B00HWFEVRE,4.1388483
A1UH603GXL3ER2,B01D1UVNEM,4.318825
A1W49O3LYZ8GI5,B00ZAY07OK,4.335554
A3CIIU9YNK53VK,B01BU7PHA4,4.0618906
A3DS9MLHI0EHG6,B015VKB8KY,4.4180098
A3JVZY05VLMYEM,B00ZTMRHQ4,3.6725166
A1NE9CRAQ0WUV,B01BXGMTEY,4.2931833
A2MX7TA6LI8I4K,B00FY54JYO,4.369875
A1ZV5XBKG7RVZU,B00DH52R5G,3.8868248
ABRLCS0WRNOKX,B00JJUZ1W4,4.3518133
A28REJAM6899K8,B006PNKS2Q,3.991823
A2GO4VWZWTL7ZC,B00NW2BZD4,4.3750095
A1NPM2IW3DLO3F,B01CMK63A6,4.586192
A2BC67IP5E7QC1,B00BVXQS1U,4.312115
AXOY11IDEONHE,B00CLZCRIU,4.5576735
A19GA74ZCMMYPM,B0198OKW7Y,3.9447677
A3HYB9AL7BZY4,B01BXOWVU8,4.2285013
A31W0R6O8EM6V6,B01B3G5Q8K,4.060535
A2Y7B4AASUOXM,B010MER4EI,3.5313177
A3RS1I72ULUVFC,B01AJCEP0Y,3.9357417
ASR774IIR8VN7,B00UZM2O52,4.144123
A1ZQGKKF2I7YS0,B00YOAD310,3.8689167
AAADYWOGSQ758,B00PRA4CUM,4.3227606
AKWBRE0JKA2A1,B00ENHU966,4.2696805
A1UH603GXL3ER2,B0150BC7FY,4.3087187
A3V9J8I5FHAH19,B016TNH8HE,4.5928535
A36WBGWPPLIQZ9,B00D8GLHYG,4.4450507
A27FIUTXM6WTIW,B00RW9JGYS,3.73661
A2J8WQHKV75MAS,B00T85IUR8,4.51375
AZPNSCZH6LW40,B01FKDKB96,4.3784876
A1G7VXXXLTJX9R,B00QVNQYIM,4.071801
A2C7W167DVNUKH,B00X4112W2,4.261009
AVTN1DZPKSY8I,B005NTW8SU,4.193693
A1I96OYAUJ3HQE,B01GEKTEY2,4.4034405
A198VXVTHHIZJ7,B0157RBC16,3.957518
A1HHSUAQDZ1XM6,B00DV7LVP2,4.52647
AAIDLB38IY7R6,B011B2C3NW,3.7145243
A2HZ6MGQ6TPNO0,B017JRXATE,3.9810169
A1PSGA348YRV67,B00U7O4IQ6,4.3337383
ASGBSLP29DQRY,B00K40M50E,4.402047
A326085M0DK10B,B019S2I4HG,4.619752
A2KWQ64TRHB3YH,B00DU4Y2R0,4.218952
A1NE9CRAQ0WUV,B01BU7PHA4,4.0618906
A14TBDIKFSOIX8,B00L1R3OS6,4.170068
A3SSNQX72CDVLH,B006A9XGUG,4.4769573
A3CHUCS2CVKGI0,B017RFCQ5C,4.470333
A27FYZLG2XYSCZ,B00EZGN2VO,3.8419669
A3H38968JZF6VK,B00BBQ2JPQ,4.329719
A2NDDUI5L26D3Q,B01ACP2MSU,4.09317
A37Q71Z1BE6V9,B00FJFV6AY,4.0300617
A245T0V8KVTV45,B00VQJHHRI,3.9147418
A1ZQGKKF2I7YS0,B008O58I4S,4.5676117
A3GWE80SUGORJD,B00ES2P6UK,4.126526
A2LF3KTH2T6RJA,B00L73W2J6,4.338461
A3NVE90M7T4FBT,B01D5CAQ1C,4.620268
A26GE9ZG68SKIQ,B00PG4029Y,4.3804703
A36RDF38V9ITAE,B017GGWXNW,4.622159
A2US3C9WGWUE66,B00KH3Z53W,4.1391296
A1C7ASZFSTSJMH,B01GZ7IMJC,4.579377
AD9HAE7DPTQDG,B01A3H9YOC,4.244812
A3FA93L7JWESR,B01GQW4UQ0,4.508789
A2XKX5TBB6WV00,B00N9IMHCE,4.2004147
AKZH6MEXHWGLD,B010MXA96E,4.0954924
A3CYA250L0DABZ,B00II5I3R6,4.1069727
A32TX5VFAQALG5,B011G3HJ6C,3.7886078
A1B5MN8PY0JIJQ,B00K1HQWBS,4.2879925
A18TN5IRM7LPNK,B00ZYX46P8,4.467004
A1ACUN6A2LYVMW,B016WQR86Y,4.5532246
A16SH2BVYS9FL3,B00MJ2UMIC,4.081506
A1YUPRU1BVJHQV,B01990D46I,4.2248263
A3LVYVNRDCRYQP,B01ACP2MSU,4.09317
A3RDDEA1NKSMVC,B01C6DZQYS,4.5378103
A2NLY1TJ8TYV6D,B017S1KRCO,4.323781
A2MR87VMPFNFJ5,B00HLUH7BM,3.7853637
A3TYM17FU0FSE8,B01GD3CF5U,4.8257194
A3FOALVTW4NEZI,B00AA3P7M8,4.3945427
A35BKLDD2E04E6,B00TZ8TK54,4.1137667
A3A44JIMIWYFIE,B00MAFLX90,4.4652863
A2I0ZBZOWPP756,B01DABB99G,3.5281775
A1MIXHFSMNEE42,B00HZ3NG74,4.053459
A345V8Y9YVZEEP,B01D3EKF1I,4.2360067
A16N88TMHMXX1F,B00NLJHSQ6,3.9372256
A1SH6H9ZY9AJV9,B00XCLU7Z2,4.297876
A1OKS5Q1HD8WQC,B01HHJZ3EO,4.1893435
A2MK1L1Y74WTWH,B00Q6YLPJ4,3.8714359
AGIFTDAFJEXVA,B00Z96Q9U0,4.629486
A245T0V8KVTV45,B00PG4T6UU,4.0662475
A1F41PH89SL6JB,B00KKTTQZQ,4.1862526
A19MQI49YCA5SK,B01914ZZHI,4.2747164
A2J7GJWY8O1MDB,B01BN5LB7Q,4.2895613
AIKGKUGNQ6L2F,B00GT4I4L8,3.979262
A1NPM2IW3DLO3F,B01B55MQ5K,4.3029633
A137UEIU93IFEF,B00AA0VB8U,3.9036686
A3C713428J4MJ7,B00XDAG2TC,4.395215
A26V5ROE0OZCDA,B00SSS98IQ,4.02378
A2O4SN56PNX9YL,B01EMF4FXG,4.3233423
A10IXICTN64ZSV,B01F0MF6KQ,4.58941
A2LF3KTH2T6RJA,B00I590F8A,4.1557693
AXIO51VZN815F,B00AOS6Y26,3.9443336
A16SH2BVYS9FL3,B01E1RRX66,4.2939577
A1JMSX54DO3LOP,B005ZUV64E,4.651796
A3JXBWCYZ9HVXL,B01CJ37JJ0,4.3524094
A247M2SSLKTSHY,B006KZ5M84,4.3520846
A2C3N49XB5K19C,B01A6B5MFA,4.6739326
A10DX94ATZQEFG,B00WRP0DHG,4.2262287
A2MR87VMPFNFJ5,B009L2X8KM,4.25793
A3AN1E7K5WXIXK,B00PQV6H78,4.2653723
A1CPMEH6MMCRRZ,B01DJI001S,4.295144
ADAJ62S65XLVH,B016JPTGN6,4.2850924
AX5KL9LWC1TG6,B005PII040,3.6784403
A1NPO1UJGN7GVO,B01GZ070A6,4.140684
A1A6ADR8JG12KQ,B01D0ZPA60,4.1449747
A1BBKKDTH8S00C,B01CX93T44,4.1409388
A2S5EPJ451WL3I,B00MRFP7E0,4.6266384
A2RQ5IRWRU0TVO,B01A03HKFE,4.347871
AAADYWOGSQ758,B00JFHKEOG,4.2062798
A2H7AEDMKV11OJ,B00HCK1TZQ,4.410845
A2KE2O5C2XMXGE,B007YX9X18,3.947509
A1E614LDQVKOYE,B00VS1XNS6,3.8565671
A1P5YXP15B13SA,B01FG70S4E,4.793741
A3CYA250L0DABZ,B00OAGWXDW,4.3135376
A2UJTG9XC4KISL,B00P38D704,4.2866945
A6ZT9EZ49JTEL,B01E1RRX66,4.2939577
A1EHES82IVVS9C,B01GD5E86C,4.1372027
A10RH00JS3DUX0,B01DABB99G,3.5281775
A3HOXAKC11UEOX,B00Z7Z2A6A,4.049224
A1VU7D0OL9GKST,B00OAJUEW6,4.342905
A3IQ0P3M39IY8U,B00TPBIA4S,3.9589422
AQFF452SVDF48,B00ILYKGW4,4.4062347
A1SXDVX98NJLHZ,B00F8N71PQ,4.716824
A2PJCE1T0AXDD3,B00TGC71K0,4.2044477
A37G8WNF7DGY6M,B00NZAPQHE,4.054632
A288W9MY6EK1P,B010ORALRK,4.2328615
A2RWL2UG5PAFAZ,B018CHA1D8,3.876127
A39N24TTLP6I48,B00NF30KKE,4.7654552
A1ZDSAPOGRGBJI,B00X7R3DFM,4.485914
A2PBXQTE07LEFY,B00L2II2AY,4.23994
AQR5TV897ZGKZ,B00F64A1YK,4.172155
A3TC60MGLW1I76,B00Y228S2O,4.525978
A1SZW98SMUZTQJ,B00WZWMRC0,3.5556347
A26GE9ZG68SKIQ,B00KUJCVLC,4.060075
A20Y6SVZJNW6U3,B015M5L9A2,4.72894
A2CJ33Q2E7PUTQ,B00GWF5ETE,4.2249174
A26V5ROE0OZCDA,B018BYUPVA,4.2469807
A35M5NTEVHKVB,B005CHQY24,4.219572
A2PZA5XB74EIDB,B00PUS8AEK,4.2490635
A25CQ5UC0CJ44C,B00GNJBFC4,4.1279116
A3K8NPGJOP3QGV,B0122EO4TE,4.499473
A326085M0DK10B,B00FHFODOM,4.631572
A24NC3WOFW7LHT,B01DN1BLKK,4.2601376
A1UH603GXL3ER2,B00WNCHJF2,4.483725
A1X6NTLNNGVIAF,B00EH2E5IK,4.3608875
AXVDFGI9OEIVK,B015ECXJOM,4.5973234
A1YMQOVJJHYR5P,B0184BHNIS,4.216941
A2HX0B5ELOPP5Z,B00LKQHZTM,4.480877
A3Q9ZYNO1MXQDW,B01HAQ70M2,4.584467
A9M7TOUJ3N4OE,B00VO86O7K,4.563565
A3NW9Y963QZ8WI,B00MD5VDNS,4.488947
A2U06P692IZOSF,B016YIRT9Q,4.4155364
A1NE43T0OM6NNX,B018A097LO,4.0940075
A178S00H8B3YWA,B00ZAJTPB6,4.5757694
A3SFE4SWTZ3UIP,B01F2WTGFK,4.5502186
A15RKFWXR5W3PP,B01A1E8WO0,4.1920385
A1ACUN6A2LYVMW,B00GG0OZ9A,4.3518353
AIW0QH84UBVB2,B00COAKA7C,4.193079
AAO6QIF5RUMS2,B00S8J54RY,4.4712315
A1ACUN6A2LYVMW,B01AQ14XL4,4.337595
A37Q71Z1BE6V9,B018RKHYMQ,4.3612432
A1TVJ9WDRP0UZS,B01FCBU7OU,4.369843
A39CVMK2ZKEIK2,B00MQHIEKI,4.2984095
A3E4H5A1X8NJRR,B01C4IAK5U,4.2578096
AYGI3FN2M078F,B017E1XMPM,4.446128
A2N1XSD82O6XTV,B00JCAHK6G,4.497081
A2EAKYR4AEJU69,B00CSFDPUM,4.06054
A1JMSX54DO3LOP,B00K6GZJ68,4.165086
A3KBRXW4PKK2MT,B00ED3FAO6,3.9989724
AIW0QH84UBVB2,B00P9QXW1E,4.3750095
AYVJY4Z9CYQWU,B00E7KTERY,4.102659
A1ZN09YCBHQIFJ,B00MZAS07S,4.235153
A1XL1A3TCU3Y1I,B01EYW7KHU,4.096322
A3W4VE2L5G4HN6,B01B0T1HD8,4.1262856
A39CVMK2ZKEIK2,B00BPTTFOW,4.1354866
A1FUH1O6FCTUYG,B00SPGA5T2,4.4349174
A18EEC1ENOT9YN,B014LZJVAE,4.110867
A26GE9ZG68SKIQ,B00IA4UVPC,4.0485663
A2MR87VMPFNFJ5,B01645ZYZU,4.309408
A253ZKSZTAZ8W7,B01835JNDI,4.55486
A18EEC1ENOT9YN,B00KGK9A5A,4.250391
ALGAUZSEQQWI4,B0175AQ1S2,4.5034013
AA9PKGS1AJS9V,B01G89E5OS,4.243848
A2N58DQ4IL5SHP,B01AKXHWTS,4.211854
A2PG5XA0Q3BEMU,B017KW0G2M,4.3271036
A1F41PH89SL6JB,B00NW2BZD4,4.3750095
A2XDIADRDAIZ0M,B01CQ2707K,4.3011374
A2Q439D72KOQME,B016HIOV08,4.0004997
A1GQ2UI5BKCCRD,B00IJYII4E,4.651911
A1ACUN6A2LYVMW,B01BHE3H1G,4.385314
A3CBZUOAQ1LBU5,B00NOAZJI6,4.349287
A3ULR7XJF3C400,B00VW0OLKM,4.244109
A2S5EPJ451WL3I,B00HTJJST4,4.181155
A1DF6JO4KFE5X1,B01CFBYXMW,4.701673
A137UEIU93IFEF,B00FY54JYO,4.369875
A37BRR2L8PX3R2,B00GVJ4WOY,4.0435715
AUQCW3RV8YE2W,B0118DAWR8,4.3179502
A3JONP3MGSSP0F,B01EYW7KHU,4.096322
A10JAUCIGVRW9F,B00R1O4KWW,3.8355381
AG63N054UPJH2,B00LE4Q370,4.2099323
AL2SKAXGCX01B,B00PBA6QCU,4.2089853
A3KIA7199DNI2H,B005H8PAQ4,4.4601774
A3PVBW0TN46U8G,B01HCB4LFE,4.213771
A1XKTJ1XLTWLCQ,B00S7766OW,3.8031852
A1ZDSAPOGRGBJI,B01DWW6H6I,4.565502
A20ISU7TSX8NIL,B00VQR2NOW,3.9592392
A1H10L6S9KZB2C,B00J9YWGTQ,3.8775122
A29T92HFUVM2NT,B00UT0VAD2,4.2215447
A1SUV0W0CB3KVM,B00RC4MNWK,3.591294
A1EF46YLAZ7MEM,B0182RBPSI,4.6486435
A3K9X6KRQCWWKL,B01GQW4UQ0,4.508789
A1BBKKDTH8S00C,B01EII2PB6,4.1461725
A1ACUN6A2LYVMW,B00IKW40N8,4.153261
A3OQ0WU2ZHM5J6,B00HMXLW9Q,4.4789534
A245T0V8KVTV45,B00NWR78L2,4.0258055
A1ACUN6A2LYVMW,B0058OJ8AG,3.758321
AQFF452SVDF48,B00TGC71K0,4.2044477
A3P4PWQ6NZGNFY,B01APIXTJ0,4.111929
A3SXU17Z77R7N,B01416W0C4,3.9104652
A1RPQMHJSNR8U8,B00LDQOZWO,4.265812
A16N88TMHMXX1F,B01FOGIV3W,4.3642445
A2QM4ZF6N1SI4S,B014M089YW,4.6853695
A3BPKT9STRWWQG,B0139HKO3S,4.5474253
AUII0MVONK1A1,B01H9ER9R6,4.3795576
A1ZV5XBKG7RVZU,B00GRAZD3G,4.373477
A3SZPKNV5IU75I,B0157GPPEM,4.040888
A1P5YXP15B13SA,B011T78JT6,4.609046
A1JNMSETGHIUZ2,B00GW9K8EG,4.070719
A3AGZMFF5MXXG4,B01HHJZ3EO,4.1893435
A3CYA250L0DABZ,B00NW2BZD4,4.3750095
A326085M0DK10B,B00ENTIAJM,4.179989
A23Y4UGTFDMZOP,B01FPGWZCE,4.305336
A3UO90FEXQNHRD,B00KCWO76O,4.548066
ACVNKHUOX3QWU,B00OYWP6G8,4.6710567
A3SQJOLKQ8X719,B01069Z6TO,3.9679706
A3QY3KER34QGCS,B012YHT12E,3.8273253
A2O4SN56PNX9YL,B00MX7NP1Y,4.138651
A3H38968JZF6VK,B00ENW9J9Y,4.3912897
A1M9WKJRA9LA3H,B0172LVWUQ,4.2862606
AQFF452SVDF48,B01A9BTUBY,4.239291
A1HHSUAQDZ1XM6,B00HBWQCAC,4.6229973
A1GXJZGFR0BPJH,B00VGNPU3W,4.430583
A14R9XMZVJ6INB,B01DQED9F4,4.4613495
APORGO15GFK60,B00BQMKC5O,4.3786983
A1YMQOVJJHYR5P,B013GZP3BG,4.3424416
A31O3ANLI6CFJ4,B00MSSTC56,4.0212584
A2LFTN6A58XAQV,B00PSEO3XS,4.214221
A2UJTG9XC4KISL,B007YUYWPS,4.186266
A1IFWIZ62O12OT,B00NTRYYT4,4.437625
A183DRUR0UACQ4,B01783W2SE,4.433943
A1QXNTUAUWFKP7,B01CDYARAS,3.672262
A1D7CDK7HS68NP,B00SZ35DB0,4.372463
AKZH6MEXHWGLD,B01ACLW2JS,4.048209
A36PA4XPATJSKX,B018F3C1KU,4.2196636
A2UJTG9XC4KISL,B00MDACG9I,4.170207
A2HZ6MGQ6TPNO0,B004INHR24,4.2541804
A1IE93W5OH9MGR,B00AM4HTEE,4.254249
A1BQJNUATIXPSS,B00OQI625O,4.4745436
A98XBNRFXW0BJ,B01FPGWZCE,4.305336
AHKB5BOH22L44,B00N7K1BB2,4.300407
A1E29AF1LT9N6S,B00EJXIO7U,3.8491914
A1DJY8WVWPJ2H8,B00DLSTT9Q,4.3482647
A37D3BRKS7OO2L,B01097AOJA,4.565773
A198VXVTHHIZJ7,B01GAIHTSQ,4.553344
AUII0MVONK1A1,B017PH5PXC,3.6286936
ADUI5YISBG6Z4,B00FFLB6MU,3.7950518
A3AL7B2RPOAEOB,B00OG62G3S,4.751355
A1LMM7FPIC5XMI,B00UZM2O52,4.144123
A1G9FFD93Z9YNS,B015C6YFGQ,4.1050377
A2G45Q8V20R779,B014GFMV4C,4.470932
A2W31IQMW6TX93,B00NZLNUXA,4.4556084
AH5HD9FHUFT9B,B00ED3FAO6,3.9989724
A1FYJN76V1V5GX,B00X7R3DFM,4.485914
A245T0V8KVTV45,B01BU7PHA4,4.0618906
A3QSRVCKQJ8F6Y,B00XRRAWYM,3.5140398
A3T7S6BDKHWPJD,B01GSRNLOK,4.5804687
A253ZKSZTAZ8W7,B01D1ZKSB6,4.8171577
AV6ORIR1JV86P,B016X05QHW,3.9721017
A3E4H5A1X8NJRR,B00YQBSEKW,4.1145344
A2EGLWRK7PCDYH,B00AND5YIM,3.7194197
A2S5EPJ451WL3I,B01GTFE2BW,4.163786
A3R74060ZMG3S5,B0192OOXU2,4.3787622
A18EEC1ENOT9YN,B00NJ0Q0SY,4.470599
A2TX3PH7TXFRE9,B00HBX7DD6,4.147192
A178S00H8B3YWA,B00FP8QLTG,4.125037
A3G31IWKH9ALT3,B00K1H0H7S,3.5210788
AIKGKUGNQ6L2F,B00GT84JJU,4.426194
ABNZCEB0CF7MP,B00GVQOJZ4,4.2425127
A2ATPNDTJKBEW5,B010ORALRK,4.2328615
AP0MMULH95T9W,B00S9WR33I,4.4875774
A18EEC1ENOT9YN,B00SJ7LQ9K,4.0312843
A39BS5Z2VD50RM,B00AOT3UDG,4.261526
A2QJ4TTBMNTY9Q,B00Q28829A,4.23841
A13LERNQ8R7267,B01EH5IRI0,4.178135
A2JPS7EMNFKXOV,B015BH04E8,4.4671316
A3JONP3MGSSP0F,B00ZOL1DRO,4.15654
A2WI7I8LN4JVRU,B01D3YGQ7U,4.39287
A3SCI296BEDGUW,B0182RBPSI,4.6486435
A1GHGL2CAF09DZ,B0103UGC1C,4.399927
A2SNF7VCKMYTDF,B01GBMRQH0,4.30352
A3IQ0P3M39IY8U,B00QGDV9L4,4.2897787
A1K4S4MWXI9E9M,B0184J1F4I,4.704011
A3USZMPTWE7MEM,B010NQV6I0,4.1884956
A2XWNFCQ9U8N3S,B00M7JJYIG,4.588831
A1JMSX54DO3LOP,B00QXFNP62,4.23842
A1NPM2IW3DLO3F,B00RFY3KM4,3.832832
AX5KL9LWC1TG6,B00V9525BC,4.0940256
A1Y5FO3ON4WVHS,B00QJKV1EY,4.1754994
A2PG5XA0Q3BEMU,B010W9HEUW,4.692181
A3DULR7SKCWCJO,B01H0WI9QC,4.6525717
A7WOE5BJXO2N5,B00ZYX46P8,4.467004
ABGK3RNJSLQ38,B00IJQCZ2S,3.7509148
A1LBXPSSVZVIM0,B0198OKW7Y,3.9447677
A1HHSUAQDZ1XM6,B01B9XNJP4,4.3994923
A3PB5W8OE59743,B01F0MF6KQ,4.58941
A36XTPY9IFYA5R,B00LS6MCMY,4.3049374
A1LGEZKBNXPUW9,B01EO8OL8K,4.244956
A3V9J8I5FHAH19,B01DV4HTFK,4.5969725
A35SD76E2TSGP9,B011G3HJ6C,3.7886078
A3EJTO1IBULV7T,B015OS4436,4.3355675
A3YPNGXQCY94U,B01EJ2BV0W,4.2751136
AOLHNMI8G8R6K,B00EV9LSJI,4.421693
A1UPHTDW5GM12T,B00QL14R88,4.1953125
A77Z38ULG98AW,B00DCJJMUA,4.1946497
A30K9MEPFESK61,B01BR1U1WC,4.1675644
AZFENNBSMN980,B019EQUUYQ,4.482608
A11FF0H63VFFMX,B00C5VBBHI,4.2715654
A137UEIU93IFEF,B00AXLV0CI,4.0856986
A3DA91KQ8UQ76Q,B00LI5X2QA,3.8680964
A2S5EPJ451WL3I,B007Z4D9MA,4.2385616
A103M7E0BSFC83,B00Y6RB1I8,4.206975
AF4G3KN17ZX41,B00TOZ9EC2,4.631503
A1RRMF5XW5NZDD,B01H9ER9R6,4.3795576
A1RF70MWVANZCU,B00PCZC7F4,4.2022533
A2O37WEGGS6NF,B01CEUZT8G,4.537964
A39BS5Z2VD50RM,B012FAXT0U,4.609582
A19T1A4TS1WHOZ,B01GQCLA5O,4.272251
AXVDFGI9OEIVK,B00629WWJ0,4.4056616
A3M3LPTYJWK90W,B00F5FBRD4,3.9782562
A19T1A4TS1WHOZ,B01FVHS6OI,4.15104
A3GEKHTOCDSCBT,B0068UAZ8I,3.50677
A296HV17AZ10V9,B00CJNDKUS,3.8826723
A7M73HAH815DM,B00HMP4JEO,3.7516525
A2K057YIAJJQXS,B00MZB47RE,4.3670015
A2TLU5ODLGESZ6,B017OLT0HG,4.238162
AWNYF3812RWNG,B00629ZTOU,4.39832
A10PIB0GJZQHJA,B009QSK1GK,4.2138886
A2WG33SBOT901X,B00XZCYHRW,2.9167998
A20RU9H40EONUN,B00UMODJ4I,4.271392
A13C53Z3ONTAIS,B00X7R3DFM,4.485914
A3A44JIMIWYFIE,B00YLC03YQ,4.3712635
A6SR7U2PNGN0N,B00J9YWGTQ,3.8775122
A2GO4VWZWTL7ZC,B00MRFP7E0,4.6266384
A20W4WL6TW19KK,B00MIH3P0U,4.4498672
A2A1U239S7ZVL1,B00PUSZDZY,4.1153793
A38KPXZZ1AXYKR,B00I0ZF9VM,4.255517
A1XMFCMIANCQRW,B01HF6OU70,4.6290007
A1X87IHRK15RBU,B017GQDX04,4.354348
A1RDYQ3CR9WOBH,B00S4D0PDW,4.10083
A2BEDL4QXLEE3S,B016R0I2WE,4.0880175
A296HV17AZ10V9,B00C14KSH8,3.537264
A39N24TTLP6I48,B003JTHMO6,3.605066
A28U98HYYE5DR1,B018OIL6QQ,4.7253327
AYUTCGVSM1H7T,B004LB4FBE,4.03135
A3AL7B2RPOAEOB,B00NB3LMEG,4.017344
A7M73HAH815DM,B00YDI7CHO,4.500553
A1SXDVX98NJLHZ,B01570CO06,4.2944317
A3RTTJWMRCR09S,B00H7K5UB0,4.1121826
A2V85U4LG9CNMC,B01FIS2F42,4.2002754
A28KZIYDZQRGGY,B00EGJE43K,4.0775623
AWC38PDUZQ8RJ,B00XNMKN2W,4.399453
A1LGHE86XYGL9U,B00UT0VAD2,4.2215447
AUI3XAZ1513SI,B01FVHS6OI,4.15104
A16AQ4VKYGFWAA,B00J0PKKUG,4.1818266
AQTXCLZVJ9GBX,B01H62L5GW,4.2014008
A39JEH2M5KY1HX,B018KVO970,3.9044058
A2HZ6MGQ6TPNO0,B01CEUZT8G,4.537964
A11S2QYS4HV6SF,B017WTF8TE,4.432211
A3ALH6Z83RHTO2,B004E9U9AY,3.6238985
A2KJ7AGC82GPP1,B015HN8TSY,4.5012503
A1R2D0K0S0M30P,B01BXGMTEY,4.2931833
A2UAPFRQOHUFS4,B010ZFRUQQ,4.6126018
A535AAXVRE5VM,B00T3E76II,4.2994165
A3RPL8JIS2XMJ3,B014GAK1R6,4.3033466
A3QSRVCKQJ8F6Y,B01324YJ8Y,4.1623807
A1CV6PASVMUEE8,B000GCFWXW,2.7407
A7WOE5BJXO2N5,B00JRBN26M,4.375592
A1ZV5XBKG7RVZU,B00BFQ7AV0,3.9435914
A2EVKNQ71UULXI,B00BF2APBQ,4.3877745
A36D9JIUF8JFQ7,B01FTDR8ZW,4.5396614
A16SH2BVYS9FL3,B0141GRCVS,4.5937705
A19MJXG060UDTA,B01DL6EQC2,4.704645
A3MTU1QAMYEAX3,B008X7AJX0,4.1213226
A1VIR960IWHK07,B01ATF41UA,4.547551
A1YZCADBVKWC9X,B00UAZ3JVC,4.5514774
A3R74060ZMG3S5,B01BRU6U6O,4.097416
A2PFCU5WLS5UIX,B00W891R26,4.110544
A251R2KPOLFSYV,B00S5HPW6C,4.2691126
A2C8S6EB6MKYAX,B00NDEXI0O,4.216324
A31Y6ITN2SGACM,B00UCANMJO,4.301533
AXIO51VZN815F,B01A03HKFE,4.347871
AH85UZ876V6OW,B00KJ7L30A,4.1858587
A3131JEJYVBJO,B00HWFEVRE,4.1388483
A3H38968JZF6VK,B011ETZ2WQ,4.133897
A8RL5L4BJTEMB,B00VW0GK1A,4.264677
A3MN2WTICV7O9H,B000V507D4,3.9128313
A1N48Q1NZQ9R2E,B0145VI0G0,4.528941
A26KPQ82F5SK2D,B01324YJ8Y,4.1623807
ADUI5YISBG6Z4,B00MQNEQ7C,3.51471
A1NL7G5VN45RDW,B018RFX3LC,4.4878807
A1V4LZS4HHHH6K,B007Z4WTBW,4.1140637
A3HJQAU1O5J9Z4,B0056372HA,3.6766841
A1KLWQKML2HIXU,B00C6MFLP4,4.299609
A1YK1AM70HDXLE,B011G3HM2S,4.399906
AKK6BPA7HTEKQ,B00XGIEM52,4.319803
A1MIXHFSMNEE42,B01H62L5GW,4.2014008
ADUI5YISBG6Z4,B006RZNR3Y,3.6312933
A2TLU5ODLGESZ6,B015VKB8KY,4.4180098
A2M1QYOWLBGRHT,B01B5BR1KO,4.287715
A2MEKYD68X8R8H,B00Q6Q5ZP2,4.2159004
A1K4G4G02UIVEW,B00G2CXN7C,4.1722803
A1T77WWA0TSSGB,B01BR1U1WC,4.1675644
A1PUZIV4PYY4YM,B00Q7TWVAK,4.1149254
AH85UZ876V6OW,B00RHH7LLU,4.095728
A1IE93W5OH9MGR,B008XDGQ2W,4.562356
A2RWL2UG5PAFAZ,B00NI4I0GG,4.2357903
A2VNG16IOTY7N,B01BN5LB7Q,4.2895613
A2MXJZ75PBWCI9,B00M8ERQ0S,4.1578984
A556L66JGOVPK,B00NZLNUXA,4.4556084
AUME0VNK7J2MP,B01E6DT75U,4.182024
A7GZXYEZ2OMLQ,B00JLHHYWA,4.2498302
A2JKXT3H0U8NKR,B00N1DVE8U,4.2561316
A3BTRKXD03KC4F,B00TYV0WSG,4.457757
A1LFIFPYMOJ8RV,B00V45ZENI,4.5444517
A2TX3PH7TXFRE9,B0151RDU58,3.6757104
A3H1TO48SUIM54,B01GBYFK1C,4.298847
A1W48IWJ8A610S,B010WM3TG2,4.5915737
A26V5ROE0OZCDA,B00QJKV1EY,4.1754994
A3IQ0P3M39IY8U,B016QTOIWE,4.25268
A3PE4ENWAY4D9O,B01D10TPRE,4.497108
AQ5HSBPNASYIG,B00DVYIQDA,4.079747
A3AM6MXENFRF3G,B00XIHMD2K,4.5348387
AGGDI4VWPPZ6J,B007Z4D9MA,4.2385616
AY5R3F55U7WZ5,B00ET55NGS,4.3702917
A15VZ8KA1KH8ES,B00AQOY5RO,3.773965
AWNYF3812RWNG,B00JNK590Y,4.0603504
A3AM6MXENFRF3G,B017GQDZWU,4.322503
A6IU02S1EJUS0,B00F3LVB40,4.253517
A29V7E1TFYXKJ,B01CBY47FG,4.3063173
A1FJ6YD0TL90GN,B00JHIJD5Y,4.407112
A1GHGL2CAF09DZ,B00P9RVW5G,3.987781
A2S5EPJ451WL3I,B01GKU3D1G,4.4773207
A2N1XSD82O6XTV,B00OAJUEW6,4.342905
ASR774IIR8VN7,B00VO86O7K,4.563565
A235UMRMGXAS15,B015BCVXF2,4.0916166
AP0MMULH95T9W,B00DDU756Q,3.983064
AIKGKUGNQ6L2F,B00ANG0812,4.2927313
AV6ORIR1JV86P,B00NMVS01K,4.1068096
A247M2SSLKTSHY,B00CGIEP00,4.154374
A27OS7Z94VXCYF,B01H4NVSOC,3.9776695
A3RPL8JIS2XMJ3,B015BH04E8,4.4671316
A245T0V8KVTV45,B018F6H3U0,4.4015346
A8YJFGILC2W38,B007GSO4XS,4.457797
A11S2QYS4HV6SF,B01CT5K792,4.367428
A3IAAKYJIX44EL,B0145COWD4,4.3554387
A3HOXAKC11UEOX,B00N0VI2OM,3.952393
A7GZXYEZ2OMLQ,B00X8SCJCS,4.0983677
A3VQMP3ACL1KHH,B01B27ZC98,4.207121
A69JQYYIUQFQL,B01DJWPF6Y,4.7444396
A1FHWVQ0ZMFFQK,B013X96TL8,4.614275
A2F483MD47JG2T,B0073XXOGO,4.6072273
A3GRUTOJXXE8FF,B018COSNP4,4.582302
A1J3WRDIB012CI,B006KD2TP0,4.3015037
A39N24TTLP6I48,B019OYETT0,4.3688335
A29KU896QJLUE8,B014I8OGLS,4.237464
A6ZT9EZ49JTEL,B01F998SK0,4.4212217
A1G7WM5OV1TKTL,B018RVBW82,3.7554226
A2PF64RBR1G1SZ,B01B0QXBA8,4.4946847
A1Q1PDU91ND28H,B00ZY6REAY,4.403385
A2V5HEEE7YLXMI,B0153KV24O,4.303707
A2LAII96I1O1IY,B00FR30D16,4.1636567
A1N48Q1NZQ9R2E,B01FRQ4Z8E,4.5317097
A3H1TO48SUIM54,B00JFLUJ3S,4.500374
A290WMOZDFOWFY,B01FPS5IQC,4.1348095
A36N7KTS8JMR4L,B00VU0M8JA,4.1275454
A1KLWQKML2HIXU,B018SCGDWK,4.543812
AYX4FFM42UGTM,B00UJEGURO,4.252488
A1NPM2IW3DLO3F,B00KZNW2Y4,3.917573
A3GEKHTOCDSCBT,B00PPDJ7OW,4.0507
A3IAJM6F3EBQ5H,B01F5KX678,4.500574
A1KRKONSKSM8FS,B018GVP9PK,4.2620993
A37G8WNF7DGY6M,B00O3V6PWY,4.1988287
A00463782V7TKAP9EMNL,B01D6ZVT78,4.19267
A36D9JIUF8JFQ7,B018NUSVFY,4.251745
A2FSWI7Q6MZ9PX,B01FTEBDDE,4.565425
A2DD8D4Y1UMJ2C,B0014B5JXW,3.870664
A25PLL2FEB615H,B01A6OP92S,4.580722
A2S5EPJ451WL3I,B0141GRCVS,4.5937705
A1XKTJ1XLTWLCQ,B007Z4WTBW,4.1140637
A190TSUIRJIFUK,B00D53OFPA,4.5014744
A2ZRNAK0Q1FLQU,B00TKP8ZMQ,4.091631
AQ87G02DO56Z,B00MDW5UAI,4.259302
A1NAXYNAOGJIGN,B00T3E76II,4.2994165
A7W8CXJOH3UNV,B01C6DZQYS,4.5378103
A7CZSRM0JJVJP,B00538W83Q,4.1195984
A4YSGLUQJP68Q,B019KP81BU,4.7433414
A2C7W167DVNUKH,B012PDB95O,4.6937027
A3MTU1QAMYEAX3,B00ZYX46P8,4.467004
APORGO15GFK60,B01CRYKNNA,4.420719
A20ISU7TSX8NIL,B0108J1BVO,4.2642183
A328S9RN3U5M68,B00GNTLLFK,3.9183393
A23GNQPTX5CJIF,B01D6ZVT78,4.19267
A1PA6ZO9892OH3,B00PNU8Z86,4.2700315
A1PSGA348YRV67,B00BMU99HM,4.140027
A1IE93W5OH9MGR,B017OLT0HG,4.238162
A2SHWMWTXZLIR9,B00JJUZ1W4,4.3518133
A1B5MN8PY0JIJQ,B00NAI85T2,4.49129
A1TJKEWDZGEUES,B00C7HG9KY,4.0490284
A18S48PUNIR4XH,B01B3LJZAA,4.5093784
A1JNMSETGHIUZ2,B015NFAKLK,3.6508958
A37BRR2L8PX3R2,B0090MXP0Q,3.993967
A3Q4VT0R8O8RSE,B015V0AKSK,4.309021
A3PVBW0TN46U8G,B01F9FRYUY,4.2435713
A27OS7Z94VXCYF,B00NW2BZD4,4.3750095
A253ZKSZTAZ8W7,B00DNC4BKM,3.913532
ANNKJUAQ1268I,B01EYQ5ULE,3.8197947
AIKGKUGNQ6L2F,B00ES2P6UK,4.126526
ALGAUZSEQQWI4,B01ATF41UA,4.547551
A11N6ZJPEMVHYJ,B016ZEF0VI,4.356928
A1JMSX54DO3LOP,B00VZ3S5SA,4.312131
A1FWLM5208ESO4,B00TO2TRV8,3.8825333
A3ESFCDE13IMH4,B00G6N3IA4,4.280328
A2JQN9JI4LBLOW,B00I1VXA3O,4.273198
A1FYJN76V1V5GX,B00U7SV5O0,4.308262
A296HV17AZ10V9,B00GTE1BEK,4.199685
A16TE56LP5NUL5,B015UPORGC,4.7078424
A1YK1AM70HDXLE,B00CNTTUWA,4.4093056
ADUI5YISBG6Z4,B00AP6YRFS,4.2788363
A2PF014MHWXCT5,B00WBMKEII,3.9801962
A1NL7G5VN45RDW,B013T8U5O0,4.4578543
A3AL7B2RPOAEOB,B0099LPCWC,3.908013
A1LEP3FM28J5RB,B01BYT68QA,4.402999
A32A056Q9OYP7D,B01GBWT010,3.955777
APDBYAGNSIIXZ,B01GSRNLOK,4.5804687
A10JAUCIGVRW9F,B014Q6D6E0,4.188139
A2UNMDJYXPEQZ3,B015GEUFCW,4.322652
A1QJ17BR5K3C8K,B01G68FXZG,4.2946258
A3AM6MXENFRF3G,B006C75IR0,4.0298243
A3VE7N2XUI8C3K,B00L2F5P02,4.1694994
A139GUSKBRWPIT,B01888QTL4,4.254115
A2NLY1TJ8TYV6D,B00MZCQERE,4.1739893
A2RU61YN9M0IDQ,B014EKZYE8,4.497346
AVNS35OHR3D76,B00M5EHGZQ,4.282185
A3AM6MXENFRF3G,B00K4C45PA,4.4069114
A56CO9I4CBYD7,B01FOEQRNA,4.3074493
A26V5ROE0OZCDA,B00CLZCRIU,4.5576735
A2G45Q8V20R779,B00PD8LQ6G,4.3279634
A2JPS7EMNFKXOV,B00II5I3R6,4.1069727
A2U3FVDELHREMI,B01EKIELGG,4.143767
A6SR7U2PNGN0N,B00K4C45PA,4.4069114
A2MK1L1Y74WTWH,B00S0IR6T2,4.2163963
A1NL7G5VN45RDW,B00NQL0LRC,3.815194
A1CNQTCRQ35IMM,B0151UPUEY,4.2717047
A7GZXYEZ2OMLQ,B00NWR78L2,4.0258055
A2KUR0ZBNV17AA,B00O7WX2WA,4.2993135
A3A7FF87LEVCQ1,B003ZUYQE8,4.298068
A1KXFB5X4XZSGB,B017265T6Y,4.2670727
A1LFIFPYMOJ8RV,B014XLV2NA,4.3039894
A2BOKBB1IZA13L,B00NS79DMS,4.1283655
A2VTPPOUWOT9AB,B00NN5ZPOA,4.1294966
A39N24TTLP6I48,B006BBLNA8,3.486753
A2H7AEDMKV11OJ,B00IU69PTI,3.8522527
AUI3XAZ1513SI,B01F998SK0,4.4212217
AVSG37QWM774V,B014LQ18CW,4.459507
A2QZVW56O4WSBT,B00YN6XHMU,4.240859
A1JMSX54DO3LOP,B00OHZ151W,4.4097767
A1IOR50CXI3C89,B019B6TWFC,4.2810636
A2BOKBB1IZA13L,B00T4ZG2PO,4.09218
A1PSGA348YRV67,B011M0SQ48,4.19952
A1JMSX54DO3LOP,B019KNRPU0,4.165823
A31R64J645RAC6,B00E251RHY,4.135989
A1E1IGWRW974JG,B017RNBS76,4.2471294
A1DLTXPVJ50M4J,B007PPJOGO,4.1684513
A1ACJLREHPPL1P,B00AYO3W2K,3.9899056
A3CMIEYL0TJLC2,B01EJ2BV0W,4.2751136
A2US3C9WGWUE66,B00JDYCHM8,4.164118
A3E81XX9ZDNCNO,B0145VI0G0,4.528941
A3T7S6BDKHWPJD,B019VJ697I,4.4709015
A1DLTXPVJ50M4J,B009QSK1GK,4.2138886
A2KE2O5C2XMXGE,B00XIHMD2K,4.5348387
A3IQ0P3M39IY8U,B00Z318GNY,3.800454
A2BEDL4QXLEE3S,B00N0VI2OM,3.952393
A1YJ6VDWVUHPIL,B00Y6QF06I,4.5791726
A1NL7G5VN45RDW,B010NTY940,4.615494
A2PJCE1T0AXDD3,B017DPEEUG,3.7246206
A1SUV0W0CB3KVM,B00Y9M77YC,4.7259436
A2VNG16IOTY7N,B00MDW5UAI,4.259302
A28U98HYYE5DR1,B00KLSMCPW,3.809072
ALGAUZSEQQWI4,B00Y9M77YC,4.7259436
A2BOKBB1IZA13L,B01E46BFJU,4.120128
A11KZJ5GD1TKC0,B00HBJ693U,3.5926495
A1ZPW21ZBSDZ10,B018RU9G0O,3.8571205
A36I3CE9A5LP9N,B00CG69E0I,4.094002
A1SZ7SSVVG3VXG,B01HAQ70M2,4.584467
A10PIB0GJZQHJA,B01BHE3H1G,4.385314
A2UQGGK8VJPUH5,B01AB1EQL6,4.4749413
A2S5EPJ451WL3I,B00SER0484,4.180052
AA7BT35X9DZY,B01GIX5F4I,4.5887337
AGCQUDUCJRV0B,B00V8UVHFS,4.072137
A251R2KPOLFSYV,B00V9OH536,4.289338
A2RQ5IRWRU0TVO,B00K4C45PA,4.4069114
A1GQ2UI5BKCCRD,B00HHXUW9C,3.9447272
A1ZV5XBKG7RVZU,B00BELOQMW,4.177361
AJNW2ORZGUDIE,B01520Y7N8,4.5301824
A1QXNTUAUWFKP7,B01D1UVNEM,4.318825
A3RDDEA1NKSMVC,B01C22CSVW,4.3870335
A1FUH1O6FCTUYG,B01GGLV2IU,4.446951
A2UJTG9XC4KISL,B015CLZ89Y,4.1330395
A22GB5JBPTNN3R,B017PH5PXC,3.6286936
A245T0V8KVTV45,B00H67YGUK,4.272331
ABRLCS0WRNOKX,B00OHZ151W,4.4097767
A356MFRFTA643Z,B01BKVFFLQ,4.619025
AVNS35OHR3D76,B00DLSTT9Q,4.3482647
ASZ8NR9HIZGJF,B01BJXQMW6,4.659284
A2VNG16IOTY7N,B01B5BR1KO,4.287715
AMUH4FGZCFJFF,B00UIDZVYY,4.366558
A281NPSIMI1C2R,B00RSHCC5Y,4.892225
A6SR7U2PNGN0N,B00ID2A1PQ,4.29315
A30UMARRRQR1DD,B00KE8RLV4,4.3544617
A2PJCE1T0AXDD3,B013KV12YI,3.6908514
A31CZW8SHN9PTX,B018A8EDV0,4.517023
A19T1A4TS1WHOZ,B00VVMC2FW,3.891317
A3Q4VT0R8O8RSE,B019VCC8P2,4.233409
A2A1U239S7ZVL1,B01FYJYMOQ,4.0657125
A1B871BGSYX0F1,B01GQW4UQ0,4.508789
A1LFIFPYMOJ8RV,B00WF8YBRS,4.2197723
A2S5EPJ451WL3I,B006I2RQT2,3.9618409
A137UEIU93IFEF,B01645ZYZU,4.309408
A2UNMDJYXPEQZ3,B01FCBU7OU,4.369843
A3JVZY05VLMYEM,B00T0WXD8K,3.6738288
A1MND3QHN446KD,B00SSS98IQ,4.02378
A5UM17P1E7DUQ,B00YZ4W8IO,4.2508426
AXVDFGI9OEIVK,B01EKPNQKG,4.0863147
AZRPAHQG1VHR0,B01C0UBDEO,4.4407206
A3A44JIMIWYFIE,B01CRYKNNA,4.420719
A2PQ680TRW8JFG,B00Q6Q5ZP2,4.2159004
A2B42XZI4MXOLX,B01D9JB7DW,4.3170347
A15EMPO8TCH2RB,B00IT4DH22,4.197851
A3U6Y3GD1A6PXJ,B00K4C45PA,4.4069114
A3PVBW0TN46U8G,B0104OFHEK,4.058444
A2DD8D4Y1UMJ2C,B01ACLW2JS,4.048209
A2N0V6GUH28XMN,B00F280LTK,4.1378717
A31CZW8SHN9PTX,B00YOAD310,3.8689167
AJ571UKWCC3CC,B00VY7Y67G,4.4826937
A326085M0DK10B,B00L1R3OS6,4.170068
AJ80WW1T5KJIC,B019KP81BU,4.7433414
A1GHGL2CAF09DZ,B018HDU9AC,4.748253
A3KIA7199DNI2H,B00B30IW4W,3.5214412
A1NE9CRAQ0WUV,B00J3D2JS6,3.7888803
ARF6JCH8L8ANV,B006CRHK62,3.5128694
A2PCN97H7ORFXL,B005JVSU2U,4.2849855
A1G2GYX8B4OH8W,B00B3NX16I,4.270334
A386CNLWZUF3EH,B018A097LO,4.0940075
A13QTZ8CIMHHG4,B00VQJHHRI,3.9147418
A2B13DO2A2205G,B00KKXTC2Y,4.2577553
A1QJ17BR5K3C8K,B00QP3ROUA,4.2435384
A4YSGLUQJP68Q,B00M0DQIEC,4.278738
A238ZC3TQJC8V8,B00YFEXKYA,4.3357143
A3BTRKXD03KC4F,B01C8RR9DS,4.2024508
A3RDDEA1NKSMVC,B01H2II39C,4.1986103
A1FREKK8605YKK,B01ASAVT0G,4.056878
AB5DP7AM479QJ,B017HX13DU,4.13424
A7WOE5BJXO2N5,B00O4GUH1S,4.3818226
A37VK00KNVVICE,B00XOGY9N6,3.9416418
A3DJ1IVSPDTMW5,B00LOVY2X0,3.807596
AA1UMDOV44T2Q,B018RFX3I0,4.3966966
A2KJ7AGC82GPP1,B00AJFYCVY,4.130682
A2LF3KTH2T6RJA,B01DN1BLKK,4.2601376
AUII0MVONK1A1,B00NR5WRLK,4.0898695
A16N88TMHMXX1F,B00BR04UE4,4.084632
A2VXSQHJWZAQGY,B00P9RU6SK,4.4238453
ASHX33A1334SS,B01416W0C4,3.9104652
A3J9BHGK55ZPJO,B01E6DT75U,4.182024
A17EGVTXRDFTRS,B01HFUF1GK,4.4537597
A27OS7Z94VXCYF,B00NR5WRLK,4.0898695
A222WQ9VGVPSR5,B00TM7A386,4.474413
AW16PJHZIQPA5,B016XEZDB2,4.342435
A2PG5XA0Q3BEMU,B019E9VZG0,4.5176177
A1IOR50CXI3C89,B004TU3T1Y,4.633891
A2UJTG9XC4KISL,B00RY4ZKZ0,4.043028
A504UK7D094HT,B011T78JT6,4.609046
ABRLCS0WRNOKX,B00EFKOFLQ,4.1001987
A320NYVVIZSZGY,B010TZVSTM,4.6863275
A3PV5FJGYOY5NW,B00SER0484,4.180052
AGCKNLOI57AVQ,B00JT2PXB6,4.318452
A137UEIU93IFEF,B00SM24ZZO,4.1974583
A7GZXYEZ2OMLQ,B015M4PPXK,4.1159573
A7W8CXJOH3UNV,B00TZ8TK54,4.1137667
A3IAJM6F3EBQ5H,B01GC37X7G,4.246826
A16XJNGXIVCHE3,B01FVHS6OI,4.15104
A2HZ6MGQ6TPNO0,B01317ZZLC,3.554505
A3A44JIMIWYFIE,B00HBJ693U,3.5926495
A3CYA250L0DABZ,B018F6H3U0,4.4015346
A2VSCTHLAYR9Y3,B01CIWXAQI,4.4996543
AC97LVZ0C0TSK,B00ZEHLHM4,4.504242
A345V8Y9YVZEEP,B01D4RY4B6,4.2162066
A2JJ1DXY0F6355,B01CSNZ15K,4.586044
A3Q9ZYNO1MXQDW,B019VJ697I,4.4709015
A1D0BC1UP01UH9,B00O2C44EK,3.8314536
A1JLU5H1CCENWX,B01DUP0TL6,4.124375
A3ES0XIED7769J,B0085N6I4Q,3.6508996
A2W4295H4JSYDD,B01BSN14HK,3.7677362
A1P44JJW47E6QN,B00GEHN8ZW,4.238166
A1AFGQGTS66UYY,B006YZ0OOM,4.42443
AKQ06T21M0V0S,B0127HOQI0,4.2838726
A2ND61B6UJGT71,B00OJFOI1O,4.2059464
A1N48Q1NZQ9R2E,B016WK3XZU,4.3817863
A1P19MZBCBL5AR,B00DPNS95M,4.404503
A16TE56LP5NUL5,B018CHA1D8,3.876127
A3ESFCDE13IMH4,B01FB5MIA8,4.6932955
A3SXU17Z77R7N,B00KXM8IP4,4.337056
A15VZ8KA1KH8ES,B01FPGWZCE,4.305336
AG63N054UPJH2,B00ICTUW6I,4.3865013
A8Q2ZFOHTVSCV,B00HI3MSV6,3.863024
A2PN1AJYXDU1J0,B016QTOIWE,4.25268
A1FUH1O6FCTUYG,B004X6R8Y8,4.1799407
A247M2SSLKTSHY,B00MD5VDNS,4.488947
A13LERNQ8R7267,B01BMODWY8,4.5438566
A27OS7Z94VXCYF,B01D28JE0I,3.8913982
AV6ORIR1JV86P,B01DWF3ZHE,4.356739
A36MPD6ZBXBLUS,B019QTQEOQ,4.646929
A31PEOCXMVP4X4,B01DO75D20,4.3987336
A1LFIFPYMOJ8RV,B01AQ14XL4,4.337595
A1T5CK8KC56JZ9,B01A16E38C,4.528105
A2ZSLJG2KBCR3E,B00OAN88H0,4.1657248
A2LAII96I1O1IY,B00W9YDVPG,4.3209953
A30DNZQPIYZ6KX,B01DABB99G,3.5281775
AC10HRTVBXZLI,B015BH04E8,4.4671316
A1PSGA348YRV67,B0058TTUFO,3.938578
A2HZ6MGQ6TPNO0,B00AXLV0CI,4.0856986
A1098Z3D7ENJ2F,B00BZY9P0Q,4.037303
A3TY31K1VXAGSX,B00JZOVYNY,4.0044627
A3IQ0P3M39IY8U,B00GOGXV5A,4.374864
A36XTPY9IFYA5R,B010693VW8,3.7384112
A13LERNQ8R7267,B01H2AZ9V0,4.096347
A8RL5L4BJTEMB,B00JNON0LU,4.047311
A1J3WRDIB012CI,B00JXW6GFE,4.3232126
A3FO728397JFZP,B01A1AWBU0,4.378558
A39ZYWIQBFN97Y,B01ACLW2JS,4.048209
AALCQ67H5TY5L,B016WS5FO4,4.147375
A39N24TTLP6I48,B017265T6Y,4.2670727
A235UMRMGXAS15,B00VATFM3A,4.3629537
A12E7WMO5NX1Q6,B017DPEEUG,3.7246206
A1SHKP1CG58GIG,B00R04OXC0,4.2839212
A3K9X6KRQCWWKL,B00EMG3A00,4.45298
A287J5FTWL99W6,B00P4HX2FO,4.10716
A99KVVV7NFPBP,B01A16E38C,4.528105
A3DJ1IVSPDTMW5,B00FQAQQ9I,4.0499816
AAKO4YAM9BZE5,B00YG3S9W8,4.0968194
A2VNG16IOTY7N,B00NS79DMS,4.1283655
A253ZKSZTAZ8W7,B010R623CY,4.484413
A2XACC7E2MTESK,B00VX75TKU,4.483141
A3IQ0P3M39IY8U,B00OSAWTSO,4.5380173
A2M2F48XEPJ2ST,B005110E0O,3.941253
A2D9S6V1AFXOAO,B013XSTZI8,4.3916025
A3GA4HP7NEL9D9,B01H2II39C,4.1986103
ABNZCEB0CF7MP,B01GBYFK1C,4.298847
A1RVTF261ZMY4M,B00KK1GLWA,4.518449
A3IZU63H3RBN22,B01H173RSQ,4.534787
A2LAII96I1O1IY,B01BXS83ME,4.304982
A178S00H8B3YWA,B01B9XNJP4,4.3994923
A3A44JIMIWYFIE,B01F998SK0,4.4212217
A20MGSYZLH5B8G,B00OCSZSQM,4.364587
A1YZCADBVKWC9X,B01CIWXAQI,4.4996543
A142HAT43L5W4W,B01G68FXZG,4.2946258
A36XTPY9IFYA5R,B009AR5VAI,4.0471716
AX746FITV1G72,B013YQA2C2,4.509319
A219Y76LD1VP4N,B0100BOE7S,4.478849
A2F1UD4JDHKMTA,B00R4Y1MMK,4.2720203
A3UVVHMJT8UCXF,B00OAN88H0,4.1657248
A2GWN3X19W2AMH,B00U1ZV63Y,4.2267084
A19LXU1TT72OKX,B00DNMBQDM,4.263831
A1FAJ6G0KD5ASM,B0195SIAG8,4.199172
A369BMHORFPL0O,B00DV7LVP2,4.52647
A2UNMDJYXPEQZ3,B00TWUUBUI,4.397121
A1BOK1EC36Q0WV,B00ZOLS5HU,4.301462
A1FSR426FVMQJI,B00FR30D16,4.1636567
AGE0YGLF7L2ZL,B00CJV6N0Y,4.522716
A2LMF4HG470CNF,B00D9EKPBS,3.913336
A10JAUCIGVRW9F,B00WX7JLGW,4.40895
A1K69VHP8LH96J,B01835JNDI,4.55486
A2BCQEGHWRRBE,B01FIGE8YE,4.194355
A2QQ3NQ70O25EE,B00L8BY5A6,4.39758
A2M2F48XEPJ2ST,B009YP7HEY,3.6433496
A31CZW8SHN9PTX,B01FVHS6OI,4.15104
A31R64J645RAC6,B00UOFS9QS,4.150279
AUI3XAZ1513SI,B01FRQ4Z8E,4.5317097
A207DSPQQWFW6T,B00NI4I0GG,4.2357903
ALCLMO2B8PS7M,B01H1I4H7A,2.8675942
A1YMQOVJJHYR5P,B00X8SCJCS,4.0983677
A296HV17AZ10V9,B00MSUCXHS,4.0870667
AV8X3WC4XB1WF,B01F2WTGFK,4.5502186
A2HESNQJZ9OB7H,B00RIAJ8NA,4.689572
A3C713428J4MJ7,B00WF8YBRS,4.2197723
A2RU61YN9M0IDQ,B006PYDFTI,4.201335
A2EPJ9SL74JD8Z,B00JZWDC9K,4.532112
A1C7ASZFSTSJMH,B01EB1AHCE,4.514531
AI38GSFB90M4L,B00BJWZI6E,4.288829
A2Y3ZGVRA3S23L,B00Z318GNY,3.800454
A2QBQRIM4WRRG3,B00HBJ693U,3.5926495
AAUVEEG5YLZAX,B00YV666B6,4.1881638
A1YUPRU1BVJHQV,B01CC9UES4,4.5934258
AGT5F6R7R53LR,B01GIX5F4I,4.5887337
A1F41PH89SL6JB,B00YWMK92Q,4.1633096
AGIFTDAFJEXVA,B00DB30K30,4.10016
A1DJY8WVWPJ2H8,B00CGFGS3A,4.245982
A7GZXYEZ2OMLQ,B014GAK1R6,4.3033466
A3K9T5J5GDAZUL,B00QSMWT8A,4.2225018
A3AM6MXENFRF3G,B00FQAQQ9I,4.0499816
A3KYVCILWHV2ST,B00BD2XFU6,4.307719
A3IAJM6F3EBQ5H,B00Y9M77YC,4.7259436
A1OXVZAQ7SQB9R,B00HI4V5FU,4.2159953
A23ID71VXIBR8T,B00JFLUJ3S,4.500374
A73IK4VT0XZS6,B00TT5WAM8,4.1972437
A3DJ1IVSPDTMW5,B01C1VAR5S,3.6094162
A387F6OFDVEDZT,B014GTI1LU,4.4203057
A2XKX5TBB6WV00,B00XNLIPOG,4.391278
A1ZPW21ZBSDZ10,B00TEEHIN0,4.6808457
A253ZKSZTAZ8W7,B0051EZBRM,4.28596
ANEZJAUOG31MG,B00IRKQ08Q,4.417078
A2HZ6MGQ6TPNO0,B00TKOT3BO,4.5593224
A1QDU32SAI8LO2,B00ZAJTPB6,4.5757694
A16TE56LP5NUL5,B00GEHN8ZW,4.238166
A1ZPW21ZBSDZ10,B00TEEHDPS,4.7042136
A2PJCE1T0AXDD3,B00PUSKH14,4.5510983
A1Z7KHEH5I1LUP,B01A1DHWK6,4.5921173
A1FAJ6G0KD5ASM,B00XWX139Y,3.9797301
AGCQUDUCJRV0B,B00WGXCP1G,3.9526107
A3ANLUEKJBC1IZ,B01DGXSHRK,4.243578
A1V8YJ6HU0KUUZ,B00RC7QOP4,4.037342
A2HAVS1COIL5Q4,B00X8YUF6E,4.3033113
A1JNMSETGHIUZ2,B00PUSKH14,4.5510983
A3RR4H0D4L9HYN,B00TS3J5GU,4.0870523
A2DZUQQXPNUGI7,B00PUSKH14,4.5510983
A1PUZIV4PYY4YM,B00G88MQQY,4.1017933
A2LAII96I1O1IY,B00H8TBQCC,4.200762
A369BMHORFPL0O,B00ICXDRCU,4.357629
A2DZUQQXPNUGI7,B00IPOCDXU,4.2734127
A1KE19CDYIO2YN,B00ZEHLHM4,4.504242
A1GQ2UI5BKCCRD,B00SGHURDE,4.0193825
A1LM7SC9WR859I,B01HFFPC2I,4.0643663
A1TWV867HVZ60,B00HV3XL2I,4.31215
A16TE56LP5NUL5,B017FRG18A,4.457591
A1FWLM5208ESO4,B00NW2BZD4,4.3750095
A1E1YE0R2EELCU,B01BU7PHA4,4.0618906
A2JOW1PW9GRCA3,B0135MRXRM,4.6142898
A3VSCCW1FN11B7,B00U48LBZQ,4.4961863
A1L9DJQ5BS13S9,B01A5CT9X6,4.323148
A36WBGWPPLIQZ9,B00U9WZPFY,4.5255766
A2MXJZ75PBWCI9,B00SSS98IQ,4.02378
A2N7O3PNO1OEEL,B0080SA5S6,4.1775675
AHMV0N47XOIMZ,B00ZPBVG66,4.2300787
A2M1PNKPRUCQYL,B006R7FXFW,4.3998938
A2C7W167DVNUKH,B00PG9U2OE,4.28071
A1EPVSC849EI9R,B0198OKW7Y,3.9447677
A6ZT9EZ49JTEL,B009RPTFIC,4.232543
A3Q4VT0R8O8RSE,B01E46BFJU,4.120128
A1AR6ZVHOTLVK5,B00YQD91RA,4.5785475
A36TDC5SGAN0EP,B018DK6LM4,3.973683
A17BTP1QHK2I3I,B00NYISFXY,4.175234
A1WPQDW5RGAM9S,B00X7R3DFM,4.485914
A13JQT6036JF,B01FMTA1M0,4.569636
A3QKOFJ91Y3MFI,B01DN9705W,4.5875793
A3N9UT7F50XA6L,B00NCG0LCG,4.286433
A1XN80Q39TMALE,B014JSBJJ4,4.4276285
A7WOE5BJXO2N5,B00S58YGCC,4.294256
ANKDQ12BPX6Z3,B00LEUKX6G,4.4087734
A1B871BGSYX0F1,B010ZFRUQQ,4.6126018
A1K69VHP8LH96J,B00R334AE4,4.15088
A27OS7Z94VXCYF,B00CVCGYJQ,4.051874
A1SH6H9ZY9AJV9,B011Q26IJC,4.393768
A35BKLDD2E04E6,B011IXZ6KQ,4.340405
A3IG9JEJC1T25N,B01BTHWXF2,4.225896
A28U98HYYE5DR1,B00CO6DD4I,3.9691768
A12K5Y2SEANYW0,B01AR7CP80,4.149103
A135NSTCX38DEI,B01E3DPA68,4.641061
ABZ1AET0LHVQ1,B01F2EXCF8,4.0497828
A1G7WM5OV1TKTL,B007Z4WSOK,4.395623
A1OBQ5I31GW1TG,B00VO86O7K,4.563565
A2MG7L8TYRYCW,B00AXTM8G2,4.287141
AVNS35OHR3D76,B00J0CAR16,4.361923
A39N24TTLP6I48,B01FODPWPA,4.0885763
A3PVBW0TN46U8G,B01G2YFYG2,4.563196
AIH41FDX1K0Z4,B00AR49H2Q,4.3127546
AJAN7T0CSDDZO,B00OME9OQQ,4.280861
AC10HRTVBXZLI,B00R5219XI,4.1614943
A8K7ZXXGDS9CU,B00OWIQH5I,4.346858
A1B39IGLV2W0GE,B01EKIELGG,4.143767
A21TSBBTF0DMG5,B00OAGWXDW,4.3135376
A222WQ9VGVPSR5,B00SICZJ9O,4.302283
AL92MBJXLPZM,B01CTH5LPA,4.656571
A31CZW8SHN9PTX,B00HDXWN1Q,4.3381896
A1FUH1O6FCTUYG,B00PSLJDOU,4.5912247
A1ODI3DRI04JZO,B00JJUZ1W4,4.3518133
A3Q9NLTF7JA3ZD,B00CLZCRIU,4.5576735
A15Q5MVRVBMKW7,B00LUC227G,4.236298
A29PFP89U0KCXW,B01GAIHTSQ,4.553344
A18EEC1ENOT9YN,B00K31DCD8,4.1374793
A17DBWBCGJP32S,B00VGNPU3W,4.430583
A2QEVQMB8B08UQ,B00JNU6GLK,4.0250435
A30WJKGX1XG19Q,B006DTZ0KC,4.300255
A3E4H5A1X8NJRR,B0177475MW,4.2402945
A1I6A0YKY5X9C7,B00OCSZSQM,4.364587
A3H38968JZF6VK,B00CZFBDGI,4.3416615
A39QT73HHEF3B,B01CJ37JJ0,4.3524094
A26V5ROE0OZCDA,B01HCB4LAO,4.3663197
A1GL9TYXPNBPGW,B00IKW40N8,4.153261
A2QBQRIM4WRRG3,B00EH2E5IK,4.3608875
A1EPVSC849EI9R,B00ND6R1QE,4.441517
A1JNMSETGHIUZ2,B0165WFUKG,3.6913104
A3B53R6SZY97ZE,B016XEZDB2,4.342435
A37R3BNDHBIZTL,B0130KVNKC,4.8709955
A13LERNQ8R7267,B01CC5FKXW,4.4978485
A2RWL2UG5PAFAZ,B0103UGC1C,4.399927
A1JMSX54DO3LOP,B013QFWB7K,4.207039
A2K057YIAJJQXS,B00CMJDOIC,4.2876062
A504UK7D094HT,B00OSAWTSO,4.5380173
A3AQZ5F9U6E9ZO,B01FKDKB96,4.3784876
A10JAUCIGVRW9F,B00LMIWFUW,3.6480038
AQ87G02DO56Z,B01H5QZHKY,4.5638776
A3H38968JZF6VK,B00FA11TTU,4.4105263
A11ZZ8P70T11V2,B00OTSKNII,4.349004
A2BRV822DZXG6P,B0157RBC16,3.957518
A1RN75YVR2O8MQ,B01CV1I7FA,4.267687
A23GNQPTX5CJIF,B01BCLPTNI,4.4479027
A32A056Q9OYP7D,B004KZPK6K,4.1643744
A2RPZTZP8W80W,B00S5J5ZG2,4.394822
A16TE56LP5NUL5,B00TEEHDPS,4.7042136
A31G4MNGZNYSZI,B0131OHZF4,4.308669
A3JASVF01JUMV8,B00U1X88OQ,4.3598766
AQBTNZ9ZD08PD,B00GKR2136,4.2664466
A1F41PH89SL6JB,B00MQ20P28,4.4368415
A2YF0QVNVT7ZI8,B01GQW4UQ0,4.508789
ASMF7OU99H1RI,B00OZ0TO0S,4.394516
A3LH8IBNEFV1GZ,B015YGB1SE,4.1860538
ATZOHBDX5VNKJ,B00ECBS5OQ,4.213947
AM1T5MXP5H5SO,B0165RFXBW,4.6358128
A3804PZVOD4N3E,B014I8OGLS,4.237464
A2MEKYD68X8R8H,B00W4LYJ6Y,4.458847
A7M73HAH815DM,B00N7K1BB2,4.300407
A2WEE1PU5NZVJQ,B00N7K1BB2,4.300407
A2S5EPJ451WL3I,B00CMU1IN4,4.4194117
A3H8FN7ZWKR2H0,B017KRJP7Y,4.5965443
A3ALH6Z83RHTO2,B00G0TI2I2,4.0007386
A2N1XSD82O6XTV,B00VN6WJFO,4.3286304
A1IFWIZ62O12OT,B00TBTC3HO,4.1948714
A2UAPFRQOHUFS4,B01BYEBTAK,4.3361635
A1WVQI2RQMCG5A,B01DWW6H6I,4.565502
A1JADDWR1H3M0I,B010ZFRUQQ,4.6126018
ADUI5YISBG6Z4,B00SM24ZZO,4.1974583
AGBGV16NY06FW,B00JDY7UO8,3.7249994
A1ZDSAPOGRGBJI,B00ILX9WC0,4.2111483
A2DZUQQXPNUGI7,B014VPZHCU,4.393537
A37D3BRKS7OO2L,B00TEPXICO,4.5656495
A36RDF38V9ITAE,B01EKIELGG,4.143767
A1NO01K5S45TUL,B00CARM81K,4.505383
A1NPM2IW3DLO3F,B016X05QHW,3.9721017
A31Z94E63H1N46,B00PUSKH14,4.5510983
A18EEC1ENOT9YN,B00YV666B6,4.1881638
A2B42XZI4MXOLX,B01C8RR9DS,4.2024508
A38PZNDNFUW6ZX,B00ZOL1DRO,4.15654
A253ZKSZTAZ8W7,B00EFKOFLQ,4.1001987
A16TE56LP5NUL5,B00TM1BUBG,4.199876
A3H38968JZF6VK,B00PRA4CUM,4.3227606
A15Q5MVRVBMKW7,B00R298H3O,3.6909018
A1V8YJ6HU0KUUZ,B006KZ5M84,4.3520846
A3CYA250L0DABZ,B00IJNDYV2,4.4313345
A2DZUQQXPNUGI7,B00JFLUJ3S,4.500374
AZRPAHQG1VHR0,B016ZEF0VI,4.356928
A1HHSUAQDZ1XM6,B00P9RVW5G,3.987781
A6ZT9EZ49JTEL,B01FRQ4Z8E,4.5317097
A3H38968JZF6VK,B01B55MQ5K,4.3029633
A373USXBMRBKIV,B00DXIFORA,4.17697
A1B39IGLV2W0GE,B01F483E64,4.512768
A2LC2RS0HDY2FB,B0157GPPEM,4.040888
AM1T5MXP5H5SO,B00T9LB4U6,3.791958
A3FA93L7JWESR,B01G7Q908I,4.515848
A2F483MD47JG2T,B00MJHKVR4,4.216935
AQFF452SVDF48,B005CM1S02,4.428444
A1NL7G5VN45RDW,B00629ZTOU,4.39832
A1RCVV077UAKKV,B01B55MQ5K,4.3029633
A1G7VXXXLTJX9R,B01BM0AHZE,4.3655868
ASQNJGXL1BXWV,B00BSW7PU2,4.3310375
A39CVMK2ZKEIK2,B00R1TIJT2,4.003663
A3KYVCILWHV2ST,B01ASAVT0G,4.056878
A3330F5DNMO0JJ,B01HCB4LFE,4.213771
A2LC2RS0HDY2FB,B00N48VZZO,4.360115
A2F2878HE7XOM9,B00VU0M8JA,4.1275454
A7M73HAH815DM,B014Q6D6E0,4.188139
A1NE9CRAQ0WUV,B00629ZTOU,4.39832
A16N88TMHMXX1F,B00ZDHZKKA,4.3229094
A1NPM2IW3DLO3F,B00XAGLZWS,4.381665
A2B42XZI4MXOLX,B010C0Y77O,4.32327
A2PN1AJYXDU1J0,B016YIRT9Q,4.4155364
A1V63EJ1CBG940,B01DIF788U,4.4801936
A3H8FN7ZWKR2H0,B010WM3TG2,4.5915737
A1UPHTDW5GM12T,B00PD8LQ6G,4.3279634
A2B9C3FMYW18UN,B01BZ5AB16,3.9635158
A10AWAE0F6CAP1,B01CUJYMR0,3.9579427
A1M0H8HM67R9I6,B005C5YZ86,4.0681944
A2PG5XA0Q3BEMU,B00QR33XQ2,3.5312662
A2DZUQQXPNUGI7,B00IWYV78U,4.2342052
A39CVMK2ZKEIK2,B011G3HJ6C,3.7886078
A23GRXCXQU3SM8,B00LD6IYUS,4.3514814
A2VNG16IOTY7N,B00O55GSW0,4.513425
A3JHMDPDDFUSLV,B010MSAPBI,4.205558
A1GSPADXH17N25,B00RWKMS1U,4.1914663
A3CIIU9YNK53VK,B012YHT12E,3.8273253
A323H7CL7G313K,B00EZRUSOW,4.13478
A1JNMSETGHIUZ2,B00ECBS5OQ,4.213947
AXVDFGI9OEIVK,B00QJKV1EY,4.1754994
A2KL66N2SIKX7A,B018CHA26O,4.4600325
A3H1TO48SUIM54,B010R623CY,4.484413
A16N88TMHMXX1F,B00ARFOGQ2,4.0123606
A183DRUR0UACQ4,B00SPGA5T2,4.4349174
A1DC00T32U26HC,B01AB4CLHY,4.37739
A21WUFJA7X4UIE,B00GXDQKZW,4.0809174
AF85CAX5BR5IM,B00RFY3KM4,3.832832
A2O4SN56PNX9YL,B01F2EXCF8,4.0497828
A2C7W167DVNUKH,B00FL3VPD2,3.6508904
A238ZC3TQJC8V8,B00D5M4PTM,4.2988544
A2UNMDJYXPEQZ3,B00VW0GK1A,4.264677
A1K4S4MWXI9E9M,B00X625BCG,4.451516
A27OS7Z94VXCYF,B015X7K43W,3.9050884
A15Y3Q6XIXTGKU,B00UO6AVJU,4.2550797
A1UH603GXL3ER2,B01DFVOP74,4.512145
A1FCMIVQTWHYH2,B00C44H0OE,4.1583967
A2MK1L1Y74WTWH,B00AA46Y06,4.1616306
A28V7MR6RKNVUT,B006RNBI6O,4.169756
A1AMO1E4FMSUQA,B01DTE27EA,4.6524224
A3QR6ZHD8304K1,B01G89E5OS,4.243848
A18EEC1ENOT9YN,B00RCA1X3E,3.841089
A3VG0PGN6MNCZY,B00VW2MO8Q,3.9651852
AGCQUDUCJRV0B,B009CWWFB4,4.2549934
A29V7E1TFYXKJ,B01B3TZYMA,4.2532816
A3ES0XIED7769J,B00ICTKZOM,4.244871
A3AM6MXENFRF3G,B015IC42AI,4.3246555
A26V5ROE0OZCDA,B01GAEZJL4,4.396715
A3RDDEA1NKSMVC,B018YJ0RWY,4.4717817
A29EXAHFTXKD7W,B01EKIELGG,4.143767
A1XJXYKOWCH9XT,B00OHZ151W,4.4097767
A326085M0DK10B,B018QZB1IA,4.2686243
A1NE9CRAQ0WUV,B010MXA96E,4.0954924
A2ZDRBQOSAZLER,B012Z54DPK,4.478359
A1PSGA348YRV67,B019YNUQ0M,4.0868587
A10PIB0GJZQHJA,B00T71ALZM,4.3807383
A83C3F4X0U3ZW,B0069INV1W,4.7338657
A1ACUN6A2LYVMW,B016ZG19KM,4.339572
AF85CAX5BR5IM,B00OAN88H0,4.1657248
A1RVTF261ZMY4M,B019DFM1WM,4.137644
AUII0MVONK1A1,B00PBA6QCU,4.2089853
APSBR4VQNRJ0K,B00R1O4KWW,3.8355381
A1K3WZMHNUDZ6N,B00YOAD310,3.8689167
A504UK7D094HT,B00SK8S8KS,4.326045
A29A1CPI3AOYSD,B000W93A42,4.8033705
A1K3WZMHNUDZ6N,B019LZJ5H8,4.1351523
A1LBXPSSVZVIM0,B00YN6XHMU,4.240859
A1ZDSAPOGRGBJI,B00GCVZEG6,4.4577875
A3H1TO48SUIM54,B00IQVA7XK,4.106037
A1VC48UV57XWOH,B01EDDUAFE,4.2232656
A2B42XZI4MXOLX,B01F2WTGFK,4.5502186
A2O4J6KJ0REPQ,B01FD1Q27U,4.3211527
ANXBIU1HP7BJD,B016TNH8HE,4.5928535
AK3LIR1TVZFVZ,B010CLBCJY,4.376549
A17EGVTXRDFTRS,B00N57TJZW,4.344741
A1ONF1PVSKH226,B00JGSH3PM,3.903109
A2FCP7ICZAQGZO,B01F2EXCF8,4.0497828
A1YAIBG1N7N5VV,B01CPON1YU,4.3063364
A3VSCCW1FN11B7,B00DXIFORA,4.17697
A7M73HAH815DM,B00VW0GK1A,4.264677
A2VSI0RDFNNBEU,B015WNZ60S,4.210581
A18LI83Q1F5DKU,B01H97YHF0,4.466068
A3EI5NSXXCXQY5,B00KVQQYRG,3.7273102
A5KRI5P7KR7SK,B00NI96R66,4.3478403
AL6XJLM76V2VZ,B0142IHZPI,4.444084
A2EU9VP0MRMUGE,B00Q5DLY42,4.360113
A2WEE1PU5NZVJQ,B00ASIP414,4.6599874
ALFGUMMTD7M4R,B00BFQDDZ2,4.403146
A296HV17AZ10V9,B00LS61SL0,4.239904
AWNYF3812RWNG,B006KZ5M84,4.3520846
AFX2KR1VGYWLW,B017RD4GGQ,4.5864487
A1B39IGLV2W0GE,B01EB1AHCE,4.514531
A3RDDEA1NKSMVC,B01HHJZ3EO,4.1893435
A1AX02Z2IRSAY,B01CUU24PG,4.3328724
A2N1XSD82O6XTV,B010R623CY,4.484413
A1M0H8HM67R9I6,B00HI56L8U,4.189724
A3BPKT9STRWWQG,B009VRI3UC,4.0531864
A1LZ8PBGVH7IOM,B00JWTGGVC,4.285434
A916DXE9W36GF,B019QRQZII,4.327133
A139X5E4RN7SUS,B00NUDPR66,4.517185
A3CYA250L0DABZ,B00R7HDLAU,4.429069
A36XTPY9IFYA5R,B00XLUEMYQ,4.200817
A3RTTJWMRCR09S,B00FL3VPD2,3.6508904
A5KRI5P7KR7SK,B00JRNOW4G,4.398368
A3H1TO48SUIM54,B00S58YGCC,4.294256
A1OKS5Q1HD8WQC,B00XYR9IE0,4.5317583
A2LLWCQVYKYF0F,B01GIM0O86,4.494548
A1I96OYAUJ3HQE,B018OJZD4Q,4.616426
A296HV17AZ10V9,B009LNKB4C,4.083721
ANEZJAUOG31MG,B017GQDX04,4.354348
AQ87G02DO56Z,B00KKXTC2Y,4.2577553
A1XL1A3TCU3Y1I,B017GGWXNW,4.622159
A1TUBKEWD01LLS,B00O3V6PWY,4.1988287
A19LXU1TT72OKX,B00NY7PPCY,4.216935
A10RH00JS3DUX0,B01H9ER9R6,4.3795576
A1098Z3D7ENJ2F,B01D27RNDO,4.269824
A2KE2O5C2XMXGE,B01G04HZNE,4.175173
AYVJY4Z9CYQWU,B00PCZC7F4,4.2022533
A19MQI49YCA5SK,B00WH1K9SS,4.220604
A2BOKBB1IZA13L,B00PUSKH14,4.5510983
A2R56AF2E63IC1,B00NN5ZPOA,4.1294966
AHRDOVFRA0KW7,B015649FAA,4.4931355
A19Q489ZXGDUJZ,B0192UONPG,4.506852
A2LHUNWCVDEWQ8,B01HCB4LFE,4.213771
A2N1XSD82O6XTV,B00P85PU8E,4.477787
A1V9310YS86T7M,B00HNWEA9K,4.139002
A14I311IIUMBWC,B0053ZGAW4,4.4542933
A3N67XHSHB40CQ,B00FY54JYO,4.369875
A2VNG16IOTY7N,B00L7EIGEA,4.228528
A2S5EPJ451WL3I,B00VC1475K,4.354085
A1II0RYMSPUJLK,B00K1MS0NQ,4.263031
A6IU02S1EJUS0,B00VS0WJSM,4.2773924
A15EMPO8TCH2RB,B01D9JB7DW,4.3170347
A2Z3DQ7P9JYRLG,B008H4W11W,4.493272
A1PA6ZO9892OH3,B007PPJOGO,4.1684513
ALYI8YM90TPD1,B00629ZTOU,4.39832
A2UAPFRQOHUFS4,B01G7RDFGU,4.565896
A3H38968JZF6VK,B006JDEK0I,4.2545314
AAXG649HM1S5Q,B01G7RDFGU,4.565896
A5UM17P1E7DUQ,B00SJ7LQ9K,4.0312843
AGIFTDAFJEXVA,B00I0FBO2A,3.7831185
A8K7ZXXGDS9CU,B00I9J9XAM,4.3376884
A222WQ9VGVPSR5,B017J3TPFQ,4.4392824
A2JOW1PW9GRCA3,B012FAXT0U,4.609582
A20PTJTS2QJ2VN,B01H8JWYIQ,4.244854
A1CLGNWRCE4QKB,B00BD63EIK,4.0465527
A16TE56LP5NUL5,B00SO0DWK8,4.103609
A2PQ680TRW8JFG,B00DE85KHI,4.346928
A323H7CL7G313K,B006HCTWVS,4.1403084
AIVY8XUMV5UY7,B001BXNQ2O,4.250952
A2UVR7N8WC5GYY,B01DN9705W,4.5875793
A3747LNB8CNT5J,B0165WFX2Q,4.692645
A556L66JGOVPK,B01FOGIV3W,4.3642445
A3HOXAKC11UEOX,B00VQJHHRI,3.9147418
A2XKX5TBB6WV00,B00VS1XNS6,3.8565671
A2QM4ZF6N1SI4S,B00MT3H1VC,4.309306
AQFF452SVDF48,B00D9CMLNA,4.3875346
A3IQ0P3M39IY8U,B017DPEEUG,3.7246206
A1G2GYX8B4OH8W,B01CT5K792,4.367428
A1JXLTQ5VWPGGV,B01FLHOQ9C,4.244643
ASR774IIR8VN7,B00U48LMGO,3.8299327
A1ZK3Q2YZMX6CV,B01GJRQKBK,4.506872
A2GF23URLB9BLL,B00BM9A6QQ,4.39669
A31G4MNGZNYSZI,B006EODK6W,4.389887
A2V8X8MTCE868O,B005USIO78,4.2104464
A2G45Q8V20R779,B00UAZ3JVC,4.5514774
A29V7E1TFYXKJ,B01GBMRPZ8,4.2326946
A2PJCE1T0AXDD3,B01C1VAR5S,3.6094162
A24YALT0FFYFA8,B01GOWGKLK,4.4182405
A3JVZY05VLMYEM,B01FVFWF3S,4.678491
A3VRSAD9OVAQBF,B01H7HMP1U,4.6129875
A1EHES82IVVS9C,B00VW0OLKM,4.244109
A3SZPKNV5IU75I,B00DNI8RJW,4.060999
A1NL7G5VN45RDW,B010JA571W,4.206181
A2F2878HE7XOM9,B01A1AWBU0,4.378558
A2C7W167DVNUKH,B00LNJ4ABC,4.534384
A19MQI49YCA5SK,B01645ZYZU,4.309408
A1IFWIZ62O12OT,B00OYQZYMK,4.2070694
A3AN7PKF32XQ4Z,B0094ONQXQ,4.14252
A1SI4HWV491JQ8,B01DFMO3UM,4.4496946
A3JVZY05VLMYEM,B00FDX59UA,4.0118012
A36XTPY9IFYA5R,B010BDZ9MY,3.672641
A7HZKJID44JZ3,B01D9JB7DW,4.3170347
A2EU9VP0MRMUGE,B00BT0A4OM,4.143366
A2MK1L1Y74WTWH,B00R8EKHVS,4.0545387
AX5NHGPX6G44A,B00L7EIGEA,4.228528
A2K0H6HYH8WB5F,B01BHD8WD0,4.5156317
A3KIA7199DNI2H,B00ARFOGQ2,4.0123606
A3E2YW0WOZ9TWL,B018HFTRYY,4.300477
A1AHCX8ONTKNSG,B00GW9H8XA,4.1680174
A3CMIEYL0TJLC2,B00VS1XNS6,3.8565671
A7GZXYEZ2OMLQ,B00ZYX46P8,4.467004
A11S2QYS4HV6SF,B00O4GUH1S,4.3818226
AHRDOVFRA0KW7,B00XWCHNIU,4.631139
A1FHWVQ0ZMFFQK,B01CPON1YU,4.3063364
A3L3T9JRL1GT95,B00XLS3FIW,4.220483
A183DRUR0UACQ4,B00G0TI2I2,4.0007386
A1ZDSAPOGRGBJI,B00OMG2XSK,4.2272415
A137UEIU93IFEF,B00EH2N8RO,4.3033934
A2DZUQQXPNUGI7,B015HOLMSW,4.2898264
A37GCC410JYT17,B00GUZ195O,4.229807
A3NICGO82Z9FI1,B00L83QEHG,4.2520294
A1CV6PASVMUEE8,B014HI58O8,4.6166706
A2LAII96I1O1IY,B01A4ST18E,4.281998
AMQ8EI0M0ZMN7,B00ANZ1JWA,4.0942583
A30Y1OHPEKHLPU,B00BQMOGKQ,4.0882893
A1K69VHP8LH96J,B00NLJHSQ6,3.9372256
A2TIJGCDBTTDNW,B00BMTQNQ8,4.2377553
A1L1M693QSBHRV,B01ELQDLKY,4.5914598
A2ZJHEB8K8JZR3,B017HMASFK,4.38097
A31CZW8SHN9PTX,B00ARFOGQ2,4.0123606
A15Y3Q6XIXTGKU,B00N48VZZO,4.360115
A31M8L26BZM2IY,B00VW0OLKM,4.244109
A222WQ9VGVPSR5,B019AMHWNG,4.39662
ABTPG9K6K74W,B00YASNK8M,4.300478
ASHX33A1334SS,B00R67MD3C,4.3277864
A2NC35OEWK4HE9,B00F3L4KIE,4.4178753
A2GO4VWZWTL7ZC,B00EFKOFLQ,4.1001987
A3J9BHGK55ZPJO,B00DRFQRIO,4.2311697
A2PQ680TRW8JFG,B0054E7EMO,4.1794443
A1BOK1EC36Q0WV,B00OYWP438,4.250722
A2391DU1LZODF7,B01FIS2F42,4.2002754
A2LLWCQVYKYF0F,B018SCGDWK,4.543812
AUJKYWUK14BZ2,B00PCUMV6E,4.4793034
A414YEU57FUHJ,B004ZZGUAA,4.2494183
A1L1M693QSBHRV,B00OAN88H0,4.1657248
A20MGSYZLH5B8G,B00ZTMRHQ4,3.6725166
A2UNMDJYXPEQZ3,B014VPZHCU,4.393537
A1P44JJW47E6QN,B0177475MW,4.2402945
A16E3LZGPATT2,B0104OFHEK,4.058444
A1K69VHP8LH96J,B00ILWP2NO,4.38748
A3OQ0WU2ZHM5J6,B0050YUL0A,4.038044
A2PG5XA0Q3BEMU,B00LZA6C88,4.5009937
A2BOKBB1IZA13L,B016QTOIWE,4.25268
A1NE9CRAQ0WUV,B00HVFAY1M,4.444274
A2BOKBB1IZA13L,B017DPEEUG,3.7246206
A2MEKYD68X8R8H,B00KFZCAAI,4.2694635
A27OS7Z94VXCYF,B0104EOJBM,4.029005
A267QVSAPZCRT7,B00OV9EXLS,4.142045
AHF5R86S1Y6YK,B01BMODWY8,4.5438566
A2J7GJWY8O1MDB,B00I9J9XAM,4.3376884
AVNS35OHR3D76,B01A5OVNQA,4.565398
A2BC67IP5E7QC1,B00P9RU6SK,4.4238453
A1RCVV077UAKKV,B016VL0PWE,4.2758045
AO2JBD7IAH9DT,B01F2EXCF8,4.0497828
A3GEKHTOCDSCBT,B01CSNZ15K,4.586044
A1B1NU74O56P7,B01GUHZYPC,4.0940847
A2MR87VMPFNFJ5,B00JDY7RK0,3.8136237
A2V06QC9Y4ZL0E,B00FD5HCC6,4.4348507
A3DQRNADNQWG6H,B00IRKQ08Q,4.417078
AI38GSFB90M4L,B00SRMFZ3A,3.959439
AK1RGQY22KL4U,B01F483E64,4.512768
A3CAIZ5D023DAO,B00H95FQRG,4.430773
A8YJFGILC2W38,B018496LH4,4.263905
AVNS35OHR3D76,B01CCXWP9Q,4.566043
A8FRLKQLNUKNP,B009DNHHYM,4.227338
A23Y4UGTFDMZOP,B00KN4TFQ8,4.404813
AK1XM4ZUH58CT,B00B2M3NSG,3.6080952
A2MX7TA6LI8I4K,B00NLJHSQ6,3.9372256
A2WEE1PU5NZVJQ,B01A4ST18E,4.281998
A2S5EPJ451WL3I,B00OO65H90,4.3172545
A34FGMJ3K5O6GT,B00E3C2O7S,4.358779
A1ACUN6A2LYVMW,B00U2YDT5W,4.380584
A3T7S6BDKHWPJD,B004X6R8Y8,4.1799407
A2MK1L1Y74WTWH,B00VQ1HJZ6,3.5699358
A3CLBL9B7WL02W,B01A1E8WO0,4.1920385
A328S9RN3U5M68,B013GZOXPS,4.339511
A3SJW9YR903G3,B016OR83AG,4.0321
A3H1TO48SUIM54,B00CF9F6G2,4.176319
A6ZT9EZ49JTEL,B01FEY3ZY4,4.428151
A2RYT2UPEQXUAV,B00SJPZ4MW,4.2763824
A1EPVSC849EI9R,B00XZJ30FU,4.1944504
A708MRPXR6W4W,B00C9L5L52,4.5826273
A2S5EPJ451WL3I,B005OC5QXK,3.97741
AL4D6OHMS2Z9P,B016VIVLJ8,4.021554
A1PSGA348YRV67,B01GT5XDFS,4.099967
A1FUH1O6FCTUYG,B00N99OHZS,4.1942816
A3L1Z0R3ZB2OFU,B018W4GENC,4.28303
A10JAUCIGVRW9F,B00BF2APBQ,4.3877745
A36WBGWPPLIQZ9,B01CSNZ15K,4.586044
A387F6OFDVEDZT,B00FBMKRG4,4.125147
AK3LIR1TVZFVZ,B00S5J5ZG2,4.394822
A3G31IWKH9ALT3,B00ASP8XNS,3.588889
AWG9YC0S5ZXRQ,B017J3TPFQ,4.4392824
A1WPQDW5RGAM9S,B00CF9F6G2,4.176319
AXOY11IDEONHE,B00VRYHVUA,4.438752
A3J9BHGK55ZPJO,B00ZYX46P8,4.467004
A1PUZIV4PYY4YM,B017IFFPTA,4.2391796
A2N1XSD82O6XTV,B0153XT5HC,4.127175
ADT3692HEYU4S,B00JZ7GMF6,4.193298
A1NAXYNAOGJIGN,B00NQ9O64S,4.0876417
A3UPR43PSDG0TS,B007PR34G8,4.2399673
A1XKTJ1XLTWLCQ,B005G7ZFXY,4.1039352
A38J1EW6EKAV0Z,B00MJOVIDI,4.0990915
A2BOKBB1IZA13L,B011F603YU,4.34621
A31Z94E63H1N46,B00LJAZ7W6,3.9135423
A1ZK3Q2YZMX6CV,B01AIS80FK,4.547347
A374B6RGLIYWMU,B00HGI16I4,4.2526236
A272PNE7D26JA7,B01FOEQRNA,4.3074493
A353K0UEDMX3PH,B0104EOJMQ,4.2817783
A3SZPKNV5IU75I,B01BZB7RXA,4.4056854
A3U6Y3GD1A6PXJ,B01B5BR1KO,4.287715
A1E1YE0R2EELCU,B01317ZZLC,3.554505
AM1T5MXP5H5SO,B00DSPPOX2,3.9700835
A36N7KTS8JMR4L,B01BU7PHA4,4.0618906
A3VG0PGN6MNCZY,B00XOGY9N6,3.9416418
A2PCN97H7ORFXL,B01EDDUAFE,4.2232656
A7GZXYEZ2OMLQ,B00PG3NQBQ,4.286933
AM1T5MXP5H5SO,B01FLDUVIG,4.02209
A3CQ5980OVK9GQ,B00TKOT3BO,4.5593224
AFX2KR1VGYWLW,B0157GPPEM,4.040888
A2BEDL4QXLEE3S,B01BMODWY8,4.5438566
A2PF64RBR1G1SZ,B01GOWGKLK,4.4182405
A4YSGLUQJP68Q,B00JTCH5RQ,4.2848024
A3JHMDPDDFUSLV,B01C7NYWBK,4.468523
A1DJY8WVWPJ2H8,B00VO86O7K,4.563565
A1AHCX8ONTKNSG,B011G3HJ6C,3.7886078
AZPNSCZH6LW40,B01F2WTGFK,4.5502186
A1AHCX8ONTKNSG,B0165WFUKG,3.6913104
AM9YOCRU10IXW,B01H9ER9R6,4.3795576
A2UNMDJYXPEQZ3,B00XIHMD2K,4.5348387
A28U98HYYE5DR1,B01A1AWBU0,4.378558
A328S9RN3U5M68,B01BU7PHA4,4.0618906
A1GSPADXH17N25,B01CF7VQVW,4.3798304
A2JPS7EMNFKXOV,B00TSXRDW8,4.152792
AALCQ67H5TY5L,B00BUAZL12,4.2945747
AQ87G02DO56Z,B00KA0AT06,4.5467567
A35RCD7ZMLKPYO,B00W0AL6BK,4.186471
A370LX2NE2BMXY,B01BE5XO0W,4.3845253
A1UH21GLZTYYR5,B01GAIHTSQ,4.553344
A253ZKSZTAZ8W7,B00JRBN26M,4.375592
A2NDZ5R94H2YQL,B01C22CSVW,4.3870335
A198E18E1LA3BE,B01GANL3SS,4.5102806
A139X5E4RN7SUS,B010MQRGYO,4.3310127
A1B871BGSYX0F1,B0165WFX2Q,4.692645
A1GXJZGFR0BPJH,B01AIS80FK,4.547347
A2FOQS9I8RI0V6,B00CNTSVZM,4.3694105
A1F41PH89SL6JB,B00KFZCAAI,4.2694635
A3ANLUEKJBC1IZ,B016JPTGN6,4.2850924
A3GEKHTOCDSCBT,B013RN2YOG,4.1679077
A3NIPJ7WT4LL60,B0057XVAJU,4.106856
A2HHKV9CQ03ZRA,B01GQCLA5O,4.272251
A2PCN97H7ORFXL,B00PRA4CUM,4.3227606
A1VDYWMVS2ILZQ,B00PHZ3RLC,4.1872225
A2BOKBB1IZA13L,B00AMIX8P4,4.2779274
AY9AIGZKJYC6T,B00H62TMJA,4.436137
A3QY3KER34QGCS,B00NOCBDQG,4.5176325
A288W9MY6EK1P,B00JRBN26M,4.375592
AUJKYWUK14BZ2,B015F1XMS0,4.5472994
A2K3C9H73QW8NK,B00YQBSEKW,4.1145344
A2EVKNQ71UULXI,B00NWR78L2,4.0258055
A3HOXAKC11UEOX,B00FY54JYO,4.369875
A2S5EPJ451WL3I,B00T4ZG2PO,4.09218
A135NSTCX38DEI,B00LNJ4ABC,4.534384
AX59HEWTONQ1M,B01EZ9ZK7O,4.396303
A2SNF7VCKMYTDF,B017PXXZV0,3.8735716
A3JTJ1E8NK7DH1,B00JCINDL4,4.381754
A1BOK1EC36Q0WV,B019D7D3CC,4.2730923
A16TE56LP5NUL5,B00F2953OW,4.08486
A3KMEQP8CSCPC2,B00I1VX9YO,4.2651644
AX746FITV1G72,B00Z4EAA5W,4.219812
A3FA93L7JWESR,B00VTY1WNA,4.483285
A3AEFXIVFIL11Z,B014XLV2NA,4.3039894
A1LYT31WSI9NVL,B00IQVA7XK,4.106037
A3V9J8I5FHAH19,B00VO2WDZI,4.4050665
A1V63EJ1CBG940,B01GBYTK36,4.7037363
A3P2ROGJMLVZHN,B00OV9EXLS,4.142045
A142HAT43L5W4W,B00TP4X5CM,4.2087555
A2RMULV25P85EK,B018CHA4GM,4.2702036
A37P6T3YZ8KY2F,B00NEON2WC,4.4197416
A39N24TTLP6I48,B00SW2TWJS,4.3742714
A3TY31K1VXAGSX,B00DTTEDM0,4.0005665
A1EF46YLAZ7MEM,B00YERIU1G,4.1153164
A3IY9IIH8P3UU0,B00LFNCDOC,4.2912674
A3H7J5POTR9TZW,B00DV7LVP2,4.52647
A1A085EGL86PB,B00N6PD7CO,4.2695327
A2C7W167DVNUKH,B01GEKTEY2,4.4034405
A10IOT56F4GM85,B01CJ37JJ0,4.3524094
A2O8R1A83EROU0,B018CHA1D8,3.876127
A3PZDL7X0IOCDP,B00CH3NV4U,4.7736225
A29EUBSWF1KQJ9,B00C44H0OE,4.1583967
A1RN75YVR2O8MQ,B01H62L5GW,4.2014008
A178S00H8B3YWA,B019S2I4HG,4.619752
AD95EEXNDJ379,B00MG5IQGW,4.2695627
A1NAXYNAOGJIGN,B00XLS3FIW,4.220483
AF85CAX5BR5IM,B00LE4Q370,4.2099323
A1DC00T32U26HC,B0165SOAPG,4.47512
A7AO0PBCKSW82,B017W2XRGM,4.2113476
A3UPR43PSDG0TS,B00QLA3DKC,4.3580256
A2KN1WNA76HQS6,B01DE5JHY2,4.441601
A3PV5FJGYOY5NW,B00UJEGURO,4.252488
A2826FTZACYYNO,B01H5QZHKY,4.5638776
A10IOT56F4GM85,B00Q0KG49K,4.5058613
A3J5KG672GNB99,B01GQE49E6,4.4920115
ASI65UKWLTDJQ,B01FGRWTGE,3.671858
A3RR4H0D4L9HYN,B01FOGIV3W,4.3642445
AIVY8XUMV5UY7,B00UB7TF1C,4.5996704
A23Y4UGTFDMZOP,B00OJCC440,4.2724786
A36RDF38V9ITAE,B01G3UFLMM,4.5504208
A1O79BLZSTP53I,B00CF6IY50,3.8686423
A1NE9CRAQ0WUV,B00O72888S,4.128422
A3H1TO48SUIM54,B018RKHYMQ,4.3612432
A3H7J5POTR9TZW,B007TV0V8Y,4.073139
ADUI5YISBG6Z4,B00BXGUOU6,4.134469
AGT5F6R7R53LR,B01A1C7M8Y,4.283887
A1KE19CDYIO2YN,B01FORFUEY,4.572918
A26F5B12T242LL,B0188OGJXQ,4.0187283
A1K4S4MWXI9E9M,B00ES2GX3O,4.333065
AWNYF3812RWNG,B00IQVA7XK,4.106037
A1P44JJW47E6QN,B00SO0DWK8,4.103609
A1E1YE0R2EELCU,B016X07L2U,4.6532526
A1WK64OV93G9TA,B00FJNPJMW,4.7912745
A166K6TJTPDX8K,B01HHJZ3EO,4.1893435
A2KS7XM8Z13Y78,B0184J1F4I,4.704011
A135NSTCX38DEI,B015DLURNU,4.3069983
AUI3XAZ1513SI,B01G9F1ED6,4.5154138
A2QEVQMB8B08UQ,B00L2V73GK,4.0258074
A2O37WEGGS6NF,B00SZDH08Y,4.5162144
A2D9OWZ1X0DVEU,B01FV7OB5G,4.3775005
A3J6BKNGIMAJQ5,B006OIUEKI,3.3355608
A2TX3PH7TXFRE9,B01CT5K792,4.367428
AGV7AZJ7ZBLUL,B00H8OZW1I,4.1267147
A3L8F13NKUQHQ1,B00LXHHBNS,3.9373271
A2HZ6MGQ6TPNO0,B01CMN671I,4.4666014
A1CXTYWIRDPOED,B00X2JUCRC,4.2288666
A21G2H64TFS4JO,B00PMH3R3I,4.5357304
A1LEP3FM28J5RB,B00M0DQIEC,4.278738
A3BTRKXD03KC4F,B01H5QZHKY,4.5638776
A2EVKNQ71UULXI,B014GDO5C0,4.1069913
A3A44JIMIWYFIE,B01H97YHF0,4.466068
A1AFGQGTS66UYY,B00JUV8JPS,4.2106404
A19MQI49YCA5SK,B00PUS8AEK,4.2490635
A2MK1L1Y74WTWH,B00W4LYJ6Y,4.458847
A384RYAHGEPLJ8,B00AA3P7M8,4.3945427
A13C53Z3ONTAIS,B00SK2AQWW,4.326784
A10PIB0GJZQHJA,B00JRBN26M,4.375592
A1SKQ5W90YXHF4,B01BNWGPRK,4.071456
A2B9C3FMYW18UN,B00EV9LSJI,4.421693
A2G9EAG3T2GCW6,B01C7NYWBK,4.468523
A26V5ROE0OZCDA,B005GI9EXU,4.091818
A29QO6X2VCR4GZ,B01DFBBF5E,4.6423025
A1B871BGSYX0F1,B01DN86K7M,4.367402
A2VTPPOUWOT9AB,B01A1E8WO0,4.1920385
A31OIXDTDVNVS8,B011ETZ2WQ,4.133897
A1ZDSAPOGRGBJI,B01B5BR1KO,4.287715
A1K4G4G02UIVEW,B00R5LXZXG,4.2073793
A3OQ0WU2ZHM5J6,B014JSBJJ4,4.4276285
A1PIHRVCTCJQFL,B0067LH1QC,4.317891
A2N7O3PNO1OEEL,B00W891R26,4.110544
A3IL7OEY26GURY,B00LFNCDOC,4.2912674
A69JQYYIUQFQL,B01D9JB7DW,4.3170347
A2CZKERY4LUBVI,B00K6S71RG,3.7379158
A3P4PWQ6NZGNFY,B00CCVVKMW,4.256653
A24KZL47I6CH4C,B015M5L9A2,4.72894
ANKDQ12BPX6Z3,B0091T62FS,3.9156435
A1EF46YLAZ7MEM,B01FD1Q27U,4.3211527
A31K93JWWNEMAJ,B017WE2YUU,4.365775
A1TVJ9WDRP0UZS,B008HUP9NI,3.931471
A1NL7G5VN45RDW,B00X7R3DFM,4.485914
A1H10L6S9KZB2C,B00OJCC440,4.2724786
A3VE7N2XUI8C3K,B00X8SCJCS,4.0983677
A15VZ8KA1KH8ES,B00AXTM8G2,4.287141
A36I3CE9A5LP9N,B00L2X37QS,4.294857
AZGDIB6UL3QNL,B012C7K7BU,4.469859
A296HV17AZ10V9,B00EZRUSOW,4.13478
A2N1XSD82O6XTV,B010TZVSTM,4.6863275
A1PSGA348YRV67,B006H96RO6,3.9104903
A1RD05YFMWKM4Y,B017CK0K28,4.520413
A2XKX5TBB6WV00,B00N0VI2OM,3.952393
AHR3AU7CPID24,B01CIDR8N8,4.0539846
A3IZU63H3RBN22,B01GP58FSC,4.5329866
A1IFWIZ62O12OT,B01E46BFJU,4.120128
A7M73HAH815DM,B00TPBIA4S,3.9589422
A3J9BHGK55ZPJO,B00II5I3R6,4.1069727
A19T1A4TS1WHOZ,B005OY0JFI,4.2305403
A137UEIU93IFEF,B00E6QFG80,4.1116076
A10JAUCIGVRW9F,B00DE85KHI,4.346928
A37G8WNF7DGY6M,B009JPPQ38,4.0070944
A3IAAKYJIX44EL,B00MUW6TF6,4.2803955
A2JPS7EMNFKXOV,B00N9RT7RS,4.5297813
AWNYF3812RWNG,B0133SO7JK,4.2921762
AGT5F6R7R53LR,B013WQ2VW8,4.5913405
A1LL39K926QN1V,B01DFX15NE,4.399805
AQ5HSBPNASYIG,B016B0FB38,4.605053
AHNGMRN1V1LPH,B00SA5KFM0,4.379265
A1EF46YLAZ7MEM,B01DFJLD62,4.264065
A3DJ1IVSPDTMW5,B00O3V6PWY,4.1988287
A0020356UF96ZV361ST,B00F8KLPEM,4.051388
A2TX3PH7TXFRE9,B00ON8JVP0,4.211131
A2W3RQOSC87P4A,B0150C55HA,4.186142
A3N67XHSHB40CQ,B010TZVSTM,4.6863275
AIW0QH84UBVB2,B00E5O6ZJ2,4.227144
A2W3RQOSC87P4A,B00C4BA6A2,4.0313854
AV6ORIR1JV86P,B00OYWP438,4.250722
A197W8MNF706HT,B00JZWDC9K,4.532112
A7AO0PBCKSW82,B018QZB1IA,4.2686243
A2MEKYD68X8R8H,B00UJEGURO,4.252488
AJ571UKWCC3CC,B00FW6WKUA,4.407322
A2MR87VMPFNFJ5,B0099LPCWC,3.908013
A296HV17AZ10V9,B00FQAQQ9I,4.0499816
A1FGDFKCW5LJIJ,B00QOWH556,3.7789874
ALGAUZSEQQWI4,B01C1VAR5S,3.6094162
AAO6QIF5RUMS2,B015P9ZNIO,4.1828156
A2Z3DQ7P9JYRLG,B00W891R26,4.110544
A1C7ASZFSTSJMH,B01F24RGGO,4.3956404
AGELZO1D6BC0T,B00MK395WO,4.260434
A1W48IWJ8A610S,B00H0GED9Q,4.258251
A2S5EPJ451WL3I,B01CT5K792,4.367428
A2735JIVUDTBZ0,B00ZYAZFC4,4.29535
A2FCH654FN672F,B00XIHMD2K,4.5348387
A3A7FF87LEVCQ1,B00SER0484,4.180052
AYX4FFM42UGTM,B00MVK5RIW,4.5178537
A2JPS7EMNFKXOV,B018F3C1KU,4.2196636
A1FWLM5208ESO4,B01E46BFJU,4.120128
A1RKD07ST2BLOQ,B00VQR2NOW,3.9592392
AI38GSFB90M4L,B00WRNKOOU,4.311101
A1R2D0K0S0M30P,B00QPDKAM4,4.05215
A73IK4VT0XZS6,B00QXWYEYW,4.40825
A3FWAT2EKO9FRE,B00UZM2O52,4.144123
A13LERNQ8R7267,B00HT73RHK,4.3248863
A35RMGAUPUQTOG,B01EKIELGG,4.143767
A21UH6HJAXW2J8,B01CX93T44,4.1409388
A2H44WVZS59KKT,B00U77QXI4,4.006531
ANXBIU1HP7BJD,B01BLSZ09A,4.326354
A2XRKQZA534EWO,B00HTJJST4,4.181155
A1VA2I63CK09BU,B018IYY2V2,4.2154274
A16EVINGPOU4U6,B00OAN88H0,4.1657248
A2KMV056844YV2,B00OKM7SVI,4.006686
A387F6OFDVEDZT,B01GKU3D1G,4.4773207
A2B8C9QHIXJO6N,B01GTFE2BW,4.163786
A18EEC1ENOT9YN,B00F2ZL3W2,3.859081
A1B39IGLV2W0GE,B00WZWMRC0,3.5556347
A17DBWBCGJP32S,B00WT7TBTS,4.089079
A2RPZTZP8W80W,B010ZXKCJU,4.0781097
A3OQ0WU2ZHM5J6,B00VBVE7NS,4.2193875
A1E29AF1LT9N6S,B008SGZOL8,4.052518
A1N3GV7AVOC8VC,B00QQOX6LY,4.461439
A1A6ADR8JG12KQ,B00B3DROPW,4.27757
A36I3CE9A5LP9N,B00RC6JVDC,4.0389347
A21G2H64TFS4JO,B00S5JROJ8,4.4842725
A1E29AF1LT9N6S,B00QQ623XY,3.9153879
A2Q439D72KOQME,B018A8EDV0,4.517023
A2K057YIAJJQXS,B00EZ7VLDY,3.5651846
AV6ORIR1JV86P,B00JCINDL4,4.381754
A2O4J6KJ0REPQ,B01BR1U1WC,4.1675644
A3M3LPTYJWK90W,B00UW9SNEO,4.7166553
A2YF0QVNVT7ZI8,B00HP90OBE,4.2319922
A2PF64RBR1G1SZ,B010ORALRK,4.2328615
AHMV0N47XOIMZ,B00NJ0F5Y4,4.489064
A1CLGNWRCE4QKB,B0165WFX2Q,4.692645
A1LZ8PBGVH7IOM,B01C4FP44A,4.6225843
A21TSBBTF0DMG5,B00YG3S9W8,4.0968194
A19Q489ZXGDUJZ,B010MX9WVC,4.250144
A2MR87VMPFNFJ5,B00ZOL1DRO,4.15654
A2I4SQOSEF7WH5,B018CHA4GM,4.2702036
AUME0VNK7J2MP,B00GRAZD3G,4.373477
A1LGEZKBNXPUW9,B01DCM610A,4.231189
A1RD1NM0602OQO,B01FWYD956,4.5308228
A1YUPRU1BVJHQV,B00OU2E1F4,4.7075777
A142HAT43L5W4W,B00L73NIWQ,4.5294647
A2MR87VMPFNFJ5,B0094HZVWC,4.4298315
A2PN1AJYXDU1J0,B00MDACG9I,4.170207
A3HOXAKC11UEOX,B00TQ8W4KG,4.4206934
ANEZJAUOG31MG,B01C6DZQYS,4.5378103
A3CP3ADDFF4CLI,B01FD1Q27U,4.3211527
A1WUV5NNBO97B6,B01DOR1EBO,4.5396414
A2C7W167DVNUKH,B00BJCBPIO,4.237711
A2WEE1PU5NZVJQ,B00DK8L8Z0,4.367501
ABTPG9K6K74W,B00KDJNAIW,4.5693073
A1K4S4MWXI9E9M,B00PE262UG,4.001831
AIKGKUGNQ6L2F,B01645ZYZU,4.309408
A3QV68AX7YPQA2,B01FIS2F42,4.2002754
A1X87IHRK15RBU,B00IC6TA46,4.4756613
A25PLL2FEB615H,B01EXPAZSY,4.1093636
A1ZDSAPOGRGBJI,B01208O1D6,4.409705
A21G2H64TFS4JO,B013UBALKE,3.8927147
A2N58DQ4IL5SHP,B00LXK4KIO,4.3183937
A37D3BRKS7OO2L,B017HX13DU,4.13424
A1VE539RO5061D,B00Q4YAJL6,4.314293
A1W49O3LYZ8GI5,B01A9BTUBY,4.239291
A21BTVOIQV3JWU,B0080SA5S6,4.1775675
A369BMHORFPL0O,B015DKD58U,4.2971
A3CIIU9YNK53VK,B00LDUVA4G,4.44816
A1JS39D0NHVT3S,B011T78JT6,4.609046
A2391DU1LZODF7,B01D1UVNEM,4.318825
A2Y7B4AASUOXM,B00KLSMCPW,3.809072
A31OIXDTDVNVS8,B00BGY7XX6,4.054328
A3MTU1QAMYEAX3,B00GQYIL2I,3.9276528
A23Y4UGTFDMZOP,B007J4A4KQ,4.3958216
AUI3XAZ1513SI,B00HNWEA9K,4.139002
ASHX33A1334SS,B00GH2UEMO,3.9261754
A1ZDSAPOGRGBJI,B01H173RSQ,4.534787
A1XIQBGKVH6G8B,B015NFAKLK,3.6508958
A1LM7SC9WR859I,B00OE67LVW,4.201686
AYGI3FN2M078F,B017R65QS0,4.1699324
A296HV17AZ10V9,B00LI5X2QA,3.8680964
A2PN92SB2HFRNI,B00V5T9A38,4.2283154
A2C7W167DVNUKH,B013T97LTQ,4.6969285
ANKDQ12BPX6Z3,B00XGIEM52,4.319803
A35BKLDD2E04E6,B006MLKZWO,4.2773294
A1ACUN6A2LYVMW,B013KV12YI,3.6908514
ADJDLDM5Y69VJ,B0145VI0G0,4.528941
A245T0V8KVTV45,B00NDEXI0O,4.216324
A29QO6X2VCR4GZ,B00B9I1M5O,4.277862
ASR774IIR8VN7,B01EMF4FXG,4.3233423
A3C713428J4MJ7,B0184J1F4I,4.704011
A1AHCX8ONTKNSG,B01CF7VQVW,4.3798304
A15VZ8KA1KH8ES,B01EDDUAFE,4.2232656
AQFF452SVDF48,B0152U9LL6,4.162773
A2WEE1PU5NZVJQ,B00PYPHS9M,4.198005
A3CMIEYL0TJLC2,B01DCM610A,4.231189
A3RDDEA1NKSMVC,B00VO2WDZI,4.4050665
ABTPG9K6K74W,B01B6WT11Y,4.1922865
ADUI5YISBG6Z4,B00GRGOL3S,4.0873537
A414YEU57FUHJ,B015QBP4XU,4.3817434
A1XJZCJTQFEU8D,B01BCLPTNI,4.4479027
A2S5EPJ451WL3I,B00Q6YLPJ4,3.8714359
A29QO6X2VCR4GZ,B01BQ00CAA,4.435833
A3IL7OEY26GURY,B017GGWXNW,4.622159
A2LMF4HG470CNF,B01GDRM3XU,3.9748018
APSBR4VQNRJ0K,B00MV4UDTQ,4.1563215
AJVQTGMBF8PL1,B015CLZ5RE,4.3874016
A3RDDEA1NKSMVC,B01DL6EQC2,4.704645
A1F41PH89SL6JB,B00TPBIA4S,3.9589422
AX5KL9LWC1TG6,B00DGYKGQ0,4.127615
ATQMBEXNQ3XH8,B01H4NVSOC,3.9776695
A2HZ6MGQ6TPNO0,B00NLLP3MU,4.2542696
A1NQQU8O1ZYJP3,B01GIM0O86,4.494548
A2A1U239S7ZVL1,B01AAXMLVW,4.3252225
A16N88TMHMXX1F,B0133SO7JK,4.2921762
A10AWAE0F6CAP1,B01HCB4LFE,4.213771
AUJKYWUK14BZ2,B01B8MEF9K,4.471814
A2YJ8VP1SSHJ7,B017ACSD1S,4.3512206
A2091T9SZ5H2P0,B00R1O4KWW,3.8355381
A213J0UJPYFVNC,B00PG3NQBQ,4.286933
A3AM6MXENFRF3G,B01DJB7XZG,4.6318483
A1HHSUAQDZ1XM6,B01DU7JXPW,3.5315406
A2ZDRBQOSAZLER,B00FP43PP8,3.7337418
ALGAUZSEQQWI4,B018COSNP4,4.582302
A26V5ROE0OZCDA,B00XIHMD2K,4.5348387
A10PEXB6XAQ5XF,B00531CPHC,3.911107
A2O4J6KJ0REPQ,B014GMU3LS,4.092005
AIQWMQ4JWKZ3T,B00N99OHZS,4.1942816
A1F41PH89SL6JB,B00AV8SY7C,4.283777
A1JADDWR1H3M0I,B011T78JT6,4.609046
A3KBRXW4PKK2MT,B00UZSTI28,4.3576727
AGSGL6VT17RE0,B00GVJ4WOY,4.0435715
A1ZDSAPOGRGBJI,B00CK55QTS,4.0164785
A2XIP6NWN0J2QC,B00ACC2N3I,4.2542133
A2MK1L1Y74WTWH,B017JRXATE,3.9810169
A142HAT43L5W4W,B00IGGZ4LU,4.0783978
A1NL7G5VN45RDW,B01GAOLAW6,4.296007
A32TX5VFAQALG5,B010ZXQA7S,4.319548
A2EAKYR4AEJU69,B00QU06V2K,3.7644362
AVNDR3UMO7VU5,B00T75VSHI,4.506898
A3FO728397JFZP,B00L2II2AY,4.23994
A3NW9Y963QZ8WI,B00WNR92RU,4.087557
A1JMSX54DO3LOP,B00NWR78L2,4.0258055
A39CVMK2ZKEIK2,B010JA571W,4.206181
A2CZKERY4LUBVI,B00OO65H90,4.3172545
A1P44JJW47E6QN,B00SM24ZZO,4.1974583
A2JOW1PW9GRCA3,B01HHJZ3EO,4.1893435
A3IRQCW03LJA0G,B006MMYSR6,3.791727
A245T0V8KVTV45,B01A9BTUBY,4.239291
A356MFRFTA643Z,B00IU69PTI,3.8522527
ABTPG9K6K74W,B00C9L5L52,4.5826273
AQ5HSBPNASYIG,B01GAIHTSQ,4.553344
A222WQ9VGVPSR5,B013HEC16G,4.5596848
A2S5EPJ451WL3I,B00457VKIA,3.961218
A1Y3AO9892NNSU,B010NQV6I0,4.1884956
AK3LIR1TVZFVZ,B00GEHN4I8,4.0293903
A1UH21GLZTYYR5,B01DGXSHRK,4.243578
AK3LIR1TVZFVZ,B00GJMBFS4,4.5659833
A3G31IWKH9ALT3,B00UXX3RHC,4.2121725
A3QKOFJ91Y3MFI,B016X07L2U,4.6532526
A3Q9NLTF7JA3ZD,B01C8CLGR8,4.576166
A2MEKYD68X8R8H,B00DN6QQ3S,4.3225703
A2EVKNQ71UULXI,B00699917E,4.1086903
A2Z64A0Z98GLS3,B013VDLXY4,4.471534
A387F6OFDVEDZT,B00TLFMPX0,4.342943
A13QTZ8CIMHHG4,B01ATF41UA,4.547551
A2VDLDSGSD32FI,B01BM0AHZE,4.3655868
AVIN4W1V9M738,B01DQED9F4,4.4613495
A1U37G3A1C7FC6,B01GZ7IMJC,4.579377
A3V9J8I5FHAH19,B01FRK7VO0,4.565757
A2HZ6MGQ6TPNO0,B00ZDHZKKA,4.3229094
A2UJTG9XC4KISL,B00E6QFG80,4.1116076
A3E4H5A1X8NJRR,B0051EZBRM,4.28596
A1EF46YLAZ7MEM,B01BXGMTEY,4.2931833
A2E40ZTDDZ2U29,B00LMGLXUC,4.132083
A1ACJLREHPPL1P,B00AA46Y06,4.1616306
AV8X3WC4XB1WF,B00U48LMGO,3.8299327
ABTPG9K6K74W,B00SPA1Z5Q,4.0597587
A2LEDCD5NGDPL5,B017OLT0HG,4.238162
A23MK6LPFQP21A,B01C6DZQYS,4.5378103
A2LYOOGJLVVM5S,B00T2TSFH0,4.678573
A3AL7B2RPOAEOB,B00D9CMLNA,4.3875346
A23ID71VXIBR8T,B00D9CMLNA,4.3875346
A19Q489ZXGDUJZ,B01D0Z73QA,4.2951355
A18EEC1ENOT9YN,B00L2F5P02,4.1694994
A3JONP3MGSSP0F,B00T7VC4D4,3.6506698
A31W0R6O8EM6V6,B012YHT12E,3.8273253
A2O4J6KJ0REPQ,B013KWCLA6,4.221463
A30DBF16JX73UA,B0100BOE7S,4.478849
A1B39IGLV2W0GE,B00NTPSMSA,4.0958223
A1BOINGLPB5I1M,B00ZOL1DRO,4.15654
AQA76AX85FU33,B00KE62080,4.101428
A2391DU1LZODF7,B01EKIELGG,4.143767
A1M0H8HM67R9I6,B00U4NBAPM,4.3400545
AYUTCGVSM1H7T,B018E4EOO6,4.485094
A1D0BC1UP01UH9,B017E1XMPM,4.446128
A2EGLWRK7PCDYH,B00JO4GO94,4.4069424
A190TSUIRJIFUK,B00UXNLT1I,3.853277
A1GXJZGFR0BPJH,B014REI880,4.3958616
AVTN1DZPKSY8I,B01GP58FSC,4.5329866
A1R2D0K0S0M30P,B00QL14R88,4.1953125
AX746FITV1G72,B010189NMG,4.4362054
A2WQZ6RF0O4XER,B01G2YFYG2,4.563196
A1XI8GFCIVWU36,B01FOEQRNA,4.3074493
A2MD57B122PGJ1,B00H3I2172,4.3154564
A24NC3WOFW7LHT,B00BFNYG1A,4.214964
A1CL3FS67LX1YW,B0130KVNKC,4.8709955
A3IQ0P3M39IY8U,B014C5U6SE,4.310026
A202A0SM6MHKMN,B00LNJ4ABC,4.534384
A1SXDVX98NJLHZ,B00MEPPIRO,4.7164235
ABTPG9K6K74W,B00C4BA44K,4.118987
A2T1T5S6Z14GD1,B00MY6POOK,3.829047
A2N7O3PNO1OEEL,B00507TKCW,4.1063604
A2LKDS804WDMIR,B00MV3HC5K,4.2061067
AXIO51VZN815F,B00LH8I7PE,4.2322063
A3FCTV8S9RM34G,B01B43XFKI,4.3686895
A1DJY8WVWPJ2H8,B00QQOX6LY,4.461439
A3JXBWCYZ9HVXL,B01EBI1YZG,4.060692
A1XKTJ1XLTWLCQ,B00W2TD572,4.12506
A1CJOF7UDPZOVR,B01CBW4D7A,4.7075853
A1VC48UV57XWOH,B00M0EUU22,4.2814407
A339JSGXJXHKQE,B019WMKHHC,3.8602183
A1FWLM5208ESO4,B00R1O4KWW,3.8355381
A13LERNQ8R7267,B00T3E76II,4.2994165
A3RV6L8TB9XZNB,B01ACB72TS,4.355898
A2DN35SSCO6KE5,B01GOWGKLK,4.4182405
A1ZV5XBKG7RVZU,B00VS1XNS6,3.8565671
A2391DU1LZODF7,B01DN9705W,4.5875793
AJNVLN50MZSFU,B00C7Y0T8A,4.0797405
A2UQGGK8VJPUH5,B00CMJDOIC,4.2876062
A2TS60D6XB4KBY,B00V2AVVD2,4.12138
A1X87IHRK15RBU,B010ORALRK,4.2328615
AXMNLUJHA9RG7,B00MQ5BIE4,4.1906652
A8Q2ZFOHTVSCV,B01D7GSS70,4.290938
A1FCMIVQTWHYH2,B015VKB8KY,4.4180098
A1Q3SVFIAWX5YN,B01AHFO8ZK,4.5158205
A2XKX5TBB6WV00,B01FCBU7OU,4.369843
A1CIS4LOWYGZGA,B00XZ94IU6,4.301115
A3BHXRE0RKF4LK,B00X2JUCRC,4.2288666
AK56P9TMUDM8F,B01EBI1YZG,4.060692
A1HLSH6U9OL29L,B010TYBN4S,4.409813
A2QM4ZF6N1SI4S,B014RVEJ4U,4.193604
A35BKLDD2E04E6,B019JK4HKU,4.2222013
A3HN8JIDYGZVVH,B00P86K1J6,4.4004197
A1IFWIZ62O12OT,B00N7K1BB2,4.300407
A1I96OYAUJ3HQE,B00QL65B2Y,4.53148
A3IQ0P3M39IY8U,B015YGAXHO,4.3180175
A3CMIEYL0TJLC2,B01HFTVMXM,4.4132338
AYX4FFM42UGTM,B00ICTUW6I,4.3865013
A1XL1A3TCU3Y1I,B00LFW9MQK,3.8049784
A1ZK3Q2YZMX6CV,B01ACB72TS,4.355898
A2MXJZ75PBWCI9,B013S6IHIY,4.705264
A1OC44Q6V9TT0G,B01BW4490E,3.9123926
A3DS9MLHI0EHG6,B00XGIEM52,4.319803
A1PUZIV4PYY4YM,B00CUSSKUM,3.6302578
A3ES0XIED7769J,B00P6NDBJI,4.269639
A2KE2O5C2XMXGE,B01HFFPC2I,4.0643663
A23MK6LPFQP21A,B01EW6DERI,4.2660418
A253ZKSZTAZ8W7,B00KBAYOTM,4.0013404
A37QXFDRRQ9M08,B00AGXN8O6,4.1210804
ADUI5YISBG6Z4,B00J9YWGTQ,3.8775122
A3NIPJ7WT4LL60,B00O7WX2WA,4.2993135
A1IFWIZ62O12OT,B00Q5OG0RM,4.5333185
A2VSI0RDFNNBEU,B00Z1UVSK0,3.6683695
A2W3RQOSC87P4A,B00F3LVB40,4.253517
A3T5H007CVA99X,B00CNTSVZM,4.3694105
A3KIA7199DNI2H,B00K1MS0NQ,4.263031
A26GE9ZG68SKIQ,B00YAKL5A0,4.1508217
AS68HOKD544K6,B00NTPSMSA,4.0958223
A2G9YADU04XBHA,B007WQSY44,4.125906
A2GU5CU4OAHS17,B01GET4LIW,4.28489
A3AM6MXENFRF3G,B00P8DE7YY,4.509017
A1W49O3LYZ8GI5,B01A03HKFE,4.347871
A152EA7ZPCA1Q8,B00VAOBZT0,4.4401846
A387F6OFDVEDZT,B00LE4Q370,4.2099323
A1JMSX54DO3LOP,B004W8D9V8,4.5675683
A9M7TOUJ3N4OE,B00DX58XP8,4.2468424
A3CJ3VQ76GFU0,B004YDN934,3.9647565
A287J5FTWL99W6,B01C4FP44A,4.6225843
A2X3DPREG8BT6B,B01EBI1YZG,4.060692
A137UEIU93IFEF,B0133SO7JK,4.2921762
A3NU5MG1VOINFB,B019APW4UO,4.486739
A2U3FVDELHREMI,B00INYO7MC,4.251116
A2PF014MHWXCT5,B015YGB1SE,4.1860538
A10IOT56F4GM85,B0103UGC1C,4.399927
A2MIR34MGFG3EU,B00PQV6H78,4.2653723
A19MQI49YCA5SK,B00ON8JVP0,4.211131
A1ACIK34MC3R7W,B015NNW8CG,4.403205
A2HX0B5ELOPP5Z,B0100BOE7S,4.478849
A3H38968JZF6VK,B00ICTUW6I,4.3865013
A3DVHWX9O27YPI,B00HLQWVMQ,3.7505727
A1TMY1KQMPEHQ8,B0116LBLKE,4.4473095
A1Z7KHEH5I1LUP,B01AXD0SQO,4.690913
A28V7MR6RKNVUT,B009QSK1GK,4.2138886
A2G45Q8V20R779,B005QEA87A,3.913349
A1NQQU8O1ZYJP3,B00VC1475K,4.354085
ACATGMB8JTGU9,B00LFNCDOC,4.2912674
A38TZJEVGI7OJN,B00VX75TKU,4.483141
A183DRUR0UACQ4,B00BN1P6Z4,4.305313
A3FA0RACII84DP,B00FVDMDOC,3.8514311
A1YUPRU1BVJHQV,B00R298H3O,3.6909018
A2Z3DQ7P9JYRLG,B01AATE04M,4.4304132
A1FUH1O6FCTUYG,B01A16E38C,4.528105
A3IQ0P3M39IY8U,B00O72888S,4.128422
A2F2878HE7XOM9,B00PBA6QCU,4.2089853
A3UO90FEXQNHRD,B00JNK590Y,4.0603504
AHR3AU7CPID24,B00HCK1TZQ,4.410845
A2Q712D3NT6IPK,B00MD5VDNS,4.488947
A3QV68AX7YPQA2,B016VL0PWE,4.2758045
A3CBZUOAQ1LBU5,B015L2UR1S,4.2787914
A17EGVTXRDFTRS,B01HBTH0VO,4.5505447
A3A7FF87LEVCQ1,B004VF69LY,4.2952986
A36XTPY9IFYA5R,B006U1N37U,4.1018105
AX59HEWTONQ1M,B00JUG8DCC,3.9998538
A1TVJ9WDRP0UZS,B005TUBRW6,4.363534
AK3LIR1TVZFVZ,B00IPOCDXU,4.2734127
A4THCLHUVG5NK,B010JA571W,4.206181
A3ES0XIED7769J,B01ELQDLKY,4.5914598
A2MIR34MGFG3EU,B01A4Q26WY,4.706733
A2FCH654FN672F,B00PD8LQ6G,4.3279634
AYVJY4Z9CYQWU,B00838H1OY,4.120464
A7W8CXJOH3UNV,B00ZYX46P8,4.467004
A2NDDUI5L26D3Q,B00V8L0G5O,4.2010045
A2KWQ64TRHB3YH,B00UHY9WCG,4.117174
A2JXEE4LIKY4AO,B00PBUEQJK,4.1711946
A3AM6MXENFRF3G,B00BQMOGKQ,4.0882893
A2LHUNWCVDEWQ8,B01GEKTEY2,4.4034405
A2D9S6V1AFXOAO,B00A3ZA4TO,4.4210443
A31M8L26BZM2IY,B00XCLU7Z2,4.297876
A1NE9CRAQ0WUV,B00EZRUSOW,4.13478
AS09YZV00HGLO,B013KV12YI,3.6908514
AWNYF3812RWNG,B00W891R26,4.110544
A3E1OKXRVUNNU1,B01C7NYWBK,4.468523
A2S5EPJ451WL3I,B00CW44YIQ,4.189872
A387F6OFDVEDZT,B0057QO8Q4,4.0999274
A2DZUQQXPNUGI7,B018WYKTR4,4.387577
A3SFE4SWTZ3UIP,B0157GPPEM,4.040888
A1ACIK34MC3R7W,B01GAIHTSQ,4.553344
A3HOXAKC11UEOX,B00GXBV0MM,4.1933537
A21G2H64TFS4JO,B00XGIEM52,4.319803
ATZOHBDX5VNKJ,B0181DH49C,4.1267233
A1ZQGKKF2I7YS0,B00QQ623XY,3.9153879
A3OQ0WU2ZHM5J6,B00J9YWGTQ,3.8775122
A1P5YXP15B13SA,B01EKIELGG,4.143767
A1FYJN76V1V5GX,B00IB4A7E6,4.4940004
A1K69VHP8LH96J,B00FJFV6AY,4.0300617
A1FG2D6NRZD9NF,B00NQL0LRC,3.815194
A272PNE7D26JA7,B01GGPLQOQ,4.2434235
A2SHWMWTXZLIR9,B0064PJUWY,4.2718353
A2LAII96I1O1IY,B00M0DQIEC,4.278738
A3IQ0P3M39IY8U,B00HMUUFJC,4.4795856
A19MQI49YCA5SK,B01FORFUEY,4.572918
A19W1EMTMIQJRT,B01FGRWTGE,3.671858
A2GCEOF7KVQK1U,B00D25Y2ZY,4.089879
A1AMO4S4I575LQ,B01CX93T44,4.1409388
A1DJY8WVWPJ2H8,B019VJ697I,4.4709015
A2F1UD4JDHKMTA,B00JVX6XZS,4.410601
A31JVB1Y1HXN5I,B01GSRNLOK,4.5804687
A2826FTZACYYNO,B01CBW4D7A,4.7075853
AHMV0N47XOIMZ,B00V0O427M,4.543626
A1RD1NM0602OQO,B00PXGD274,4.3929415
A10DX94ATZQEFG,B00HTJJST4,4.181155
A2MXJZ75PBWCI9,B00LE4Q370,4.2099323
A3E81XX9ZDNCNO,B01CSNZ15K,4.586044
A37BRR2L8PX3R2,B00QZF4D70,3.5370467
A1KXFB5X4XZSGB,B01BXS83ME,4.304982
A3QFDDODG2X2HL,B009D628ES,4.639947
A7B9IWPPQJMPO,B00W6WIZC0,4.567422
A3JVZY05VLMYEM,B010ZFRUQQ,4.6126018
A1FHWVQ0ZMFFQK,B0135MRXRM,4.6142898
A26V5ROE0OZCDA,B00WZWMRC0,3.5556347
A103M7E0BSFC83,B0138OGR6K,4.1294737
A1DJY8WVWPJ2H8,B00NTPSMSA,4.0958223
A3CYA250L0DABZ,B01CMN671I,4.4666014
A3JVZY05VLMYEM,B00TJCFIFM,3.6760647
A1SZ7SSVVG3VXG,B00VIFP2JA,4.5999784
A1XRE1S3BLHK3X,B00NY7PPCY,4.216935
A2LSU90DNHL9CK,B00BELOQMW,4.177361
AJ571UKWCC3CC,B00WGXCP1G,3.9526107
ADUI5YISBG6Z4,B015799982,4.1058292
A2BEDL4QXLEE3S,B01B0QXBA8,4.4946847
A31M8L26BZM2IY,B00ND6R1QE,4.441517
A2MK1L1Y74WTWH,B005NTW8SU,4.193693
A326085M0DK10B,B014GFMV4C,4.470932
A222WQ9VGVPSR5,B01FZP54SW,4.3070745
A1NPM2IW3DLO3F,B00ING5PN0,3.9388158
A1KXFB5X4XZSGB,B007WQSY44,4.125906
AWNYF3812RWNG,B00N7K1BB2,4.300407
AXVDFGI9OEIVK,B00D2Y3BFC,4.3462057
A369BMHORFPL0O,B00TBO0OLG,4.483989
AXOY11IDEONHE,B00LZXYZK2,4.463407
A2CJ33Q2E7PUTQ,B015YGAXHO,4.3180175
A2G9YADU04XBHA,B01F0GEP8Q,4.192459
A1Z7KHEH5I1LUP,B00N47L8XE,4.166996
A1A43F9O4PEBU5,B00N7K1BB2,4.300407
A2B42XZI4MXOLX,B00CBWM0BW,4.31641
A2LAII96I1O1IY,B00H3QI9BQ,3.928253
AZD488SA9QMYF,B018SCGDWK,4.543812
A1JADDWR1H3M0I,B013X96TL8,4.614275
AAADYWOGSQ758,B004KKY782,4.296841
AJRYPPA566O8I,B00GU1VZGQ,4.1113205
A387F6OFDVEDZT,B00Z318GNY,3.800454
A1AFGQGTS66UYY,B01AVX32XC,4.3896937
A28V7MR6RKNVUT,B014VPZHCU,4.393537
A3PB5W8OE59743,B01BA7DLWA,4.2958503
A22IR36BR0UCVB,B00CXUDS3G,4.396597
A2FCH654FN672F,B00K9O53UO,4.1759253
A2I9AXIKXXMP6C,B01FORFUEY,4.572918
A30DNZQPIYZ6KX,B00XIHMD2K,4.5348387
A3L3T9JRL1GT95,B01A9BTUBY,4.239291
A3FA93L7JWESR,B01EH5IRI0,4.178135
A23GNQPTX5CJIF,B01AAXMLVW,4.3252225
A1TR7SQWWLREQR,B00SJ7LQ9K,4.0312843
A2DZUQQXPNUGI7,B00FJPFGEG,4.23322
A3E9Z09JAP34EB,B01H2AZ9V0,4.096347
AK3LIR1TVZFVZ,B01GBYFK1C,4.298847
A1IFWIZ62O12OT,B00HMUUFJC,4.4795856
A1K4S4MWXI9E9M,B00LVG0SNQ,3.938292
AUJKYWUK14BZ2,B00KA0AT06,4.5467567
A1ZM0O98T3MNLR,B00A8RJCO0,4.371439
A3NICGO82Z9FI1,B00J5327X6,4.2521772
ABTPG9K6K74W,B00MD4TX68,4.241884
AZRPAHQG1VHR0,B00T2TSFH0,4.678573
A2HZ6MGQ6TPNO0,B00ZAJTPB6,4.5757694
A36N7KTS8JMR4L,B01C1VAR5S,3.6094162
A2IUIOTFRZHGLD,B0103UGC1C,4.399927
A1L9WQBSQ5SEFE,B01835JNDI,4.55486
A3QY3KER34QGCS,B01F2WTGFK,4.5502186
A3G63FLZP880X2,B00N5JBZ5C,4.4765472
A2HHKA7X5A68KE,B006MMYSR6,3.791727
A1ACUN6A2LYVMW,B015WV8VMA,4.11304
A3FDAE7B3PLHNS,B01HAQ70M2,4.584467
A1DJY8WVWPJ2H8,B01BQ00CAA,4.435833
A3H9ZZD33BVOA4,B00PSLJDOU,4.5912247
AC10C3YIUN8LO,B00JK1ZABE,4.041931
A31Y6ITN2SGACM,B00MJOVIDI,4.0990915
A26GE9ZG68SKIQ,B015C6YFGQ,4.1050377
A3N6TV5T5JSG7K,B01CBW4D7A,4.7075853
A2S5EPJ451WL3I,B014HGM9YM,4.2942142
AB5DP7AM479QJ,B005LC1NGW,4.034459
A30DNZQPIYZ6KX,B00IU087O8,3.7844148
A1TVJ9WDRP0UZS,B015GB04IK,4.1247025
A1ZOL59JA86C7Y,B01FWPZNAE,4.478141
A2I8LVXZD8SNWC,B00JTIOYOM,4.259528
A3KIA7199DNI2H,B00RC6JVDC,4.0389347
A2PN1AJYXDU1J0,B012U86IBY,4.5793495
A1LGHE86XYGL9U,B01FSDI7H6,4.229476
A2S3CQ90I4DQVX,B00Z70VJ0S,4.373803
A19MJXG060UDTA,B01H97YHF0,4.466068
A2989UZHTNXKM9,B00OYWP438,4.250722
A10IXICTN64ZSV,B01FPJ0DMU,4.5891337
A2RYT2UPEQXUAV,B018CHA1D8,3.876127
AWC38PDUZQ8RJ,B013R6F8CS,4.476671
A2H7AEDMKV11OJ,B01FJBR8EK,4.3374643
A1J3WRDIB012CI,B00T75VSHI,4.506898
AREE7B8384H0U,B019AJC8DS,4.277404
A2W3RQOSC87P4A,B010MFE616,3.8918574
A137UEIU93IFEF,B015L2UR1S,4.2787914
A3J5KG672GNB99,B00EV9LSJI,4.421693
A3BTRKXD03KC4F,B01FK7LI7G,4.459022
A1RD1NM0602OQO,B0150GNAPK,4.5365925
A198E18E1LA3BE,B00IZL6KTG,4.4348974
A2N1XSD82O6XTV,B00LKNP8DU,4.1841164
A287J5FTWL99W6,B01B5FBWR8,3.6735847
AL2SKAXGCX01B,B01C1VAR5S,3.6094162
A37D3BRKS7OO2L,B00K1HQWBS,4.2879925
AYUTCGVSM1H7T,B00F5CFXSC,3.7110584
A1NPM2IW3DLO3F,B01FOQ1N5K,4.362323
A2B42XZI4MXOLX,B00WZWMRC0,3.5556347
A2LAII96I1O1IY,B018EB8BIE,4.3292913
A10IXICTN64ZSV,B00653YZ2A,4.1206517
A19W1EMTMIQJRT,B01BXS83ME,4.304982
AV8X3WC4XB1WF,B00OO65H90,4.3172545
A3JVZY05VLMYEM,B01DL6EQC2,4.704645
A1630ADTTI0JLO,B018D948JI,4.591627
A2D9S6V1AFXOAO,B017IKQW6K,4.63085
A2K057YIAJJQXS,B00D9EKPBS,3.913336
A3MF7GVY679X21,B01DFMO3UM,4.4496946
A7GZXYEZ2OMLQ,B017WLXUQK,3.6767101
A29A1CPI3AOYSD,B00K3698M2,4.2732887
A1EPVSC849EI9R,B01B52FWAY,4.4360924
A10AWAE0F6CAP1,B00IMUT71I,3.9297755
A3LVYVNRDCRYQP,B017KQTTIK,4.0929856
A21UH6HJAXW2J8,B00U07GL3I,3.9087577
ABTPG9K6K74W,B00LUC227G,4.236298
A1PSGA348YRV67,B019YNUPFI,4.0851336
A2UNMDJYXPEQZ3,B00K283O3U,4.201858
A1GQ2UI5BKCCRD,B017CK0K28,4.520413
A1RVTF261ZMY4M,B01CMN671I,4.4666014
A21WUFJA7X4UIE,B00QJKV1EY,4.1754994
A287J5FTWL99W6,B00L2F5P02,4.1694994
A1T5CK8KC56JZ9,B00V5T9A38,4.2283154
A1IGZJIN29DBJQ,B00FFH1QEW,3.542154
A3FOL8CN5A1TFR,B01BO8423M,3.9496753
A3C713428J4MJ7,B01ADL8LZ6,4.4591594
A3L3T9JRL1GT95,B00BF2APBQ,4.3877745
AIKGKUGNQ6L2F,B00IRKQ08Q,4.417078
AH5HD9FHUFT9B,B01DFBBF5E,4.6423025
A3H1A2BGPIVA68,B00MDU5OV0,4.3248544
A3BPKT9STRWWQG,B01B3TZYMA,4.2532816
AWNYF3812RWNG,B00A97JN70,3.8802373
A1D9214V5DYZLO,B00LP2SH6Q,4.387373
A1SHKP1CG58GIG,B01GZ070A6,4.140684
AW16PJHZIQPA5,B01835JNDI,4.55486
A2MK1L1Y74WTWH,B01BS4Z7IQ,4.2908964
ASA5RSXOAVT12,B00J5327X6,4.2521772
A219Y76LD1VP4N,B010K7B5E2,4.6627483
A1MDO8RZCZ40B0,B00AB1ZGX4,4.0812645
AXOY11IDEONHE,B01GGNXFEW,4.460328
A3A44JIMIWYFIE,B018W982F0,4.593653
AUII0MVONK1A1,B01EO8OL8K,4.244956
A6ZT9EZ49JTEL,B00ZS51IJE,4.2263803
A5B4MSJ1Z1IBB,B01FPJ0DMU,4.5891337
A3OC8ZG1S3OAVA,B016XEZDB2,4.342435
A2EQL2N9FOBOFS,B01AB4CLHY,4.37739
A83C3F4X0U3ZW,B00WF8YBRS,4.2197723
A37D3BRKS7OO2L,B01D6PWWLK,4.64826
A2SS0DL9SZ4CKW,B015VKB8KY,4.4180098
A2EAKYR4AEJU69,B00D2KTTHK,4.1959934
A28L4P8G0WE7FE,B01CT5K792,4.367428
A1PT92FOG5ALFB,B00GLVGWP4,3.996641
A2QBQRIM4WRRG3,B00DE3XL4W,4.2166576
A18EEC1ENOT9YN,B00MYRE9ZY,4.296935
A3ULR7XJF3C400,B0165WFX2Q,4.692645
A1Z7KHEH5I1LUP,B01CNZ73DG,4.469881
A2BU8F7WVY26UA,B00Z4EAA5W,4.219812
A29EXAHFTXKD7W,B00S77LYBC,4.2280083
A1F5V3LKI7PCUF,B019S2I4HG,4.619752
A3ALH6Z83RHTO2,B0188OGJXQ,4.0187283
A16TE56LP5NUL5,B00A9FYVXS,4.194647
A1DLTXPVJ50M4J,B014Q6D6E0,4.188139
A19T1A4TS1WHOZ,B01BA27G4E,3.9104197
A19X580H7R1F8C,B01D6ZVT78,4.19267
A86KXT0G63WEO,B014RVEJ4U,4.193604
A1SH6H9ZY9AJV9,B00N9RT7RS,4.5297813
A1LUNML2IDLSLN,B00OTYLXO0,4.582039
A3A44JIMIWYFIE,B01FPJ0DMU,4.5891337
A3KFTHKGVC63SL,B00GXDQKZW,4.0809174
A3330F5DNMO0JJ,B017W2XRGM,4.2113476
A30WJKGX1XG19Q,B00QMGRBDU,4.200735
A1FGDFKCW5LJIJ,B00FTZ8JCM,4.191453
A1RKD07ST2BLOQ,B00WRP0DHG,4.2262287
AGIFTDAFJEXVA,B00TS3J5GU,4.0870523
A2W3RQOSC87P4A,B013NXMMLU,4.501322
A1LFIFPYMOJ8RV,B01C9B2R5S,4.4340324
A29EXAHFTXKD7W,B0149IDQV8,4.3886395
A2RQ5IRWRU0TVO,B00NZLNUXA,4.4556084
A1I96OYAUJ3HQE,B019VJ697I,4.4709015
A25PLL2FEB615H,B00MY6POOK,3.829047
A2M1QYOWLBGRHT,B01BP20BU0,4.6338854
A21TSBBTF0DMG5,B00NEON2WC,4.4197416
A916DXE9W36GF,B0104EOJ8U,4.019088
A2VSI0RDFNNBEU,B00IKKZTPI,4.321404
A29EUBSWF1KQJ9,B00TIQ3WHA,4.136983
A27YIR2CJAAXBQ,B014GDO5C0,4.1069913
A31CZW8SHN9PTX,B00UW9SNEO,4.7166553
A1ACUN6A2LYVMW,B01EMF4FXG,4.3233423
A2VNG16IOTY7N,B01DJI001S,4.295144
A2LAII96I1O1IY,B015YEH900,4.1295743
A2S5V6QOOK133F,B018SCGDWK,4.543812
A3DS9MLHI0EHG6,B01D6ZVT78,4.19267
A1GQ2UI5BKCCRD,B00AO76XI2,4.22091
A3FA93L7JWESR,B01G7RDFGU,4.565896
A35SD76E2TSGP9,B00ZNE459K,4.24191
A18EEC1ENOT9YN,B015YEH900,4.1295743
A1DC00T32U26HC,B00FP43PP8,3.7337418
A2PN1AJYXDU1J0,B018FNBE26,4.3119116
A3P4PWQ6NZGNFY,B00PSLJDOU,4.5912247
A312JYG424ZA3F,B00838W2H0,4.5323772
A137UEIU93IFEF,B019JNY9GO,4.329979
A1N5V2UJOC1BY9,B010ZFRUQQ,4.6126018
A3A44JIMIWYFIE,B01F0MF6KQ,4.58941
A1FREKK8605YKK,B019DPEL0W,4.2827587
A2B9C3FMYW18UN,B0147GF1VU,4.554475
A1FTB3KM7X78OX,B00DGFXDLO,4.210372
A36CNQTLRIL6LM,B01DN86K7M,4.367402
ARD4Z4TVFQ84R,B00VPL5I1Y,3.9450295
A30DBF16JX73UA,B0149IDQV8,4.3886395
A2LSU90DNHL9CK,B018KVO970,3.9044058
A16TE56LP5NUL5,B01H173RSQ,4.534787
A10PEXB6XAQ5XF,B009F19JFM,3.942578
A2826FTZACYYNO,B01G7RDFGU,4.565896
A3H7J5POTR9TZW,B01B6WT11Y,4.1922865
A1QFKWSZFO0AOH,B00CS5A8K2,4.093988
A2B42XZI4MXOLX,B01GGNXFEW,4.460328
A2TX3PH7TXFRE9,B0104OFHEK,4.058444
A3HJQAU1O5J9Z4,B00FRXNHVY,4.4903727
A1PMXOPB5EYC54,B00OAN88H0,4.1657248
A2F2878HE7XOM9,B016CX2RZO,4.1154165
A2DIX1VZU1CNPW,B00GIZYMVY,4.072728
A3A8C4YUE598A7,B00JNK590Y,4.0603504
A2PN1AJYXDU1J0,B00OYWP438,4.250722
A245T0V8KVTV45,B00VEWTWHK,3.8475714
A238ZC3TQJC8V8,B013968Q7A,4.2745776
A2NLY1TJ8TYV6D,B00SA5KFM0,4.379265
A1GXJZGFR0BPJH,B00NPOSKX2,4.5768394
A1TUBKEWD01LLS,B01DN86K7M,4.367402
AW16PJHZIQPA5,B00DCHAV2K,4.267661
APSBR4VQNRJ0K,B01GPEDC3G,4.227832
AX746FITV1G72,B018F3C1KU,4.2196636
A10DX94ATZQEFG,B015GEUFCW,4.322652
A3H1TO48SUIM54,B006Q648F0,3.8065534
A287J5FTWL99W6,B01BLX4C2Q,4.6453114
A2C7W167DVNUKH,B00KL13WXK,4.3906994
A1IE93W5OH9MGR,B012BO08B8,3.963691
A1CLGNWRCE4QKB,B00CS74GE4,3.576806
AAIDLB38IY7R6,B01ECK9V12,3.8835015
AVAC1JO1AZGAJ,B01FKDKB96,4.3784876
AW16PJHZIQPA5,B00ALG6UW0,4.1751757
A3APN8GPRNA0E0,B00LD1OI5I,4.6714616
A1A4QVX9RTCLVW,B01GBYTK36,4.7037363
A1F5V3LKI7PCUF,B00UGEZ5EQ,4.328175
AEBFEWGBBK2C,B00N48VZZO,4.360115
A2062SF91Y01U8,B01FG70S4E,4.793741
A3I4L8IN38ZGZC,B00EV9LSJI,4.421693
A31K93JWWNEMAJ,B01EO67QES,4.6607466
A2Z3DQ7P9JYRLG,B00AAQVTYU,4.229553
A1V9310YS86T7M,B01GQE49E6,4.4920115
A18EEC1ENOT9YN,B013XSTZI8,4.3916025
ABCC2RQZKPVTN,B00EAHZR5W,3.928622
A1F41PH89SL6JB,B018BYUPVA,4.2469807
A3N6TV5T5JSG7K,B00FHFODOM,4.631572
AAEIK0DZ1F537,B015T6EYEW,4.238183
A7GZXYEZ2OMLQ,B00S4D0PDW,4.10083
A1BOINGLPB5I1M,B01BQ00CAA,4.435833
A20Y6SVZJNW6U3,B007Z4RC8W,4.0510273
AXOY11IDEONHE,B007G0Z714,4.455451
A2S5EPJ451WL3I,B010MXA96E,4.0954924
A28U98HYYE5DR1,B00H7K5UB0,4.1121826
A253ZKSZTAZ8W7,B00EPPVJM4,4.4370136
A3FPBNRK04ZSCC,B01FPWWO1K,4.0506144
A1XKTJ1XLTWLCQ,B00BG9Q0BW,4.1605167
A29V7E1TFYXKJ,B018NUSVFY,4.251745
ARWMPJN499ZJ,B01BHE3H1G,4.385314
A1FI0I69UHS22T,B00S776ER6,3.6729243
AZGDIB6UL3QNL,B00L7EIGEA,4.228528
A1I96OYAUJ3HQE,B015NO4L3O,4.5656853
A1NQQU8O1ZYJP3,B007V680Y4,4.1494875
A1J3WRDIB012CI,B00SW2TWJS,4.3742714
A21YKYI1S8I3Z0,B004AYDJM8,3.8907473
A1UH603GXL3ER2,B01DU7JXPW,3.5315406
ASR774IIR8VN7,B01BEGXPYG,3.6744401
A3L8F13NKUQHQ1,B015YGAXHO,4.3180175
A24NC3WOFW7LHT,B00QPDKAM4,4.05215
A2LSU90DNHL9CK,B014RCH66M,4.1614256
A39JEH2M5KY1HX,B00OHZ151W,4.4097767
A2N1XSD82O6XTV,B00R7HDLAU,4.429069
AAKO4YAM9BZE5,B004IPPKNU,4.3085604
A2IUIOTFRZHGLD,B00UDQTS40,4.2762012
A2VSI0RDFNNBEU,B01BK10C78,4.137445
A2EGLWRK7PCDYH,B00R7HDLAU,4.429069
A3V9J8I5FHAH19,B01C7NYWBK,4.468523
A2O8R1A83EROU0,B00SA5KFM0,4.379265
A11T0SAEGX4ACJ,B01FLDUVIG,4.02209
A1DJY8WVWPJ2H8,B010W9HEUW,4.692181
A1C1TL7Y4D7A9H,B00MZAS07S,4.235153
A2UJTG9XC4KISL,B0100NP05Q,4.024104
A3JTJ1E8NK7DH1,B00R1O4KWW,3.8355381
A3N67XHSHB40CQ,B012U86IBY,4.5793495
A10IOT56F4GM85,B00TYV0WSG,4.457757
A1POJZWVDNEX2T,B010MSAPBI,4.205558
A3EMQF7XD7JL3D,B00KC91VDE,4.0643234
A1BBKKDTH8S00C,B00P9QXW1E,4.3750095
A3FA0RACII84DP,B00RHH7LLU,4.095728
A2FDDTPAER5DBO,B00NRWI91U,4.373231
A257TD5GO1T81W,B01GAIHTSQ,4.553344
A1CGOR398UH1IB,B00Q0DGF7I,4.491254
A296HV17AZ10V9,B01GC0QFGO,4.4515343
A2B42XZI4MXOLX,B01C7NYWBK,4.468523
A3FA93L7JWESR,B008V1UB86,4.2245407
A3L3T9JRL1GT95,B0165WFX2Q,4.692645
A1B88VE5O3J9CQ,B00Q5OG0RM,4.5333185
A1K4S4MWXI9E9M,B00DU2IYVM,4.0836897
A1LGEZKBNXPUW9,B00LXK4KIO,4.3183937
A1LEP3FM28J5RB,B00HG5JL34,4.284667
A1RN75YVR2O8MQ,B01EMF4FXG,4.3233423
A1NPM2IW3DLO3F,B00Q6YLPJ4,3.8714359
A1GL9TYXPNBPGW,B01FD1Q27U,4.3211527
A16XJNGXIVCHE3,B00M1BJBF6,4.728039
A2XIP6NWN0J2QC,B01B1VAN9Y,4.5232143
A2U06P692IZOSF,B01A12R2PC,4.617775
A3MHJBXFJX6DU7,B00AA4F7AE,3.807434
A28U98HYYE5DR1,B017DPEEUG,3.7246206
A2B42XZI4MXOLX,B0130LQWBG,4.387786
A3V9J8I5FHAH19,B00SW2TWJS,4.3742714
AZRPAHQG1VHR0,B01ACB72TS,4.355898
A2Q8NN6SNT3FY0,B00EMHQDJE,4.2538376
A2VDLDSGSD32FI,B016YIRT9Q,4.4155364
A5UM17P1E7DUQ,B01C22CSVW,4.3870335
A1CIS4LOWYGZGA,B006SMMW64,3.9441013
A2D9S6V1AFXOAO,B00RM9EJ22,4.426731
A37G8WNF7DGY6M,B00IAZX298,4.464259
A10IXICTN64ZSV,B006MWY93E,3.7244842
A2Y7B4AASUOXM,B00N41UJLC,4.089059
A32TX5VFAQALG5,B00VD043F4,4.1802626
A1LL39K926QN1V,B00GL27J46,3.884155
A3Q4VT0R8O8RSE,B00C44H0OE,4.1583967
A2D9S6V1AFXOAO,B00PCMBFGY,4.2335997
A296HV17AZ10V9,B00FR30D16,4.1636567
A37GCC410JYT17,B00C8OZB7I,4.6646323
A3ALH6Z83RHTO2,B00OGKNBX8,3.584099
A2GAUP1XJ6S3J,B01C0UBDEO,4.4407206
A1W48IWJ8A610S,B00TWOW2GK,4.2981853
A179INWJ0ZLOB4,B016R0I2WE,4.0880175
A17BTP1QHK2I3I,B014I8OGLS,4.237464
A1K4G4G02UIVEW,B01FB6YRH4,4.652873
A3H8FN7ZWKR2H0,B00CCVVKMW,4.256653
A3330F5DNMO0JJ,B014I8OGLS,4.237464
A1NL7G5VN45RDW,B01GT4NXU4,4.3204737
A3M1104X8EN9O,B00V4VO3KW,3.56939
A10JAUCIGVRW9F,B0058TTUFO,3.938578
ABTPG9K6K74W,B00AEDDSN4,4.262168
ABCTITSJ5P6T8,B01GPCEU6G,4.2949414
A7B9JUULZHQIN,B01BYT68QA,4.402999
AK26023XMWMVW,B01GOXFBBY,4.553236
A2S5EPJ451WL3I,B0152U9LL6,4.162773
A19MQI49YCA5SK,B00KVT8U4S,4.27682
A1NE9CRAQ0WUV,B017DPEEUG,3.7246206
A18EEC1ENOT9YN,B00ES2GX3O,4.333065
A1DUWCXDBM40AO,B01GBYFK1C,4.298847
A3R3Q8YO6VB0N8,B019YNUQ0M,4.0868587
A36WBGWPPLIQZ9,B00HVFAY1M,4.444274
AJ8NQTWUM8PK4,B00HFENI6W,4.1495943
A2W31IQMW6TX93,B00IX0MIAO,4.182539
A35BKLDD2E04E6,B007OALZAI,4.147949
A37R3BNDHBIZTL,B00EH2E5IK,4.3608875
A2A96H9YA1LG7G,B00NXXB4RO,4.482399
A3OA2NNV9REWOU,B01GM4MH6C,4.480175
A1JADDWR1H3M0I,B013KAXWU6,4.6026917
A31M8L26BZM2IY,B00PXGD274,4.3929415
ADT3692HEYU4S,B014VF8USI,3.8931427
A3FPBNRK04ZSCC,B00K56DJ16,4.4388647
A2YF0QVNVT7ZI8,B0073SJELI,3.8533733
A1XI8GFCIVWU36,B00FL3VPD2,3.6508904
A1P44JJW47E6QN,B01C8CLGR8,4.576166
A2FCH654FN672F,B009AR5VAI,4.0471716
A36N7KTS8JMR4L,B00ES2P6UK,4.126526
A3ULR7XJF3C400,B00II4HX7S,4.269909
AJNVLN50MZSFU,B00DJBJVY8,3.640762
A1DJY8WVWPJ2H8,B013FJACFU,4.593548
AT8FSIABOPFMJ,B01EMF4FXG,4.3233423
A70C09CWSQ4RZ,B00JTIOYOM,4.259528
AS09YZV00HGLO,B01D10TPRE,4.497108
AGE0YGLF7L2ZL,B00HVFAY1M,4.444274
A2826FTZACYYNO,B0140BL8G4,4.3741846
A8Q2ZFOHTVSCV,B00H67YGUK,4.272331
ALOMGLBPLJCW1,B01ACB72TS,4.355898
A2D9S6V1AFXOAO,B00NEON2WC,4.4197416
A1N48Q1NZQ9R2E,B01FMTA1M0,4.569636
A2XKX5TBB6WV00,B00KLO64S2,4.246236
A1N48Q1NZQ9R2E,B01CBW4D7A,4.7075853
A35BKLDD2E04E6,B0104OFHEK,4.058444
A1XJXYKOWCH9XT,B00H4KGODQ,4.453863
A3NW9Y963QZ8WI,B018RVBW82,3.7554226
A19MQI49YCA5SK,B01G68FXZG,4.2946258
A1ZZFPEKR0ZTYJ,B00EDDC0NK,4.1923695
A1RRMF5XW5NZDD,B00JNON0LU,4.047311
A30V9M9DZW8SFU,B00BMV0FK6,4.390705
A2HCR9WXEON7K1,B01H4NVSOC,3.9776695
A37P6T3YZ8KY2F,B004A8ZT9A,4.069163
A1YMQOVJJHYR5P,B01BNWGPRK,4.071456
A238ZC3TQJC8V8,B00YFPORB4,3.99141
A1ACUN6A2LYVMW,B01EJ2BV0W,4.2751136
A10JAUCIGVRW9F,B01DTBHY46,4.302098
A3AL7B2RPOAEOB,B015IC42AI,4.3246555
A2MX7TA6LI8I4K,B00LXHHBNS,3.9373271
A140YR7GSCZG4,B01CT5K792,4.367428
A2BDMQ8NW5O9IX,B00PSLJDOU,4.5912247
A3SZPKNV5IU75I,B01DH8BWLW,4.29263
A2BOKBB1IZA13L,B00PG4029Y,4.3804703
A15EI56DL57DZC,B00MRPKWAY,4.336528
A2MIR34MGFG3EU,B01FOEQRNA,4.3074493
A504UK7D094HT,B0135MRXRM,4.6142898
A2LAII96I1O1IY,B00EZRUSOW,4.13478
A39N24TTLP6I48,B01CKMOKVU,4.4802713
A29Z1G9N7ZVFU5,B0118DAWR8,4.3179502
A2B42XZI4MXOLX,B019E9VZG0,4.5176177
A1LGS1XSDVXINP,B00ZOL1DRO,4.15654
A37BRR2L8PX3R2,B018OIL6QQ,4.7253327
A504UK7D094HT,B01BJXQMW6,4.659284
A3MOGV0QO66QZD,B01HHJZ3EO,4.1893435
A3E4H5A1X8NJRR,B006JDEK0I,4.2545314
A3HOXAKC11UEOX,B01B1VAN9Y,4.5232143
A2RMULV25P85EK,B010ZXQA7S,4.319548
A2Z3DQ7P9JYRLG,B0141GRCVS,4.5937705
A7WOE5BJXO2N5,B00UDQTS40,4.2762012
A2QGPLGYWNTU1X,B00ATT6QKK,4.1688643
A3CYA250L0DABZ,B00CJ3UPTW,4.218233
A2826FTZACYYNO,B00QQOX6LY,4.461439
AUII0MVONK1A1,B01606ZZ8E,4.533557
AXVDFGI9OEIVK,B00GUZ195O,4.229807
A326085M0DK10B,B00T0WXD8K,3.6738288
A26V5ROE0OZCDA,B00K5Y8BCK,4.083468
A2I0ZBZOWPP756,B00PD8LQ6G,4.3279634
A23SB7XAREYGF2,B00R0PZEEK,4.2587667
A1B39IGLV2W0GE,B01BQ00CAA,4.435833
A1B5MN8PY0JIJQ,B01CXRI0W2,4.489559
A12ED27FNHD0WY,B00HZ3NG74,4.053459
A3OQWHOUM0U0QH,B019B6TWFC,4.2810636
A387F6OFDVEDZT,B00D9CMLNA,4.3875346
A2N1XSD82O6XTV,B018P7B0NK,4.259262
A16E3LZGPATT2,B01CSNZ15K,4.586044
A36XU39R2X06PX,B01EJ2BV0W,4.2751136
A2U06P692IZOSF,B01EKIELGG,4.143767
A3QGQPGW6PSY46,B019QTQEOQ,4.646929
A1LEP3FM28J5RB,B01HCB4LFE,4.213771
A1YZCADBVKWC9X,B00ZEHLHM4,4.504242
A10PIB0GJZQHJA,B00CMJDOIC,4.2876062
A2DZUQQXPNUGI7,B00L6YJ6AE,4.534391
A2CZKERY4LUBVI,B00KVOCLXE,4.2129498
A1JMSX54DO3LOP,B00O2J2PVW,4.210408
A2FR370CNM7L9,B013KUGYO2,4.3319445
A3LR0J8MJ3Q6SI,B00GSF4Z20,4.166233
A1L9DJQ5BS13S9,B01FODPWPA,4.0885763
A1E29AF1LT9N6S,B00ICTKZOM,4.244871
ALPIN1ZX8B41M,B00OU2E1F4,4.7075777
AZPNSCZH6LW40,B013R6F8CS,4.476671
A7W8CXJOH3UNV,B00LVG0SNQ,3.938292
A1YAIBG1N7N5VV,B00ETEB5QQ,4.1521897
A00463782V7TKAP9EMNL,B00QMGQMOE,4.2006435
A3HOXAKC11UEOX,B00GU2DJBO,4.2838
A2F1UD4JDHKMTA,B007Z4WTBW,4.1140637
A17EGVTXRDFTRS,B01DWF3ZHE,4.356739
A2DER7R7N0DL3C,B010ZXKCJU,4.0781097
A21G2H64TFS4JO,B01F30KG0U,4.2969275
A39CVMK2ZKEIK2,B016QTOIWE,4.25268
A3MOGV0QO66QZD,B01DH8BWLW,4.29263
A2XKX5TBB6WV00,B00BF2APBQ,4.3877745
A3C713428J4MJ7,B00MQ20P28,4.4368415
A1GSPADXH17N25,B00OI7NB02,4.1574388
A2UVR7N8WC5GYY,B013KWCLA6,4.221463
A1RD05YFMWKM4Y,B00JCA3F88,4.4775944
A3NW9Y963QZ8WI,B006MWY93E,3.7244842
A36PA4XPATJSKX,B00507TKCW,4.1063604
A1K3WZMHNUDZ6N,B00MQNEQ7C,3.51471
A386CNLWZUF3EH,B00V9525BC,4.0940256
A10JAUCIGVRW9F,B00J9YWGTQ,3.8775122
ANKDQ12BPX6Z3,B007J4A4KQ,4.3958216
A12CZBKBM4OZMT,B01A9BTUBY,4.239291
AQFF452SVDF48,B00PG4029Y,4.3804703
A3IG9JEJC1T25N,B00CJ3UPTW,4.218233
ANKDQ12BPX6Z3,B00S41EQ9I,4.500353
A29RV43F4GR0GF,B00P2S4YKC,4.323448
A1KLWQKML2HIXU,B009BCAT5E,4.360784
APDBYAGNSIIXZ,B00R6K0JM6,4.2728953
AC97LVZ0C0TSK,B01A4Q26WY,4.706733
A3A8C4YUE598A7,B01D3YGQM0,4.491605
A10IOT56F4GM85,B00STQ6W7W,4.465455
A21WUFJA7X4UIE,B00NRZAFA0,3.9344928
A3LR0J8MJ3Q6SI,B01DJCULZ4,4.259406
A3HOXAKC11UEOX,B00UXX3RHC,4.2121725
AJRYPPA566O8I,B008NNQVQS,3.8900697
A535AAXVRE5VM,B01CC9UES4,4.5934258
A37QXFDRRQ9M08,B01FPGWZCE,4.305336
A3ULR7XJF3C400,B00ON8JVP0,4.211131
AUI3XAZ1513SI,B00R1TIJT2,4.003663
A1DC00T32U26HC,B00E6QFG80,4.1116076
A3UPR43PSDG0TS,B00SZDH08Y,4.5162144
A1LGHE86XYGL9U,B00WGXCP1G,3.9526107
AUQCW3RV8YE2W,B01GBMRPZ8,4.2326946
AC10C3YIUN8LO,B00WF8YBRS,4.2197723
AW16PJHZIQPA5,B00Q9QAF9A,4.2540827
A2B42XZI4MXOLX,B017FRG18A,4.457591
A2LAII96I1O1IY,B00NJ0Q0SY,4.470599
A3C713428J4MJ7,B012KJXGYA,4.3116603
ASHX33A1334SS,B00VQR2NOW,3.9592392
A3SZPKNV5IU75I,B01ERTXXO4,4.212715
A225LKCZR6KH1Z,B01AHFO8ZK,4.5158205
A18EEC1ENOT9YN,B013GZOXPS,4.339511
A3UPR43PSDG0TS,B01FG70S4E,4.793741
A28U98HYYE5DR1,B00NW2BZD4,4.3750095
A3MTU1QAMYEAX3,B00JFLUJ3S,4.500374
A36N7KTS8JMR4L,B00EV9LSJI,4.421693
A2VNG16IOTY7N,B00772HW1O,4.2393923
AX59HEWTONQ1M,B00BGXA7TE,4.2123146
AG63N054UPJH2,B00PG4T6UU,4.0662475
A11B4CZH8ZB9QQ,B00OM8OBJW,3.6758616
A1TVJ9WDRP0UZS,B00YAKL5A0,4.1508217
A2RWL2UG5PAFAZ,B01FKDKB96,4.3784876
AQTXCLZVJ9GBX,B018CHA4GM,4.2702036
AQFF452SVDF48,B00T4ZG74K,4.3657293
AC10C3YIUN8LO,B01GAEZJL4,4.396715
AGA6C1UQDNQ1P,B00N99OHZS,4.1942816
A1K69VHP8LH96J,B018496LH4,4.263905
A29QO6X2VCR4GZ,B004XW3LLQ,4.2993803
ABNZCEB0CF7MP,B00D2Y3BFC,4.3462057
A1RCVV077UAKKV,B0149IDQV8,4.3886395
A10IOT56F4GM85,B00CJGUHR4,4.376315
A3CP3ADDFF4CLI,B00KVP3042,4.269677
A2YF0QVNVT7ZI8,B00SEFGTYO,4.518217
ABTPG9K6K74W,B00TZ8TK54,4.1137667
A2C7W167DVNUKH,B01G2YFYG2,4.563196
A11K5MEUOJKTPS,B015WJ16EM,4.055277
A2F2878HE7XOM9,B00TWUUBUI,4.397121
AV99YEBSGQI7S,B0065KX8P8,4.1058893
A2B42XZI4MXOLX,B01EKIELGG,4.143767
A1RD1NM0602OQO,B008E7JZT8,3.9088256
AMK0DSS0DAP1W,B01BYEBTAK,4.3361635
A3GWE80SUGORJD,B00AR3O6SM,4.0342374
A1ZDSAPOGRGBJI,B012FAXT0U,4.609582
A1NAXYNAOGJIGN,B00ON8JVP0,4.211131
A2LSU90DNHL9CK,B01A5CT9X6,4.323148
A139GUSKBRWPIT,B00N47L8XE,4.166996
A2MEKYD68X8R8H,B00GXBV0MM,4.1933537
A1E29AF1LT9N6S,B00HBF56E2,4.068718
A10IXICTN64ZSV,B01F07IBWG,4.3390684
A31R64J645RAC6,B00SPA1Z5Q,4.0597587
A2PG5XA0Q3BEMU,B00JZWDC9K,4.532112
A2NLY1TJ8TYV6D,B019B6TWFC,4.2810636
A3L8F13NKUQHQ1,B00YQBSEKW,4.1145344
A1P19MZBCBL5AR,B016ZEF0VI,4.356928
A28U98HYYE5DR1,B00GH6X6WK,4.288623
A3AL7B2RPOAEOB,B00Q8N1I7M,4.546728
A1E1IGWRW974JG,B00P9RU6SK,4.4238453
A3H7J5POTR9TZW,B00F3L4KIE,4.4178753
AHMV0N47XOIMZ,B00LVI1E0K,4.500326
AC10C3YIUN8LO,B00GF4TBR8,4.1618195
A1E29AF1LT9N6S,B00D9SRT9U,3.8014956
A1C7ASZFSTSJMH,B01EKIELGG,4.143767
A1CLGNWRCE4QKB,B012BT6N6W,4.192375
AZRPAHQG1VHR0,B017T8WJO0,4.2699337
A31W0R6O8EM6V6,B01A4Q26WY,4.706733
A1L9DJQ5BS13S9,B015B839PS,4.323189
A2BOKBB1IZA13L,B018QZB1IA,4.2686243
A3BPKT9STRWWQG,B00XJPWWRW,4.627619
A2D9S6V1AFXOAO,B01A9BTUBY,4.239291
A1OBQ5I31GW1TG,B00ING5PN0,3.9388158
A2B9C3FMYW18UN,B00VS2DSR6,4.360821
A2091T9SZ5H2P0,B018A8EDV0,4.517023
A1HHSUAQDZ1XM6,B01BP20BU0,4.6338854
A28V7MR6RKNVUT,B00D9CMLNA,4.3875346
A2QBQRIM4WRRG3,B00PLZR6ZG,3.6097584
A2O4J6KJ0REPQ,B01BQ00CAA,4.435833
A36XU39R2X06PX,B00NI4I0GG,4.2357903
A2NIO54LQCN932,B0145VI0G0,4.528941
A3OQWHOUM0U0QH,B00BD2PT8M,4.412739
A2N1XSD82O6XTV,B01B8MEF9K,4.471814
A2YJ8VP1SSHJ7,B00D5M4PTM,4.2988544
A2N1XSD82O6XTV,B00NAI85T2,4.49129
A3SJW9YR903G3,B00TEEHDPS,4.7042136
A1K69VHP8LH96J,B016SIV5SS,4.181567
AXVDFGI9OEIVK,B00ZAJTPB6,4.5757694
A26V5ROE0OZCDA,B015NFAKLK,3.6508958
A2XHH5DF8628J8,B00PKKNHKK,4.215965
A10Y597K071WTQ,B0094HZVWC,4.4298315
A2S5EPJ451WL3I,B00OAGWXDW,4.3135376
A28U98HYYE5DR1,B00QU06V2K,3.7644362
ASZ8NR9HIZGJF,B018WOR9FO,4.0703087
A1RW0U9YBDZ7UT,B00LI5X2QA,3.8680964
A3CYA250L0DABZ,B00OBRHV3M,4.249593
A1FI0I69UHS22T,B00LNJ4ABC,4.534384
A1LEP3FM28J5RB,B00TEB4HAU,4.2800045
AXX9S5UGOEZR9,B018SPRUME,4.325328
A2M1PNKPRUCQYL,B01FPGWZCE,4.305336
A39BS5Z2VD50RM,B0189PJNM8,4.5717473
A31W0R6O8EM6V6,B00J6GU2AC,4.1657963
A1VA2I63CK09BU,B01CF7VQVW,4.3798304
A32TX5VFAQALG5,B00MQHIEKI,4.2984095
A12RUNSGFAZFE7,B01D10TPRE,4.497108
A1J3WRDIB012CI,B00KVQQYRG,3.7273102
A23B9YR9W29YUQ,B01EYXDKGY,4.284585
A1ACUN6A2LYVMW,B00NFS1DDM,4.433343
A287J5FTWL99W6,B00N1BXC8C,4.4731436
A16E3LZGPATT2,B015B839PS,4.323189
A18EEC1ENOT9YN,B006JDEK0I,4.2545314
A31CZW8SHN9PTX,B014GDO5C0,4.1069913
A1OWROUH26FJXV,B01EYXVZAM,4.2424784
A37Q71Z1BE6V9,B00GIZYMVY,4.072728
A296HV17AZ10V9,B015L2UR1S,4.2787914
A18EEC1ENOT9YN,B00DJBJVY8,3.640762
A387F6OFDVEDZT,B014CR0OKW,4.2155075
A6SR7U2PNGN0N,B018496LH4,4.263905
A2PBXQTE07LEFY,B01C8RR9DS,4.2024508
A1V8YJ6HU0KUUZ,B00K0LAH3Y,4.3105974
A29Z1G9N7ZVFU5,B01ATF41UA,4.547551
A2ZSLJG2KBCR3E,B01B43XFKI,4.3686895
A2KUR0ZBNV17AA,B007LS3RFE,3.8904488
A2K6LYCNBPLW6D,B0116SLML0,4.0673695
A1E3QC0C1ODF2N,B00W2QDISQ,4.078636
A1CGSOXGAEK30R,B008EJOBH2,3.7710032
A10IXICTN64ZSV,B00KVT8U4S,4.27682
A253ZKSZTAZ8W7,B007PX6I10,4.2780676
A16N88TMHMXX1F,B009DRUP9C,4.1878624
A2PQ680TRW8JFG,B00MC0OLBK,4.20526
A2KFG7MKA5YNS4,B01AYP3FYI,4.3183756
A1B39IGLV2W0GE,B01AB4CLHY,4.37739
A2TX3PH7TXFRE9,B00Q94QAAU,3.6750305
A2KFG7MKA5YNS4,B01GJRQKBK,4.506872
ABTPG9K6K74W,B01D0HVU76,4.471924
A3H38968JZF6VK,B00GH4GCQ4,4.2069073
A260QDPOB2XKHP,B00SC7DK2S,3.5839171
A3VE7N2XUI8C3K,B00LE4Q370,4.2099323
A27FIUTXM6WTIW,B00OZCLRKQ,3.6391957
A2S5EPJ451WL3I,B00DRFQRIO,4.2311697
A3B53R6SZY97ZE,B00L1HYMJQ,3.7988763
A2BC67IP5E7QC1,B00COMUGY2,4.245941
A1E614LDQVKOYE,B019E5Y462,4.3849473
A30DBF16JX73UA,B00N9RT7RS,4.5297813
A3IQ0P3M39IY8U,B00UMHJAOS,3.806738
A1K69VHP8LH96J,B0186KV0ZE,4.2996836
A7WOE5BJXO2N5,B00GIZYMVY,4.072728
A2DURWUJV5HF2H,B00HBJ693U,3.5926495
A2FDDTPAER5DBO,B00XCLU7Z2,4.297876
A3ANLUEKJBC1IZ,B01GEKTEY2,4.4034405
A31CZW8SHN9PTX,B004V49BLU,3.8732402
A19MJXG060UDTA,B01B0QXBA8,4.4946847
A21TSBBTF0DMG5,B00JFLUJ3S,4.500374
A11N6ZJPEMVHYJ,B01BTHWXF2,4.225896
AEBFEWGBBK2C,B013TA3356,4.580411
A213J0UJPYFVNC,B018DIN3JA,4.4826384
A1BUA3LAY7A8ZK,B00SW2B8Z4,4.3780756
A3HLUF8W1DCHK9,B01GZ070A6,4.140684
A2BOKBB1IZA13L,B00HMUUFJC,4.4795856
A1NQQU8O1ZYJP3,B015D1E6TQ,4.3544264
A1V9310YS86T7M,B01GM4MH6C,4.480175
A3E2YW0WOZ9TWL,B00QE1J5HI,4.269479
A2FDDQ5C6BH5C8,B000XPRRXK,4.125439
A222WQ9VGVPSR5,B01CTH5LPA,4.656571
A3330F5DNMO0JJ,B00QQOX6LY,4.461439
A2DURWUJV5HF2H,B00H62TMJA,4.436137
A1Z7KHEH5I1LUP,B01FTDR8ZW,4.5396614
ALPIN1ZX8B41M,B01EMGTQVG,4.3218174
A3O7EX5CU264Y1,B01520Y7N8,4.5301824
A2QM4ZF6N1SI4S,B00EV9LSJI,4.421693
A137UEIU93IFEF,B00C7W5GXA,4.375142
A3P2ROGJMLVZHN,B00VZ3S5SA,4.312131
A2HNNGE6AVYBV8,B00IZODKWS,4.363345
A3J9BHGK55ZPJO,B00YQBSEKW,4.1145344
A213J0UJPYFVNC,B00M8KMNUK,4.268212
A3V9J8I5FHAH19,B01BK10C78,4.137445
A157IALEQ8PJG6,B01FKDKB96,4.3784876
A1TWV867HVZ60,B00W6MDJ1M,3.833018
A3PAK16C0K8PZ1,B01BSN14HK,3.7677362
A3FA0RACII84DP,B00DVWRDN6,4.31718
A29V7E1TFYXKJ,B00BGF63OK,3.997845
A2EZRW5DHLCA8Y,B00LP0OAFK,4.0973988
A2UNMDJYXPEQZ3,B016ZGXV12,4.4039803
A1IFWIZ62O12OT,B00ZYX46P8,4.467004
A32TX5VFAQALG5,B0138OGR6K,4.1294737
A3MT311233OHMQ,B018QUGRR0,4.1548214
A267QVSAPZCRT7,B01DGXSHRK,4.243578
A12CZBKBM4OZMT,B00YFEXKYA,4.3357143
AAEIK0DZ1F537,B00GVJ4WOY,4.0435715
AMUH4FGZCFJFF,B00E3UDI8O,4.1635485
A2JFYV4GVIMPCQ,B00NY7PPCY,4.216935
A3EONSSI2V1YBC,B00GH43E1A,4.0128613
A8YJFGILC2W38,B00GIZYMVY,4.072728
A1K69VHP8LH96J,B00XF4B278,4.406492
AGD9CPEWV61AG,B00KKXTC2Y,4.2577553
A1JMSX54DO3LOP,B00J8UD1OK,4.29436
AL6XJLM76V2VZ,B01CMK5YA6,3.965902
AX5KL9LWC1TG6,B00IT6FM7S,4.4549093
AHMV0N47XOIMZ,B00J3GS5O0,4.194621
A10Y597K071WTQ,B006U1N37U,4.1018105
A1N48Q1NZQ9R2E,B00TIUEVL2,4.7043986
AUJKYWUK14BZ2,B008XLF8SM,4.3622913
A2MK1L1Y74WTWH,B013KV12YI,3.6908514
A3FA93L7JWESR,B017T8WJO0,4.2699337
A2UNMDJYXPEQZ3,B01D05FV5A,4.6308217
A1PA6ZO9892OH3,B0149IDQV8,4.3886395
A15Q5MVRVBMKW7,B00XIHMD2K,4.5348387
AAEEW5LOD21R8,B017GE76EU,4.214051
AMQ8EI0M0ZMN7,B00TFX0HYC,4.0939937
A3S3O6L6SZL8KV,B01GM4MH6C,4.480175
A3J9BHGK55ZPJO,B00OJFOI1O,4.2059464
A326085M0DK10B,B017EGZHFA,4.4384937
A2XRKQZA534EWO,B01E46BFJU,4.120128
A1A6ADR8JG12KQ,B01EII2PB6,4.1461725
A3P4PWQ6NZGNFY,B00X47SFIU,4.485054
A11K5MEUOJKTPS,B01F2WTGFK,4.5502186
A1L30W7022M9Q7,B009XN0W4O,3.887566
A1FWLM5208ESO4,B00JHIJD5Y,4.407112
A2J8WQHKV75MAS,B0065KX8P8,4.1058893
A37G8WNF7DGY6M,B014VPZHCU,4.393537
A2B9C3FMYW18UN,B00QZHHE7E,4.395218
A314BTQHA98OGF,B00R9UTWGM,4.39349
A2PRKR6P4ITVP0,B016M8HXW6,4.3552155
A1KWNSRAKVXHMS,B00VS1XNS6,3.8565671
A17DBWBCGJP32S,B014GMU3LS,4.092005
A2QQ3NQ70O25EE,B00QMEK3GE,3.5662615
AC10C3YIUN8LO,B00NO7EREQ,3.9487035
A2MX7TA6LI8I4K,B01GCZXRFG,4.0744104
A253ZKSZTAZ8W7,B00ZDHZKKA,4.3229094
A23GRXCXQU3SM8,B00UBV1LT2,3.758537
ATZOHBDX5VNKJ,B00MP7GH94,4.4677687
A3A44JIMIWYFIE,B00TYV0WSG,4.457757
ANEZJAUOG31MG,B00N1BXC8C,4.4731436
A2PF014MHWXCT5,B00GRAZD3G,4.373477
A3LH8IBNEFV1GZ,B00DE3MJ8G,4.241575
A3G7QPDLX3SDV0,B007OALZAI,4.147949
A3EVKU21OXJ242,B013GZOXPS,4.339511
A1DC00T32U26HC,B013KV12YI,3.6908514
A7GZXYEZ2OMLQ,B015IC42AI,4.3246555
A3ES0XIED7769J,B00X41145C,4.403631
A3RX97V4CTXLOQ,B01CBW4D7A,4.7075853
A1VE539RO5061D,B00OSAVSDG,4.1736937
A31PEOCXMVP4X4,B00Y9M77YC,4.7259436
A1GSPADXH17N25,B00QPD85SK,4.429535
A260QDPOB2XKHP,B01A3SL1ME,4.4802036
A29V7E1TFYXKJ,B00ESV9MFG,3.9831636
ANEZJAUOG31MG,B0149IDQV8,4.3886395
A1FTB3KM7X78OX,B00PG4029Y,4.3804703
ANKDQ12BPX6Z3,B00LS61SL0,4.239904
A2RO8I1XUKKUU7,B01FCBU7OU,4.369843
AO8U1SQNTNFRI,B019G904RE,3.6601095
A2VDLDSGSD32FI,B005639YOY,4.035037
A1XN80Q39TMALE,B00DJCFUS8,4.0888615
A3OQWHOUM0U0QH,B00EUDOEIC,4.0165286
A1ACUN6A2LYVMW,B00BBQ2JPQ,4.329719
AM1T5MXP5H5SO,B00IDW1E1Q,4.462582
A157IALEQ8PJG6,B00EPF5LSW,4.1246653
AC10HRTVBXZLI,B00LVI1E0K,4.500326
A6ZT9EZ49JTEL,B00DB7RV60,4.5705605
A1G2GYX8B4OH8W,B0054H1I7S,4.0473194
A10PIB0GJZQHJA,B00XIDBLOK,4.2969923
AHMV0N47XOIMZ,B0065KX8P8,4.1058893
A15Q5MVRVBMKW7,B00PUSKH14,4.5510983
A17IUHX3ADIE9U,B005S1XTEA,3.8927765
AZRPAHQG1VHR0,B00MZC64MY,4.268074
A1K69VHP8LH96J,B01C4IAK5U,4.2578096
A1P44JJW47E6QN,B00TZ8TK54,4.1137667
A1B5MN8PY0JIJQ,B0184BHNIS,4.216941
A1Z7KHEH5I1LUP,B00JTKZRL4,4.460305
A2062SF91Y01U8,B01A6B5MFA,4.6739326
A267QVSAPZCRT7,B01EGL8HXA,4.2451067
AC10C3YIUN8LO,B00BBQ2JPQ,4.329719
A2YJ8VP1SSHJ7,B019LKP17G,4.619627
A1YAIBG1N7N5VV,B013VDLXY4,4.471534
A19QLCLVPLZH0B,B00KDPPHVY,3.9753993
A13TLUQKSW123I,B017RNBS76,4.2471294
A3B53R6SZY97ZE,B00ZAY07OK,4.335554
A3JL6LOFVXYCA4,B01AL57X94,4.2148104
A18EEC1ENOT9YN,B014X8T898,4.1709356
A1A085EGL86PB,B01DCM610A,4.231189
A31W0R6O8EM6V6,B01GTFE2BW,4.163786
A157IALEQ8PJG6,B0165RFXBW,4.6358128
A10DX94ATZQEFG,B0189PJNM8,4.5717473
A26V5ROE0OZCDA,B017JA1SFO,4.044321
A6ZT9EZ49JTEL,B01GPDY7C2,4.5301
A3QY3KER34QGCS,B0187UX2G8,4.5655594
A8K7ZXXGDS9CU,B01G6H3LCY,4.2949247
A2VSI0RDFNNBEU,B019DFM1WM,4.137644
ABRLCS0WRNOKX,B00HJETE70,4.2837763
A2EVKNQ71UULXI,B00U7O4IQ6,4.3337383
AIKIWBAPCRVX0,B014REI880,4.3958616
A5YD0QJ0C5MWO,B00IS0WW5A,4.364729
A39JEH2M5KY1HX,B004WXEVOW,4.2502403
A2XKX5TBB6WV00,B00EZRUSOW,4.13478
A1K69VHP8LH96J,B00GRGOL3S,4.0873537
A1CV6PASVMUEE8,B00DNI8RJW,4.060999
A1B39IGLV2W0GE,B015UPORGC,4.7078424
A2Y7B4AASUOXM,B00NC0LECI,4.2082214
A28U98HYYE5DR1,B00O4GUH1S,4.3818226
A2PN1AJYXDU1J0,B01CT5K792,4.367428
A2MR87VMPFNFJ5,B00MYRE9ZY,4.296935
A1F41PH89SL6JB,B00ZK2590O,4.38487
A20YJJIVUMR5J3,B01DN1BLKK,4.2601376
A3M1104X8EN9O,B00NI96R66,4.3478403
A3R1EB0IGE3CC7,B00TWUUBUI,4.397121
A3NZ7BJGKLVPF5,B01DFMO1S6,4.634263
AIKGKUGNQ6L2F,B01BNWGPRK,4.071456
ABNZCEB0CF7MP,B01DFVOP74,4.512145
A1BBKKDTH8S00C,B00F3LVB40,4.253517
ASGBSLP29DQRY,B006R7FXFW,4.3998938
ADT3692HEYU4S,B00NR5WRLK,4.0898695
A27OS7Z94VXCYF,B00I513YAY,3.7302377
A1NE9CRAQ0WUV,B00VQJHHRI,3.9147418
A3J5Q6XEH3K2TY,B017Y1ZD4A,4.2393055
AP0MMULH95T9W,B00LH8I7PE,4.2322063
A1K4S4MWXI9E9M,B00EMHQDJE,4.2538376
A1FUH1O6FCTUYG,B010W9HEUW,4.692181
A1NE9CRAQ0WUV,B00XLUEMYQ,4.200817
ABCTITSJ5P6T8,B00KKXTC2Y,4.2577553
A3C713428J4MJ7,B017DPEEUG,3.7246206
A1XJXYKOWCH9XT,B00AWGED8W,4.290308
A2S5EPJ451WL3I,B00I486F9K,4.100146
A36XTPY9IFYA5R,B00QQOX6LY,4.461439
A2QQ3NQ70O25EE,B01DE5JHY2,4.441601
A178S00H8B3YWA,B010W9HEUW,4.692181
A2L15MBNQU7O6G,B01FGJ3754,4.6178293
A3H38968JZF6VK,B013GZP3BG,4.3424416
AXIO51VZN815F,B00EJUJM3I,4.4268036
A2V8X8MTCE868O,B00MT3H1VC,4.309306
A31Y6ITN2SGACM,B017FRG18A,4.457591
AM1T5MXP5H5SO,B00NR9Y06Q,4.000799
A1NQQU8O1ZYJP3,B019UH78JY,4.1475973
A2ZJHEB8K8JZR3,B00PCUMV6E,4.4793034
A1GXJZGFR0BPJH,B018NUSVFY,4.251745
A3A44JIMIWYFIE,B0138OGR3I,4.2865868
A1E481YU3ZPK6S,B00V2AYYF4,4.2401
A1ZV5XBKG7RVZU,B00RFY3KM4,3.832832
A1R0XBTB3SL5GT,B01CIWXAQI,4.4996543
A2POZPGXLYY9HJ,B01C7NYWBK,4.468523
A36XTPY9IFYA5R,B00NJ0Q0SY,4.470599
A1JKGTL51HHTU1,B00D1F1DNY,4.272456
A2BOKBB1IZA13L,B00O4GUH1S,4.3818226
A20879JNU91OBK,B017PH5PXC,3.6286936
A1P44JJW47E6QN,B00Q5OG0RM,4.5333185
A2FSWI7Q6MZ9PX,B00S8U0TT6,4.3301325
A1GSPADXH17N25,B01DRBV052,4.6902785
A296HV17AZ10V9,B00PCZC7F4,4.2022533
A2UQGX6YMQ5BAL,B012FAXT0U,4.609582
A1X87IHRK15RBU,B00SPA1Z5Q,4.0597587
A25X28UZCW2J6G,B00KAM07RY,4.132931
ASR774IIR8VN7,B00URVL1FU,4.4070673
A1BBKKDTH8S00C,B00XGIEM52,4.319803
A99KVVV7NFPBP,B00QU3MMZM,4.4064436
A37VK00KNVVICE,B00NRZAFA0,3.9344928
A3EVKU21OXJ242,B00E251RHY,4.135989
A2IDE0ASFGCZ0F,B01B0QXBA8,4.4946847
AV6ORIR1JV86P,B016QYF6PM,4.612711
A6SR7U2PNGN0N,B01A6B5MFA,4.6739326
A3V9J8I5FHAH19,B01AB1EQL6,4.4749413
A3MOGV0QO66QZD,B01DGXSHRK,4.243578
AIKGKUGNQ6L2F,B00MRGW2EC,4.2943435
A26V5ROE0OZCDA,B00EC197UC,4.196229
A3H38968JZF6VK,B00ES2GX3O,4.333065
A2H8S0GOSMWQX0,B00DK7EGCI,4.4662027
A26GE9ZG68SKIQ,B004V49FHA,4.1983104
AF5P607TPMGJ9,B01FX8BU0C,4.58718
A83C3F4X0U3ZW,B00FFS338I,4.014822
A7GZXYEZ2OMLQ,B00IJFYICO,4.3173256
AHKB5BOH22L44,B016YIRT9Q,4.4155364
A3Q4O4EID8OQ4,B00OCSZSQM,4.364587
A1BOINGLPB5I1M,B00MT7UIQI,3.9781158
AST0YDHJJR65Q,B01DH8BWLW,4.29263
A2W3RQOSC87P4A,B00SER0484,4.180052
A1G7VXXXLTJX9R,B00JGSH3PM,3.903109
A1K4S4MWXI9E9M,B01DJWPF6Y,4.7444396
A1W48IWJ8A610S,B00IMUT71I,3.9297755
A35BKLDD2E04E6,B00H3M921G,4.277157
A39N24TTLP6I48,B00SO0DWK8,4.103609
A11P853U6FIKAM,B01ACLW2JS,4.048209
AHMV0N47XOIMZ,B007Z4D9MA,4.2385616
A2RQ5IRWRU0TVO,B013XXGRYI,4.5013223
AV6ORIR1JV86P,B01CV5SE40,4.509655
A1FUH1O6FCTUYG,B00TEU4CQU,4.318347
A2BEDL4QXLEE3S,B010W9HEUW,4.692181
A1XL1A3TCU3Y1I,B01C8RR9DS,4.2024508
A1EPVSC849EI9R,B00UZM2O52,4.144123
AXOY11IDEONHE,B00Z4EAA5W,4.219812
A8Q2ZFOHTVSCV,B018HFTRYY,4.300477
A8Q2ZFOHTVSCV,B00NS79DMS,4.1283655
A2F92T7CTWALPR,B00UCKHDOO,4.6073637
A1ZDSAPOGRGBJI,B00UXX3RHC,4.2121725
A328S9RN3U5M68,B01G3UFLMM,4.5504208
A2735JIVUDTBZ0,B00L2X37QS,4.294857
A26V5ROE0OZCDA,B00QL14R88,4.1953125
A2EQL2N9FOBOFS,B00O0CY3LQ,4.3889217
A3IQ0P3M39IY8U,B00TC1W3D0,4.209139
A1NAXYNAOGJIGN,B018W4GENC,4.28303
A1L30W7022M9Q7,B00P8DE7YY,4.509017
A1YJWOIR48KYCJ,B00JZOVYNY,4.0044627
A3MT311233OHMQ,B00F1R9AWG,3.944059
A19MQI49YCA5SK,B00O0CY3LQ,4.3889217
A1PIHRVCTCJQFL,B00H3HRWDQ,4.1990547
AT2ZB20OCU7X2,B00TMWM816,4.213605
A6ZT9EZ49JTEL,B01G9F1ED6,4.5154138
A2F2878HE7XOM9,B00PG9U2OE,4.28071
A1ACJLREHPPL1P,B00APT8BDE,3.6896918
A2D9S6V1AFXOAO,B00LKQHZTM,4.480877
A2U79NOE9VJQSF,B0100V6A6G,4.3294516
AQFF452SVDF48,B00OYWP6G8,4.6710567
AAKO4YAM9BZE5,B000FCKPG2,4.397728
AV6ORIR1JV86P,B00VW0OLKM,4.244109
A30D1QLJZ51Q2S,B01CAOD262,4.527666
A370VMDK3FZX5X,B019OYETT0,4.3688335
A1LFIFPYMOJ8RV,B01DOR1EBO,4.5396414
A1C7ASZFSTSJMH,B01EJ2BV0W,4.2751136
A37Q71Z1BE6V9,B00HBWQCAC,4.6229973
A2QBQRIM4WRRG3,B00OAN88H0,4.1657248
AUJKYWUK14BZ2,B00K0QWZ84,4.5073137
AV8X3WC4XB1WF,B01ECOIDHQ,4.5512447
A3G7QPDLX3SDV0,B01GZ7IMJC,4.579377
AQ87G02DO56Z,B00JAUVINY,4.076418
A2XKX5TBB6WV00,B01FRQ4Z8E,4.5317097
A222WQ9VGVPSR5,B01EFLFK4U,4.6507454
A6ZT9EZ49JTEL,B01EZ9ZKII,4.436627
A1A43F9O4PEBU5,B00Z318GNY,3.800454
A26GE9ZG68SKIQ,B01E6DT75U,4.182024
A1SUV0W0CB3KVM,B00ASP8XNS,3.588889
A1TVJ9WDRP0UZS,B00QSE28XO,4.062688
A143IV9N6HPKKB,B00TC1JYA0,4.477578
ANKDQ12BPX6Z3,B00Q3MQWAQ,4.1680007
A3J9BHGK55ZPJO,B00QSE28XO,4.062688
A1QSFXF6OOUDJN,B019APW4UO,4.486739
A296HV17AZ10V9,B0157RBC16,3.957518
A26V5ROE0OZCDA,B01BM0AHZE,4.3655868
A253ZKSZTAZ8W7,B01DTBHY46,4.302098
A3EJDCT3TAEC2,B01AX0BMVC,4.245689
A7GZXYEZ2OMLQ,B00OCSZSQM,4.364587
A1I18OT401WDI,B018DIN3JA,4.4826384
AQA76AX85FU33,B0177475MW,4.2402945
A10PIB0GJZQHJA,B00HWKW7K2,4.211561
A1DC00T32U26HC,B017265T6Y,4.2670727
A3S3O6L6SZL8KV,B00ELR01M0,4.3118277
A2UAPFRQOHUFS4,B01FK7LI7G,4.459022
A3PATLW8T3PQV7,B00NF30KKE,4.7654552
A1E1YE0R2EELCU,B00WZWMRC0,3.5556347
A245T0V8KVTV45,B00629ZTOU,4.39832
ACJS6J7UEXT5,B00P6P9HHQ,4.195592
A18EEC1ENOT9YN,B00OJFOI1O,4.2059464
A17BTP1QHK2I3I,B00NOAZJI6,4.349287
A1BOK1EC36Q0WV,B00FBK17PQ,4.51208
A2PCN97H7ORFXL,B007PX6I10,4.2780676
AL2SKAXGCX01B,B00TKOT3BO,4.5593224
A23IU4CL27WMHC,B018RSH2FW,4.48096
A2Q8NN6SNT3FY0,B00K9W0F9A,3.6367471
A15EI56DL57DZC,B00JQS5FIO,4.4789686
ACNA2DX8FTGWG,B01CX93T44,4.1409388
A1SH6H9ZY9AJV9,B01AB4CLHY,4.37739
AUJKYWUK14BZ2,B00ASDEHLM,4.4232492
AMUH4FGZCFJFF,B00QR2SCN2,4.3011084
A7GZXYEZ2OMLQ,B019G904RE,3.6601095
A2CDMT445133LY,B00JCELEZ0,4.3279495
ASQNJGXL1BXWV,B01645ZYZU,4.309408
A2UNMDJYXPEQZ3,B00QSE28XO,4.062688
A3LR0J8MJ3Q6SI,B00XZJ30FU,4.1944504
A2FJLSKL2IZSHC,B00KVQQYRG,3.7273102
A15VZ8KA1KH8ES,B00FURCF9C,4.161968
A2FCH654FN672F,B00MZB47RE,4.3670015
A2Y3ZGVRA3S23L,B013968Q7A,4.2745776
A30D1QLJZ51Q2S,B018RSH2FW,4.48096
AOLHNMI8G8R6K,B015L6BCOA,4.462577
A31M3IJI2UTC4Z,B00Q6Q5ZP2,4.2159004
A3SIZ03ZV5VF1R,B006KD2TP0,4.3015037
A285RQFOK8APPQ,B00M0DQGXU,4.6238403
A2LF3KTH2T6RJA,B01F9FRYUY,4.2435713
A3S3O6L6SZL8KV,B00OSAWTSO,4.5380173
A1GL9TYXPNBPGW,B00IX56HG0,4.231505
AGGDI4VWPPZ6J,B005CM1S02,4.428444
A2PN1AJYXDU1J0,B01CMN671I,4.4666014
A2MEKYD68X8R8H,B014VPZHCU,4.393537
A3JTJ1E8NK7DH1,B00J98RD4A,4.19479
A2LHUNWCVDEWQ8,B01BCNAO4A,4.55276
A22B7J3YC4623X,B00W2TD572,4.12506
ASZ8NR9HIZGJF,B013FJACFU,4.593548
A3PNXQOIMQ8348,B01DFBBF5E,4.6423025
AV6ORIR1JV86P,B00IU69PTI,3.8522527
AYRSWZILCH4S,B017IKQW6K,4.63085
ADT3692HEYU4S,B01FMTA1M0,4.569636
A1CGSOXGAEK30R,B00YLNSKTA,4.2255783
A39CVMK2ZKEIK2,B00IQVXQZQ,4.3029165
A17BTP1QHK2I3I,B013KWCLA6,4.221463
A3EJTO1IBULV7T,B00YFEXKYA,4.3357143
AVAC1JO1AZGAJ,B00MJHKVR4,4.216935
AOVV02B7EK0C7,B01ASAVT0G,4.056878
A2MEKYD68X8R8H,B00N9RT7RS,4.5297813
A2PBXQTE07LEFY,B00PBA6QCU,4.2089853
A1P5YXP15B13SA,B01GGPLQOQ,4.2434235
A1HHSUAQDZ1XM6,B00MJHKVR4,4.216935
A1OWROUH26FJXV,B00E3UOBG2,4.2146645
A3RPL8JIS2XMJ3,B01ELQDLKY,4.5914598
A1VE539RO5061D,B01D4RY4B6,4.2162066
A35M5NTEVHKVB,B00EGRZTZY,3.9016619
A190TSUIRJIFUK,B013L4T8Y0,4.6136866
A3C713428J4MJ7,B01B6WT11Y,4.1922865
A7CZSRM0JJVJP,B013XALBB0,4.4864454
A1P5YXP15B13SA,B00IS0WW5A,4.364729
ANKK4K5N7GH9Z,B00MD5VDNS,4.488947
A2KN1WNA76HQS6,B01AWPTL0W,4.438946
AMKWIQ2MT2V5R,B0150C55HA,4.186142
A3ULR7XJF3C400,B01GOXFBBY,4.553236
AGELZO1D6BC0T,B015UK1DM8,4.4235134
A30D1QLJZ51Q2S,B00VTFQ8OW,4.41786
A2Q439D72KOQME,B00838H1OY,4.120464
A3HOXAKC11UEOX,B00UJEGURO,4.252488
AQ87G02DO56Z,B00HSSRCAI,4.220693
A1QFKWSZFO0AOH,B00IRLFH9S,4.02542
A2B42XZI4MXOLX,B015ECXJOM,4.5973234
A10DX94ATZQEFG,B00ZRYDR86,4.565514
A11FF0H63VFFMX,B017I0AB7G,4.337825
A2DZUQQXPNUGI7,B00H7K5UB0,4.1121826
A2UNMDJYXPEQZ3,B00L2F5P02,4.1694994
A1FSR426FVMQJI,B018P7B0NK,4.259262
A1QJ17BR5K3C8K,B00KUCK4V8,4.269537
A10RH00JS3DUX0,B019VJ697I,4.4709015
AIVY8XUMV5UY7,B00SJ7LQ9K,4.0312843
AC97LVZ0C0TSK,B015NNW8CG,4.403205
A3MTU1QAMYEAX3,B0058VAORA,3.61669
A2N1XSD82O6XTV,B00OQEBXUM,4.044652
A1VIR960IWHK07,B00LFW9MQK,3.8049784
AITGGF9MX4L86,B01F18XC50,4.6998634
A3PB5W8OE59743,B018D948JI,4.591627
A3H38968JZF6VK,B016XPTTUC,4.309571
A23MK6LPFQP21A,B00OAN88H0,4.1657248
A2HHKV9CQ03ZRA,B00FR30D16,4.1636567
AJUCQMDI0QA3I,B0198OKW7Y,3.9447677
A2F2878HE7XOM9,B016HIOV08,4.0004997
AG63N054UPJH2,B00629WWJ0,4.4056616
A3IQ0P3M39IY8U,B01A1AWBU0,4.378558
ALYI8YM90TPD1,B00HI56L8U,4.189724
A137UEIU93IFEF,B00KE62080,4.101428
A1ZLPE9JPLMTKU,B00WH1K9SS,4.220604
A1O2LQUYDVPOCJ,B00LBBM60Y,4.174818
A3H38968JZF6VK,B01691UD4G,3.74869
A2CCO4HWIFOP5J,B00EJUJM3I,4.4268036
A6SR7U2PNGN0N,B01BP20BU0,4.6338854
A1QSFXF6OOUDJN,B01D10TPRE,4.497108
A36WBGWPPLIQZ9,B0177475MW,4.2402945
A296HV17AZ10V9,B00AA3P7M8,4.3945427
A2VNG16IOTY7N,B00CVCGYJQ,4.051874
A28U98HYYE5DR1,B00JUV8JPS,4.2106404
A2RU61YN9M0IDQ,B00PD8LQ6G,4.3279634
A2C3N49XB5K19C,B015M9I294,4.195822
A3SQGNV2O7WZEP,B00KE62080,4.101428
AUJKYWUK14BZ2,B00V3PSE0Y,4.4924183
A3S3O6L6SZL8KV,B01783W2SE,4.433943
A1CIS4LOWYGZGA,B01BM0AHZE,4.3655868
A1ACUN6A2LYVMW,B00IAZX298,4.464259
A1JNMSETGHIUZ2,B00SNRG8I0,4.23627
A1EQY74OFGE4NE,B00OKI1JNU,3.6885521
A1N48Q1NZQ9R2E,B0168I2UE6,4.6022706
A31CZW8SHN9PTX,B014M089YW,4.6853695
A1NPM2IW3DLO3F,B0118DAWR8,4.3179502
A139X5E4RN7SUS,B01BMODWY8,4.5438566
AVNS35OHR3D76,B015UPORGC,4.7078424
A16TE56LP5NUL5,B014C5U6SE,4.310026
A37R3BNDHBIZTL,B01C4FP44A,4.6225843
ATZOHBDX5VNKJ,B00T4Y7HGS,4.193247
A1HHSUAQDZ1XM6,B00II4HX7S,4.269909
A3J9BHGK55ZPJO,B016XPTTUC,4.309571
A36CNQTLRIL6LM,B00AA3P7M8,4.3945427
A2SHWMWTXZLIR9,B00I8PMB10,4.5287933
ARWMPJN499ZJ,B017JA1SFO,4.044321
A2F2878HE7XOM9,B00NJ4BB84,4.2811375
A2H8S0GOSMWQX0,B00PMH3R3I,4.5357304
A2XKX5TBB6WV00,B015GEUFCW,4.322652
A1TVJ9WDRP0UZS,B00GQYIL2I,3.9276528
A10JAUCIGVRW9F,B00FFLB6MU,3.7950518
A2Y3ZGVRA3S23L,B00NAI85T2,4.49129
A2Z3DQ7P9JYRLG,B01EAYV5P0,4.172594
A3CYA250L0DABZ,B01FOQ1N5K,4.362323
AUJKYWUK14BZ2,B00KTK56P0,4.3172145
A2U3FVDELHREMI,B00IMUT71I,3.9297755
A2RU61YN9M0IDQ,B00586XP5S,4.0835915
A2BEDL4QXLEE3S,B00DZSOC62,4.3253407
A3SE1XKZC0L913,B019OYETT0,4.3688335
A2PZA5XB74EIDB,B00MDACG9I,4.170207
A1O79BLZSTP53I,B00HTJJST4,4.181155
A190TSUIRJIFUK,B01DI63EEG,4.3144436
A257TD5GO1T81W,B01F2WTGFK,4.5502186
AVIN4W1V9M738,B0189PJNM8,4.5717473
A1DJY8WVWPJ2H8,B00TEEHDPS,4.7042136
ABVIQ0W19DPSG,B019E9VZG0,4.5176177
ANKDQ12BPX6Z3,B014Q6D6E0,4.188139
AX746FITV1G72,B00LW78OS0,4.3784523
A245T0V8KVTV45,B017DPEEUG,3.7246206
A8A49ZBLUK9BQ,B01G89E5OS,4.243848
A287J5FTWL99W6,B00YQD91RA,4.5785475
A13J31ZJVVG2GY,B00PNU8Z86,4.2700315
A2EVKNQ71UULXI,B00UI5GKQA,4.4290724
AF85CAX5BR5IM,B011F603YU,4.34621
A1AFGQGTS66UYY,B00NJ0Q0SY,4.470599
A384RYAHGEPLJ8,B00ZO50HZO,4.6448545
A143IV9N6HPKKB,B01D27RNDO,4.269824
A3JISGW1EZMLSU,B00BYLQS3C,4.6165266
A1Z7KHEH5I1LUP,B018QXM6GS,4.5956674
AL92MBJXLPZM,B01DJZ5HHI,4.753924
A2501I5AWRHX8L,B01CC3AJJO,4.6264133
A2RPMPBKX1MWR7,B00XWCHNIU,4.631139
A1PSGA348YRV67,B00F7CJKAC,4.138671
A22THCLP5J49J4,B01G94M7XI,4.4350367
A1F41PH89SL6JB,B00V5T9A38,4.2283154
A1P44JJW47E6QN,B01BP20BU0,4.6338854
A142HAT43L5W4W,B01EYXVZAM,4.2424784
A1UH21GLZTYYR5,B01AVX32XC,4.3896937
A384RYAHGEPLJ8,B0110IXWIM,4.5416074
A370VMDK3FZX5X,B005UGMC78,3.9213767
A7B9JUULZHQIN,B017SH94ZE,4.4058485
A287J5FTWL99W6,B00WDD5IKO,4.1374865
A2UAPFRQOHUFS4,B00NAJ7A0Q,4.1667976
A287J5FTWL99W6,B00EH2E5IK,4.3608875
A287J5FTWL99W6,B015VKB8KY,4.4180098
A24ETSYVDJB5D3,B016VIVLJ8,4.021554
A1DF6JO4KFE5X1,B00JYWX3D6,4.417905
A13JQT6036JF,B00AGA4UGY,4.283552
A18LI83Q1F5DKU,B01FBIC51W,4.500801
A21H10PWSPOB6Y,B01BCTMJZ6,4.370654
A3H38968JZF6VK,B005S1XTEA,3.8927765
A3UO90FEXQNHRD,B00E7KTERY,4.102659
A2B42XZI4MXOLX,B00M7ILTLW,4.4905577
A12K5Y2SEANYW0,B00AHRE74G,4.389798
A1V0IK7DUYIVAC,B01FORFUEY,4.572918
A15VZ8KA1KH8ES,B01BFZJW70,3.8872497
A2MIR34MGFG3EU,B00KE62080,4.101428
A23SB7XAREYGF2,B01835JNDI,4.55486
A287J5FTWL99W6,B0070JOQHM,4.378106
A3H38968JZF6VK,B00MHT0NE0,4.176386
AWNYF3812RWNG,B01645ZYZU,4.309408
A3TJOBVQ95HK9Z,B014GAK1R6,4.3033466
AZRPAHQG1VHR0,B013ZUHQIK,4.3790455
A3L8F13NKUQHQ1,B00W9YDVPG,4.3209953
A36N7KTS8JMR4L,B00772HJ58,4.0741873
A3SJW9YR903G3,B00KFMRU5Q,4.531558
A6ZT9EZ49JTEL,B00Z96Q9U0,4.629486
A101S5PLO0VRHQ,B00GLVGWP4,3.996641
AE314SIV2QCED,B000W93A42,4.8033705
A37P6T3YZ8KY2F,B00KLO64S2,4.246236
A2RU61YN9M0IDQ,B00LFW9MQK,3.8049784
A3GWE80SUGORJD,B00QNZGJVA,4.3300686
A5I6VGSYW7U8L,B01DCM610A,4.231189
A2684D8X4AUKRB,B00AAQVTYU,4.229553
A198E18E1LA3BE,B00D5M4PTM,4.2988544
A29FFT26RF63YX,B00UZM2O52,4.144123
A2B9C3FMYW18UN,B011CVM1AC,3.9591205
A2F483MD47JG2T,B016B0FB38,4.605053
A25PLL2FEB615H,B00T4Y7HGS,4.193247
A1KXFB5X4XZSGB,B00Q6Q5ZP2,4.2159004
AJNW2ORZGUDIE,B01EYW7KHU,4.096322
ABCTITSJ5P6T8,B00I44QP80,4.3290358
AYUTCGVSM1H7T,B01C25NIMC,4.5166893
A1GSPADXH17N25,B00NI7G7AY,4.240366
A1DJY8WVWPJ2H8,B00L1R3OS6,4.170068
A1R0XBTB3SL5GT,B008VKXOIQ,3.7277749
A1XL1A3TCU3Y1I,B01BUMJMA0,4.612985
A2XKX5TBB6WV00,B00WRP0DHG,4.2262287
A2DZUQQXPNUGI7,B00NN2FDLI,4.315875
A18EEC1ENOT9YN,B016WS5FO4,4.147375
AZRPAHQG1VHR0,B011QD8HJ0,4.374711
A1JMSX54DO3LOP,B00FJFV6AY,4.0300617
A5UM17P1E7DUQ,B00X1AQNKW,4.829387
A3C713428J4MJ7,B00PBA6QCU,4.2089853
ANEZJAUOG31MG,B01C8RR9DS,4.2024508
A28D20IM3BNAJ1,B01CMK5YA6,3.965902
A3KBRXW4PKK2MT,B01EKIELGG,4.143767
AGA6C1UQDNQ1P,B00FZ5H8Q4,4.547686
A2G45Q8V20R779,B00NR9Y06Q,4.000799
A1J6MXAQH527O3,B01EYXVZAM,4.2424784
A369BMHORFPL0O,B00P85PU8E,4.477787
A1VE539RO5061D,B00R298H3O,3.6909018
A2MEKYD68X8R8H,B0157E64K8,4.124037
A3BMLG97SSIKN3,B01BQ00CAA,4.435833
ABTPG9K6K74W,B01F0MF6KQ,4.58941
A30JKM2O1SD9R5,B00DQ0LQ9A,4.0478716
A2Y7B4AASUOXM,B00NIDWKB8,4.233656
A1R0XBTB3SL5GT,B00DJK31TK,3.6511104
A2S5EPJ451WL3I,B00IRKQ08Q,4.417078
A3OQ0WU2ZHM5J6,B00QOWH556,3.7789874
A3T5H007CVA99X,B015L2UR1S,4.2787914
A2XKX5TBB6WV00,B00629ZTOU,4.39832
A2V5HEEE7YLXMI,B01FPS5IQC,4.1348095
A3NYOQSGWZ0XW2,B00QB28UCQ,4.681412
A26V5ROE0OZCDA,B012LB9KDI,4.425123
A2RBLZC3MJ5FNM,B009WJWD2S,4.461026
ADZOWSMV1E0PB,B00IH6KA90,4.716379
A1GSPADXH17N25,B00BYKD2UU,3.9166393
A369BMHORFPL0O,B00PD8LQ6G,4.3279634
ASA5RSXOAVT12,B00A9FYVXS,4.194647
AW16PJHZIQPA5,B01FP256UQ,4.3778515
A5UM17P1E7DUQ,B00FR30D16,4.1636567
A198VXVTHHIZJ7,B00FW18W9I,4.285838
A1EQY74OFGE4NE,B00JTLAJ9S,4.450367
A3DANGFIJBZP20,B00LOTFY1Q,3.9893823
A1XKTJ1XLTWLCQ,B018SPRUME,4.325328
A2HESNQJZ9OB7H,B00QSE28XO,4.062688
A3CMIEYL0TJLC2,B01FIGE8YE,4.194355
A24ETSYVDJB5D3,B00O0CY3LQ,4.3889217
AB7M0MEP43IZZ,B00BUAZL12,4.2945747
A1UPHTDW5GM12T,B007Z4WSOK,4.395623
AYVJY4Z9CYQWU,B00O3V6PWY,4.1988287
A26V5ROE0OZCDA,B014JSBJJ4,4.4276285
A3J9BHGK55ZPJO,B00NC0LECI,4.2082214
A2H146VK5MMYIH,B01EYXDKGY,4.284585
A3MT311233OHMQ,B002WWKZM2,4.254073
AKM9W2IRYH77B,B00ZYX46P8,4.467004
A2XRKQZA534EWO,B00OU2E1F4,4.7075777
A36LHP7XLMLJW7,B00VX75TKU,4.483141
A3O6Z1T0IZ3NT,B00XIHMD2K,4.5348387
A2J8WQHKV75MAS,B01CPQZSPS,4.2832327
A1JMSX54DO3LOP,B00VVMC2FW,3.891317
A3Q6CMXMGESPOG,B00GY9SK4O,4.175139
A3PE4ENWAY4D9O,B00VS99TP4,4.3864613
A2U3FVDELHREMI,B018HFTRYY,4.300477
AC97LVZ0C0TSK,B01EKIELGG,4.143767
A31Z94E63H1N46,B01EMGTQVG,4.3218174
A2UJTG9XC4KISL,B01CMK63A6,4.586192
A2BEDL4QXLEE3S,B01645ZYZU,4.309408
A2WDOEHN67OBYH,B01GT5XDFS,4.099967
AGBGV16NY06FW,B00RMB80SO,4.3899355
A3Q4VT0R8O8RSE,B00QJKV1EY,4.1754994
A2QC9Q8EVBI6D1,B019B6XJM4,4.0456753
ALPIN1ZX8B41M,B00Y9M77YC,4.7259436
A69JQYYIUQFQL,B011T78JT6,4.609046
A1JADDWR1H3M0I,B00P32ZUAK,4.1847715
AK3LIR1TVZFVZ,B00UGG43UQ,4.6266336
A2MEKYD68X8R8H,B01835JNDI,4.55486
A2Y7B4AASUOXM,B00O72888S,4.128422
AQ87G02DO56Z,B016KVDM6G,4.5472393
A9DXGM6YGV14D,B00X6K8DKU,4.1867027
AO8U1SQNTNFRI,B00N0VI2OM,3.952393
A30DBF16JX73UA,B00EH2E5IK,4.3608875
A1I0I8PI1DWHBR,B00FNXC8EU,4.4451437
A1IE93W5OH9MGR,B00A3ZA4TO,4.4210443
A296HV17AZ10V9,B00629ZTOU,4.39832
A3RTTJWMRCR09S,B0076790LA,3.9203975
A3K8NPGJOP3QGV,B019EQUUYQ,4.482608
A3QZAK4BXJBC2W,B005K4W0QS,4.131197
A2KJ7AGC82GPP1,B013T8TX4S,4.6965837
A12K5Y2SEANYW0,B00IHQAYYQ,4.171736
A11FF0H63VFFMX,B01D0ZPA60,4.1449747
A2BOKBB1IZA13L,B00N05R8GG,3.9300108
A1YK1AM70HDXLE,B00PG4029Y,4.3804703
A1H35RNPTPP9RI,B00SA5KFM0,4.379265
A3E4H5A1X8NJRR,B00K1OAXKM,4.456876
A2J7GJWY8O1MDB,B014RVEJ4U,4.193604
A3P4PWQ6NZGNFY,B00MDACG9I,4.170207
A3DANGFIJBZP20,B015BCVXF2,4.0916166
AVNS35OHR3D76,B00LFNCDOC,4.2912674
A3ESFCDE13IMH4,B00UDQTS40,4.2762012
AXX9S5UGOEZR9,B00F3JBZZC,4.061886
A1FHWVQ0ZMFFQK,B00U2YDT5W,4.380584
A219Y76LD1VP4N,B00TC1JYA0,4.477578
AI38GSFB90M4L,B00GXBV0MM,4.1933537
A2Z3DQ7P9JYRLG,B00N58K6QW,3.9745572
AKQ06T21M0V0S,B00GBFJ1IA,4.154505
A1XKTJ1XLTWLCQ,B01FKDKB96,4.3784876
A2I0ZBZOWPP756,B00NYISFXY,4.175234
A18LI83Q1F5DKU,B00LFW9MQK,3.8049784
A23SB7XAREYGF2,B00CA1SF9U,4.1935253
AD3SVKC2JNHMR,B00CGFEIM8,4.2656293
A3B6PBWQBQNHQT,B00LXHHBNS,3.9373271
A1F41PH89SL6JB,B00CMU1IN4,4.4194117
A3J9BHGK55ZPJO,B00GH6X6WK,4.288623
A1RF70MWVANZCU,B00K6N75LS,4.169805
A1YK1AM70HDXLE,B011G3HJ6C,3.7886078
A30V9M9DZW8SFU,B00ZAJTPB6,4.5757694
A6SR7U2PNGN0N,B00WLQ8QRK,3.9566216
A2R56AF2E63IC1,B01DL7LIFE,4.4353833
A1JLU5H1CCENWX,B00HTJJST4,4.181155
A3ANLUEKJBC1IZ,B01B5BR1KO,4.287715
A1JNMSETGHIUZ2,B01H5MF0JG,4.2748995
A387F6OFDVEDZT,B01620Y4O4,4.434529
A17KGW8IYD63JR,B00R7HDLAU,4.429069
A3QY3KER34QGCS,B01BA8ZTBA,4.6510153
AIKGKUGNQ6L2F,B00WT2BNJ4,4.3155904
A1QTTDEVDELZA8,B018CHA26O,4.4600325
A24PEXYGCID15Z,B00QVNQYIM,4.071801
A0099735VDZ3HDCAAYKL,B01C8RR9DS,4.2024508
A2PBXQTE07LEFY,B01EW6DERI,4.2660418
A3804PZVOD4N3E,B01H9ER9R6,4.3795576
A2PF014MHWXCT5,B005639YOY,4.035037
A3VE7N2XUI8C3K,B00TPBIA4S,3.9589422
A20PRICNHQQLJD,B00QIQNWXW,4.2111225
AJX5O8EPN2713,B00GF64L5S,3.944165
AWG9YC0S5ZXRQ,B00TE8IPHO,4.4665728
A1X87IHRK15RBU,B017Y1ZD4A,4.2393055
A2B13DO2A2205G,B01BXGMTEY,4.2931833
A16WWBGZHJYJ27,B01D1UVNEM,4.318825
A916DXE9W36GF,B00MBQASMQ,4.3643093
ADUI5YISBG6Z4,B00N9RT7RS,4.5297813
AKZH6MEXHWGLD,B00JTIOYOM,4.259528
A3C713428J4MJ7,B01GBMRPZ8,4.2326946
A3CYA250L0DABZ,B015799982,4.1058292
A1VE539RO5061D,B00JFLUJ3S,4.500374
A3V9J8I5FHAH19,B01H5QZHKY,4.5638776
A2S5EPJ451WL3I,B00HMUUFJC,4.4795856
A37Y75XN6SY5YL,B00S3RA6OC,4.018034
A1FGDFKCW5LJIJ,B01FP256UQ,4.3778515
A1TYECW2J3TXJ,B00AVQAFKI,3.95262
A2QJ4TTBMNTY9Q,B00ED4WKKC,3.9090033
A1PSGA348YRV67,B00J0PKKUG,4.1818266
A70C09CWSQ4RZ,B01DUV1DV0,4.2895246
A2HZ6MGQ6TPNO0,B00X625BCG,4.451516
A36N7KTS8JMR4L,B018496LH4,4.263905
A1NPM2IW3DLO3F,B00BD63EIK,4.0465527
AGT5F6R7R53LR,B00UT0VAD2,4.2215447
A13J31ZJVVG2GY,B00HG5JL34,4.284667
A3T4U5GR71P4O6,B015EL9ZKK,4.2010736
A3V9J8I5FHAH19,B0051EZBRM,4.28596
A3VQMP3ACL1KHH,B00QL14R88,4.1953125
AZGDIB6UL3QNL,B0198OKW7Y,3.9447677
AKM9W2IRYH77B,B01EJ2BV0W,4.2751136
A2VNG16IOTY7N,B00LS6MCMY,4.3049374
AMUH4FGZCFJFF,B01GDRM3XU,3.9748018
A31CZW8SHN9PTX,B0066B7KGE,3.62443
A3S3QIR1UTAGY4,B01049Y714,4.3217835
A1XL1A3TCU3Y1I,B01EI9ZED6,4.2068043
AH85UZ876V6OW,B00RC6JVDC,4.0389347
A2GO4VWZWTL7ZC,B00T6HTQTY,4.2734156
A2GO4VWZWTL7ZC,B005UGMC78,3.9213767
AG63N054UPJH2,B019967OWC,4.1099405
A3L8F13NKUQHQ1,B018F3C1KU,4.2196636
A2PF014MHWXCT5,B00XWX139Y,3.9797301
A1R0XBTB3SL5GT,B0069CI5H8,3.7608583
AX2OKB7GR55FZ,B00BGXP1IQ,4.2422886
A1ACUN6A2LYVMW,B016XPTTUC,4.309571
AK3LIR1TVZFVZ,B00I28TY2C,4.4776173
A1FHWVQ0ZMFFQK,B012FAXT0U,4.609582
A16TE56LP5NUL5,B010W9HEUW,4.692181
A2PCN97H7ORFXL,B00IUL9ALG,4.289823
A2MCZ9BUKVPO56,B00UBV1LT2,3.758537
A3FA93L7JWESR,B00R8B7ZG6,4.5027
A3IAAKYJIX44EL,B00ICTUW6I,4.3865013
A2FCH654FN672F,B00W891R26,4.110544
A22DD81HWADR6K,B01AB4CLHY,4.37739
A3U6Y3GD1A6PXJ,B00OAN88H0,4.1657248
AVNS35OHR3D76,B00EH2E5IK,4.3608875
AAIDLB38IY7R6,B00INYO7MC,4.251116
AC97LVZ0C0TSK,B01F483E64,4.512768
AUQCW3RV8YE2W,B01EKIELGG,4.143767
A2M1PNKPRUCQYL,B00GU2DJBO,4.2838
A1FGDFKCW5LJIJ,B00NKQP7VS,4.41916
A3A44JIMIWYFIE,B016VL0PWE,4.2758045
A10IOT56F4GM85,B00LZXYZK2,4.463407
A198E18E1LA3BE,B00540L9II,4.3057485
A1GXJZGFR0BPJH,B00FH4FKZE,4.450199
A27OS7Z94VXCYF,B0073SJELI,3.8533733
A2T843EQCN1QMQ,B01GILL7NI,4.2014503
AXVDFGI9OEIVK,B015RPT6XY,4.433318
A1WVQI2RQMCG5A,B00O4GUH1S,4.3818226
A3G31IWKH9ALT3,B00VU0M8JA,4.1275454
A7KETEJDZYJFI,B018FNBE26,4.3119116
A34B6NBZL1IRNX,B00DVYV9HU,4.33138
A1PSGA348YRV67,B00PCMBFGY,4.2335997
A3IQ0P3M39IY8U,B00N7K1BB2,4.300407
A1NAXYNAOGJIGN,B014I8OGLS,4.237464
AX2OKB7GR55FZ,B00IRKQ08Q,4.417078
A1KECGAMRF6FBP,B015EHPSOG,4.2395964
A1F3SNAL50EZ2N,B01F18XC50,4.6998634
A18EEC1ENOT9YN,B00Z318GNY,3.800454
A7GZXYEZ2OMLQ,B00GXDQKZW,4.0809174
A2PBXQTE07LEFY,B01HBTH0VO,4.5505447
A2KWQ64TRHB3YH,B00SS39KF2,4.112707
A15EMPO8TCH2RB,B01GZ070A6,4.140684
AXVDFGI9OEIVK,B018D948JI,4.591627
A1PA6ZO9892OH3,B01CBW4D7A,4.7075853
A3FO728397JFZP,B017RNBS76,4.2471294
A1ERDA4ETW7FP,B01GIU443O,4.427142
A128W553WN84EW,B01DFBBF5E,4.6423025
A2S5EPJ451WL3I,B00V9OH536,4.289338
A2HESNQJZ9OB7H,B014TBNOMQ,4.2179136
A1XQ9J47ECTZZ0,B01BSN14HK,3.7677362
A3N6TV5T5JSG7K,B016NTKNTO,4.5505524
A2J7GJWY8O1MDB,B00OWIQH5I,4.346858
ANXBIU1HP7BJD,B01BLVT4BC,4.597451
AX59HEWTONQ1M,B00KVJK2EO,3.3636243
AQA76AX85FU33,B00L2V73GK,4.0258074
A10IOT56F4GM85,B01GPDY7C2,4.5301
A2HZ6MGQ6TPNO0,B00GSF4Z20,4.166233
A2FDDTPAER5DBO,B00LXHHBNS,3.9373271
A364KQZL1KNS6Q,B00PQV6H78,4.2653723
A1BQC6NJDSWR52,B019KP81BU,4.7433414
A26GE9ZG68SKIQ,B00RZT2U5W,4.3742237
A3DA91KQ8UQ76Q,B00CCVVKMW,4.256653
A3O6Z1T0IZ3NT,B0145COWD4,4.3554387
A1B5MN8PY0JIJQ,B01BXGMTEY,4.2931833
ACVNKHUOX3QWU,B009LNKB4C,4.083721
A13JQT6036JF,B01EKIELGG,4.143767
A414YEU57FUHJ,B00MUSS2ZA,4.117053
A3HDT8L6DPBZND,B01HF6OU70,4.6290007
AV6ORIR1JV86P,B0145JMH5M,4.353465
AM9YOCRU10IXW,B0118DAWR8,4.3179502
A2F1UD4JDHKMTA,B00ED4WKKC,3.9090033
A2PN1AJYXDU1J0,B00R4Y1Q3U,4.477278
A3PATLW8T3PQV7,B00F3LVB40,4.253517
A3EONSSI2V1YBC,B01D24C6VQ,4.0168023
A1AX02Z2IRSAY,B004X6R8Y8,4.1799407
A1I0QNN02SZDOK,B00IU087O8,3.7844148
AB7M0MEP43IZZ,B00FJFV6AY,4.0300617
A63YNBWLO7V18,B00FD7Z51O,4.1660786
A2CJ33Q2E7PUTQ,B01BWYVZ5G,4.7162786
A1LFIFPYMOJ8RV,B013XU5A8A,4.4343195
A3JHMDPDDFUSLV,B01HFGNGYI,4.2290106
A198E18E1LA3BE,B00GZANS6M,4.4299307
AS68HOKD544K6,B00W8FRXO6,4.316758
A2S5EPJ451WL3I,B00YV666B6,4.1881638
A3A44JIMIWYFIE,B01GGNXFEW,4.460328
A2TX3PH7TXFRE9,B014GFMV4C,4.470932
A222WQ9VGVPSR5,B01E3AFUN4,4.565583
A32TX5VFAQALG5,B0104EOJ8U,4.019088
A3J9BHGK55ZPJO,B018F3C1KU,4.2196636
A0020356UF96ZV361ST,B00HFAGOM6,4.074051
A1VC48UV57XWOH,B00GQYIL2I,3.9276528
AAIDLB38IY7R6,B00I6MYBSG,4.6837935
A916DXE9W36GF,B01BCTMJZ6,4.370654
AQ87G02DO56Z,B009AR5VAI,4.0471716
A1I96OYAUJ3HQE,B00UVLQOBC,4.500972
ANEZJAUOG31MG,B01G2YFYG2,4.563196
AVJ8F6IFNLC4E,B01GBMRPZ8,4.2326946
AW16PJHZIQPA5,B00ZDHZKKA,4.3229094
A3JVZY05VLMYEM,B01DFBBF5E,4.6423025
A2N0V6GUH28XMN,B00K4C45PA,4.4069114
AFJO0OZZP1C67,B0130KVNKC,4.8709955
A3OQ0WU2ZHM5J6,B00MTACTLM,4.478736
A3BTRKXD03KC4F,B01E2NULD6,4.460161
A10PIB0GJZQHJA,B00U48LBZQ,4.4961863
A1F41PH89SL6JB,B00SIMWOY2,4.214401
AQR5TV897ZGKZ,B010C3UFXQ,4.0441837
A1FWLM5208ESO4,B00J9YWGTQ,3.8775122
A1IFWIZ62O12OT,B00PG4029Y,4.3804703
A1GL9TYXPNBPGW,B00S75OIZ8,4.3188305
AG4TROC6HMCRF,B0116SLML0,4.0673695
A3C713428J4MJ7,B014HGM9YM,4.2942142
AX59HEWTONQ1M,B01DLHCVQE,4.2954855
A2PZA5XB74EIDB,B01BMODWY8,4.5438566
A3H38968JZF6VK,B00I1GZAU0,4.2311745
AWNYF3812RWNG,B00L8A3BMK,4.014884
A3C713428J4MJ7,B00JTCH5RQ,4.2848024
A2X6O09LVHWKTA,B01DWNFGVE,4.561385
A5KRI5P7KR7SK,B01GIX5F4I,4.5887337
ANKDQ12BPX6Z3,B00G9FJ6BY,4.2185307
AK3LIR1TVZFVZ,B00VW0OLKM,4.244109
A1SZ7SSVVG3VXG,B00CLZCRIU,4.5576735
AUJKYWUK14BZ2,B00OO65H90,4.3172545
A11N6ZJPEMVHYJ,B0073SJELI,3.8533733
ADUI5YISBG6Z4,B00XRRAWYM,3.5140398
A2YJ8VP1SSHJ7,B01H7HMP1U,4.6129875
ARF6JCH8L8ANV,B01FBIC51W,4.500801
A6AEJMW6IUOO5,B01FGJ3754,4.6178293
AZRPAHQG1VHR0,B017RFCQ5C,4.470333
A2YJ8VP1SSHJ7,B00N1BXC8C,4.4731436
A1HXF0IBWTAP84,B010WM3TG2,4.5915737
A2MX7TA6LI8I4K,B012D9R9J0,4.3706207
ALGAUZSEQQWI4,B01EKIELGG,4.143767
A3L8F13NKUQHQ1,B00OSAWTSO,4.5380173
A3JVZY05VLMYEM,B010BDZ9MY,3.672641
ARF6JCH8L8ANV,B016G5T1CA,4.232016
A2WEE1PU5NZVJQ,B00PG4029Y,4.3804703
A2S5EPJ451WL3I,B015V0AKSK,4.309021
A1E614LDQVKOYE,B017W2XRGM,4.2113476
A141H51I3H4B1S,B010NQV6I0,4.1884956
A2PJCE1T0AXDD3,B00WT2BNJ4,4.3155904
A31AABM5YDX347,B00O3R7VE4,4.402776
A1LZ8PBGVH7IOM,B01BLX4C2Q,4.6453114
A31X0GK7XMM59F,B00NMVS01K,4.1068096
A3IQ0P3M39IY8U,B005CM1S02,4.428444
A1CIS4LOWYGZGA,B00NGA41WO,4.3036013
A2DZUQQXPNUGI7,B01BNWGPRK,4.071456
A1ACUN6A2LYVMW,B017EGZHFA,4.4384937
A69JQYYIUQFQL,B01ATXXTLE,4.3192525
A1SUV0W0CB3KVM,B01GT5XDFS,4.099967
A1A085EGL86PB,B017E1XMPM,4.446128
A3JVZY05VLMYEM,B01864DDVO,3.6760862
AVNDR3UMO7VU5,B00HG5JL34,4.284667
A1PSGA348YRV67,B00KFG51O4,4.169767
A3JONP3MGSSP0F,B008UYTGSA,4.114154
A3GRUTOJXXE8FF,B01BYGNF64,4.232252
A245T0V8KVTV45,B01E6DT75U,4.182024
A2B42XZI4MXOLX,B01606ZZ8E,4.533557
A29V7E1TFYXKJ,B00UB7TF1C,4.5996704
A1ACUN6A2LYVMW,B01D10TPRE,4.497108
A14R9XMZVJ6INB,B00IDD9V1U,4.371564
A1TWV867HVZ60,B00O0CY3LQ,4.3889217
A1FI0I69UHS22T,B01F0SSM6U,4.481179
A1K69VHP8LH96J,B006CC6ZTU,4.130189
A3FA93L7JWESR,B00D5M4PTM,4.2988544
A3ALMNUTJS22FZ,B0085WDNMW,4.262082
AX5KL9LWC1TG6,B00GK50H66,4.0940027
A3PB5W8OE59743,B012B68T6C,3.6507154
A2PQ680TRW8JFG,B00AB3F2RM,4.134836
A287J5FTWL99W6,B01B5BR1KO,4.287715
A14TBDIKFSOIX8,B01HCB4LFE,4.213771
A296HV17AZ10V9,B01ABDLDMO,4.1728916
A3JVZY05VLMYEM,B016XLB9MM,3.8534405
A12RUNSGFAZFE7,B01HFFPC2I,4.0643663
A1T77WWA0TSSGB,B01EYXVZAM,4.2424784
A1NPM2IW3DLO3F,B00GRGOL3S,4.0873537
A2VDLDSGSD32FI,B017S1KRCO,4.323781
A28SW1AQI0RADX,B00I9J9XAM,4.3376884
AFQXMUALNERXZ,B016WQR86Y,4.5532246
A3747LNB8CNT5J,B00EH2E5IK,4.3608875
A20Y0TCBU79GXU,B00UATSSYQ,4.3999624
A3ULETCKQMVG7N,B017Y0YYJ6,4.2759724
A35BKLDD2E04E6,B00Z4EAA5W,4.219812
A10JAUCIGVRW9F,B00IZODKWS,4.363345
AIQWMQ4JWKZ3T,B00ICTUW6I,4.3865013
A257TD5GO1T81W,B00XTAEA90,4.6694994
A166K6TJTPDX8K,B01HCB4LFE,4.213771
A2CJ33Q2E7PUTQ,B0092K075C,4.230193
A2UVR7N8WC5GYY,B0135MRXRM,4.6142898
A2S5EPJ451WL3I,B01EDDUAFE,4.2232656
AL4D6OHMS2Z9P,B01EJ2BV0W,4.2751136
A1X2URS71RRMMF,B00BQMKC5O,4.3786983
A3P2ROGJMLVZHN,B014LZJVAE,4.110867
A238ZC3TQJC8V8,B00K1HQWBS,4.2879925
A3GRUTOJXXE8FF,B01EPCXCU8,4.4786973
A3LR0J8MJ3Q6SI,B01G264272,4.3219194
A1HHSUAQDZ1XM6,B00U2YDT5W,4.380584
A1PUZIV4PYY4YM,B00JI6MP4Q,4.353897
A1RD1NM0602OQO,B006SMMW64,3.9441013
A1UH21GLZTYYR5,B014LRV75O,4.160822
A137UEIU93IFEF,B00OJFOI1O,4.2059464
A2J8WQHKV75MAS,B01B43XFKI,4.3686895
A1LL39K926QN1V,B017DSORBE,4.3981276
A1AFGQGTS66UYY,B00JI6MP4Q,4.353897
A1TVJ9WDRP0UZS,B017WLXUQK,3.6767101
A238ZC3TQJC8V8,B015OS4436,4.3355675
A3HYB9AL7BZY4,B005UA0WOE,3.7240467
A1DJY8WVWPJ2H8,B016TNH8HE,4.5928535
A5KRI5P7KR7SK,B00QBFEV6M,4.4162197
A16TE56LP5NUL5,B01G3UFLMM,4.5504208
AJL59IEBNETQ8,B019UHL0G6,4.270793
ALN3RU7X0HJX5,B00CATSONE,3.37529
AGIFTDAFJEXVA,B00VU4WFLC,4.169444
AK3LIR1TVZFVZ,B00M9TT8GW,3.474229
A1H10L6S9KZB2C,B00N0VI2OM,3.952393
A2CZKERY4LUBVI,B00MQ2NPYS,4.035467
A17IUHX3ADIE9U,B00OM12RWM,4.3509493
A2S5EPJ451WL3I,B00IQVA7XK,4.106037
A3IAAKYJIX44EL,B00N992U66,4.2801332
A26GE9ZG68SKIQ,B00M0Y5PZO,4.1950684
A3IAJM6F3EBQ5H,B013XU5A8A,4.4343195
A3HTBON5N1JCFE,B01C63GQQU,4.636448
A1W49O3LYZ8GI5,B018F6H3U0,4.4015346
A15Q5MVRVBMKW7,B01DRBV052,4.6902785
A2LF3KTH2T6RJA,B016QYF6PM,4.612711
A1IOR50CXI3C89,B018CHA4GM,4.2702036
A387F6OFDVEDZT,B00JH66D1S,4.120289
A7GZXYEZ2OMLQ,B00XPKE8GY,4.455514
A2AGAA1B2ORZW0,B0152U9LL6,4.162773
A1EZD7IJOOAF6S,B0051EZBRM,4.28596
AFX2KR1VGYWLW,B00S5HPW6C,4.2691126
A23SB7XAREYGF2,B00KQS1DJ8,4.1653943
A26V5ROE0OZCDA,B00EFKOFLQ,4.1001987
AEJ5A6HYUXJ8P,B01GT4NXU4,4.3204737
AZPNSCZH6LW40,B01GAIHTSQ,4.553344
A1XJXYKOWCH9XT,B00C5W2P7C,4.396061
AXVDFGI9OEIVK,B01G6H3LCY,4.2949247
A22DD81HWADR6K,B01GPEDC3G,4.227832
A3RNQ7PNKEU1UI,B00YDI7CHO,4.500553
ASR774IIR8VN7,B01914ZZHI,4.2747164
A3CYA250L0DABZ,B0051EZBRM,4.28596
A1JXLTQ5VWPGGV,B01G264272,4.3219194
A7M73HAH815DM,B017JRXATE,3.9810169
AQ5HSBPNASYIG,B01G7RDFGU,4.565896
A2KUR0ZBNV17AA,B009YLKRAO,4.0940022
A38J1EW6EKAV0Z,B005JT5DP4,3.7203586
A39N24TTLP6I48,B00ZEHLHM4,4.504242
A1G2GYX8B4OH8W,B017WTF8TE,4.432211
ANKDQ12BPX6Z3,B00JHIJD5Y,4.407112
A1JNMSETGHIUZ2,B01A1E8WO0,4.1920385
A35CC2LV7L5GFE,B00ILWP2NO,4.38748
A2TU13PFAZ7Z1P,B00TS3J5GU,4.0870523
AM9YOCRU10IXW,B01HBTH0VO,4.5505447
A2RO8I1XUKKUU7,B01GEKTEY2,4.4034405
A2JFYV4GVIMPCQ,B00QQOX6LY,4.461439
A2UJTG9XC4KISL,B01A1AWBU0,4.378558
A2S5EPJ451WL3I,B00M8ERQ0S,4.1578984
A7WOE5BJXO2N5,B00LMIWFUW,3.6480038
A10JAUCIGVRW9F,B0177475MW,4.2402945
A2QROW66DKI83,B01540DXZO,4.5574894
A2PSERVP2IKZDL,B01GPEDC3G,4.227832
A2W3RQOSC87P4A,B00LDQOZWO,4.265812
A1C1TL7Y4D7A9H,B01H5MF0JG,4.2748995
A2BOKBB1IZA13L,B00629ZTOU,4.39832
A2FCH654FN672F,B0100NP05Q,4.024104
ASR774IIR8VN7,B01GC37X7G,4.246826
A1K4G4G02UIVEW,B00RNJLHS0,4.135025
A16N88TMHMXX1F,B00NC0LECI,4.2082214
A3J5KG672GNB99,B00DPJ3J1U,4.2507906
AXVDFGI9OEIVK,B018V1TLPE,4.619212
A1L30W7022M9Q7,B00GRGOL3S,4.0873537
A2ZJHEB8K8JZR3,B00P46P3XY,4.2694855
A3R1EB0IGE3CC7,B00BELOQMW,4.177361
A13LERNQ8R7267,B01CIDR8N8,4.0539846
A16TE56LP5NUL5,B014LQ18CW,4.459507
A2ON53GR80JS8S,B00F64A1YK,4.172155
A3L8F13NKUQHQ1,B00SRMFZ3A,3.959439
A28SW1AQI0RADX,B01DJTWN0S,4.017645
A3EI5NSXXCXQY5,B00N05R39I,4.464268
A3IQ0P3M39IY8U,B00PPDJ7OW,4.0507
A3A44JIMIWYFIE,B01EZ9ZKII,4.436627
A296HV17AZ10V9,B0184SY5IM,4.26085
A1DJY8WVWPJ2H8,B01EB1AHCE,4.514531
A1JS39D0NHVT3S,B013KAXWU6,4.6026917
A1NL7G5VN45RDW,B00VD0432M,4.2748375
A296HV17AZ10V9,B0085G0UHE,4.34811
A37Q71Z1BE6V9,B00H67YGUK,4.272331
AAZ73E56LMN7V,B00TUC75T8,4.49045
A39CVMK2ZKEIK2,B00P6Q9A04,4.2712145
A2OHRT539LLCUN,B009SGXWM0,3.8091931
A2D9OWZ1X0DVEU,B00PG4T6UU,4.0662475
A24YALT0FFYFA8,B01BJXQMW6,4.659284
AY5R3F55U7WZ5,B00D9CMLNA,4.3875346
A3526B1LCK47X9,B00P8F4RL0,4.392239
A2DZUQQXPNUGI7,B00F50R0H6,4.1127133
A1CLGNWRCE4QKB,B00DE3MJ8G,4.241575
ACVNKHUOX3QWU,B00Q5OG0RM,4.5333185
A2MR87VMPFNFJ5,B015GB04IK,4.1247025
A2S5EPJ451WL3I,B00YQBSEKW,4.1145344
A31M3IJI2UTC4Z,B01AB1EQL6,4.4749413
AXX9S5UGOEZR9,B018BYUPVA,4.2469807
A2BEDL4QXLEE3S,B0149IDQV8,4.3886395
A2PJCE1T0AXDD3,B00HTJJST4,4.181155
A1OZ3R75S8NAYD,B00XK6SIVO,3.8992383
AGIFTDAFJEXVA,B01BFZJW70,3.8872497
A2HZ6MGQ6TPNO0,B00JNELJPY,4.0631385
A39CVMK2ZKEIK2,B00XZJ30FU,4.1944504
A2FR370CNM7L9,B01EZ9ZKII,4.436627
A6SR7U2PNGN0N,B014M089YW,4.6853695
A178S00H8B3YWA,B01BUMJMA0,4.612985
AAIDLB38IY7R6,B004V49FHA,4.1983104
A16N88TMHMXX1F,B00TBTC3HO,4.1948714
A2PJCE1T0AXDD3,B00Y9M77YC,4.7259436
A2OAWG4ETZ7MQD,B016R0I2WE,4.0880175
A37Q71Z1BE6V9,B00N9RT7RS,4.5297813
A197W8MNF706HT,B01G7RDFGU,4.565896
A2B9C3FMYW18UN,B017E2DKH6,4.115107
A31K93JWWNEMAJ,B00V4VO3KW,3.56939
A3CAIZ5D023DAO,B00S5HPW6C,4.2691126
A1FAJ6G0KD5ASM,B00WBMKEII,3.9801962
A1J3WRDIB012CI,B017GGWXNW,4.622159
ADUI5YISBG6Z4,B00L2F5P02,4.1694994
A63YNBWLO7V18,B00PLZR6ZG,3.6097584
A2XRKQZA534EWO,B01D24C6VQ,4.0168023
A3V9J8I5FHAH19,B007PX6I10,4.2780676
A3JVZY05VLMYEM,B00TIUEVL2,4.7043986
A24PEXYGCID15Z,B01HFFPC2I,4.0643663
A183DRUR0UACQ4,B007HU7NXS,4.1416464
A3CHUCS2CVKGI0,B00KKXTC2Y,4.2577553
A1MBL6RFT345MS,B00UCANMJO,4.301533
A2OAWG4ETZ7MQD,B00HHCA47I,4.471677
A3H38968JZF6VK,B00ICTKZOM,4.244871
AQ5HSBPNASYIG,B00X8YUF6E,4.3033113
A26YRCLOTDIL0P,B00R67MD3C,4.3277864
AGTV0GXSP1SLA,B01E46BFJU,4.120128
A3C713428J4MJ7,B00L2F5P02,4.1694994
A8YJFGILC2W38,B01FIJL2EA,3.9293382
A2EVKNQ71UULXI,B00N7K1BB2,4.300407
A139X5E4RN7SUS,B01EMF4FXG,4.3233423
A2U72WDAUX5CD8,B00SA5KFM0,4.379265
A24YALT0FFYFA8,B01HFTVMXM,4.4132338
A1D7CDK7HS68NP,B01FPX3VYS,4.050584
A1FCMIVQTWHYH2,B00DLSTT9Q,4.3482647
AIH41FDX1K0Z4,B00FEPGGJ0,4.3153944
A2HX0B5ELOPP5Z,B009DIU4EW,4.2579575
A2N1XSD82O6XTV,B006ECFWBA,4.144951
AV6ORIR1JV86P,B017HX13DU,4.13424
A37R3BNDHBIZTL,B014VPZHCU,4.393537
A370VMDK3FZX5X,B00HI3MSV6,3.863024
ASQNJGXL1BXWV,B012B68T6C,3.6507154
A19MXYAHMAC99A,B01EKPNQKG,4.0863147
A2YF0QVNVT7ZI8,B00KYWRUY8,4.751613
A2Y7B4AASUOXM,B0098AUF7G,3.9679606
A9M7TOUJ3N4OE,B00T0WOGTK,4.0133057
A2S5EPJ451WL3I,B00K2BX8WY,4.3507113
A2B42XZI4MXOLX,B004VF69LY,4.2952986
A2UVR7N8WC5GYY,B01CSNZ15K,4.586044
A1WQ920S5TIAWQ,B00LERZ5ZI,4.3613586
A16E3LZGPATT2,B00X8YUF6E,4.3033113
A1XKTJ1XLTWLCQ,B00IRKQ08Q,4.417078
AX5NHGPX6G44A,B017099OS2,4.332858
A36XTPY9IFYA5R,B00P8DE7YY,4.509017
A18EEC1ENOT9YN,B00G05X52E,4.2267084
A26BT1R57DXMKD,B01FZP54SW,4.3070745
A2H44WVZS59KKT,B00Q102M5Y,4.4680357
AUI3XAZ1513SI,B00PUSKH14,4.5510983
A2LSU90DNHL9CK,B00ALG6UW0,4.1751757
A3AQZ5F9U6E9ZO,B00NOCBDQG,4.5176325
A20ISU7TSX8NIL,B01B2EYBIE,3.9430125
A3RDDEA1NKSMVC,B01ACLW2JS,4.048209
A2WDOEHN67OBYH,B01GQW4UQ0,4.508789
A2EGLWRK7PCDYH,B00PBVRFUQ,4.408228
A1OBQ5I31GW1TG,B017GGWXNW,4.622159
A1IFWIZ62O12OT,B00RZT2U5W,4.3742237
A2FJLSKL2IZSHC,B00DNI7UE0,3.552313
A2JJ1DXY0F6355,B01F0MF6KQ,4.58941
A2I0ZBZOWPP756,B017DSORBE,4.3981276
A1DJY8WVWPJ2H8,B00LNJ4ABC,4.534384
A1ZDSAPOGRGBJI,B00MD5VDNS,4.488947
A2FDDTPAER5DBO,B00KSFTUAI,4.2907104
AZPNSCZH6LW40,B017GQDZWU,4.322503
A3G7QPDLX3SDV0,B00KXJ69T4,4.30676
AHNGMRN1V1LPH,B00BQMKC5O,4.3786983
A2DIX1VZU1CNPW,B004YTT2OI,3.9528418
ADT3692HEYU4S,B00UAZ3JVC,4.5514774
A16SH2BVYS9FL3,B01C4IAK5U,4.2578096
A2UJTG9XC4KISL,B00JNK590Y,4.0603504
A1NE9CRAQ0WUV,B00VW0GK1A,4.264677
A1HHSUAQDZ1XM6,B00HBJ693U,3.5926495
A2B42XZI4MXOLX,B013FJACFU,4.593548
A504UK7D094HT,B00HTJJST4,4.181155
A7GZXYEZ2OMLQ,B005UGMC78,3.9213767
A13J31ZJVVG2GY,B00V5T9A38,4.2283154
A2MK1L1Y74WTWH,B01E6DT75U,4.182024
A253ZKSZTAZ8W7,B00DCHAV2K,4.267661
A13J31ZJVVG2GY,B00TYER2BI,4.1790495
A2B42XZI4MXOLX,B01GBW546U,4.369377
A3SW80W0MUWHAV,B00UT0VAD2,4.2215447
A1ZDSAPOGRGBJI,B01GDCDGL8,4.550726
A202A0SM6MHKMN,B01BUMJMA0,4.612985
A1ERDA4ETW7FP,B011K698S2,4.423558
A245T0V8KVTV45,B00PRA4CUM,4.3227606
A3JVZY05VLMYEM,B01GBYFK1C,4.298847
A37D3BRKS7OO2L,B00OYWP438,4.250722
A15EI56DL57DZC,B00XLS3FIW,4.220483
A1NE9CRAQ0WUV,B00OYWP6G8,4.6710567
A1KE19CDYIO2YN,B00TM8ROUK,3.958866
A24H5TP8HNEKQZ,B005KV1EHW,4.2923427
A296HV17AZ10V9,B00OV9EXLS,4.142045
A2TX3PH7TXFRE9,B00TO2TRV8,3.8825333
A3A44JIMIWYFIE,B00STQ6W7W,4.465455
A22FAHV2R6BUVR,B00EWTMO7W,4.2291346
A3N6TV5T5JSG7K,B00N00BM2M,4.412431
A1DJY8WVWPJ2H8,B00FP43PP8,3.7337418
A10JAUCIGVRW9F,B00IJFYICO,4.3173256
A1CL3FS67LX1YW,B00TSXRDW8,4.152792
A1PMXOPB5EYC54,B016LQPHRM,4.6530385
A2BU8F7WVY26UA,B0104OFHEK,4.058444
A190TSUIRJIFUK,B00ZAQOAXW,4.2201886
A137UEIU93IFEF,B009BQN3MQ,3.982663
A1SH6H9ZY9AJV9,B00FW18W9I,4.285838
A245T0V8KVTV45,B014GAK1R6,4.3033466
A2BOKBB1IZA13L,B00VN6WB66,4.2710633
A3OEKEUC8HCZ2I,B00DCBMEQW,4.240423
A2MR87VMPFNFJ5,B011HC6Y1I,3.9407458
A3526B1LCK47X9,B00JX5YROI,4.2498217
A2F2878HE7XOM9,B00JLHHYWA,4.2498302
ADUI5YISBG6Z4,B0177A1OP0,4.6208754
A38J1EW6EKAV0Z,B007Z4WSOK,4.395623
A10AWAE0F6CAP1,B00O26GDSQ,4.2116632
AHMV0N47XOIMZ,B00CGFGS3A,4.245982
A1W9V4O3GA6996,B015L2UR1S,4.2787914
AF85CAX5BR5IM,B00TGC71K0,4.2044477
A39N24TTLP6I48,B00LNJ4ABC,4.534384
A1DWI3TBD5RZ4J,B00HIVDZK6,4.21486
A2U79NOE9VJQSF,B01AQ14XL4,4.337595
A3IQ0P3M39IY8U,B00MUW6TF6,4.2803955
A25UO1J9IM3R5Q,B015T6EYEW,4.238183
AOLHNMI8G8R6K,B00JTCH5RQ,4.2848024
A1N5V2UJOC1BY9,B01EW6DERI,4.2660418
A2PZA5XB74EIDB,B00VGSN214,4.054533
ATTQEF12BAZNC,B019S2I4HG,4.619752
AK3LIR1TVZFVZ,B00PPFQK22,4.185151
A2QEVQMB8B08UQ,B013R6F8CS,4.476671
AT8FSIABOPFMJ,B01D28JE0I,3.8913982
A3J9BHGK55ZPJO,B00TBTC3HO,4.1948714
ACVNKHUOX3QWU,B000JMKRTI,4.271593
A23SB7XAREYGF2,B00Q9QAF9A,4.2540827
A3IQ0P3M39IY8U,B00RZT2U5W,4.3742237
A1YZCADBVKWC9X,B01C8CLGR8,4.576166
A2NLY1TJ8TYV6D,B019D7D3CC,4.2730923
AK56P9TMUDM8F,B0165WFUKG,3.6913104
A14CRMGM3ZW3SP,B01G94M7XI,4.4350367
A2V85U4LG9CNMC,B00TECTTFC,4.7537584
A16N88TMHMXX1F,B00U9I7K6U,3.5352976
AXOY11IDEONHE,B01GSRNLOK,4.5804687
A2Z3DQ7P9JYRLG,B00ZNE45BS,3.8723853
A1J0R4BQMKXZMF,B00O26GDSQ,4.2116632
A1EHES82IVVS9C,B01GBYTK36,4.7037363
A2LAII96I1O1IY,B00UDQTS40,4.2762012
A2PSERVP2IKZDL,B011IXZ6KQ,4.340405
A3FOL8CN5A1TFR,B00LI485VI,4.4612403
A414YEU57FUHJ,B01C8CLGR8,4.576166
A1W49O3LYZ8GI5,B01CXL5YV8,4.0864134
AM9YOCRU10IXW,B00BOVLVCU,4.4278464
AS09YZV00HGLO,B00K0YPPME,4.368416
A2LMF4HG470CNF,B00UZM2O52,4.144123
A3V9J8I5FHAH19,B012FAXT0U,4.609582
A2Z3DQ7P9JYRLG,B00LZA6C88,4.5009937
A1FHWVQ0ZMFFQK,B00CP7M572,4.3127747
A2O37WEGGS6NF,B01GZ7IMJC,4.579377
AEO8TLBXYU569,B00DRFQRIO,4.2311697
A3P2ROGJMLVZHN,B01AJ6SEOS,4.065674
A23ID71VXIBR8T,B00W891R26,4.110544
A2S5EPJ451WL3I,B00L2F5P02,4.1694994
A1LUNML2IDLSLN,B01GJRQKBK,4.506872
A31G4MNGZNYSZI,B013QFWB7K,4.207039
A2RO8I1XUKKUU7,B01GGNXFEW,4.460328
A1F41PH89SL6JB,B00PG3NQBQ,4.286933
A2RD5P62OJNH8C,B01HFTVMXM,4.4132338
A13LERNQ8R7267,B01C9B2R5S,4.4340324
AHMV0N47XOIMZ,B011TI8CTW,4.5874147
AZPNSCZH6LW40,B01ECOIDHQ,4.5512447
AUII0MVONK1A1,B00PMH3R3I,4.5357304
A2PJCE1T0AXDD3,B01BHE3H1G,4.385314
A6ZT9EZ49JTEL,B01FLJUZ0E,4.436431
A2LAII96I1O1IY,B00XAGLZWS,4.381665
A202A0SM6MHKMN,B01HF6OU70,4.6290007
A2Y7B4AASUOXM,B01EDDUAFE,4.2232656
A3DA91KQ8UQ76Q,B00V8L0G5O,4.2010045
A2OAWG4ETZ7MQD,B00PG8UCH2,4.103773
A1K69VHP8LH96J,B00JNK590Y,4.0603504
A1W49O3LYZ8GI5,B007PX6I10,4.2780676
A23TQDWMUA4F6Y,B00U48LBZQ,4.4961863
A16N88TMHMXX1F,B019OYETT0,4.3688335
A1630ADTTI0JLO,B013FJACFU,4.593548
AVNS35OHR3D76,B01FRK7VO0,4.565757
A2S5EPJ451WL3I,B00K395P12,4.112381
A36XTPY9IFYA5R,B01B6WT11Y,4.1922865
A63YNBWLO7V18,B015V0AKSK,4.309021
ANKDQ12BPX6Z3,B00DRF2602,3.6632757
ABTPG9K6K74W,B00MIH3P0U,4.4498672
A2QROW66DKI83,B01D0HVU76,4.471924
A10Y597K071WTQ,B00PQWJQGG,4.6574426
A3JVZY05VLMYEM,B010QZIGBI,3.6783516
A1Q8VGN4CN0JHT,B01HBTH0VO,4.5505447
A267QVSAPZCRT7,B00N12ERCG,3.7899938
A2V8X8MTCE868O,B00M3GWXHW,4.4317265
AVOPHZPWGEODY,B01GM4MH6C,4.480175
A1OKS5Q1HD8WQC,B016WK3XZU,4.3817863
A1HHSUAQDZ1XM6,B01EMF4FXG,4.3233423
A33JTEMYGCO69V,B00SEFGTYO,4.518217
A3GEKHTOCDSCBT,B00D2Y3BFC,4.3462057
A26V5ROE0OZCDA,B013QFWB7K,4.207039
A35TIIYV9908KE,B0118DAWR8,4.3179502
A3J5KG672GNB99,B00N9RT7RS,4.5297813
A1LFIFPYMOJ8RV,B00JX5YROI,4.2498217
A1I96OYAUJ3HQE,B01HCB4LFE,4.213771
A257TD5GO1T81W,B00F64A1YK,4.172155
A3IQ0P3M39IY8U,B00YQBSEKW,4.1145344
A3DVGQZY2MBA87,B01GM4MH6C,4.480175
A3LR0J8MJ3Q6SI,B00O26GDSQ,4.2116632
A2539ZDDALTYR7,B007J4A4KQ,4.3958216
AIKGKUGNQ6L2F,B00LKNP8DU,4.1841164
A2MK1L1Y74WTWH,B018F6H3U0,4.4015346
A1E29AF1LT9N6S,B00JUV8JPS,4.2106404
A10C3068FTNIOC,B00UDQTS40,4.2762012
A2PQ680TRW8JFG,B00YQBSEKW,4.1145344
A2EGLWRK7PCDYH,B00N57TJZW,4.344741
AX7QPL1UI24F7,B01EMF4FXG,4.3233423
A2TWXEO3YM4OAP,B0070JOQHM,4.378106
A36I3CE9A5LP9N,B009YLKRAO,4.0940022
A12RUNSGFAZFE7,B00R1XYQYA,3.8746483
A3CYA250L0DABZ,B01A9BTUBY,4.239291
A1ZDSAPOGRGBJI,B01BA8ZTBA,4.6510153
A2PF014MHWXCT5,B00CS74GE4,3.576806
A1MIXHFSMNEE42,B00DIJMJKO,4.103286
A1YAIBG1N7N5VV,B00HZ3NG74,4.053459
AQFF452SVDF48,B019B6TWFC,4.2810636
A1HHSUAQDZ1XM6,B004YDN934,3.9647565
A3C713428J4MJ7,B019DZKCTQ,4.5657396
A222WQ9VGVPSR5,B01EBXU2TK,4.3137264
A1L9DJQ5BS13S9,B010C0Y77O,4.32327
A10IXICTN64ZSV,B015B839PS,4.323189
A2LAII96I1O1IY,B00R6K0JM6,4.2728953
A10JAUCIGVRW9F,B00N7K1BB2,4.300407
A1D427FYPTSWR0,B00SO0DWK8,4.103609
A2826FTZACYYNO,B017J556C0,4.580676
A1NAXYNAOGJIGN,B00CCVVKMW,4.256653
A2MK1L1Y74WTWH,B00UGG43UQ,4.6266336
A2Q439D72KOQME,B00E42TZQ0,4.0645256
A2RBLZC3MJ5FNM,B00TYYW7M2,4.5850897
A2D9S6V1AFXOAO,B00TQ8W4KG,4.4206934
A13JQT6036JF,B00UY3LLY2,4.4544544
ABNZCEB0CF7MP,B00KEFZQ14,4.228799
A27OS7Z94VXCYF,B00T6HTTZK,3.8535075
A3L1Z0R3ZB2OFU,B00XST7U3U,3.5885994
A3A7FF87LEVCQ1,B00L0LQCQ4,4.3724685
ALGAUZSEQQWI4,B015BBZB1K,4.279152
A3J9BHGK55ZPJO,B005JVSU2U,4.2849855
A296HV17AZ10V9,B00G0TI2I2,4.0007386
A7GZXYEZ2OMLQ,B00GRAZD3G,4.373477
A37P6T3YZ8KY2F,B016XEZDB2,4.342435
A15Q5MVRVBMKW7,B00F77FFMO,4.195159
ALGAUZSEQQWI4,B00LKRDIUG,4.1110277
AL4D6OHMS2Z9P,B014RCH66M,4.1614256
AXX9S5UGOEZR9,B00LS6MCMY,4.3049374
ASUZ2V9ZK5DXS,B00NLO7O38,4.0509825
A2UJTG9XC4KISL,B00TWUUBUI,4.397121
A19MJXG060UDTA,B01EMF4FXG,4.3233423
A1DF6JO4KFE5X1,B01F18XC50,4.6998634
A2MR87VMPFNFJ5,B00EWRZG5Q,3.5831673
A23V31AXVPHVJV,B00RUSH6IE,3.830506
A38TZJEVGI7OJN,B018A097LO,4.0940075
A2PZA5XB74EIDB,B00T8A4H0M,4.04951
A2RQ5IRWRU0TVO,B00LLSZDOI,4.550025
A1UH603GXL3ER2,B01B0QXBA8,4.4946847
AZFENNBSMN980,B00KDJNAIW,4.5693073
A1AMO1E4FMSUQA,B0104EOJBM,4.029005
A1WKQ3TEEAOTFH,B0189PJNM8,4.5717473
A3P43CX5G4GR7U,B01GZ7IMJC,4.579377
A296HV17AZ10V9,B00TBTC3HO,4.1948714
A17KGW8IYD63JR,B00S5Q1W2G,4.5191875
A3DJ1IVSPDTMW5,B0150C55HA,4.186142
A1A43F9O4PEBU5,B0116SLML0,4.0673695
A3MTU1QAMYEAX3,B00NB3LMEG,4.017344
AVNS35OHR3D76,B00RJG95M2,4.0034914
A1JADDWR1H3M0I,B0118DAWR8,4.3179502
A24Z79OS5VQA7Y,B01GQE49E6,4.4920115
APDBYAGNSIIXZ,B01E2NULD6,4.460161
ALUG4B13HWSBF,B01DRKRODK,4.0427504
A1GXJZGFR0BPJH,B00T3FLMZU,3.7221925
A326085M0DK10B,B00IU69PTI,3.8522527
A3LK5ALS0KX73V,B00QMXXG3C,3.997829
A1L30W7022M9Q7,B015BBZB1K,4.279152
A3FA93L7JWESR,B010ORALRK,4.2328615
A2XRKQZA534EWO,B0184SY5IM,4.26085
A2KUR0ZBNV17AA,B00DGYKGQ0,4.127615
A29Z1G9N7ZVFU5,B010W9HEUW,4.692181
A15VZ8KA1KH8ES,B00TBTC3HO,4.1948714
A1ZV5XBKG7RVZU,B00LE4Q370,4.2099323
A2S5EPJ451WL3I,B00LS6MCMY,4.3049374
A2V5HEEE7YLXMI,B00CIAD6UQ,4.215522
A15VY7B7VJ3UNY,B0104EOJBM,4.029005
A2L15MBNQU7O6G,B00XWCHNIU,4.631139
A1D2C0WDCSHUWZ,B015BIHKH6,3.898146
AGCQUDUCJRV0B,B00V50VSUU,4.3870344
ADUI5YISBG6Z4,B00LMIWFUW,3.6480038
A1WK64OV93G9TA,B00O6HCBNW,4.024124
A2PZA5XB74EIDB,B01G3UFLMM,4.5504208
AV6ORIR1JV86P,B00YAVNORQ,4.2775526
A2FCH654FN672F,B00RY4ZKZ0,4.043028
A1XLO4OQO7SF3Z,B00O8CFKKG,4.428157
A2UNMDJYXPEQZ3,B010GTEQ9K,4.25879
A7GZXYEZ2OMLQ,B00Q5OG0RM,4.5333185
A2BOKBB1IZA13L,B00HTJJST4,4.181155
A10JAUCIGVRW9F,B005CM1S02,4.428444
A24NC3WOFW7LHT,B00SXNYCU0,4.5333533
ADT3692HEYU4S,B00XIHMD2K,4.5348387
A369BMHORFPL0O,B018A8EDV0,4.517023
A16N88TMHMXX1F,B00LHDANFG,4.1886444
A2B9C3FMYW18UN,B01CT5K792,4.367428
ASR774IIR8VN7,B00BPTTFOW,4.1354866
A1HHSUAQDZ1XM6,B00K31DCD8,4.1374793
A36N7KTS8JMR4L,B00XB6M0OY,4.471628
A27OS7Z94VXCYF,B00TO2TRV8,3.8825333
AX59HEWTONQ1M,B005GHQ9IY,3.9036193
A1NL7G5VN45RDW,B01B0QXBA8,4.4946847
A1XKTJ1XLTWLCQ,B01D2CC1EU,3.672623
A7W8CXJOH3UNV,B010C0Y77O,4.32327
A1IE93W5OH9MGR,B01F5KX678,4.500574
AQ5HSBPNASYIG,B00TECTTFC,4.7537584
A1EPVSC849EI9R,B00P9RVW5G,3.987781
A326085M0DK10B,B00L2II2AY,4.23994
A1XJXYKOWCH9XT,B00FQAQQ9I,4.0499816
A296HV17AZ10V9,B00AXTM8G2,4.287141
ARF6JCH8L8ANV,B00Q5IJ55C,3.730304
A3BTRKXD03KC4F,B01B55MQ5K,4.3029633
A2GO4VWZWTL7ZC,B00MQ20P28,4.4368415
A8RL5L4BJTEMB,B00XIHMD2K,4.5348387
A3PVBW0TN46U8G,B01B5BR1KO,4.287715
ARWMPJN499ZJ,B00LZA6C88,4.5009937
A2M1QYOWLBGRHT,B00XLUEMYQ,4.200817
A83C3F4X0U3ZW,B004ZM8O3O,3.976618
A1NE9CRAQ0WUV,B019KNRPU0,4.165823
A7M73HAH815DM,B01CMYB5CI,4.500494
A2MEKYD68X8R8H,B016XFRQMA,4.1299653
A202A0SM6MHKMN,B00GUZ195O,4.229807
A219Y76LD1VP4N,B00LOTFY1Q,3.9893823
A27OS7Z94VXCYF,B00ICTUW6I,4.3865013
A11TXTVCFT246T,B00OGOBL3Q,4.456499
A1NE43T0OM6NNX,B006RNBI6O,4.169756
A6ZT9EZ49JTEL,B019LZJ5H8,4.1351523
A24KZL47I6CH4C,B00QQOX6LY,4.461439
A1LFIFPYMOJ8RV,B00VN6WJFO,4.3286304
AK3LIR1TVZFVZ,B00MQ00LEM,3.6205375
A139GUSKBRWPIT,B01CDN543O,4.742498
A3SJW9YR903G3,B00YN6XHMU,4.240859
AS68HOKD544K6,B01FB6YRH4,4.652873
A1UH21GLZTYYR5,B00INIXG66,4.2633977
AJ80WW1T5KJIC,B01324YJ8Y,4.1623807
A1LIFH8XF44LMI,B01DFJLD62,4.264065
A387F6OFDVEDZT,B00CW44YIQ,4.189872
A1F081M2MZFBQ3,B00TYV0WSG,4.457757
A3AM6MXENFRF3G,B00NLJHSQ6,3.9372256
AQ5HSBPNASYIG,B00KVQZSF0,4.488839
A3LH8IBNEFV1GZ,B01BN5LB7Q,4.2895613
A24PEXYGCID15Z,B00WBMKEII,3.9801962
A1LBXPSSVZVIM0,B00QNZGJVA,4.3300686
A26GE9ZG68SKIQ,B006R7FXFW,4.3998938
ALYI8YM90TPD1,B00CJV6N0Y,4.522716
A17EGVTXRDFTRS,B017ATNDY8,4.3585634
A2989UZHTNXKM9,B00RSQSZVU,4.3501644
A2ZJHEB8K8JZR3,B017ATNDY8,4.3585634
A3BPKT9STRWWQG,B019YNUPFI,4.0851336
A1K8LHF6NILUG3,B01GZ7IMJC,4.579377
A1NE9CRAQ0WUV,B01AAXMLVW,4.3252225
A2B42XZI4MXOLX,B015JQUCU2,4.4586487
A1VE539RO5061D,B01DN1BLKK,4.2601376
A10DX94ATZQEFG,B007PR34G8,4.2399673
AN5L4HOQ6ZZOP,B005G7ZFXY,4.1039352
A399P4ZD91MS1C,B00H62TMJA,4.436137
A3FO728397JFZP,B00SZDH08Y,4.5162144
A3VE7N2XUI8C3K,B00UJEGURO,4.252488
A3DQFF08361SM1,B0192UONPG,4.506852
A1CIS4LOWYGZGA,B007MIITQA,4.144979
ATZOHBDX5VNKJ,B00PUS8AEK,4.2490635
AUME0VNK7J2MP,B00QXFNP62,4.23842
A2N0V6GUH28XMN,B00KE8RLV4,4.3544617
A37Y75XN6SY5YL,B00BWZAC6E,4.2637863
A3QU0T2MAJ2VJM,B01CW54QN2,4.292946
A2BU8F7WVY26UA,B01DJWPF6Y,4.7444396
AZD488SA9QMYF,B00P8F4RL0,4.392239
A2MR87VMPFNFJ5,B00G8UKDQ2,4.5459266
AQ87G02DO56Z,B00RO7302W,4.0785303
AXX9S5UGOEZR9,B00H3HRWDQ,4.1990547
A26GE9ZG68SKIQ,B00LVD00H8,4.1547995
AWG9YC0S5ZXRQ,B01H62L5GW,4.2014008
A1V9310YS86T7M,B00TI0T5IQ,4.4296484
A30DNZQPIYZ6KX,B019KLR688,4.503977
A3QY3KER34QGCS,B00IKKZTPI,4.321404
A2ZJHEB8K8JZR3,B0165WFUKG,3.6913104
A3G31IWKH9ALT3,B00ZYX46P8,4.467004
AHMV0N47XOIMZ,B00CSBQ5YO,3.715715
A1NE9CRAQ0WUV,B015AF419U,4.716143
A2H44WVZS59KKT,B00R04OX3E,4.0459337
A6SR7U2PNGN0N,B00U9WZPFY,4.5255766
ASUZ2V9ZK5DXS,B01FOEQRNA,4.3074493
A2DIX1VZU1CNPW,B00LYD3TZU,4.1591043
AGT5F6R7R53LR,B00JS7CSVA,4.2211204
A26V5ROE0OZCDA,B00H8TBQCC,4.200762
A134C9GVEU5TQE,B00TOZ9EC2,4.631503
A2K057YIAJJQXS,B00X8SCJCS,4.0983677
A23SB7XAREYGF2,B00R0SMBXY,4.1920443
A287J5FTWL99W6,B01FKDKB96,4.3784876
A2B9C3FMYW18UN,B00UGEZ5EQ,4.328175
A2Y7B4AASUOXM,B00AVQAFKI,3.95262
A2OHRT539LLCUN,B00GBFJ1IA,4.154505
A2RO8I1XUKKUU7,B01C7NYWBK,4.468523
A3JTJ1E8NK7DH1,B00L0OKIT8,4.3970137
A1KRKONSKSM8FS,B0168RN7ZS,4.252884
A1XKTJ1XLTWLCQ,B00CNVVJ68,4.3250046
A0020356UF96ZV361ST,B00H6VZ0SS,4.5693283
A2B42XZI4MXOLX,B01A5CT9X6,4.323148
A3OA2NNV9REWOU,B00DLSTT9Q,4.3482647
A2EGLWRK7PCDYH,B00HTJJST4,4.181155
A3T5H007CVA99X,B0122DECEW,4.684231
A3CYA250L0DABZ,B00OJFOI1O,4.2059464
A1I96OYAUJ3HQE,B01F2WTGFK,4.5502186
AG63N054UPJH2,B0057QO8Q4,4.0999274
A2RWL2UG5PAFAZ,B015BH04E8,4.4671316
A39CVMK2ZKEIK2,B01C1VAR5S,3.6094162
A35M5NTEVHKVB,B00O7WX2WA,4.2993135
AJL59IEBNETQ8,B01A1E8WO0,4.1920385
AST0YDHJJR65Q,B00C0D2MAQ,4.2088423
A17EGVTXRDFTRS,B00J3GS5O0,4.194621
A1KRKONSKSM8FS,B01DH0L20G,4.663507
A2VTPPOUWOT9AB,B00NZGCO6O,4.148947
A3JHMDPDDFUSLV,B00JTDZ1YE,4.0753126
AV6ORIR1JV86P,B00R6K0JM6,4.2728953
A3L8F13NKUQHQ1,B01EDDUAFE,4.2232656
A1CLGNWRCE4QKB,B00K7T1BW0,4.2187653
A3SQGNV2O7WZEP,B00XAGLZWS,4.381665
A26V5ROE0OZCDA,B01HCB4LFE,4.213771
AQ87G02DO56Z,B00CCVVKMW,4.256653
A2KVGS0V3LJKA3,B00XGIEM52,4.319803
A1FEZ774RWJOU,B004WSQNBG,4.032074
A1FAJ6G0KD5ASM,B00V5T9A38,4.2283154
A3QGQPGW6PSY46,B014HMUXUI,4.6991296
A238ZC3TQJC8V8,B01D24C6VQ,4.0168023
AXMNLUJHA9RG7,B01BN5LB7Q,4.2895613
A504UK7D094HT,B00NY7PPCY,4.216935
AHFKFSBQJGO0R,B01DP92DG6,4.3126583
A2QM4ZF6N1SI4S,B010W5GLWI,4.4392834
A2JFYV4GVIMPCQ,B00N1BXC8C,4.4731436
AMUH4FGZCFJFF,B00Q6YLPJ4,3.8714359
A23SB7XAREYGF2,B0050YUL0A,4.038044
A10AWAE0F6CAP1,B014LZJVAE,4.110867
A1Q3SVFIAWX5YN,B018CLWNS0,4.1651278
A2HZ6MGQ6TPNO0,B014HI58O8,4.6166706
A2SHWMWTXZLIR9,B01BJXQMW6,4.659284
A29V7E1TFYXKJ,B00L6O5EWI,4.161298
A1XRE1S3BLHK3X,B01CEUZT8G,4.537964
AX0ZTNX6KVJ40,B018KVO970,3.9044058
A1LEP3FM28J5RB,B00HVJNAXC,4.2174406
A18EEC1ENOT9YN,B00ZOL1DRO,4.15654
A31M3IJI2UTC4Z,B00LKNP8DU,4.1841164
A1DM1NR2C770LX,B00NWR78L2,4.0258055
A3LNU5OKNIZV21,B0092PUTZK,4.652091
A2NDDUI5L26D3Q,B00OE67LVW,4.201686
A2CRXKJCP51LQK,B001BXNQ2O,4.250952
A1UH603GXL3ER2,B007Z4WSOK,4.395623
A281NPSIMI1C2R,B00SEOFREI,4.698555
ABGK3RNJSLQ38,B004W9BX7Y,4.15441
A2AGAA1B2ORZW0,B00X8SCJCS,4.0983677
A30V9M9DZW8SFU,B01B5BR1KO,4.287715
A2MR87VMPFNFJ5,B00TZ8TK54,4.1137667
A2OAWG4ETZ7MQD,B00ROILZ4Q,3.9486036
A2M1PNKPRUCQYL,B019VTO2P4,4.4101596
A3DJ1IVSPDTMW5,B013QFWB7K,4.207039
A3N9UT7F50XA6L,B01F2EXCF8,4.0497828
A1HLSH6U9OL29L,B013FJACFU,4.593548
A2RYT2UPEQXUAV,B00ECBS5OQ,4.213947
A3QMGINSU2LNTI,B016WQR86Y,4.5532246
A1CPMEH6MMCRRZ,B01B3TZYMA,4.2532816
A1II0RYMSPUJLK,B00INIXG66,4.2633977
A6ZT9EZ49JTEL,B01A03HKFE,4.347871
A6ZT9EZ49JTEL,B00HWI04XQ,3.8769293
A152EA7ZPCA1Q8,B015Y80IGS,4.1756763
A1G7VXXXLTJX9R,B00JUENQN0,4.283001
A3KXFW4C4RFNQS,B01864DDVO,3.6760862
A24NC3WOFW7LHT,B00MX7NP1Y,4.138651
A11N6ZJPEMVHYJ,B01ACB72TS,4.355898
A28U98HYYE5DR1,B00DRFQRIO,4.2311697
A3R3Q8YO6VB0N8,B018496LH4,4.263905
A3A44JIMIWYFIE,B01G9F1ED6,4.5154138
A36I3CE9A5LP9N,B01CRA0U2S,4.294492
A39ZYWIQBFN97Y,B01FRK7VO0,4.565757
A2KUR0ZBNV17AA,B00HRGXNQS,4.1830044
A3G7QPDLX3SDV0,B01B3G5Q8K,4.060535
A3UV7BV3U6NA57,B016OR83AG,4.0321
A26YRCLOTDIL0P,B006JDEK0I,4.2545314
A3HTBON5N1JCFE,B007Z4WSOK,4.395623
A1RRMF5XW5NZDD,B00VTY1WNA,4.483285
AJILFNF25WNUQ,B00QIQNWXW,4.2111225
AGMQ9C1XHNL00,B01BJXQMW6,4.659284
A2YF0QVNVT7ZI8,B0134EZGY8,4.335543
A3KFTHKGVC63SL,B016YIRT9Q,4.4155364
AX6RWLTHRQR7,B00C2WDD5I,3.8205428
A2MEKYD68X8R8H,B00GJEDKHQ,4.173422
A1E29AF1LT9N6S,B00QI8BV9W,3.975839
A238ZC3TQJC8V8,B016L3NOIE,4.303943
A1CLGNWRCE4QKB,B019YNUQ0M,4.0868587
A2RCOVCHY5RQN,B00TWEMG5M,4.028822
A2BOKBB1IZA13L,B00LE4Q370,4.2099323
A1ZV5XBKG7RVZU,B014VPZHCU,4.393537
A2HZ6MGQ6TPNO0,B00QSE28XO,4.062688
A11TAGIXNN10QJ,B00LEWYNXS,3.8941464
A3E4H5A1X8NJRR,B00XLS3FIW,4.220483
A10AWAE0F6CAP1,B016HFRV3A,4.2158566
ALPIN1ZX8B41M,B00GNQW24W,4.1450977
A2LAII96I1O1IY,B005QYXU1G,4.0407486
AUJKYWUK14BZ2,B00OKI1JNU,3.6885521
A2V06QC9Y4ZL0E,B01H5MF0JG,4.2748995
A2W4IP12GM8NMS,B00OM8OBJW,3.6758616
A8YJFGILC2W38,B00ON8JVP0,4.211131
A1XJZCJTQFEU8D,B00MQNEQ7C,3.51471
A1OKS5Q1HD8WQC,B00E5UJAIO,4.137059
A369BMHORFPL0O,B00CGIEP00,4.154374
A296HV17AZ10V9,B00Q6YLPJ4,3.8714359
A3H7J5POTR9TZW,B00JCFMXHW,4.7109537
A2KMV056844YV2,B00SWBZQSA,4.3236337
A3FCTV8S9RM34G,B00R8EKHVS,4.0545387
A1TWV867HVZ60,B00K5YPHDQ,4.3999987
A1D7CDK7HS68NP,B00YN6XHMU,4.240859
A36N7KTS8JMR4L,B00IX2YORW,4.4089866
A2XIP6NWN0J2QC,B01EB1AHCE,4.514531
A3QY3KER34QGCS,B01GGNXFEW,4.460328
A11B4CZH8ZB9QQ,B00BD63EIK,4.0465527
AGGDI4VWPPZ6J,B00L2F5P02,4.1694994
A2XKX5TBB6WV00,B014VPZHCU,4.393537
A73IK4VT0XZS6,B00E37365C,3.682824
A2YF0QVNVT7ZI8,B00M3GWXHW,4.4317265
ANXBIU1HP7BJD,B00PD8LQ6G,4.3279634
A2X6LA6IS2C32K,B016WNZI78,4.247159
A3CMIEYL0TJLC2,B00VF1NZFU,4.1960306
A2S5EPJ451WL3I,B00UJEGURO,4.252488
AXVDFGI9OEIVK,B018RKHYMQ,4.3612432
A1UH603GXL3ER2,B01HCB4LFE,4.213771
AU6XF9GE5FTWK,B01BQ00CAA,4.435833
A3A44JIMIWYFIE,B00R5219XI,4.1614943
A1YZCADBVKWC9X,B00SJ7LQ9K,4.0312843
A1B5MN8PY0JIJQ,B01DJCULZ4,4.259406
A3IQ0P3M39IY8U,B00YDXJ74K,4.204068
A1KP314KHCR7AF,B00KNGAX0I,4.5393887
A222WQ9VGVPSR5,B00JZWDC9K,4.532112
A235UMRMGXAS15,B01GLZ0V6K,4.292982
A3BMLG97SSIKN3,B01EJ2BV0W,4.2751136
A3Q9NLTF7JA3ZD,B0104OFHEK,4.058444
A2JBZWC5IY0AMG,B00OAN88H0,4.1657248
AT8UBQ1GJ5TX,B01783W2SE,4.433943
A3V9J8I5FHAH19,B00XTEMJR6,4.0515213
A31CZW8SHN9PTX,B018DK6LM4,3.973683
A2UAPFRQOHUFS4,B016XBDENO,3.9446654
A137UEIU93IFEF,B00GIZYMVY,4.072728
AUJKYWUK14BZ2,B016PKYGGC,4.4716997
A1H10L6S9KZB2C,B01BO8423M,3.9496753
A2KVGS0V3LJKA3,B00MT3H1VC,4.309306
A3T5H007CVA99X,B018496LH4,4.263905
AXOY11IDEONHE,B00N05R39I,4.464268
ATZOHBDX5VNKJ,B01AZQIXWU,4.0466194
ANEZJAUOG31MG,B01FKDKB96,4.3784876
A19T1A4TS1WHOZ,B00CLYSN4I,4.192998
A2MEKYD68X8R8H,B019E5Y462,4.3849473
A3G7QPDLX3SDV0,B00K9W0F9A,3.6367471
AQR5TV897ZGKZ,B00ZOL1DRO,4.15654
ABNZCEB0CF7MP,B01BHE3H1G,4.385314
A10JAUCIGVRW9F,B019JNY9GO,4.329979
A2NC35OEWK4HE9,B00QDHXL5A,3.565692
A1NE9CRAQ0WUV,B00CRFHJAA,4.1126294
A2MEKYD68X8R8H,B014JSBJJ4,4.4276285
A3Q4VT0R8O8RSE,B00XRRAWYM,3.5140398
A2LAII96I1O1IY,B00NLJHSQ6,3.9372256
A1LYT31WSI9NVL,B018BYUPVA,4.2469807
AJ571UKWCC3CC,B01H8JWYIQ,4.244854
A3A7FF87LEVCQ1,B004OA5ZTS,3.917256
A3S3QIR1UTAGY4,B00LKNP8DU,4.1841164
AF85CAX5BR5IM,B00NXXB4RO,4.482399
ADJDLDM5Y69VJ,B00VQNZ0JQ,4.490345
A3H38968JZF6VK,B006U1N37U,4.1018105
A3ULETCKQMVG7N,B00Y3I7QJS,4.307416
AAZ73E56LMN7V,B00AR8TPFQ,3.888408
A10PIB0GJZQHJA,B00629ZTOU,4.39832
A2QEVQMB8B08UQ,B00SSEVZBS,4.209242
A2CDMT445133LY,B0153Y1LO6,4.5655155
A253ZKSZTAZ8W7,B00NC0LECI,4.2082214
A504UK7D094HT,B00D2Y3BFC,4.3462057
A3FA93L7JWESR,B00NYISFXY,4.175234
A3SZPKNV5IU75I,B01BCUPTT8,4.2293563
A2SHWMWTXZLIR9,B00NDTUAB4,3.5668228
A12K5Y2SEANYW0,B019KNRPU0,4.165823
AQ87G02DO56Z,B01GP58FSC,4.5329866
A1B6OVQ8B44NVY,B00CCVVKMW,4.256653
A1KLWQKML2HIXU,B00MQ2NPYS,4.035467
ASB1KGGZA76LZ,B00CNTTUWA,4.4093056
A2YF0QVNVT7ZI8,B00L2CNSL8,3.8046165
A1KQJLBDF2OEMD,B007YIZ2YA,4.4008555
A2NDDUI5L26D3Q,B01GUHZYPC,4.0940847
A3C713428J4MJ7,B01EYW7KHU,4.096322
A2UJTG9XC4KISL,B01B3LJZAA,4.5093784
A2JXEE4LIKY4AO,B005CM1S02,4.428444
AH2N51PLM06H5,B00AP6YRFS,4.2788363
A2PJCE1T0AXDD3,B00U1X88OQ,4.3598766
A15VZ8KA1KH8ES,B01BXS83ME,4.304982
A3MT311233OHMQ,B005USIO78,4.2104464
A2TLU5ODLGESZ6,B00M8ERQ0S,4.1578984
A3FWAT2EKO9FRE,B01CXDL0NW,4.5192723
A7GZXYEZ2OMLQ,B00N4Y4726,4.3870544
A1ACUN6A2LYVMW,B0184SY5IM,4.26085
A10JAUCIGVRW9F,B00C7W5GXA,4.375142
A1TWV867HVZ60,B00P4GJCL8,3.8997843
A11N6ZJPEMVHYJ,B01E4AF6VO,4.2434783
A10RH00JS3DUX0,B00ING5PN0,3.9388158
A22B7J3YC4623X,B01F0GEP8Q,4.192459
AHMV0N47XOIMZ,B01835JNDI,4.55486
A73IK4VT0XZS6,B00N9RT7RS,4.5297813
A7W8CXJOH3UNV,B010W9HEUW,4.692181
A387F6OFDVEDZT,B00L8A3BMK,4.014884
A2JJ1DXY0F6355,B015WOU89Q,4.565753
AT8FSIABOPFMJ,B01F483E64,4.512768
A1IFWIZ62O12OT,B00BELOQMW,4.177361
A2V5HEEE7YLXMI,B01A3H9YOC,4.244812
A1B871BGSYX0F1,B00QU63A9Q,4.155406
A1OC44Q6V9TT0G,B01867IG7W,4.45978
A35SD76E2TSGP9,B018CHA4GM,4.2702036
A190TSUIRJIFUK,B01C8RR9DS,4.2024508
A39CVMK2ZKEIK2,B01EAYV5P0,4.172594
ANGFLFA0OBKJ4,B01D9JB7DW,4.3170347
A1G7VXXXLTJX9R,B00ILX9WC0,4.2111483
A1E29AF1LT9N6S,B00D6GDY1W,4.0771422
A3BPKT9STRWWQG,B01ACB72TS,4.355898
A5I6VGSYW7U8L,B01BTHWXF2,4.225896
ABNZCEB0CF7MP,B00OO65H90,4.3172545
A13LERNQ8R7267,B01B7AKSOY,4.336956
A3M1104X8EN9O,B00UC54ACM,3.5677524
AO8U1SQNTNFRI,B013KWCLA6,4.221463
A3J9BHGK55ZPJO,B0161EFLCK,3.6289895
ATQMBEXNQ3XH8,B00ASP8XNS,3.588889
A1NQQU8O1ZYJP3,B00ECJ1IKG,4.461402
A2XPDUGXNGGRAI,B00BLOI13C,3.9593327
A26V5ROE0OZCDA,B0138OGR6K,4.1294737
AF85CAX5BR5IM,B00KLGZ27Y,4.308684
AP0MMULH95T9W,B005SZ171I,4.233487
A2QROW66DKI83,B01GOXFBBY,4.553236
A2PF014MHWXCT5,B019LOFJE2,4.309869
A3OQ0WU2ZHM5J6,B00LDHTZLO,4.0861635
A3J5KG672GNB99,B015V0AKSK,4.309021
A296HV17AZ10V9,B01EMF4FXG,4.3233423
A3MP7EPOWO191I,B01H97YHF0,4.466068
A18DJEO7J45AP8,B004I8WPTY,4.6122093
AM9YOCRU10IXW,B00BEOYH0U,4.0971537
A1H10L6S9KZB2C,B00R0PZEEK,4.2587667
A63YNBWLO7V18,B01DO75D20,4.3987336
ANEZJAUOG31MG,B01HHJZ3EO,4.1893435
A29EXAHFTXKD7W,B01AL57X94,4.2148104
AHMV0N47XOIMZ,B008SGZOL8,4.052518
A1SH6H9ZY9AJV9,B00GJCNLWC,4.2318926
ATQMBEXNQ3XH8,B00QVNQYIM,4.071801
A30V9M9DZW8SFU,B00G3W5K9K,3.9994016
A3TC60MGLW1I76,B00M8QQMC4,4.0253763
A1K4S4MWXI9E9M,B01D1UVNEM,4.318825
A38VSUHB9RAWYT,B00U2R3T2W,4.3082724
A3IY9IIH8P3UU0,B00R1XYQYA,3.8746483
A166K6TJTPDX8K,B01H2II39C,4.1986103
A2F1UD4JDHKMTA,B00PG9DBMO,4.150424
A3JXBWCYZ9HVXL,B00MP7GH94,4.4677687
A2BOKBB1IZA13L,B00O72888S,4.128422
AAIDLB38IY7R6,B005LOPNUW,4.5748553
A1KLWQKML2HIXU,B018E4EOO6,4.485094
A10C3068FTNIOC,B005Y2MYNK,4.207407
A2C7W167DVNUKH,B01767Q4X6,4.0587273
A20YJJIVUMR5J3,B00PCUMV6E,4.4793034
A2XRKQZA534EWO,B01E80V4WU,4.488377
A414YEU57FUHJ,B00OGKNBX8,3.584099
A2F1UD4JDHKMTA,B00Y9M77YC,4.7259436
A1F5V3LKI7PCUF,B01GPEDC3G,4.227832
A1B5MN8PY0JIJQ,B00I1IYKQ8,3.9249284
ALPIN1ZX8B41M,B011LZ02Q4,4.366764
A2Q3YUL3Y6TPD3,B00M3Q6O40,4.082939
A1DM1NR2C770LX,B00U6GJV3K,4.248595
A39QT73HHEF3B,B01F2WTGFK,4.5502186
A2S5EPJ451WL3I,B00TP4X5CM,4.2087555
A3QY3KER34QGCS,B00BH68UCG,4.091996
A2UVR7N8WC5GYY,B01H0WI9QC,4.6525717
A8RL5L4BJTEMB,B01B5BR1KO,4.287715
A1IE93W5OH9MGR,B00BMU2VEK,4.298354
A1NQQU8O1ZYJP3,B00O89MP5M,3.8681326
A1ZDSAPOGRGBJI,B013X96TL8,4.614275
A31CZW8SHN9PTX,B00RNFI81S,4.5396996
A2JPS7EMNFKXOV,B00OV9EXLS,4.142045
A1NE9CRAQ0WUV,B00KABM15Q,3.7176993
A3E1OKXRVUNNU1,B01ATXXTLE,4.3192525
AC0CW3OQUS1ZJ,B00S4D0PDW,4.10083
A23Y4UGTFDMZOP,B00EEPZHI2,4.2213545
A3R74060ZMG3S5,B00O26GDSQ,4.2116632
AJJXFL8ZNBC4D,B00MEPPIRO,4.7164235
A3CYA250L0DABZ,B01E46BFJU,4.120128
ABZ1AET0LHVQ1,B012FAXT0U,4.609582
A30V9M9DZW8SFU,B00TOZ9EC2,4.631503
AL4D6OHMS2Z9P,B017EGZHFA,4.4384937
A29QO6X2VCR4GZ,B0188OGJXQ,4.0187283
A26YRCLOTDIL0P,B00507TKCW,4.1063604
A183DRUR0UACQ4,B00HWI04XQ,3.8769293
A3A8C4YUE598A7,B00FITGVIS,4.3107996
A3EI5NSXXCXQY5,B01GQW4UQ0,4.508789
A3KIA7199DNI2H,B015AF419U,4.716143
AGIFTDAFJEXVA,B00NYISFXY,4.175234
AKUUA047BFUA7,B00QU06V2K,3.7644362
A1CLGNWRCE4QKB,B00AXTM8G2,4.287141
A2VXSQHJWZAQGY,B01BO8423M,3.9496753
A1RD1NM0602OQO,B00GSF4Z20,4.166233
A2PF014MHWXCT5,B01BHE3H1G,4.385314
A2B9C3FMYW18UN,B00ZQMLJMK,3.9585745
AAIDLB38IY7R6,B00G9FJ6BY,4.2185307
A2DD8D4Y1UMJ2C,B005NTW8SU,4.193693
A2I0ZBZOWPP756,B01D1UVNEM,4.318825
A24ETSYVDJB5D3,B017TGR4O2,4.3102255
A2C7W167DVNUKH,B00VO2WDZI,4.4050665
A253ZKSZTAZ8W7,B00AVQAFKI,3.95262
A1H35RNPTPP9RI,B00LMGLXUC,4.132083
A2JXEE4LIKY4AO,B013R6F8CS,4.476671
A2JPS7EMNFKXOV,B0149IDQV8,4.3886395
A2Y7B4AASUOXM,B00OYWP6G8,4.6710567
A3QY3KER34QGCS,B004VF69LY,4.2952986
A31JVB1Y1HXN5I,B01ELQDLKY,4.5914598
A30LFCOZC5E2LK,B00K4C45PA,4.4069114
A1E1YE0R2EELCU,B01HCB4LAO,4.3663197
A1F41PH89SL6JB,B015GEUFCW,4.322652
A1LIFH8XF44LMI,B01AX0BMVC,4.245689
AGV7AZJ7ZBLUL,B00BOVLVCU,4.4278464
ABNZCEB0CF7MP,B00SJ7LQ9K,4.0312843
ASR774IIR8VN7,B00S4D0PDW,4.10083
A19MQI49YCA5SK,B01H4NVSOC,3.9776695
A1WVORERMA7G18,B00DO5DAPK,4.187981
A1CV6PASVMUEE8,B00F5FBRD4,3.9782562
A2ON53GR80JS8S,B00MVHBCI4,4.099395
A2SHWMWTXZLIR9,B00F3L4KIE,4.4178753
A2K6LYCNBPLW6D,B01C4IAK5U,4.2578096
A287J5FTWL99W6,B005C5YZ86,4.0681944
A142HAT43L5W4W,B00V8CETHO,4.241821
A2YF0QVNVT7ZI8,B00NN2FDLI,4.315875
A1NPM2IW3DLO3F,B00A8S22OQ,4.1003103
A3JTJ1E8NK7DH1,B00A9FYVXS,4.194647
A3SZPKNV5IU75I,B012YHT12E,3.8273253
A387F6OFDVEDZT,B00P8DE7YY,4.509017
A3N9UT7F50XA6L,B0184BHNIS,4.216941
AAZ73E56LMN7V,B0127HOQI0,4.2838726
A3UPR43PSDG0TS,B00PHV4KM6,4.2983117
A25UO1J9IM3R5Q,B018OIL6QQ,4.7253327
A2B42XZI4MXOLX,B00E2PSL7I,4.2363124
A3PVBW0TN46U8G,B01B9XNJP4,4.3994923
AJNVLN50MZSFU,B00S5JROJ8,4.4842725
A1KP314KHCR7AF,B018IYY2V2,4.2154274
A2ZUMHFY3XJ8DT,B01CIDR8N8,4.0539846
ASBPYQG2VG0BO,B01EVT1E6O,4.487828
A2OAWG4ETZ7MQD,B00FE69CGI,4.3547096
A1VO1ADR2KEWM0,B01E46BFJU,4.120128
A3H1TO48SUIM54,B01B3G5X8I,4.049145
A2ZJHEB8K8JZR3,B01BYGNF64,4.232252
A3QU0T2MAJ2VJM,B01EBXU2TK,4.3137264
A8YJFGILC2W38,B00KW3LLA8,3.4618616
AF85CAX5BR5IM,B00E6QFG80,4.1116076
AEBFEWGBBK2C,B01EIB8K9E,4.5489483
A1JS39D0NHVT3S,B00P2S4YKC,4.323448
A1ZPW21ZBSDZ10,B01DL6EQC2,4.704645
AJYEWC922WUNC,B01324YJ8Y,4.1623807
A140YR7GSCZG4,B00IPOCDXU,4.2734127
A10ED33F8VY4GU,B00C5HYEY4,3.6160378
A3KBRXW4PKK2MT,B00HFUAODQ,3.989474
A37G8WNF7DGY6M,B006R7FXFW,4.3998938
ASUZ2V9ZK5DXS,B00U2R3T2W,4.3082724
A3K9T5J5GDAZUL,B012TE6QVG,4.1747
A18EEC1ENOT9YN,B00DVWRDN6,4.31718
AX2OKB7GR55FZ,B00AJUVJN8,4.16658
AHMV0N47XOIMZ,B00SWAXORQ,4.0595236
A3G1XMJZC77GDB,B00BFQ7AV0,3.9435914
APU63TQU832SF,B01EMF4FXG,4.3233423
AKUUA047BFUA7,B007PPJOGO,4.1684513
A3H38968JZF6VK,B015GEUFCW,4.322652
A1DJY8WVWPJ2H8,B00BLOI13C,3.9593327
A1DJY8WVWPJ2H8,B019E9VZG0,4.5176177
A2Q439D72KOQME,B00AOS6Y26,3.9443336
A1HHSUAQDZ1XM6,B00XZJ30FU,4.1944504
A20GAMHTCUBCDT,B00FD5HCC6,4.4348507
A296HV17AZ10V9,B00OJCC440,4.2724786
A253ZKSZTAZ8W7,B0157GPPEM,4.040888
A1UPHTDW5GM12T,B016WPT10G,4.41644
A26GE9ZG68SKIQ,B00VO86O7K,4.563565
A1DJY8WVWPJ2H8,B01A5CT9X6,4.323148
AQFF452SVDF48,B00Z7Z2A6A,4.049224
A2K3C9H73QW8NK,B00S5HPW6C,4.2691126
A1GJ58TW0XTTVX,B00NYISFXY,4.175234
A30V9M9DZW8SFU,B010189NMG,4.4362054
AK3LIR1TVZFVZ,B019VTO2P4,4.4101596
A10JAUCIGVRW9F,B005TUBRW6,4.363534
A287J5FTWL99W6,B016X07L2U,4.6532526
A20TNX5CMJI4X1,B008GWOGXG,3.7103155
A18EEC1ENOT9YN,B0088GCUHY,4.60678
A1RUGOMYCF8NF4,B00MRGW2EC,4.2943435
A3JONP3MGSSP0F,B01DGXSHRK,4.243578
A3QKOFJ91Y3MFI,B01GEKTEY2,4.4034405
A2I4SQOSEF7WH5,B0174PRHP4,4.250824
A37VK00KNVVICE,B01BZ5AB16,3.9635158
A7GZXYEZ2OMLQ,B009LNKB4C,4.083721
A5UM17P1E7DUQ,B0073XIROS,4.3958473
A3QU0T2MAJ2VJM,B018COSNP4,4.582302
A37Y75XN6SY5YL,B01FG70S4E,4.793741
A2PQ680TRW8JFG,B00RZT2U5W,4.3742237
AGA6C1UQDNQ1P,B00GRAZD3G,4.373477
A2Z3DQ7P9JYRLG,B00IFEMVHI,4.4905996
A29QO6X2VCR4GZ,B010W9HEUW,4.692181
A3U6Y3GD1A6PXJ,B01EW6DERI,4.2660418
A1X87IHRK15RBU,B016G5T1CA,4.232016
A2UAPFRQOHUFS4,B00N05R39I,4.464268
A3RR4H0D4L9HYN,B01D1ZKSB6,4.8171577
A1F41PH89SL6JB,B00VQJHHRI,3.9147418
A2PZA5XB74EIDB,B01GZ070A6,4.140684
A2HHKA7X5A68KE,B01CDQK0CG,4.414507
A2PF014MHWXCT5,B00J8UD1OK,4.29436
A207DSPQQWFW6T,B00SPA1Z5Q,4.0597587
A1I0I8PI1DWHBR,B01DI63EEG,4.3144436
A2EGLWRK7PCDYH,B01AMCFBFY,4.5561237
A23ID71VXIBR8T,B01G3UFLMM,4.5504208
A1L9DJQ5BS13S9,B019LOFJE2,4.309869
A2KE2O5C2XMXGE,B00SPVZBL4,3.7728906
A28REJAM6899K8,B00CKAOIRY,4.2085056
A10IOT56F4GM85,B01H173RSQ,4.534787
A11B4CZH8ZB9QQ,B00TIQ3WHA,4.136983
A2MK1L1Y74WTWH,B01CMK63A6,4.586192
AH85UZ876V6OW,B00HBJ693U,3.5926495
A3B6PBWQBQNHQT,B00ET7Q4OG,4.110421
A36MPD6ZBXBLUS,B00KXGNK7G,4.538805
A1FHWVQ0ZMFFQK,B013VDLXY4,4.471534
A1HWG5486TTBNP,B010K2B87G,4.2483916
A2BOKBB1IZA13L,B00TP4X5CM,4.2087555
AVTN1DZPKSY8I,B01GDCDGL8,4.550726
A2YRWWZ73A46MF,B01B3TZYMA,4.2532816
A2B9C3FMYW18UN,B0134EZGY8,4.335543
A1XM0L6XTZQAQ3,B01GBW546U,4.369377
A1PSGA348YRV67,B00R298H3O,3.6909018
A3S3QIR1UTAGY4,B010R623CY,4.484413
A18EEC1ENOT9YN,B00HMXLW9Q,4.4789534
A3BTRKXD03KC4F,B01A5OVNQA,4.565398
A3JTJ1E8NK7DH1,B00NLZ02Z4,4.4043565
ASR774IIR8VN7,B017GQDZWU,4.322503
A1JLU5H1CCENWX,B01H5MF0JG,4.2748995
A1K4S4MWXI9E9M,B01645ZYZU,4.309408
A23B9YR9W29YUQ,B01G7Q908I,4.515848
A1HHSUAQDZ1XM6,B00HBX7DD6,4.147192
ACGMOUFXV2VM8,B01E80V4WU,4.488377
A1GXJZGFR0BPJH,B01GI4BSC0,4.194585
A245T0V8KVTV45,B005UGMC78,3.9213767
A83C3F4X0U3ZW,B00CO6DD4I,3.9691768
A3SZPKNV5IU75I,B01BW83B72,4.40767
AF85CAX5BR5IM,B0184SY5IM,4.26085
A19MQI49YCA5SK,B00MXL10A8,4.3994284
AITGGF9MX4L86,B01AJCEP0Y,3.9357417
A27OS7Z94VXCYF,B00OAJUEW6,4.342905
A5KRI5P7KR7SK,B00FW6WKUA,4.407322
ANXBIU1HP7BJD,B013KWCLA6,4.221463
ARACFU5SUPKC2,B00QMEK3GE,3.5662615
A6SR7U2PNGN0N,B0104OFHEK,4.058444
A39N24TTLP6I48,B00NLO7O38,4.0509825
A374B6RGLIYWMU,B012LB9KDI,4.425123
A26V5ROE0OZCDA,B0130LQWBG,4.387786
A2O8R1A83EROU0,B00UCANMJO,4.301533
A2F2878HE7XOM9,B00PG3NQBQ,4.286933
A22FAHV2R6BUVR,B00OHNCCYI,4.0748863
A7GZXYEZ2OMLQ,B00UVPG8F0,3.9251878
A15Q5MVRVBMKW7,B00SZ35DB0,4.372463
A27OS7Z94VXCYF,B00NRZAFA0,3.9344928
A3T5H007CVA99X,B00NDEXI0O,4.216324
A3OA2NNV9REWOU,B00NGR7NEK,4.4577513
A1NE9CRAQ0WUV,B005PII040,3.6784403
A1FWLM5208ESO4,B00DCQKH66,3.983267
A16TE56LP5NUL5,B00ALG6UW0,4.1751757
A10PIB0GJZQHJA,B00W891R26,4.110544
A3J9BHGK55ZPJO,B00IZODKWS,4.363345
A3CYA250L0DABZ,B00ECBS5OQ,4.213947
ASR774IIR8VN7,B01EJ2BV0W,4.2751136
A3ULETCKQMVG7N,B01FSDI7H6,4.229476
A37VK00KNVVICE,B00TO2TRV8,3.8825333
A3L8F13NKUQHQ1,B00ET7Q4OG,4.110421
AYDMB9RBJMTBR,B00R7HDLAU,4.429069
A3R3Q8YO6VB0N8,B00SEFGTYO,4.518217
A37Q71Z1BE6V9,B018SCGDWK,4.543812
A3V9J8I5FHAH19,B016APTJ1O,4.4566126
AY17DZYGNYJ0L,B00R1XYQYA,3.8746483
A2WQZ6RF0O4XER,B013L4T8Y0,4.6136866
A10PIB0GJZQHJA,B00JGD7SAW,4.4729443
A2TX3PH7TXFRE9,B00MTWSA6S,3.6769474
A1GXJZGFR0BPJH,B00DPNS95M,4.404503
A3J5XVO97ZC4B2,B00M5EHGZQ,4.282185
A3ES0XIED7769J,B00ZJ5YDW2,4.255764
A1W48IWJ8A610S,B00L6YJ6AE,4.534391
A2R56AF2E63IC1,B00YQBSEKW,4.1145344
A18EEC1ENOT9YN,B00T4Y7HGS,4.193247
AK3LIR1TVZFVZ,B00P9QXW1E,4.3750095
A1JMSX54DO3LOP,B010K7B5E2,4.6627483
A31G4MNGZNYSZI,B00TWUUBUI,4.397121
AKZH6MEXHWGLD,B00CQYAVRK,4.4150057
A139GUSKBRWPIT,B01AYPQCY8,3.938061
A3H1TO48SUIM54,B00BFQDDZ2,4.403146
A3CLBL9B7WL02W,B01BXGMTEY,4.2931833
A2C7W167DVNUKH,B00B9I1M5O,4.277862
A2G1P9M0BN9BQJ,B00ES2GX3O,4.333065
ADUI5YISBG6Z4,B00BLOI13C,3.9593327
A1WHWFGNKP3CIO,B010MFE5YY,4.3025665
A3MT311233OHMQ,B00TOZ9EC2,4.631503
A2B42XZI4MXOLX,B00NOCBDQG,4.5176325
A2PF014MHWXCT5,B013XSTZI8,4.3916025
A1QSFXF6OOUDJN,B01D4RY4B6,4.2162066
A2S5V6QOOK133F,B00JJBPSZS,4.4507923
A2DD8D4Y1UMJ2C,B00DSAJ7JO,3.7016838
A242RIARZU44TF,B01GZ070A6,4.140684
A2FJLSKL2IZSHC,B01DJTWN0S,4.017645
A2Z3DQ7P9JYRLG,B00JCFMXHW,4.7109537
A31CZW8SHN9PTX,B00GZR2NZC,3.8890646
A1XMFCMIANCQRW,B012FAXT0U,4.609582
A3VQMP3ACL1KHH,B013Q700KS,4.3736534
A2PJCE1T0AXDD3,B00FCNI42G,4.5646043
A2RQ5IRWRU0TVO,B01ATF41UA,4.547551
AQ87G02DO56Z,B01C8RR9DS,4.2024508
ANEZJAUOG31MG,B00MJHKVR4,4.216935
A31R64J645RAC6,B01B5BR1KO,4.287715
A30D1QLJZ51Q2S,B00HQ4UWJW,4.050288
A3ES0XIED7769J,B01F0MF6KQ,4.58941
A222WQ9VGVPSR5,B01DH0L20G,4.663507
A3MP7EPOWO191I,B00K5Y8BCK,4.083468
A1XRE1S3BLHK3X,B00CLX3CRC,4.4842978
A7GZXYEZ2OMLQ,B00M0DQIEC,4.278738
A19LXU1TT72OKX,B01EW6DERI,4.2660418
A3M3W5GV0HIQK4,B01BSN14HK,3.7677362
A3MJT1B2NVRPDL,B01D3H7LYO,4.2335796
A3O87C6H0GCWHA,B01DWW6H6I,4.565502
A1CLGNWRCE4QKB,B00WBMKEII,3.9801962
A2Q439D72KOQME,B01CMK5YA6,3.965902
A2GO4VWZWTL7ZC,B00N7K1BB2,4.300407
A2BEDL4QXLEE3S,B01EKIELGG,4.143767
A2S5EPJ451WL3I,B00N0VI2OM,3.952393
A18LI83Q1F5DKU,B01FRQ4Z8E,4.5317097
A2XKX5TBB6WV00,B01B6WT11Y,4.1922865
A244C0ORREA3N5,B00629ZTOU,4.39832
A2LAII96I1O1IY,B00OAJUEW6,4.342905
A2DZUQQXPNUGI7,B00MVK5RIW,4.5178537
A18EEC1ENOT9YN,B01GBYFK1C,4.298847
A1RRMF5XW5NZDD,B013GZOXPS,4.339511
A296HV17AZ10V9,B00L5Q7EB6,3.9833772
A3EMQF7XD7JL3D,B013GZOXPS,4.339511
AHKB5BOH22L44,B015VKB8KY,4.4180098
A1JXLTQ5VWPGGV,B00DE85KHI,4.346928
A2S5EPJ451WL3I,B01F2WTGFK,4.5502186
A2V5HEEE7YLXMI,B01ECOIDHQ,4.5512447
A1L30W7022M9Q7,B01GC0QFGO,4.4515343
A10RH00JS3DUX0,B0052YWZO8,4.498416
A32RAG866FFOYC,B01FG70S4E,4.793741
A1Q238W8EQU8T4,B01GI4BSC0,4.194585
A3CHUCS2CVKGI0,B01GAEZJL4,4.396715
A2FHBHNKHRDS72,B00SSS98IQ,4.02378
A3J9BHGK55ZPJO,B00HI3MSV6,3.863024
A1XJZCJTQFEU8D,B01BWMGT3G,4.2700253
A2D1LPEUCTNT8X,B003H4QZOG,3.8039756
A3MJT1B2NVRPDL,B01FB6YRH4,4.652873
A21BTVOIQV3JWU,B00KXM8IP4,4.337056
A13LERNQ8R7267,B01D10TPRE,4.497108
A31W0R6O8EM6V6,B008H4W11W,4.493272
A1SZW98SMUZTQJ,B01B5BR1KO,4.287715
A3CMIEYL0TJLC2,B00WJ4Y5CE,3.881695
A1T41R2H7X3ASO,B010MXA96E,4.0954924
AJNVLN50MZSFU,B018BDHGS6,3.7973084
A1K8LHF6NILUG3,B00DLSTT9Q,4.3482647
A1JMSX54DO3LOP,B014Q6D6E0,4.188139
A2WEE1PU5NZVJQ,B015V0AKSK,4.309021
A2HZ6MGQ6TPNO0,B00RFY3KM4,3.832832
AALCQ67H5TY5L,B00RC6JVDC,4.0389347
A3ULR7XJF3C400,B015BH04E8,4.4671316
A1TUBKEWD01LLS,B01BKVFFLQ,4.619025
A3LK5ALS0KX73V,B017DPEEUG,3.7246206
AZPQ5R8K68IHX,B014LQ18CW,4.459507
A3H1TO48SUIM54,B018RDYO0S,3.7477167
ABGK3RNJSLQ38,B00V9N6C68,4.161268
AX5NHGPX6G44A,B01GZ070A6,4.140684
AKZH6MEXHWGLD,B00WDXUE6W,4.041835
A3L8F13NKUQHQ1,B00RZT2U5W,4.3742237
A3J9BHGK55ZPJO,B00HBWQCAC,4.6229973
A1CLGNWRCE4QKB,B00EGMV24G,4.2702427
ABNZCEB0CF7MP,B014C5U6SE,4.310026
A3V9J8I5FHAH19,B00AYO3W2K,3.9899056
A1U37G3A1C7FC6,B01DL6EQC2,4.704645
AMK0DSS0DAP1W,B016XFRQMA,4.1299653
A26GE9ZG68SKIQ,B0150C55HA,4.186142
AIKGKUGNQ6L2F,B00UAZ3JVC,4.5514774
A1IE93W5OH9MGR,B00TOZ9EC2,4.631503
A8K7ZXXGDS9CU,B01CPON1YU,4.3063364
A1DJY8WVWPJ2H8,B00NYISFXY,4.175234
A2PBXQTE07LEFY,B01BXS83ME,4.304982
A1YZCADBVKWC9X,B00KW3LLA8,3.4618616
A6SR7U2PNGN0N,B01BUMJMA0,4.612985
A1ACUN6A2LYVMW,B01BNWGPRK,4.071456
A85LSXS3F2GYC,B00TWUUBUI,4.397121
A36D9JIUF8JFQ7,B00OTYLXO0,4.582039
A35UQMVR4UJS15,B00UZM2O52,4.144123
A1TVJ9WDRP0UZS,B00FQQ1A8Y,4.1102057
AK3LIR1TVZFVZ,B011IXZ6KQ,4.340405
AHNGMRN1V1LPH,B00L73W2J6,4.338461
A30DNZQPIYZ6KX,B00VH5NX4C,4.3136053
A10JAUCIGVRW9F,B00FQQ1A8Y,4.1102057
AGV7AZJ7ZBLUL,B00COFUBGW,4.0861025
AUME0VNK7J2MP,B013YQA2C2,4.509319
A1FEZ774RWJOU,B00ZPBVG66,4.2300787
AFQXMUALNERXZ,B01CIDR8N8,4.0539846
A1E29AF1LT9N6S,B00H8TBQCC,4.200762
A25CQ5UC0CJ44C,B015BIHKH6,3.898146
AUI3XAZ1513SI,B00OAN88H0,4.1657248
A1X87IHRK15RBU,B01E4AF6VO,4.2434783
A2PN1AJYXDU1J0,B00RM9EJ22,4.426731
A2B42XZI4MXOLX,B00ING5PN0,3.9388158
A1MNHB6K35YALY,B01DABB99G,3.5281775
AO8U1SQNTNFRI,B01BO8423M,3.9496753
A11TAGIXNN10QJ,B01A1E8WO0,4.1920385
A1LL39K926QN1V,B00H8TBQCC,4.200762
A1N5V2UJOC1BY9,B011T78JT6,4.609046
A39N24TTLP6I48,B01FP256UQ,4.3778515
A13LERNQ8R7267,B013R6F84Q,4.122674
ALGAUZSEQQWI4,B00TEPG4HK,4.3495855
A1N48Q1NZQ9R2E,B018WOR9FO,4.0703087
A1C5F13T4XA9MY,B011F603YU,4.34621
A235UMRMGXAS15,B00R04OX5C,4.285676
A3C4F4VCN8E316,B018CHA26O,4.4600325
AXOY11IDEONHE,B01FK7LI7G,4.459022
A3JONP3MGSSP0F,B01GZ7IMJC,4.579377
A2XKX0EWBR2ZT0,B00JS732BK,4.274621
A3KF9GEKN2DXTU,B01CKECZQ0,3.7674148
AM1T5MXP5H5SO,B00ESJ3S94,4.3677998
AFX2KR1VGYWLW,B01G7Q908I,4.515848
A2ND61B6UJGT71,B00LKNP8DU,4.1841164
A37D3BRKS7OO2L,B00T22Y062,4.5659494
A18XA76N0F5DGP,B01GXHP8BY,4.453162
A2MEKYD68X8R8H,B00MD5VDNS,4.488947
A1E1YE0R2EELCU,B01AWPTL0W,4.438946
A11K5MEUOJKTPS,B01HHJZ3EO,4.1893435
A5KRI5P7KR7SK,B01G2IVLEW,4.4010515
A183DRUR0UACQ4,B009ZOZLPG,4.089278
A609XZULHDBSQ,B00QMGRBDU,4.200735
A198E18E1LA3BE,B00O8CFKKG,4.428157
AK3LIR1TVZFVZ,B00YAKL5A0,4.1508217
AKK6BPA7HTEKQ,B011T78JT6,4.609046
AS09YZV00HGLO,B00UIDZVYY,4.366558
ASR774IIR8VN7,B012U86IBY,4.5793495
A12K5Y2SEANYW0,B00AB1ZGX4,4.0812645
A7GZXYEZ2OMLQ,B00KB5P1BM,3.6051471
A3RR4H0D4L9HYN,B00ZAY07OK,4.335554
A7GZXYEZ2OMLQ,B00CW44YIQ,4.189872
A1VRJKI38G4GOV,B013RTUH76,4.4138017
A1630ADTTI0JLO,B019VJ697I,4.4709015
A1FUH1O6FCTUYG,B00II3YH8W,3.8498993
A2BX79H27KONN8,B00JAQX4HQ,4.411575
A504UK7D094HT,B009JPPQ38,4.0070944
ASGBSLP29DQRY,B00XRS6DO4,4.4392567
A1SKQ5W90YXHF4,B016VL0PWE,4.2758045
AY17DZYGNYJ0L,B00HUXNM6O,4.0933843
A37P6T3YZ8KY2F,B00QJ4TCN2,4.294427
A26GE9ZG68SKIQ,B0177475MW,4.2402945
A10PEXB6XAQ5XF,B01EZ9ZK7O,4.396303
A3EJTO1IBULV7T,B014XLV2NA,4.3039894
AQR5TV897ZGKZ,B0165WFUKG,3.6913104
A2FR370CNM7L9,B01AOGSVG4,4.4651976
A3IG9JEJC1T25N,B01CDZAQTY,4.227844
A3BHXRE0RKF4LK,B00Y9OHN9Y,4.49362
A267QVSAPZCRT7,B00MTACTLM,4.478736
A9M7TOUJ3N4OE,B00HNYRHSE,4.531458
AL4D6OHMS2Z9P,B01CC5FKXW,4.4978485
A424KE9YBR2UA,B00N7K1BB2,4.300407
A31M3IJI2UTC4Z,B00IUL9ALG,4.289823
A16TE56LP5NUL5,B00IU19DHM,4.254571
A3SQJOLKQ8X719,B018SCGDWK,4.543812
A1RN75YVR2O8MQ,B01BXGMTEY,4.2931833
A18EEC1ENOT9YN,B00GL27J46,3.884155
A26J2TRDPZH7RZ,B00N9AVMVY,3.6784194
A3W2VH8BN66IIR,B01ER3O8UI,4.825441
A1WBGIL46NUFFU,B017099OS2,4.332858
A14K6RM80ABFMS,B01ASAVT0G,4.056878
A3E4H5A1X8NJRR,B0122DECEW,4.684231
A3H38968JZF6VK,B00PG3NQBQ,4.286933
A18EEC1ENOT9YN,B015L2UR1S,4.2787914
A2HRM0B3OUUZ28,B01EKIELGG,4.143767
A3HOXAKC11UEOX,B015L2UR1S,4.2787914
A3OY0K6NJ677Z0,B00O8DZMIA,4.3570557
A1SXDVX98NJLHZ,B00XABW5ZE,4.716141
A29V7E1TFYXKJ,B01HFTVMXM,4.4132338
A272PNE7D26JA7,B01GBW546U,4.369377
A9M7TOUJ3N4OE,B005WKFWRE,4.5317173
ATTQEF12BAZNC,B01DL6EQC2,4.704645
A3RNQ7PNKEU1UI,B016PSBU2M,4.3925543
A1RD1NM0602OQO,B01A6B5MFA,4.6739326
AMQ8EI0M0ZMN7,B009YLKRAO,4.0940022
AAXG649HM1S5Q,B00F5FBRD4,3.9782562
A2KE2O5C2XMXGE,B00EPF5LSW,4.1246653
AQ61HEJLXGXAW,B01CT5K792,4.367428
A1WPQDW5RGAM9S,B00GEHN8ZW,4.238166
A18APZ96M9FBB0,B014I8OGLS,4.237464
AM1T5MXP5H5SO,B0065TF8Q6,4.3811045
ABGK3RNJSLQ38,B01D2CC1EU,3.672623
A1ACIK34MC3R7W,B00UT0VAD2,4.2215447
A28U98HYYE5DR1,B00MQ5BIE4,4.1906652
A3KFTHKGVC63SL,B00XIDBLOK,4.2969923
AQCR70DXSXMEH,B0130KVNKC,4.8709955
A3RR4H0D4L9HYN,B00MDW5UAI,4.259302
A7GZXYEZ2OMLQ,B00D9CMLNA,4.3875346
A31Z94E63H1N46,B00GSF4Z20,4.166233
A2V8X8MTCE868O,B01D1UVNEM,4.318825
AGD9CPEWV61AG,B01FIGE8YE,4.194355
A116K0WNM9HKSX,B00A9FYVXS,4.194647
A64VNUAXNX8VO,B01B25PWK4,4.4888706
A3C713428J4MJ7,B01B43XFKI,4.3686895
A2UH7EMPH4GK2L,B006RNBI6O,4.169756
A2S5EPJ451WL3I,B01DUV1DV0,4.2895246
A3CYA250L0DABZ,B00NEON2WC,4.4197416
A1FI0I69UHS22T,B01AB4CLHY,4.37739
A12GID1HOOBX8L,B005K4W0QS,4.131197
A1II0RYMSPUJLK,B00QXFNP62,4.23842
A1JMSX54DO3LOP,B005IG6488,4.287422
A2K3C9H73QW8NK,B0050DEY54,4.237962
A3G7QPDLX3SDV0,B01CPQZSPS,4.2832327
AQ9M23BNJZRK4,B015WV8VMA,4.11304
A3C713428J4MJ7,B00V8CETHO,4.241821
A18EEC1ENOT9YN,B00LE4Q370,4.2099323
AUJKYWUK14BZ2,B006M6XV1Q,3.776624
A21H10PWSPOB6Y,B004BLJ9IS,3.6742
A37GCC410JYT17,B010OTOMCS,4.281481
A2MR87VMPFNFJ5,B00CPV1INK,3.9928434
A2JOW1PW9GRCA3,B011T78JT6,4.609046
AJ571UKWCC3CC,B00G757PB4,4.4210587
A2B9C3FMYW18UN,B019YNUPFI,4.0851336
A3T7S6BDKHWPJD,B01GQW4UQ0,4.508789
AX5NHGPX6G44A,B00CCVVKMW,4.256653
A2HZ6MGQ6TPNO0,B01AB4CLHY,4.37739
A8YJFGILC2W38,B016QTOIWE,4.25268
A3ALMNUTJS22FZ,B019S2I4HG,4.619752
A18EEC1ENOT9YN,B00K2BX8WY,4.3507113
AUJKYWUK14BZ2,B01ACP2MSU,4.09317
ASA5RSXOAVT12,B00WRNKOOU,4.311101
A1YMQOVJJHYR5P,B00TFKJ4NK,4.3407216
AIKGKUGNQ6L2F,B00ON8JVP0,4.211131
A3MOGV0QO66QZD,B01H2II39C,4.1986103
A2MEKYD68X8R8H,B00BFQDDZ2,4.403146
A386CNLWZUF3EH,B00BMV0FK6,4.390705
AUJKYWUK14BZ2,B019FNOC92,4.2013135
A1Y5FO3ON4WVHS,B01CT5K792,4.367428
A238ZC3TQJC8V8,B00I48KN16,4.282444
A1HW31KJ9V89CR,B01FG70S4E,4.793741
A3HEG0QCOK446R,B017ACSD1S,4.3512206
A2C7W167DVNUKH,B017XVQCZU,4.3773317
A3JVZY05VLMYEM,B014B6KG2K,4.6102448
A3JONP3MGSSP0F,B0151UPUEY,4.2717047
A2FCH654FN672F,B01GBW546U,4.369377
A1B39IGLV2W0GE,B00ING5PN0,3.9388158
A2O8R1A83EROU0,B00LXK4KIO,4.3183937
A2F1UD4JDHKMTA,B00XWCHNIU,4.631139
A2BX79H27KONN8,B01FMTA1WU,4.3716745
A3PB5W8OE59743,B016WQR86Y,4.5532246
AD9HAE7DPTQDG,B00XTAEA90,4.6694994
A3C713428J4MJ7,B00R7573Y2,4.2458525
A18EEC1ENOT9YN,B019E5Y462,4.3849473
A1N3GV7AVOC8VC,B0100BOE7S,4.478849
AGT5F6R7R53LR,B00CXUDS3G,4.396597
AWPBNX7NCVR0D,B00JH66D1S,4.120289
A3PVBW0TN46U8G,B00EC197UC,4.196229
A37D3BRKS7OO2L,B01A5OVNQA,4.565398
A28U98HYYE5DR1,B01DUV1DV0,4.2895246
A19T1A4TS1WHOZ,B013XXGRYI,4.5013223
A1NO01K5S45TUL,B00OTNSM4U,4.0434427
A103KWX1QFCG6I,B00PUS8AEK,4.2490635
A3JTJ1E8NK7DH1,B00AFB685K,4.424022
AWG9YC0S5ZXRQ,B01GIU443O,4.427142
A3A44JIMIWYFIE,B0092ML9AC,4.31248
A2B42XZI4MXOLX,B015BH04E8,4.4671316
ALOMGLBPLJCW1,B01DR4USYI,4.3758736
A1ZDSAPOGRGBJI,B0135MRXRM,4.6142898
A18EEC1ENOT9YN,B00Q6YLPJ4,3.8714359
A1PUK8ZJV9IHG6,B014TBNOMQ,4.2179136
ATZOHBDX5VNKJ,B00K31DCD8,4.1374793
A3CMIEYL0TJLC2,B017ATNDY8,4.3585634
A2FDUFFMTO735I,B01H4NVSOC,3.9776695
AM9YOCRU10IXW,B01FOEQRNA,4.3074493
A2H146VK5MMYIH,B00LS7ST98,4.185503
A1CLGNWRCE4QKB,B00R7573Y2,4.2458525
A2C3N49XB5K19C,B00UDQTS40,4.2762012
A1VRJKI38G4GOV,B00CGFEIM8,4.2656293
A2DD8D4Y1UMJ2C,B00NUMIOY4,3.9039743
A3CJ3VQ76GFU0,B0078S9B6G,4.216427
A23GNQPTX5CJIF,B00M0DQGXU,4.6238403
AL2SKAXGCX01B,B00FCNI42G,4.5646043
A2OHRT539LLCUN,B00AB3F2RM,4.134836
A3DVHWX9O27YPI,B00JNU6GLK,4.0250435
A23B9YR9W29YUQ,B01BHD8WD0,4.5156317
A2S5EPJ451WL3I,B01CMN671I,4.4666014
A3FA93L7JWESR,B01C0UBDEO,4.4407206
A3ES0XIED7769J,B005UGMC78,3.9213767
AJ571UKWCC3CC,B00JRNOW4G,4.398368
ALGAUZSEQQWI4,B010K7B5E2,4.6627483
A202A0SM6MHKMN,B01GOWGKLK,4.4182405
A2HZ6MGQ6TPNO0,B00LDHTZLO,4.0861635
A13C8NG8050JNQ,B00D0VMCXO,3.7516034
A24Z79OS5VQA7Y,B01B25PWK4,4.4888706
A3E9Z09JAP34EB,B01E7VZH6O,4.418012
A2LF3KTH2T6RJA,B00M27P9D2,4.1340737
A1F41PH89SL6JB,B014Q6D6E0,4.188139
A267QVSAPZCRT7,B016G14KMU,4.237462
A2MK1L1Y74WTWH,B01AJ6SEOS,4.065674
AC10HRTVBXZLI,B008XDGQ2W,4.562356
A2U79NOE9VJQSF,B010QZIGBI,3.6783516
A7M73HAH815DM,B01BS4Z7IQ,4.2908964
A3N67XHSHB40CQ,B018J24EM0,4.382823
A1DC00T32U26HC,B00BF2APBQ,4.3877745
A38K5A38JROTJD,B01ER3O8UI,4.825441
A1HW31KJ9V89CR,B010ZFRUQQ,4.6126018
AV4HVQ5WUQ1Z1,B00M3GWXHW,4.4317265
AW16PJHZIQPA5,B00QXWYEYW,4.40825
A2E40ZTDDZ2U29,B01DJTWN0S,4.017645
A1YAIBG1N7N5VV,B01GIU443O,4.427142
A73IK4VT0XZS6,B0085MBTVO,3.9774034
AN5L4HOQ6ZZOP,B0080D3VPK,3.8074644
AYRSWZILCH4S,B00AMIX8P4,4.2779274
A3FA93L7JWESR,B011Q26IJC,4.393768
A2O4SN56PNX9YL,B00SXNYCU0,4.5333533
A1PA6ZO9892OH3,B00JWTGGVC,4.285434
A1YMQOVJJHYR5P,B00N9IMHCE,4.2004147
A296HV17AZ10V9,B00IZODKWS,4.363345
A2O4SN56PNX9YL,B01BXGMTEY,4.2931833
A5CD7EOFVKXD9,B00PYPHS9M,4.198005
A3HDT8L6DPBZND,B01CEUZT8G,4.537964
A1DJY8WVWPJ2H8,B00TIUEVL2,4.7043986
A19GA74ZCMMYPM,B00OCZDME0,4.446377
A2BEDL4QXLEE3S,B01FKDKB96,4.3784876
A2PJCE1T0AXDD3,B00HXZTVWS,4.2785597
A1KE19CDYIO2YN,B01FWYD956,4.5308228
A15EMPO8TCH2RB,B00PHFL5KM,4.576811
A2BEDL4QXLEE3S,B00CGFGS3A,4.245982
A1FUH1O6FCTUYG,B019VJ697I,4.4709015
AV6ORIR1JV86P,B00YQBSEKW,4.1145344
A1SXDVX98NJLHZ,B018SCGDWK,4.543812
A3PYB2CTKK93MG,B019AJC8DS,4.277404
A1I96OYAUJ3HQE,B013OHD20A,4.026505
A139GUSKBRWPIT,B01AWX20BG,4.619549
AQBTNZ9ZD08PD,B00NSAPAQI,4.104608
A20FSPQ9ALP9OM,B00M5SZOAQ,4.213166
ACGMOUFXV2VM8,B0130KVNKC,4.8709955
A2VNG16IOTY7N,B00GBIYX8A,4.2730255
A3IL7OEY26GURY,B006KWAKDE,3.9903963
A2WQZ6RF0O4XER,B00M7E63YO,4.532545
A4KVXNCQI8A5Q,B00ES2P6UK,4.126526
A10Y597K071WTQ,B00CJV6N0Y,4.522716
AGA6C1UQDNQ1P,B005CM1S02,4.428444
A37L0HU53PN8DP,B01DI63EEG,4.3144436
AI38GSFB90M4L,B00DJCFUS8,4.0888615
A3JTJ1E8NK7DH1,B00AXLV0CI,4.0856986
A1N5V2UJOC1BY9,B013X96TL8,4.614275
A1ACUN6A2LYVMW,B00SK8S8KS,4.326045
A3CBZUOAQ1LBU5,B00M8ERQ0S,4.1578984
A99KVVV7NFPBP,B00HBWQCAC,4.6229973
A2HNNGE6AVYBV8,B00ED4WKKC,3.9090033
A3NLV8K05ZV219,B01CMK5YA6,3.965902
A1FEZ774RWJOU,B00N9IMHCE,4.2004147
A13QTZ8CIMHHG4,B013GZOXPS,4.339511
A31W0R6O8EM6V6,B0157GPPEM,4.040888
AJJFNI9AK6G1H,B01BU7PHA4,4.0618906
A916DXE9W36GF,B00BQMKC5O,4.3786983
AWNYF3812RWNG,B009RPTFIC,4.232543
AVNS35OHR3D76,B01A6OP92S,4.580722
A1ZDSAPOGRGBJI,B01D6ZVT78,4.19267
A6ZT9EZ49JTEL,B00CGIEP00,4.154374
AOLHNMI8G8R6K,B016XFRQMA,4.1299653
AQR5TV897ZGKZ,B01F2WTGFK,4.5502186
A2KZCKQSFWRJIY,B01FOEQRNA,4.3074493
A3L3T9JRL1GT95,B012YOLAUS,4.5434065
A2MEKYD68X8R8H,B00TQ8W4KG,4.4206934
A1XL1A3TCU3Y1I,B00SA5KFM0,4.379265
ALYI8YM90TPD1,B00CJGUHR4,4.376315
A3SJW9YR903G3,B01CBW4D7A,4.7075853
A3QY3KER34QGCS,B015B839PS,4.323189
A16N88TMHMXX1F,B00JJ7LFMM,4.0940075
A2PN1AJYXDU1J0,B01H2AZ9V0,4.096347
A3ALH6Z83RHTO2,B01GU2RUXQ,4.4047956
AK3LIR1TVZFVZ,B00VKQEDS8,3.8297975
A28U98HYYE5DR1,B018RU9G0O,3.8571205
A3QGQPGW6PSY46,B018QXM6GS,4.5956674
A1OZ3R75S8NAYD,B00UXLO4N0,4.048428
AAEIK0DZ1F537,B01GZ7IMJC,4.579377
A3N6TV5T5JSG7K,B01BC47KBE,4.1645594
A23Y4UGTFDMZOP,B00ALG6UW0,4.1751757
AJ80WW1T5KJIC,B00YM0ANQU,4.156253
A35UQMVR4UJS15,B015VKB8KY,4.4180098
A1I18OT401WDI,B00T4ZG74K,4.3657293
A3BMLG97SSIKN3,B00SC7DK2S,3.5839171
A3T7S6BDKHWPJD,B00SPA1Z5Q,4.0597587
A1H10L6S9KZB2C,B01ECK9V12,3.8835015
A2HZ6MGQ6TPNO0,B00QQOX6LY,4.461439
A20YJJIVUMR5J3,B010TYBN4S,4.409813
AIVY8XUMV5UY7,B016247Y92,4.334652
A3A44JIMIWYFIE,B01G2U39WC,4.5332546
A197W8MNF706HT,B01CEUZT8G,4.537964
A2AGAA1B2ORZW0,B00H3HRWDQ,4.1990547
A31O3ANLI6CFJ4,B00C41095Y,4.300842
AC97LVZ0C0TSK,B00L2CNSL8,3.8046165
A2RXWEXESDH2NX,B011G3HJ6C,3.7886078
A1JMSX54DO3LOP,B00X7R3DFM,4.485914
AN5L4HOQ6ZZOP,B016R0I2WE,4.0880175
A25CQ5UC0CJ44C,B018F6H3U0,4.4015346
A360VI7SQP0HYW,B01GT4NXU4,4.3204737
A326085M0DK10B,B015BCVXF2,4.0916166
A7GZXYEZ2OMLQ,B00NOAZJI6,4.349287
AV6ORIR1JV86P,B00Y228S2O,4.525978
A3CZHTR1QFY285,B01H1I46YE,2.8656437
A14TMD2G1JAUGS,B01FWPZNAE,4.478141
A1KQJLBDF2OEMD,B005USIO78,4.2104464
A3ALMNUTJS22FZ,B00N00BM2M,4.412431
A3KFTHKGVC63SL,B010GX3S0Y,4.023553
ALN3RU7X0HJX5,B01964TJZ2,3.9814088
A37G8WNF7DGY6M,B00MQ20P28,4.4368415
AUF0OPKICU6D4,B01DJWPF6Y,4.7444396
A1WHWFGNKP3CIO,B004XW3LLQ,4.2993803
A3PB5W8OE59743,B012U86IBY,4.5793495
A3KBRXW4PKK2MT,B016R0I2WE,4.0880175
A2AGAA1B2ORZW0,B00V50VSUU,4.3870344
A1KP314KHCR7AF,B00RY4G3PQ,4.524539
A1ACUN6A2LYVMW,B00DRFQRIO,4.2311697
A3JL6LOFVXYCA4,B00NGZOH1E,3.928536
A1IE93W5OH9MGR,B01CRA0U2S,4.294492
A1XJXYKOWCH9XT,B001V5JCTI,3.9383867
A2EAKYR4AEJU69,B00NP45GG6,4.3395805
A1ACUN6A2LYVMW,B017GE76EU,4.214051
A2U72WDAUX5CD8,B01HCB4LAO,4.3663197
AX746FITV1G72,B019VJ697I,4.4709015
A2B8C9QHIXJO6N,B01GT4NXU4,4.3204737
A1H10L6S9KZB2C,B00MXS70SW,4.316445
AVOPHZPWGEODY,B00UZM2O52,4.144123
A1NE9CRAQ0WUV,B00T4ZG74K,4.3657293
A2CBOVOOK3Q6D4,B01GUHZYPC,4.0940847
A1V0IK7DUYIVAC,B017DSORBE,4.3981276
A1BOINGLPB5I1M,B00TOZ9EC2,4.631503
A326085M0DK10B,B0160IPNVG,4.290594
A8Q2ZFOHTVSCV,B00WRP0DHG,4.2262287
A2V0EO639QKD2K,B00S4D0PDW,4.10083
ALUG4B13HWSBF,B00HJE3UES,4.052541
A2FDUFFMTO735I,B00VTY1WNA,4.483285
A12K5Y2SEANYW0,B00IU087O8,3.7844148
AWNYF3812RWNG,B00NLJHSQ6,3.9372256
AGA6C1UQDNQ1P,B00ILYKGW4,4.4062347
A37GCC410JYT17,B0122DECEW,4.684231
A3A44JIMIWYFIE,B0100BOE7S,4.478849
A1RVTF261ZMY4M,B01CJ37JJ0,4.3524094
A257TD5GO1T81W,B01AL57X94,4.2148104
A1YQ4CZ5XEC11P,B00R1XYQYA,3.8746483
A1NAXYNAOGJIGN,B01FWYD956,4.5308228
A1B39IGLV2W0GE,B0153KV24O,4.303707
A10C3068FTNIOC,B007Z4WTBW,4.1140637
A2UAPFRQOHUFS4,B0198OKW7Y,3.9447677
A2MX7TA6LI8I4K,B00EN6LQYQ,4.1968155
A11B4CZH8ZB9QQ,B01CT5K792,4.367428
A21UH6HJAXW2J8,B004UWPNJM,4.0078554
A2LAII96I1O1IY,B00OHZ151W,4.4097767
A24NC3WOFW7LHT,B019YNUQ0M,4.0868587
A2F2878HE7XOM9,B00Q5OG0RM,4.5333185
A2N1XSD82O6XTV,B018UYNR5C,4.3010883
A36PA4XPATJSKX,B00DJCFUS8,4.0888615
A3C2Q11SFBG1ZO,B00FJFV6AY,4.0300617
A3E81XX9ZDNCNO,B00U2R3T2W,4.3082724
A34XKT60HI08BV,B00WX7JLGW,4.40895
A1P44JJW47E6QN,B017GQDZWU,4.322503
A2HAVS1COIL5Q4,B01HAQ70M2,4.584467
AGIFTDAFJEXVA,B00AD6O6BU,3.8875413
A26YRCLOTDIL0P,B00ZAY07OK,4.335554
A2FGLRWU445AQ7,B004BLJ9IS,3.6742
AICEEONZRFNJY,B00O3V6PWY,4.1988287
A1G7VXXXLTJX9R,B016WQR86Y,4.5532246
A2R1M0ZIPGN4TW,B0064PJUWY,4.2718353
A2FDDTPAER5DBO,B01EKIELGG,4.143767
ALY4MQYVAEE4U,B01GPCEU6G,4.2949414
A2YJ8VP1SSHJ7,B01BCIZ7UQ,4.6220427
A1QFKWSZFO0AOH,B006R7FXFW,4.3998938
A2735JIVUDTBZ0,B00BUAZL12,4.2945747
A2RWL2UG5PAFAZ,B01B9XNJP4,4.3994923
A2DZUQQXPNUGI7,B010K2B87G,4.2483916
A1IFWIZ62O12OT,B01835JNDI,4.55486
A2XKX5TBB6WV00,B00JG6RZCU,4.3707333
A3GWE80SUGORJD,B00M3GWXHW,4.4317265
AYX4FFM42UGTM,B00L0LQCQ4,4.3724685
A2B42XZI4MXOLX,B01317ZZLC,3.554505
A1QJ17BR5K3C8K,B016ZG19KM,4.339572
A1OR7X6Y41D32O,B00T513D4U,4.017768
A3DS9MLHI0EHG6,B00CF9F6G2,4.176319
A1DJY8WVWPJ2H8,B01ATXXTLE,4.3192525
A1YVDKMJY8A76P,B01CPQZSPS,4.2832327
A245T0V8KVTV45,B00Z7Z2A6A,4.049224
AU7WXTKQLFX37,B00Z4EAA5W,4.219812
A1VYZLUB3UXCR1,B006KZ5M84,4.3520846
A1F41PH89SL6JB,B00AA3P7M8,4.3945427
A3N6TV5T5JSG7K,B01FKDKB96,4.3784876
A2C8S6EB6MKYAX,B019YNUPFI,4.0851336
A1FAJ6G0KD5ASM,B013GZOXPS,4.339511
AYUTCGVSM1H7T,B009621GIS,4.3703403
AX2OKB7GR55FZ,B00IKKZTPI,4.321404
AM1T5MXP5H5SO,B00PKBZW16,4.0304956
A18LI83Q1F5DKU,B017099OS2,4.332858
A2CDMT445133LY,B00U7O4IQ6,4.3337383
A31CZW8SHN9PTX,B01E1RRX66,4.2939577
A37GCC410JYT17,B00FZ5H8Q4,4.547686
A2XKX0EWBR2ZT0,B00BGXA7TE,4.2123146
A3J5XVO97ZC4B2,B012KJXGYA,4.3116603
A6SR7U2PNGN0N,B00N0VI2OM,3.952393
A3ESFCDE13IMH4,B00R04OXC0,4.2839212
A3MJT1B2NVRPDL,B010W9HEUW,4.692181
A1DUWCXDBM40AO,B017DSORBE,4.3981276
A3HEG0QCOK446R,B01FKDKB96,4.3784876
A2WEE1PU5NZVJQ,B00YAKL5A0,4.1508217
AX6RWLTHRQR7,B00IOXX6UQ,4.352497
A1I18OT401WDI,B00VS2DSR6,4.360821
A2LF3KTH2T6RJA,B00L3LR7VU,3.830673
A3EJTO1IBULV7T,B00QVNQYIM,4.071801
A3JHMDPDDFUSLV,B0024CEY2C,4.6002374
A2CJ33Q2E7PUTQ,B007HS1C4Q,4.2447534
A7GZXYEZ2OMLQ,B00OMG2XSK,4.2272415
A139GUSKBRWPIT,B01A86GURC,4.200905
A1TUBKEWD01LLS,B017O4W3V8,4.557534
ALY4MQYVAEE4U,B00XWCHNIU,4.631139
A1N48Q1NZQ9R2E,B01C8RR9DS,4.2024508
ANEZJAUOG31MG,B00UDEVNWM,4.2449646
A2U79NOE9VJQSF,B00VN6WJFO,4.3286304
AHRDOVFRA0KW7,B00UXYQ9LM,4.3412914
A2JPS7EMNFKXOV,B00GNQWYOK,4.386997
A1AX02Z2IRSAY,B00W5RJ4BC,4.042736
A3A44JIMIWYFIE,B01GW7E18G,4.520611
A1JLU5H1CCENWX,B00BQMKC5O,4.3786983
A2NC35OEWK4HE9,B00DLSTT9Q,4.3482647
AGT5F6R7R53LR,B01D6J793W,4.111389
A20R37WRPLUM1D,B01G65V1DC,3.9961352
A2G9EAG3T2GCW6,B00G3DC7RW,4.3298807
A3ANLUEKJBC1IZ,B00OYBCSVU,4.204006
AXVDFGI9OEIVK,B00BF6CA0Q,3.9908516
A2RQ5IRWRU0TVO,B013YQA2C2,4.509319
APU63TQU832SF,B00CNTSVZM,4.3694105
A18EEC1ENOT9YN,B00GEHN8ZW,4.238166
A37R3BNDHBIZTL,B015VKB8KY,4.4180098
AM1T5MXP5H5SO,B00AM5LHSC,3.5675812
A2S5EPJ451WL3I,B00XLUEMYQ,4.200817
A2QROW66DKI83,B00F5FBRD4,3.9782562
A10JAUCIGVRW9F,B00NJ4BB84,4.2811375
A28D20IM3BNAJ1,B00NSAPAQI,4.104608
A21BTVOIQV3JWU,B005GMUU8O,3.9349172
A1JLU5H1CCENWX,B016M8HXW6,4.3552155
A1U0RS0JIDAHDM,B01HF6OU70,4.6290007
A1ACUN6A2LYVMW,B00HTJJST4,4.181155
A3VE7N2XUI8C3K,B01BS4Z7IQ,4.2908964
A3KIA7199DNI2H,B00P6HT5GM,4.282479
A242RIARZU44TF,B0104EOJBM,4.029005
A2AGAA1B2ORZW0,B00MQ00LEM,3.6205375
A219Y76LD1VP4N,B00PHZ3RLC,4.1872225
A2NDDUI5L26D3Q,B00QMGQMOE,4.2006435
A3V9J8I5FHAH19,B018OJZD4Q,4.616426
A3RNQ7PNKEU1UI,B00QIV6JXM,4.5215216
A2MR87VMPFNFJ5,B00TJCFIFM,3.6760647
A387F6OFDVEDZT,B015M4PPXK,4.1159573
A26F5B12T242LL,B00ED3FAO6,3.9989724
A15VY7B7VJ3UNY,B00ZNE45JA,4.049095
AJAN7T0CSDDZO,B00TC1JYA0,4.477578
A2DZUQQXPNUGI7,B00KE8RLV4,4.3544617
A1J3WRDIB012CI,B00R4ZHYXK,4.4940715
A25PLL2FEB615H,B01BTHWXF2,4.225896
A32A056Q9OYP7D,B00G3W5K9K,3.9994016
A3SIBWUE9G31W2,B00UZM2O52,4.144123
A222WQ9VGVPSR5,B01G9QHL8W,4.5677147
A1EBA3T5N28PUV,B01HAQ70M2,4.584467
A2H7AEDMKV11OJ,B00NDEXI0O,4.216324
A2LMF4HG470CNF,B00S7KU0I2,4.66932
A3GEKHTOCDSCBT,B00A8S22OQ,4.1003103
AQFF452SVDF48,B00CF9F6G2,4.176319
A9DHG0VJ54YZH,B0057XVAJU,4.106856
A2SDFM6RV0SQ4,B01GIX5F4I,4.5887337
A3CJN2S0XLVVLM,B00NTN7M4C,4.46614
A2RYT2UPEQXUAV,B016YIRT9Q,4.4155364
A2F483MD47JG2T,B0184SY5IM,4.26085
A2GO4VWZWTL7ZC,B00NWR78L2,4.0258055
A2JPS7EMNFKXOV,B004OA5ZTS,3.917256
AIQWMQ4JWKZ3T,B00P8DE7YY,4.509017
A1IFWIZ62O12OT,B00DRF2602,3.6632757
A1DJY8WVWPJ2H8,B0157GPPEM,4.040888
A2BOKBB1IZA13L,B00HI3MSV6,3.863024
ANKDQ12BPX6Z3,B00ZTMRHQ4,3.6725166
A2C7W167DVNUKH,B00F9Z458E,3.6325986
A2N1XSD82O6XTV,B01F688XAY,4.2429185
ADUI5YISBG6Z4,B019GLJC5C,4.4378586
A1630ADTTI0JLO,B00PHFL5KM,4.576811
A26V5ROE0OZCDA,B00KFZCAAI,4.2694635
A1VE539RO5061D,B00UZM2O52,4.144123
A2H7AEDMKV11OJ,B00W22ITCU,4.551919
A2MR87VMPFNFJ5,B00MQF5U02,4.157029
A31CZW8SHN9PTX,B00AVJUGQI,3.7149284
A23TQDWMUA4F6Y,B00RY4G3PQ,4.524539
A2Y7B4AASUOXM,B00ZDHZKKA,4.3229094
A1JXLTQ5VWPGGV,B00S5HPW6C,4.2691126
A2YJ8VP1SSHJ7,B00ES2GX3O,4.333065
A364KQZL1KNS6Q,B01EKIELGG,4.143767
A2CZKERY4LUBVI,B00PG3NQBQ,4.286933
A328S9RN3U5M68,B015BH04E8,4.4671316
A3M3DF2SPC6P8A,B00HQLQYWY,4.2630625
A2WEE1PU5NZVJQ,B00WLQ8QRK,3.9566216
A3FOL8CN5A1TFR,B00GCVZEG6,4.4577875
A3MJT1B2NVRPDL,B018DK6LM4,3.973683
A23ID71VXIBR8T,B013QFWB7K,4.207039
A222WQ9VGVPSR5,B016NO06XM,4.7745523
A2RPMPBKX1MWR7,B01D0ZPA60,4.1449747
A1FI0I69UHS22T,B01A4Q26WY,4.706733
AGIFTDAFJEXVA,B00NTPSMSA,4.0958223
A10ED33F8VY4GU,B00CDA4IQC,4.138732
AYUTCGVSM1H7T,B00RNJLHS0,4.135025
A3FO728397JFZP,B00WZSQ734,4.174367
A1D427FYPTSWR0,B01GKU3D1G,4.4773207
AK3LIR1TVZFVZ,B00NOAZJI6,4.349287
A1E29AF1LT9N6S,B009QSK1GK,4.2138886
A19MQI49YCA5SK,B0143PGMCC,4.5698977
A2ZU73E6RDADJV,B01EMF4FXG,4.3233423
ARF6JCH8L8ANV,B00C9L5L52,4.5826273
A3IQ0P3M39IY8U,B00SSS98IQ,4.02378
A1IE93W5OH9MGR,B01DO75D20,4.3987336
A1KE19CDYIO2YN,B0130KVNKC,4.8709955
AX746FITV1G72,B00TWUUBUI,4.397121
A139GUSKBRWPIT,B00K6ZEK3C,3.6222315
A504UK7D094HT,B0104OFHEK,4.058444
A2EZZ9UTFNNKRE,B01D9877OQ,4.640999
A3EVKU21OXJ242,B015GEUFCW,4.322652
A190TSUIRJIFUK,B017265T6Y,4.2670727
A1RW0U9YBDZ7UT,B00K2BX8WY,4.3507113
A2HZ6MGQ6TPNO0,B00NY7PPCY,4.216935
A3J9BHGK55ZPJO,B00GXBV0MM,4.1933537
A2D9S6V1AFXOAO,B01FOGIV3W,4.3642445
A1K4S4MWXI9E9M,B00TIUEVL2,4.7043986
A222WQ9VGVPSR5,B01C25ABTK,4.5938873
A2WEE1PU5NZVJQ,B00RZT2U5W,4.3742237
A1LGEZKBNXPUW9,B00ILKTBSI,4.3013496
A328S9RN3U5M68,B00VD043F4,4.1802626
A142HAT43L5W4W,B00CK51JT4,4.306795
A24NC3WOFW7LHT,B005NTW8SU,4.193693
A1FUH1O6FCTUYG,B00QQOX6LY,4.461439
A1FUH1O6FCTUYG,B00JFLUJ3S,4.500374
A2Y3ZGVRA3S23L,B00D9CMLNA,4.3875346
A3EONSSI2V1YBC,B01FVFWF3S,4.678491
A12RUNSGFAZFE7,B00WF8YBRS,4.2197723
ALGAUZSEQQWI4,B00RFY3KM4,3.832832
A2989UZHTNXKM9,B00QZCYET0,4.1163597
A2MK1L1Y74WTWH,B019G0SO9S,4.2187977
ANNKJUAQ1268I,B01DLR92DY,4.353134
A1HHSUAQDZ1XM6,B00S58YGCC,4.294256
A2BOKBB1IZA13L,B00NDEXI0O,4.216324
A3KIA7199DNI2H,B00EVSB3N0,4.0651474
A2V5HEEE7YLXMI,B01BUMJMA0,4.612985
A19MQI49YCA5SK,B00OGKNBX8,3.584099
A3NICGO82Z9FI1,B00INYO7MC,4.251116
A2X6LA6IS2C32K,B00DLSTT9Q,4.3482647
AOLHNMI8G8R6K,B00G6N3IA4,4.280328
A1LBXPSSVZVIM0,B01HCB4LFE,4.213771
A3H1TO48SUIM54,B018RU9G0O,3.8571205
A3KBRXW4PKK2MT,B00NMTN4K4,4.192073
A3UO90FEXQNHRD,B00UCEQTTK,4.508121
A7HZKJID44JZ3,B01A1E8WO0,4.1920385
A34RWNEJGJFHEV,B00H62TMJA,4.436137
A1PA6ZO9892OH3,B01HHJZ3EO,4.1893435
A2RQ5IRWRU0TVO,B00VZ3S5SA,4.312131
A3IZU63H3RBN22,B00TKOT3BO,4.5593224
AZPNSCZH6LW40,B00RWKMS1U,4.1914663
A2HX0B5ELOPP5Z,B00P85PU8E,4.477787
A1ACIK34MC3R7W,B00SJ7LQ9K,4.0312843
AQ5HSBPNASYIG,B015B839PS,4.323189
A245T0V8KVTV45,B00YQBSEKW,4.1145344
A01631062UX24GI4LJKF,B00CQUQ1HI,4.006072
A3DQRNADNQWG6H,B00FP43PP8,3.7337418
A2RWL2UG5PAFAZ,B006HMDJN0,4.030239
A178S00H8B3YWA,B019E8ND52,4.238413
A3KIA7199DNI2H,B01B2EYBIE,3.9430125
A1TWV867HVZ60,B00A3ZA4TO,4.4210443
A245T0V8KVTV45,B00HTJJST4,4.181155
A3OQ0WU2ZHM5J6,B00Q9QAF9A,4.2540827
A2N1XSD82O6XTV,B019GLJC5C,4.4378586
A2VTPPOUWOT9AB,B00BYLQP6W,4.355645
ADUI5YISBG6Z4,B00E6QFG80,4.1116076
AJ80WW1T5KJIC,B006KWAKDE,3.9903963
AK56P9TMUDM8F,B01H5MF0JG,4.2748995
A2YF0QVNVT7ZI8,B00X4112W2,4.261009
A2GO4VWZWTL7ZC,B00PG4T6UU,4.0662475
A2D9S6V1AFXOAO,B00U0LF7JS,4.2943535
A3PATLW8T3PQV7,B01CDZAQTY,4.227844
AHMV0N47XOIMZ,B00KBAYOTM,4.0013404
A15EMPO8TCH2RB,B005C5YZ86,4.0681944
A2N0V6GUH28XMN,B017ACSD1S,4.3512206
A2K0H6HYH8WB5F,B01DAW6WXS,4.480958
AQF3XAFCMORVK,B00JTDZ1YE,4.0753126
A2S5EPJ451WL3I,B00GRAZD3G,4.373477
A2M1PNKPRUCQYL,B017WLXUQK,3.6767101
AX2OKB7GR55FZ,B00IQBLQNU,4.2209053
A1RCVV077UAKKV,B013RN2YOG,4.1679077
A8A49ZBLUK9BQ,B00EH2E5IK,4.3608875
A8RL5L4BJTEMB,B00ICTUW6I,4.3865013
A2VSCTHLAYR9Y3,B00UPQIY2U,4.392874
AGGDI4VWPPZ6J,B00NTRYYT4,4.437625
AGIFTDAFJEXVA,B00C2WDD5I,3.8205428
A3CQLQXVXOKLWL,B013NTIQ28,4.374237
A1KLWQKML2HIXU,B00R8GVRK6,4.295103
A2UJTG9XC4KISL,B00T4ZG74K,4.3657293
AX59HEWTONQ1M,B00HS8S65I,3.8623912
AZFENNBSMN980,B00RMB80SO,4.3899355
A1TUBKEWD01LLS,B00YM0ANQU,4.156253
A1E3QC0C1ODF2N,B018OIL6QQ,4.7253327
A30DBF16JX73UA,B00HVFAY1M,4.444274
AFWKE30TEASMF,B00HLIYVPE,4.2246985
AG63N054UPJH2,B00CSBQ5YO,3.715715
A2Z3DQ7P9JYRLG,B00OG62G3S,4.751355
A3J5Q6XEH3K2TY,B01CN19QHQ,4.4461994
A3RV6L8TB9XZNB,B017FC8DS6,4.468619
A2U3FVDELHREMI,B01GZ7IMJC,4.579377
A1YZCADBVKWC9X,B00RO7302W,4.0785303
A3LR0J8MJ3Q6SI,B019P93A7G,4.30923
A38KPXZZ1AXYKR,B01HAGVVYU,4.3744135
AUII0MVONK1A1,B01A5OVNQA,4.565398
AQ5HSBPNASYIG,B019E9VZG0,4.5176177
AAADYWOGSQ758,B00BF2APBQ,4.3877745
A3RNQ7PNKEU1UI,B00MVK5RIW,4.5178537
A2D9S6V1AFXOAO,B00LKNP8DU,4.1841164
AYVJY4Z9CYQWU,B00JCFMXHW,4.7109537
A2D9S6V1AFXOAO,B00DRFQRIO,4.2311697
A3JVZY05VLMYEM,B00NU3AXHY,3.7812333
A1Z7KHEH5I1LUP,B01D6F5MP8,4.539263
A8RL5L4BJTEMB,B00OAN88H0,4.1657248
A3KBRXW4PKK2MT,B00OYWP438,4.250722
A10DX94ATZQEFG,B015DLURNU,4.3069983
A2KWQ64TRHB3YH,B015BIHKH6,3.898146
AHMV0N47XOIMZ,B00EY2UDR0,4.3420277
AK3LIR1TVZFVZ,B00M3GWXHW,4.4317265
A267QVSAPZCRT7,B01845NQS0,4.240037
A2W3RQOSC87P4A,B018WYKTR4,4.387577
A1TUBKEWD01LLS,B00IWTSKBW,4.283111
A2V5HEEE7YLXMI,B01DGXSHRK,4.243578
A3JVZY05VLMYEM,B01BEGXPYG,3.6744401
ABTPG9K6K74W,B0153XSCNA,4.471755
A63YNBWLO7V18,B014BR47MO,4.1870413
AT2ZB20OCU7X2,B00Q5OG0RM,4.5333185
AL4D6OHMS2Z9P,B00JXTNMDG,4.2701445
A360VI7SQP0HYW,B0189RIS40,4.33881
A1N48Q1NZQ9R2E,B010W9HEUW,4.692181
A3PB5W8OE59743,B01BQ00CAA,4.435833
ASUZ2V9ZK5DXS,B00JZWDC9K,4.532112
A3PV5FJGYOY5NW,B00G7RANLG,4.0760574
A3I4EQ1A96IBG8,B014B6KG2K,4.6102448
A3AM47VJNSKWZR,B00R9MUH0A,4.8433433
AAZ73E56LMN7V,B015T6EYEW,4.238183
A2RU61YN9M0IDQ,B00ON8JVP0,4.211131
A2DZUQQXPNUGI7,B00FIWMMJ2,4.3703566
A10DX94ATZQEFG,B01A1E8WO0,4.1920385
A2F2878HE7XOM9,B00LMIWFUW,3.6480038
A1RDYQ3CR9WOBH,B00FD5HCC6,4.4348507
ALGAUZSEQQWI4,B00NOAZJI6,4.349287
A26GE9ZG68SKIQ,B00O3V6PWY,4.1988287
A8YJFGILC2W38,B0108J1BVO,4.2642183
ALGAUZSEQQWI4,B00PQV6H78,4.2653723
A1LGEZKBNXPUW9,B01DGXSHRK,4.243578
A8YJFGILC2W38,B005GI9EXU,4.091818
A1RUGOMYCF8NF4,B010NQV6I0,4.1884956
A3L8F13NKUQHQ1,B00NS79DMS,4.1283655
A245T0V8KVTV45,B00MQ5BIE4,4.1906652
A1NAXYNAOGJIGN,B00OAN88H0,4.1657248
A11TXTVCFT246T,B00QG1TRNS,3.8815231
A1DJY8WVWPJ2H8,B00XZJ30FU,4.1944504
A2BOKBB1IZA13L,B00O3V6PWY,4.1988287
A3E4H5A1X8NJRR,B00J98RD4A,4.19479
A2S5EPJ451WL3I,B00TPBIA4S,3.9589422
A37GCC410JYT17,B00MNQH5UC,4.109927
A10IOT56F4GM85,B00DV7LVP2,4.52647
A10JAUCIGVRW9F,B01E46BFJU,4.120128
A296HV17AZ10V9,B00K5D7IAC,3.658427
A2PBXQTE07LEFY,B014VPZHCU,4.393537
A244SL0KDS6TL0,B0157RBC16,3.957518
A1GXJZGFR0BPJH,B00JTS1TPE,4.5808897
A24NC3WOFW7LHT,B00UZSTI28,4.3576727
A3GWE80SUGORJD,B00629WWJ0,4.4056616
AZRPAHQG1VHR0,B01DWF3ZHE,4.356739
A414YEU57FUHJ,B00PBA6QCU,4.2089853
A37KLLG8DXL5J7,B01EAYV5P0,4.172594
AXX9S5UGOEZR9,B00KZ41KGY,4.5343075
A19GA74ZCMMYPM,B0150GDK5K,4.4144135
A272PNE7D26JA7,B01HHJZ3EO,4.1893435
A1HHSUAQDZ1XM6,B015JQUCU2,4.4586487
A1GXJZGFR0BPJH,B01EIB8K9E,4.5489483
A22IR36BR0UCVB,B00DPNS95M,4.404503
A222WQ9VGVPSR5,B00YT6WRQQ,4.539586
A36PA4XPATJSKX,B00KQS1DJ8,4.1653943
AA9PKGS1AJS9V,B0100BOE7S,4.478849
A3FA93L7JWESR,B01A3H9YOC,4.244812
A2X6LA6IS2C32K,B00F3L4KIE,4.4178753
A1HHSUAQDZ1XM6,B00QR33XQ2,3.5312662
A2EVKNQ71UULXI,B01BS4Z7IQ,4.2908964
A26V5ROE0OZCDA,B00ENTIAJM,4.179989
A69JQYYIUQFQL,B012YHT12E,3.8273253
A31G4MNGZNYSZI,B00O4GUH1S,4.3818226
A3DA91KQ8UQ76Q,B01F5KX678,4.500574
ASZ8NR9HIZGJF,B00QIQNWXW,4.2111225
A83C3F4X0U3ZW,B00HLIYVPE,4.2246985
A2KS7XM8Z13Y78,B010189NMG,4.4362054
A2M1PNKPRUCQYL,B00UI5G3CQ,4.4341664
A3SIG6AK2XVJ13,B01DFMO1S6,4.634263
AIKGKUGNQ6L2F,B00W2TD572,4.12506
A1A085EGL86PB,B01GLZ0V6K,4.292982
A3JONP3MGSSP0F,B00OWIQH5I,4.346858
A1O206EET8BDM4,B013YR9IFS,4.0907516
A3V9J8I5FHAH19,B01AWPTL0W,4.438946
A2G9YADU04XBHA,B00GQQPU4I,3.938269
A20XM6F911RIDE,B00ABLJ5X6,3.617808
A10IOT56F4GM85,B0145JMH5M,4.353465
AXVDFGI9OEIVK,B00GRAZD3G,4.373477
A13QONG1RD57UW,B01ACB72TS,4.355898
A1CLGNWRCE4QKB,B013GZOXPS,4.339511
A3V9J8I5FHAH19,B019VJ697I,4.4709015
A116GL1WSBL31P,B01EKIELGG,4.143767
A2GO4VWZWTL7ZC,B00NS79DMS,4.1283655
AW16PJHZIQPA5,B00OECC9VS,3.5455627
A2LEDCD5NGDPL5,B00LD6IYUS,4.3514814
A4YSGLUQJP68Q,B00H8Q5AGI,4.141593
A1NAXYNAOGJIGN,B018RFX3LC,4.4878807
A18EEC1ENOT9YN,B00S58YGCC,4.294256
A1PSGA348YRV67,B00WLQ8QRK,3.9566216
AQR5TV897ZGKZ,B00V8UVHFS,4.072137
A23Y4UGTFDMZOP,B01FP256UQ,4.3778515
A1Q3SVFIAWX5YN,B00HND2ES8,4.1928596
A2B42XZI4MXOLX,B00FA0SCM8,4.214348
ADT3692HEYU4S,B00Q6Q5ZP2,4.2159004
A31JVB1Y1HXN5I,B01FPJ0DMU,4.5891337
AUII0MVONK1A1,B01DWW6H6I,4.565502
A3SMTE1XV2GC78,B00HTJJST4,4.181155
A1ACUN6A2LYVMW,B0149IDQV8,4.3886395
A18EEC1ENOT9YN,B00TEB4HAU,4.2800045
AE7Z94S1URTXL,B00NYISFXY,4.175234
AAADYWOGSQ758,B00XTEMJR6,4.0515213
A1LL39K926QN1V,B00OHNCCYI,4.0748863
A2WQZ6RF0O4XER,B010ZFRUQQ,4.6126018
A2AGAA1B2ORZW0,B01GBYFK1C,4.298847
A16NOA3DB7G1SR,B01EGL8HXA,4.2451067
A2BEDL4QXLEE3S,B0104OFHEK,4.058444
A2Q7R5EUKTKURJ,B00IJ4K752,4.4922447
A3CAIZ5D023DAO,B00L6YJ6AE,4.534391
ASI65UKWLTDJQ,B00OQY2X06,4.4887047
A1QFKWSZFO0AOH,B007SCJ1RG,4.7539845
A3H7J5POTR9TZW,B00CQUW9YC,3.867265
A1ZPW21ZBSDZ10,B00O3V6PWY,4.1988287
A2LAII96I1O1IY,B01BO8423M,3.9496753
A1FEZ774RWJOU,B007GSO4XS,4.457797
A36CNQTLRIL6LM,B01B52FWAY,4.4360924
A1WUV5NNBO97B6,B00NMVS01K,4.1068096
AQFF452SVDF48,B00N05R8GG,3.9300108
AGBGV16NY06FW,B00I8PT41A,4.475192
A353K0UEDMX3PH,B00JJUZ1W4,4.3518133
A3E4H5A1X8NJRR,B00VRQNK58,4.111926
AB5DP7AM479QJ,B00G0TI2I2,4.0007386
A2EAKYR4AEJU69,B01835JNDI,4.55486
A3VOJUZV0MRGK,B01DJB7XZG,4.6318483
A2HESNQJZ9OB7H,B015Y80IGS,4.1756763
A287J5FTWL99W6,B00H67YGUK,4.272331
A1K69VHP8LH96J,B00957XZFG,4.403601
A2M1QYOWLBGRHT,B01DFVOP74,4.512145
A1P44JJW47E6QN,B019LOFJE2,4.309869
A15EMPO8TCH2RB,B01GBMRQH0,4.30352
A1ODI3DRI04JZO,B015BBZB1K,4.279152
A3H1TO48SUIM54,B01HCB4LFE,4.213771
A2S5EPJ451WL3I,B01G68FXZG,4.2946258
A2CZKERY4LUBVI,B00UOFS9QS,4.150279
A1B5MN8PY0JIJQ,B00XB6M0OY,4.471628
A15Y3Q6XIXTGKU,B01D5CAQ1C,4.620268
A2RWL2UG5PAFAZ,B00LS610HC,3.8995543
A1K5D34E308RSD,B01CXRI0W2,4.489559
A3QU0T2MAJ2VJM,B01BFF1FOS,4.299699
A1LEP3FM28J5RB,B016M0D3GO,4.2060375
AK3LIR1TVZFVZ,B019G904RE,3.6601095
A1ACUN6A2LYVMW,B019YNUQ0M,4.0868587
A1YS68EIVIMORY,B00ARFOGQ2,4.0123606
A1E29AF1LT9N6S,B00K1MS0NQ,4.263031
A1P44JJW47E6QN,B01A4ST18E,4.281998
A31W0R6O8EM6V6,B01FV7OB5G,4.3775005
AYUTCGVSM1H7T,B00AXLV0CI,4.0856986
A2VSI0RDFNNBEU,B01DKRP6RG,4.2056913
A3LR0J8MJ3Q6SI,B01BMODWY8,4.5438566
AGD9CPEWV61AG,B00JQS5FIO,4.4789686
A3SMTE1XV2GC78,B00I1VX9YO,4.2651644
A253ZKSZTAZ8W7,B0098AUF7G,3.9679606
A1P44JJW47E6QN,B00AXLV0CI,4.0856986
A2PBXQTE07LEFY,B01BHE3H1G,4.385314
A1FWLM5208ESO4,B01D27RNDO,4.269824
A28U98HYYE5DR1,B00O3V6PWY,4.1988287
A3EJDCT3TAEC2,B00TI0T5IQ,4.4296484
A3FA0RACII84DP,B00B3DROPW,4.27757
A31PEOCXMVP4X4,B00QZHHE7E,4.395218
A2539ZDDALTYR7,B0050YUL0A,4.038044
A32TX5VFAQALG5,B018CHA4GM,4.2702036
A2UJTG9XC4KISL,B00HTJJST4,4.181155
A2C3N49XB5K19C,B01EAYV5P0,4.172594
A2YJ8VP1SSHJ7,B018P7B0NK,4.259262
A3H1TO48SUIM54,B00O4GUH1S,4.3818226
A1NL7G5VN45RDW,B018RU9G0O,3.8571205
A1VA2I63CK09BU,B0143PGMCC,4.5698977
A2YJ8VP1SSHJ7,B01DL6EQC2,4.704645
A2MXJZ75PBWCI9,B015L2UR1S,4.2787914
AV6ORIR1JV86P,B01DJI001S,4.295144
A2PJCE1T0AXDD3,B00XIHMD2K,4.5348387
A2RU61YN9M0IDQ,B0161EFLCK,3.6289895
A2FR370CNM7L9,B007Z4WSOK,4.395623
A253ZKSZTAZ8W7,B0161EFLCK,3.6289895
A30DBF16JX73UA,B00NEON2WC,4.4197416
A5KRI5P7KR7SK,B00DPNS95M,4.404503
A3DQRNADNQWG6H,B0100BOE7S,4.478849
A3OQ0WU2ZHM5J6,B00NLLP3MU,4.2542696
AAO6QIF5RUMS2,B01CNZ73DG,4.469881
A2B9C3FMYW18UN,B018BJKTPC,3.967223
A1K69VHP8LH96J,B00DRFQRIO,4.2311697
A21TSBBTF0DMG5,B00BZF0H6G,4.2162066
A3KFTHKGVC63SL,B00C44H0OE,4.1583967
A37P6T3YZ8KY2F,B00MX7NP1Y,4.138651
A3C713428J4MJ7,B01BU7PHA4,4.0618906
AC10C3YIUN8LO,B00CQWDQA6,4.156402
A2MK1L1Y74WTWH,B00Z7Z2A6A,4.049224
A142HAT43L5W4W,B00I1VXA3O,4.273198
A3O6Z1T0IZ3NT,B00U9U223Y,4.372925
A1CLGNWRCE4QKB,B01520Y7N8,4.5301824
A32TX5VFAQALG5,B019AJC8DS,4.277404
A3N9UT7F50XA6L,B00WDXUE6W,4.041835
A1UH603GXL3ER2,B01HCB4LAO,4.3663197
AGBGV16NY06FW,B0150C55HA,4.186142
A1K3WZMHNUDZ6N,B01C8CLGR8,4.576166
A1A6ADR8JG12KQ,B006Q1V2XQ,3.9480379
A35JGHMCMZIMW4,B01DE64GJW,4.0541344
A38TZJEVGI7OJN,B00WCD5GYS,3.4275846
A2XKX5TBB6WV00,B00WNCHJF2,4.483725
A1JMSX54DO3LOP,B00UMHJAOS,3.806738
A3PYB2CTKK93MG,B00D53OFPA,4.5014744
A16E3LZGPATT2,B011TI8CTW,4.5874147
A3P2ROGJMLVZHN,B00RC6JVDC,4.0389347
A3JONP3MGSSP0F,B004UHYPZK,3.9236162
AYDMB9RBJMTBR,B0096SJLAM,3.9313657
A1DJY8WVWPJ2H8,B01CSNZ15K,4.586044
ATTQEF12BAZNC,B01FOEQRNA,4.3074493
A326085M0DK10B,B00DRFQRIO,4.2311697
A1LEP3FM28J5RB,B00MT3H1VC,4.309306
AWPBNX7NCVR0D,B00Q5OG0RM,4.5333185
A34FGMJ3K5O6GT,B0065KX8P8,4.1058893
A69JQYYIUQFQL,B0184I7L1U,4.580701
A1FAJ6G0KD5ASM,B00NXFPENW,3.9208033
A2MX7TA6LI8I4K,B018FNBE26,4.3119116
A2RO8I1XUKKUU7,B01DV399Y0,4.414834
A1FI0I69UHS22T,B01ADL8LZ6,4.4591594
A2GO4VWZWTL7ZC,B017DPEEUG,3.7246206
A2SNF7VCKMYTDF,B00MQHIEKI,4.2984095
A2GO4VWZWTL7ZC,B00X7R3DFM,4.485914
A2S5EPJ451WL3I,B006PYDFTI,4.201335
A2WEE1PU5NZVJQ,B019G904RE,3.6601095
AK3LIR1TVZFVZ,B00ZYX46P8,4.467004
A3E4H5A1X8NJRR,B00A9FYVXS,4.194647
A31R64J645RAC6,B01D7GSS70,4.290938
A2G1P9M0BN9BQJ,B014RCH66M,4.1614256
A3PATLW8T3PQV7,B016G5T1CA,4.232016
A2AI4R4JQ6Q772,B01AWS518A,4.333615
A1SH6H9ZY9AJV9,B016PKYGGC,4.4716997
A3CBZUOAQ1LBU5,B00NJ0Q0SY,4.470599
A2DEMVB5J42NGI,B01H7HMP1U,4.6129875
A3AN1E7K5WXIXK,B01EJ2BV0W,4.2751136
AYUTCGVSM1H7T,B00MX4LMT4,4.3639526
A1E614LDQVKOYE,B01ECK9V12,3.8835015
A2IUIOTFRZHGLD,B00IBF3PJ4,4.208956
A18EEC1ENOT9YN,B00D9CMLNA,4.3875346
A1UH603GXL3ER2,B0100BOE7S,4.478849
A1RL1Q5LPSFZL6,B00K9W0F9A,3.6367471
A1L6F7EDB5NVUO,B01F5KX678,4.500574
A1ZDSAPOGRGBJI,B00DRFQRIO,4.2311697
A2V06QC9Y4ZL0E,B00XCAOXI0,4.2685275
A15EI56DL57DZC,B01DUP0TL6,4.124375
A2G45Q8V20R779,B00TIUEVL2,4.7043986
AFWX7LUD88GFR,B00IXR3JLE,3.8935914
A2BOKBB1IZA13L,B00T6HTQTY,4.2734156
A3H38968JZF6VK,B007BVNF4O,3.7627466
AUJKYWUK14BZ2,B01F483E64,4.512768
A1K3WZMHNUDZ6N,B017DSORBE,4.3981276
A1VA2I63CK09BU,B00K395P12,4.112381
ALFGUMMTD7M4R,B0165WFX2Q,4.692645
AUI3XAZ1513SI,B01D2CC1EU,3.672623
A1DJY8WVWPJ2H8,B007PPJOGO,4.1684513
AYX4FFM42UGTM,B00XIHMD2K,4.5348387
A3TC60MGLW1I76,B00EHSUFD8,3.6324394
AGE0YGLF7L2ZL,B014LQ18CW,4.459507
AT2ZB20OCU7X2,B00ZRDPPU0,3.7513716
A1ACUN6A2LYVMW,B01EKIELGG,4.143767
A1BOK1EC36Q0WV,B016XBDENO,3.9446654
