ReviewerID,ProductID,Star
A25X28UZCW2J6G,B00K9V6B94,3.4794178
A1FUH1O6FCTUYG,B00GZANS6M,4.851994
AAUVEEG5YLZAX,B01864DDVO,3.962408
A3VQLGTYTL5196,B001BXNQ2O,4.5291095
A10JAUCIGVRW9F,B0116MZUS2,4.276939
A30WJKGX1XG19Q,B00I4KRGPA,2.6854634
A2JPS7EMNFKXOV,B00KLO64S2,4.8233304
A1TA5QYECZP1L1,B019LZJ5H8,4.368444
A27OS7Z94VXCYF,B00X2JUCRC,4.4815392
AJNVLN50MZSFU,B01A03HKFE,4.242939
AL2SKAXGCX01B,B00OM12RWM,5.504307
A1RDYQ3CR9WOBH,B00HHGRE22,4.5093226
ASGBSLP29DQRY,B01CBLURCG,1.1659354
A3S3O6L6SZL8KV,B01GKU3D1G,5.317731
A26V5ROE0OZCDA,B00EAHZR5W,1.3903154
A37G8WNF7DGY6M,B00BF2APBQ,3.1791754
A3GWE80SUGORJD,B01CBM44Q0,3.2477021
A15Q5MVRVBMKW7,B00TC1JYA0,5.0030975
A1O206EET8BDM4,B00QBH0WE0,4.0639806
A3CYA250L0DABZ,B00N05R8GG,3.708753
A31G4MNGZNYSZI,B017S1KRCO,2.237958
A18EEC1ENOT9YN,B007YUYWPS,3.231268
A23TQDWMUA4F6Y,B00NGZOH1E,4.616353
A1983ES85GQ6LC,B01HFFPC2I,4.101999
A35CC2LV7L5GFE,B00PG4T6UU,3.5186586
A2S5EPJ451WL3I,B01H4NVSOC,3.2424798
A2AGAA1B2ORZW0,B00II5I3R6,5.778083
A3N6TV5T5JSG7K,B011G3HM2S,5.194469
A2C7W167DVNUKH,B01A3SL1ME,2.1255794
A4YSGLUQJP68Q,B00R04OX5C,4.8913836
A3E81XX9ZDNCNO,B013X96TL8,4.7623935
A2D9S6V1AFXOAO,B00X8SCJCS,2.595798
A1V9310YS86T7M,B00LAKB87S,4.662995
A8Q2ZFOHTVSCV,B0143PGMCC,3.5385218
A3N9UT7F50XA6L,B00HTJJST4,4.4887595
AEKAL2F7RF7WL,B00BPTTFOW,4.7487607
AQFF452SVDF48,B00YSW6NWU,3.657627
A16XJNGXIVCHE3,B00HWFEVRE,4.5775437
A1UH603GXL3ER2,B01D1UVNEM,2.8732061
A1W49O3LYZ8GI5,B00ZAY07OK,5.367929
A3CIIU9YNK53VK,B01BU7PHA4,4.1797605
A3DS9MLHI0EHG6,B015VKB8KY,3.876368
A3JVZY05VLMYEM,B00ZTMRHQ4,4.3402133
AXMNLUJHA9RG7,B01E2H3M1A,3.7115455
A1NE9CRAQ0WUV,B01BXGMTEY,3.4820242
A2MX7TA6LI8I4K,B00FY54JYO,3.4664373
A1ZV5XBKG7RVZU,B00DH52R5G,3.4278302
ABRLCS0WRNOKX,B00JJUZ1W4,3.373095
A2W4295H4JSYDD,B01CMH15IE,2.8763824
A28REJAM6899K8,B006PNKS2Q,3.2013083
A2GO4VWZWTL7ZC,B00NW2BZD4,4.1788306
A1NPM2IW3DLO3F,B01CMK63A6,4.6125846
A2BC67IP5E7QC1,B00BVXQS1U,4.767198
A38VSUHB9RAWYT,B01FQ57CRC,3.7297559
AXOY11IDEONHE,B00CLZCRIU,3.1745458
A28Q2RR2DO7NIH,B00G9FC2GA,3.7870564
A26GE9ZG68SKIQ,B01DUO8QXU,2.8861032
A19GA74ZCMMYPM,B0198OKW7Y,2.8274903
A3HYB9AL7BZY4,B01BXOWVU8,5.0411825
A31W0R6O8EM6V6,B01B3G5Q8K,5.283305
A2Y7B4AASUOXM,B010MER4EI,3.326941
A2Q8B7JPI4LAKL,B01DH09WVW,3.132061
A3RS1I72ULUVFC,B01AJCEP0Y,3.3997989
A2PBXQTE07LEFY,B01ERZFFSK,3.0783029
ASR774IIR8VN7,B00UZM2O52,4.134702
A1ZQGKKF2I7YS0,B00YOAD310,3.5560675
AAADYWOGSQ758,B00PRA4CUM,4.869083
AKWBRE0JKA2A1,B00ENHU966,3.9497914
A1ZOL59JA86C7Y,B01HDNEFGQ,3.4816241
A3N9UT7F50XA6L,B0165I3WGY,3.4019146
A1UH603GXL3ER2,B0150BC7FY,4.2436976
A83C3F4X0U3ZW,B01EYUE4DK,0.61596304
A3V9J8I5FHAH19,B016TNH8HE,2.760344
A36WBGWPPLIQZ9,B00D8GLHYG,4.3089604
A1HHSUAQDZ1XM6,B01DUO8QXU,4.16686
A27FIUTXM6WTIW,B00RW9JGYS,4.998465
A2J8WQHKV75MAS,B00T85IUR8,4.1049943
AZPNSCZH6LW40,B01FKDKB96,3.2707424
A1G7VXXXLTJX9R,B00QVNQYIM,4.077813
A2C7W167DVNUKH,B00X4112W2,3.5636706
A916DXE9W36GF,B018PD0F9E,2.2972026
AVTN1DZPKSY8I,B005NTW8SU,4.443749
A1I96OYAUJ3HQE,B01GEKTEY2,3.9193382
A198VXVTHHIZJ7,B0157RBC16,3.698347
A1HHSUAQDZ1XM6,B00DV7LVP2,5.8923373
AAIDLB38IY7R6,B011B2C3NW,3.049994
A2HZ6MGQ6TPNO0,B017JRXATE,4.6545725
A1PSGA348YRV67,B00U7O4IQ6,2.622027
ASGBSLP29DQRY,B00K40M50E,3.8761172
A326085M0DK10B,B019S2I4HG,5.335049
A2KWQ64TRHB3YH,B00DU4Y2R0,5.1118407
A1NE9CRAQ0WUV,B01BU7PHA4,3.1322927
A14TBDIKFSOIX8,B00L1R3OS6,3.9340444
A3SSNQX72CDVLH,B006A9XGUG,4.8057256
A3CHUCS2CVKGI0,B017RFCQ5C,4.702395
A27FYZLG2XYSCZ,B00EZGN2VO,3.6412663
A3H38968JZF6VK,B00BBQ2JPQ,4.663339
A2NDDUI5L26D3Q,B01ACP2MSU,1.5660082
A37Q71Z1BE6V9,B00FJFV6AY,2.978701
A245T0V8KVTV45,B00VQJHHRI,3.5270576
A1ZQGKKF2I7YS0,B008O58I4S,5.591662
A3GWE80SUGORJD,B00ES2P6UK,4.216541
A2LF3KTH2T6RJA,B00L73W2J6,3.6636553
A3NVE90M7T4FBT,B01D5CAQ1C,4.5332093
A26GE9ZG68SKIQ,B00PG4029Y,3.8341703
A36RDF38V9ITAE,B017GGWXNW,4.6910524
A1Y5FO3ON4WVHS,B01ERZFFSK,3.2761922
A2US3C9WGWUE66,B00KH3Z53W,4.4858737
A1C7ASZFSTSJMH,B01GZ7IMJC,3.580079
AD9HAE7DPTQDG,B01A3H9YOC,5.16985
A3FA93L7JWESR,B01GQW4UQ0,4.588701
A13QONG1RD57UW,B01AQNZQD6,3.3457718
A2XKX5TBB6WV00,B00N9IMHCE,3.5512462
AKZH6MEXHWGLD,B010MXA96E,4.331424
A2D1LPEUCTNT8X,B00NHVBIF0,-2.600016
A3CYA250L0DABZ,B00II5I3R6,4.075929
A32TX5VFAQALG5,B011G3HJ6C,2.8297172
A1B5MN8PY0JIJQ,B00K1HQWBS,1.7185041
A18TN5IRM7LPNK,B00ZYX46P8,4.4222674
A1ACUN6A2LYVMW,B016WQR86Y,2.7411947
A16SH2BVYS9FL3,B00MJ2UMIC,1.47586
A1YUPRU1BVJHQV,B01990D46I,2.8179255
A3LVYVNRDCRYQP,B01ACP2MSU,3.5079799
A3RDDEA1NKSMVC,B01C6DZQYS,3.6103177
A33CY1MZDI8944,B0197OZW7A,3.131506
A2NLY1TJ8TYV6D,B017S1KRCO,4.300409
A2MR87VMPFNFJ5,B00HLUH7BM,3.7699876
A3TYM17FU0FSE8,B01GD3CF5U,4.400786
A7GZXYEZ2OMLQ,B017733NZ6,2.1209636
A3FOALVTW4NEZI,B00AA3P7M8,5.452792
A35BKLDD2E04E6,B00TZ8TK54,4.2370114
A3A44JIMIWYFIE,B00MAFLX90,4.166032
A30KP3UKCY35YQ,B00LAKB87S,2.8198457
A2I0ZBZOWPP756,B01DABB99G,4.341054
A1MIXHFSMNEE42,B00HZ3NG74,3.8044782
A345V8Y9YVZEEP,B01D3EKF1I,4.8276978
A16N88TMHMXX1F,B00NLJHSQ6,4.1680813
A1SH6H9ZY9AJV9,B00XCLU7Z2,2.9831314
A1SBQ0F7FSLWB0,B01GF9OSI4,3.6261034
A1OKS5Q1HD8WQC,B01HHJZ3EO,3.8252416
A2MK1L1Y74WTWH,B00Q6YLPJ4,1.2749401
AGIFTDAFJEXVA,B00Z96Q9U0,4.83305
A245T0V8KVTV45,B00PG4T6UU,4.58931
A1ECVHTU780FYY,B00LU5ORLW,2.8007073
A1F41PH89SL6JB,B00KKTTQZQ,3.9939113
A19MQI49YCA5SK,B01914ZZHI,3.010963
A2J7GJWY8O1MDB,B01BN5LB7Q,4.1547236
AIKGKUGNQ6L2F,B00GT4I4L8,3.3022213
A3BMLG97SSIKN3,B01DME2QDY,2.596261
A1NPM2IW3DLO3F,B01B55MQ5K,3.816884
A137UEIU93IFEF,B00AA0VB8U,1.5417298
AJQJ9WSUDVQ0C,B015BCX0OO,3.3250804
A3C713428J4MJ7,B00XDAG2TC,3.1636467
A26V5ROE0OZCDA,B00SSS98IQ,2.163581
A2O4SN56PNX9YL,B01EMF4FXG,4.6085095
A10IXICTN64ZSV,B01F0MF6KQ,4.535352
A2LF3KTH2T6RJA,B00I590F8A,3.6261034
A2PF014MHWXCT5,B01DME2QDY,-2.600016
AXIO51VZN815F,B00AOS6Y26,2.9512405
A2AH9PUAT0EFCR,B01GSC9QOY,3.5553508
A16SH2BVYS9FL3,B01E1RRX66,2.651497
A1JMSX54DO3LOP,B005ZUV64E,3.8335671
A3JXBWCYZ9HVXL,B01CJ37JJ0,4.530794
A247M2SSLKTSHY,B006KZ5M84,3.0380754
A2C3N49XB5K19C,B01A6B5MFA,4.263108
A2VSFHELFF7ICE,B01GYPQQRU,3.1264362
A10DX94ATZQEFG,B00WRP0DHG,3.9790235
A2MR87VMPFNFJ5,B009L2X8KM,3.4506674
A3AN1E7K5WXIXK,B00PQV6H78,5.4216895
A1CPMEH6MMCRRZ,B01DJI001S,4.645558
ADAJ62S65XLVH,B016JPTGN6,3.9492903
AX5KL9LWC1TG6,B005PII040,5.4432087
A1NPO1UJGN7GVO,B01GZ070A6,6.0363374
AAIDLB38IY7R6,B01HC1252A,2.2365103
A1A6ADR8JG12KQ,B01D0ZPA60,4.629417
A1BBKKDTH8S00C,B01CX93T44,4.7838697
A2S5EPJ451WL3I,B00MRFP7E0,4.0263433
A3E2YW0WOZ9TWL,B01BJ9EFB0,2.4861355
A2RQ5IRWRU0TVO,B01A03HKFE,2.813918
A2M1PNKPRUCQYL,B01HC1252A,2.845324
AAADYWOGSQ758,B00JFHKEOG,4.8966823
A3K4HYYXZFODU2,B010PHITOQ,3.2504144
A2H7AEDMKV11OJ,B00HCK1TZQ,2.894374
A2KE2O5C2XMXGE,B007YX9X18,3.0877542
A1E614LDQVKOYE,B00VS1XNS6,3.502554
A1P5YXP15B13SA,B01FG70S4E,4.0379143
A3CYA250L0DABZ,B00OAGWXDW,2.1570616
A1RPQMHJSNR8U8,B01H0UI0QS,3.0944657
A2UJTG9XC4KISL,B00P38D704,4.4076366
A6ZT9EZ49JTEL,B01E1RRX66,2.651497
A1EHES82IVVS9C,B01GD5E86C,4.2426314
A10RH00JS3DUX0,B01DABB99G,4.7944446
A3HOXAKC11UEOX,B00Z7Z2A6A,2.3161912
A1VU7D0OL9GKST,B00OAJUEW6,5.733416
A3IQ0P3M39IY8U,B00TPBIA4S,3.465229
AQFF452SVDF48,B00ILYKGW4,3.160277
A1SXDVX98NJLHZ,B00F8N71PQ,4.606753
AHR3AU7CPID24,B01H0UI0QS,1.6776558
A2PJCE1T0AXDD3,B00TGC71K0,4.517383
A37G8WNF7DGY6M,B00NZAPQHE,3.7486062
A288W9MY6EK1P,B010ORALRK,3.2269888
A2RWL2UG5PAFAZ,B018CHA1D8,3.8219004
A39N24TTLP6I48,B00NF30KKE,4.417894
A1ZDSAPOGRGBJI,B00X7R3DFM,3.5993896
A2PBXQTE07LEFY,B00L2II2AY,3.754189
AQR5TV897ZGKZ,B00F64A1YK,3.9255042
A3TC60MGLW1I76,B00Y228S2O,2.2231202
A1SZW98SMUZTQJ,B00WZWMRC0,4.5574117
A26GE9ZG68SKIQ,B00KUJCVLC,3.871109
A20Y6SVZJNW6U3,B015M5L9A2,5.291576
A2CJ33Q2E7PUTQ,B00GWF5ETE,5.605155
A26V5ROE0OZCDA,B018BYUPVA,1.135771
A35M5NTEVHKVB,B005CHQY24,6.1575384
A34S7V88FKZ2TA,B01HDLC4C0,2.7168078
A1AFGQGTS66UYY,B0188CT868,1.9746627
A2PZA5XB74EIDB,B00PUS8AEK,4.445365
A25CQ5UC0CJ44C,B00GNJBFC4,4.6661115
A3K8NPGJOP3QGV,B0122EO4TE,5.3419085
A326085M0DK10B,B00FHFODOM,4.829139
A24NC3WOFW7LHT,B01DN1BLKK,2.5949316
A16XJNGXIVCHE3,B01CGBC7D8,2.551834
A1PMXOPB5EYC54,B01H0UI0QS,3.5068798
A2GO4VWZWTL7ZC,B01GWMFSYM,2.7476335
A1UH603GXL3ER2,B00WNCHJF2,3.0915236
A1X6NTLNNGVIAF,B00EH2E5IK,4.386267
AJUCQMDI0QA3I,B019B6WUGU,3.4332108
AXVDFGI9OEIVK,B015ECXJOM,3.7777886
A1YMQOVJJHYR5P,B0184BHNIS,2.949257
A2HX0B5ELOPP5Z,B00LKQHZTM,3.4816656
A3Q9ZYNO1MXQDW,B01HAQ70M2,4.1577983
A9M7TOUJ3N4OE,B00VO86O7K,5.388371
A3NW9Y963QZ8WI,B00MD5VDNS,3.004551
A3CYA250L0DABZ,B01EYUE4DK,0.25103337
A2U06P692IZOSF,B016YIRT9Q,4.524327
A2Z3DQ7P9JYRLG,B01EQ2S2UM,3.1838322
A1NE43T0OM6NNX,B018A097LO,3.7634854
A178S00H8B3YWA,B00ZAJTPB6,5.090732
A26V5ROE0OZCDA,B00VOYNKM6,-2.600016
A2735JIVUDTBZ0,B01FC9OWTI,3.4426303
AMKWIQ2MT2V5R,B01BJST0FC,2.7961302
A3SFE4SWTZ3UIP,B01F2WTGFK,4.8795886
A15RKFWXR5W3PP,B01A1E8WO0,4.309811
A1ACUN6A2LYVMW,B00GG0OZ9A,3.4274774
AIW0QH84UBVB2,B00COAKA7C,3.5149364
AAO6QIF5RUMS2,B00S8J54RY,3.9440222
A1ACUN6A2LYVMW,B01AQ14XL4,4.016595
A37Q71Z1BE6V9,B018RKHYMQ,4.296497
A1TVJ9WDRP0UZS,B01FCBU7OU,4.391288
A39CVMK2ZKEIK2,B00MQHIEKI,1.9040045
A3E4H5A1X8NJRR,B01C4IAK5U,3.957189
AYGI3FN2M078F,B017E1XMPM,4.6103415
A2N1XSD82O6XTV,B00JCAHK6G,5.08116
A2EAKYR4AEJU69,B00CSFDPUM,0.70054495
A1JMSX54DO3LOP,B00K6GZJ68,2.7744575
A3KBRXW4PKK2MT,B00ED3FAO6,4.255033
AIW0QH84UBVB2,B00P9QXW1E,4.6839275
AYVJY4Z9CYQWU,B00E7KTERY,3.4847856
A2EGLWRK7PCDYH,B01BJST0FC,2.8631964
A253ZKSZTAZ8W7,B01GCULNK2,4.0882044
A1ZN09YCBHQIFJ,B00MZAS07S,3.4585013
A1XL1A3TCU3Y1I,B01EYW7KHU,4.777374
A3W4VE2L5G4HN6,B01B0T1HD8,2.8770685
A39CVMK2ZKEIK2,B00BPTTFOW,1.5837821
A1V4LZS4HHHH6K,B01AERZS78,3.0804482
A1FUH1O6FCTUYG,B00SPGA5T2,4.833826
A18EEC1ENOT9YN,B014LZJVAE,3.5147839
A26GE9ZG68SKIQ,B00IA4UVPC,3.4110699
A2MR87VMPFNFJ5,B01645ZYZU,2.9265623
A32TX5VFAQALG5,B0165I3VSS,2.4898005
A253ZKSZTAZ8W7,B01835JNDI,5.982979
A13LERNQ8R7267,B01A4ATX4E,3.5413208
A18EEC1ENOT9YN,B00KGK9A5A,5.058825
ALGAUZSEQQWI4,B0175AQ1S2,4.668587
AA9PKGS1AJS9V,B01G89E5OS,5.229601
A2N58DQ4IL5SHP,B01AKXHWTS,4.032396
A2PG5XA0Q3BEMU,B017KW0G2M,4.6342573
A1F41PH89SL6JB,B00NW2BZD4,4.065771
A2XDIADRDAIZ0M,B01CQ2707K,4.9315743
A2Q439D72KOQME,B016HIOV08,4.018618
A1GQ2UI5BKCCRD,B00IJYII4E,3.8160682
A1ACUN6A2LYVMW,B01BHE3H1G,3.6585984
A3CBZUOAQ1LBU5,B00NOAZJI6,4.927516
A3ULR7XJF3C400,B00VW0OLKM,5.2707267
A2S5EPJ451WL3I,B00HTJJST4,4.064944
A1DF6JO4KFE5X1,B01CFBYXMW,3.1078157
A137UEIU93IFEF,B00FY54JYO,2.7938347
A37BRR2L8PX3R2,B00GVJ4WOY,3.847774
AUQCW3RV8YE2W,B0118DAWR8,5.016772
A3JONP3MGSSP0F,B01EYW7KHU,3.21913
A10JAUCIGVRW9F,B00R1O4KWW,4.966677
AG63N054UPJH2,B00LE4Q370,6.051356
AL2SKAXGCX01B,B00PBA6QCU,5.423985
A3KIA7199DNI2H,B005H8PAQ4,4.0973706
A3PVBW0TN46U8G,B01HCB4LFE,5.3647833
A1XKTJ1XLTWLCQ,B00S7766OW,4.683363
A1ZDSAPOGRGBJI,B01DWW6H6I,4.318203
A20ISU7TSX8NIL,B00VQR2NOW,2.4236236
A1H10L6S9KZB2C,B00J9YWGTQ,5.9166007
A29T92HFUVM2NT,B00UT0VAD2,4.3192096
A1SUV0W0CB3KVM,B00RC4MNWK,4.3625655
A1EF46YLAZ7MEM,B0182RBPSI,3.978376
A26OF6WI5RVAR9,B01BJST0FC,3.0611262
A3K9X6KRQCWWKL,B01GQW4UQ0,3.094079
A1BBKKDTH8S00C,B01EII2PB6,4.3246503
A1ACUN6A2LYVMW,B00IKW40N8,3.6046443
A3OQ0WU2ZHM5J6,B00HMXLW9Q,2.5049458
A245T0V8KVTV45,B00NWR78L2,4.6541815
A1ACUN6A2LYVMW,B0058OJ8AG,3.5169177
AQFF452SVDF48,B00TGC71K0,2.7208319
A3P4PWQ6NZGNFY,B01APIXTJ0,4.875609
A3SXU17Z77R7N,B01416W0C4,4.695003
A1RPQMHJSNR8U8,B00LDQOZWO,4.6026244
A16N88TMHMXX1F,B01FOGIV3W,3.4797854
A2QM4ZF6N1SI4S,B014M089YW,2.8961663
A13TLUQKSW123I,B0190HN0DM,1.8198322
AQFF452SVDF48,B01CKEZ4BS,1.1115104
A3BPKT9STRWWQG,B0139HKO3S,3.5354648
AUII0MVONK1A1,B01H9ER9R6,6.1984158
A1ZV5XBKG7RVZU,B00GRAZD3G,4.0882616
A3SZPKNV5IU75I,B0157GPPEM,4.3567066
A1P5YXP15B13SA,B011T78JT6,3.2601843
A13QONG1RD57UW,B0174PTMU2,3.3457718
A1JNMSETGHIUZ2,B00GW9K8EG,4.4848304
A3AGZMFF5MXXG4,B01HHJZ3EO,4.0819535
A3CYA250L0DABZ,B00NW2BZD4,2.8587813
A326085M0DK10B,B00ENTIAJM,4.418262
A1QDU32SAI8LO2,B019B6WUGU,3.3933325
A73IK4VT0XZS6,B017V6PZGO,2.8662252
A23Y4UGTFDMZOP,B01FPGWZCE,3.9649177
A3UO90FEXQNHRD,B00KCWO76O,3.331798
A3GWE80SUGORJD,B01GYQ057Q,3.2477021
ACVNKHUOX3QWU,B00OYWP6G8,4.468411
A3SQJOLKQ8X719,B01069Z6TO,3.7111611
A3QY3KER34QGCS,B012YHT12E,5.0274215
A2O4SN56PNX9YL,B00MX7NP1Y,4.430902
AXMNLUJHA9RG7,B01BRFLLP4,3.7115455
A3H38968JZF6VK,B00ENW9J9Y,5.3436027
A1M9WKJRA9LA3H,B0172LVWUQ,4.192786
AQFF452SVDF48,B01A9BTUBY,2.9016237
A1HHSUAQDZ1XM6,B00HBWQCAC,5.117186
AQ9EUQMWTPCLP,B01EYUE4DK,3.1390042
A1GXJZGFR0BPJH,B00VGNPU3W,4.3851156
A14R9XMZVJ6INB,B01DQED9F4,3.5051036
APORGO15GFK60,B00BQMKC5O,2.8724575
AVAC1JO1AZGAJ,B0173QJGLW,2.6650763
A1YMQOVJJHYR5P,B013GZP3BG,2.5663195
A31O3ANLI6CFJ4,B00MSSTC56,4.2333226
A2LFTN6A58XAQV,B00PSEO3XS,4.201281
A2UJTG9XC4KISL,B007YUYWPS,4.6950417
A1IFWIZ62O12OT,B00NTRYYT4,4.170427
A183DRUR0UACQ4,B01783W2SE,4.201426
A1QXNTUAUWFKP7,B01CDYARAS,4.439692
A1D7CDK7HS68NP,B00SZ35DB0,3.836185
AKZH6MEXHWGLD,B01ACLW2JS,4.551639
A36PA4XPATJSKX,B018F3C1KU,4.9292545
A2UJTG9XC4KISL,B00MDACG9I,4.1185327
A2HZ6MGQ6TPNO0,B004INHR24,4.023249
A1IE93W5OH9MGR,B00AM4HTEE,4.5653815
A1BQJNUATIXPSS,B00OQI625O,4.7855606
A98XBNRFXW0BJ,B01FPGWZCE,3.6370025
AHKB5BOH22L44,B00N7K1BB2,5.3174825
A1E29AF1LT9N6S,B00EJXIO7U,2.3600445
A1DJY8WVWPJ2H8,B00DLSTT9Q,4.458914
A37D3BRKS7OO2L,B01097AOJA,4.5747232
A2W4295H4JSYDD,B018CHA2KK,2.8763824
A26V5ROE0OZCDA,B01H173WKO,-2.600016
A198VXVTHHIZJ7,B01GAIHTSQ,3.0324497
AUII0MVONK1A1,B017PH5PXC,4.092286
ADUI5YISBG6Z4,B00FFLB6MU,4.5984883
A3AL7B2RPOAEOB,B00OG62G3S,4.2325377
A18EEC1ENOT9YN,B00GPAH8XQ,2.2155032
A1LMM7FPIC5XMI,B00UZM2O52,4.89554
A1G9FFD93Z9YNS,B015C6YFGQ,5.510853
A2G45Q8V20R779,B014GFMV4C,3.863153
A2W31IQMW6TX93,B00NZLNUXA,4.9122667
AH5HD9FHUFT9B,B00ED3FAO6,4.6339183
A1FYJN76V1V5GX,B00X7R3DFM,4.5415115
ADHBG0CRBVUL1,B0174PTMU2,2.3281212
A245T0V8KVTV45,B01BU7PHA4,3.6818547
A3QSRVCKQJ8F6Y,B00XRRAWYM,4.1950483
A3T7S6BDKHWPJD,B01GSRNLOK,5.6748
A253ZKSZTAZ8W7,B01D1ZKSB6,4.928921
AV6ORIR1JV86P,B016X05QHW,3.7725782
A3E4H5A1X8NJRR,B00YQBSEKW,3.5499878
A2EGLWRK7PCDYH,B00AND5YIM,4.176952
AX2OKB7GR55FZ,B0095LNU3O,3.0957942
A2S5EPJ451WL3I,B01GTFE2BW,3.602593
A3R74060ZMG3S5,B0192OOXU2,4.362234
A18EEC1ENOT9YN,B00NJ0Q0SY,4.096844
A2TX3PH7TXFRE9,B00HBX7DD6,1.0772283
A178S00H8B3YWA,B00FP8QLTG,4.5835357
A3G31IWKH9ALT3,B00K1H0H7S,3.941238
AIKGKUGNQ6L2F,B00GT84JJU,4.360145
ABNZCEB0CF7MP,B00GVQOJZ4,5.3317637
A2ATPNDTJKBEW5,B010ORALRK,4.5706573
AP0MMULH95T9W,B00S9WR33I,3.2987356
A18EEC1ENOT9YN,B00SJ7LQ9K,3.2903595
A39BS5Z2VD50RM,B00AOT3UDG,3.8587518
A2QJ4TTBMNTY9Q,B00Q28829A,4.190849
A13LERNQ8R7267,B01EH5IRI0,4.125267
AX746FITV1G72,B00CXX0LOC,2.0681543
A2JPS7EMNFKXOV,B015BH04E8,4.384566
A3JONP3MGSSP0F,B00ZOL1DRO,4.0499935
A2WI7I8LN4JVRU,B01D3YGQ7U,5.063581
A3SCI296BEDGUW,B0182RBPSI,3.9625468
A1X6E6VBABKKYB,B017JIYTJI,1.1429765
A1GHGL2CAF09DZ,B0103UGC1C,4.994991
A2SNF7VCKMYTDF,B01GBMRQH0,3.7487102
A3IQ0P3M39IY8U,B00QGDV9L4,3.7791877
A1K4S4MWXI9E9M,B0184J1F4I,4.3268075
A3USZMPTWE7MEM,B010NQV6I0,4.9263616
A2XWNFCQ9U8N3S,B00M7JJYIG,4.3852444
A1JMSX54DO3LOP,B00QXFNP62,2.1306715
A1NPM2IW3DLO3F,B00RFY3KM4,3.6590967
AX5KL9LWC1TG6,B00V9525BC,5.4896417
A2VOQ0CRLX2C8X,B01GYQ057Q,2.7593174
A1Y5FO3ON4WVHS,B00QJKV1EY,4.445823
A2PG5XA0Q3BEMU,B010W9HEUW,3.9747748
A3DULR7SKCWCJO,B01H0WI9QC,5.440048
A7WOE5BJXO2N5,B00ZYX46P8,4.46471
ABGK3RNJSLQ38,B00IJQCZ2S,2.8928542
A1LBXPSSVZVIM0,B0198OKW7Y,4.7082043
A2DD8D4Y1UMJ2C,B01GF9OSI4,3.4321432
A1HHSUAQDZ1XM6,B01B9XNJP4,5.153088
A3VOTL1Q5GT7UU,B0150U9Y6A,-2.600016
A3PB5W8OE59743,B01F0MF6KQ,3.8762612
A36XTPY9IFYA5R,B00LS6MCMY,4.4468546
A2M1PNKPRUCQYL,B01GGQM9AK,2.845324
A1LGEZKBNXPUW9,B01EO8OL8K,2.8539343
A3V9J8I5FHAH19,B01DV4HTFK,3.4262066
A35SD76E2TSGP9,B011G3HJ6C,4.188578
A3FWAT2EKO9FRE,B01FQ57CRC,2.1991
A3EJTO1IBULV7T,B015OS4436,6.2454553
A3YPNGXQCY94U,B01EJ2BV0W,4.496656
AOLHNMI8G8R6K,B00EV9LSJI,4.5745053
A1FJ6YD0TL90GN,B01AERZS78,3.96415
A1UPHTDW5GM12T,B00QL14R88,4.927134
A77Z38ULG98AW,B00DCJJMUA,4.315262
A30K9MEPFESK61,B01BR1U1WC,4.6436
A64VNUAXNX8VO,B01AERZS78,2.22404
AZFENNBSMN980,B019EQUUYQ,2.1807313
A12GID1HOOBX8L,B00KEP7XU6,2.579105
A11FF0H63VFFMX,B00C5VBBHI,3.393196
A137UEIU93IFEF,B00AXLV0CI,2.4676657
A3DA91KQ8UQ76Q,B00LI5X2QA,4.720025
A2S5EPJ451WL3I,B007Z4D9MA,2.2144613
A103M7E0BSFC83,B00Y6RB1I8,4.197005
A2DZUQQXPNUGI7,B01DME2QDY,3.1689625
AF4G3KN17ZX41,B00TOZ9EC2,4.9869943
A1RRMF5XW5NZDD,B01H9ER9R6,4.1784296
A1RF70MWVANZCU,B00PCZC7F4,3.9076447
A2O37WEGGS6NF,B01CEUZT8G,3.5115304
A39BS5Z2VD50RM,B012FAXT0U,4.5777135
A2US3C9WGWUE66,B01GJA450A,3.5344162
A19T1A4TS1WHOZ,B01GQCLA5O,2.581779
AXVDFGI9OEIVK,B00629WWJ0,4.876242
A3M3LPTYJWK90W,B00F5FBRD4,3.9911737
A19T1A4TS1WHOZ,B01FVHS6OI,2.8891916
A3GEKHTOCDSCBT,B0068UAZ8I,5.168584
A296HV17AZ10V9,B00CJNDKUS,3.8403049
A7M73HAH815DM,B00HMP4JEO,4.361895
A2K057YIAJJQXS,B00MZB47RE,4.0005155
A2TLU5ODLGESZ6,B017OLT0HG,5.179156
AWNYF3812RWNG,B00629ZTOU,2.7398167
A10PIB0GJZQHJA,B009QSK1GK,4.600836
A2WG33SBOT901X,B00XZCYHRW,3.6963038
A956O72VO20Y,B01HDNEFGQ,2.837535
A20RU9H40EONUN,B00UMODJ4I,4.7292323
A13C53Z3ONTAIS,B00X7R3DFM,4.035655
A3A44JIMIWYFIE,B00YLC03YQ,2.6275268
A6SR7U2PNGN0N,B00J9YWGTQ,4.343946
A14DHYFGHKOYHZ,B01BRFLLP4,4.1713004
AMUH4FGZCFJFF,B017RMOW66,3.7651615
A2GO4VWZWTL7ZC,B00MRFP7E0,4.972382
A20W4WL6TW19KK,B00MIH3P0U,4.4861813
A2I4SQOSEF7WH5,B01CBM44Q0,2.3631864
A2A1U239S7ZVL1,B00PUSZDZY,3.5763068
A36HU5U2YI3JHR,B01GYQ057Q,2.437348
A38KPXZZ1AXYKR,B00I0ZF9VM,3.430317
A1XMFCMIANCQRW,B01HF6OU70,5.2760205
A1X87IHRK15RBU,B017GQDX04,3.7741442
AOLHNMI8G8R6K,B01CYTLPPI,2.83821
A15RKFWXR5W3PP,B01BJST0FC,3.4055686
A1RDYQ3CR9WOBH,B00S4D0PDW,4.6495676
A2BEDL4QXLEE3S,B016R0I2WE,3.756187
A296HV17AZ10V9,B00C14KSH8,2.958033
A39N24TTLP6I48,B003JTHMO6,5.0185966
A3FPBNRK04ZSCC,B01A4ATX58,3.532806
AJJXFL8ZNBC4D,B01DJZ7G5E,2.9449148
A28U98HYYE5DR1,B018OIL6QQ,4.8006654
AYUTCGVSM1H7T,B004LB4FBE,4.9102554
A3AL7B2RPOAEOB,B00NB3LMEG,4.1323266
A7M73HAH815DM,B00YDI7CHO,4.0953965
A1SXDVX98NJLHZ,B01570CO06,4.075446
A296HV17AZ10V9,B01GD96DLQ,2.5879712
A3RTTJWMRCR09S,B00H7K5UB0,3.4951224
A2V85U4LG9CNMC,B01FIS2F42,4.9418807
A28KZIYDZQRGGY,B00EGJE43K,5.461249
AWC38PDUZQ8RJ,B00XNMKN2W,4.2455354
A1LGHE86XYGL9U,B00UT0VAD2,4.3152413
AUI3XAZ1513SI,B01FVHS6OI,1.6846355
A16AQ4VKYGFWAA,B00J0PKKUG,3.820413
A1HNLK1WBP36F9,B01G4TEUUG,3.5132637
AJYEWC922WUNC,B016TG5V3E,3.517263
AQTXCLZVJ9GBX,B01H62L5GW,4.010629
A39JEH2M5KY1HX,B018KVO970,4.432625
A2HZ6MGQ6TPNO0,B01CEUZT8G,4.2078185
A11S2QYS4HV6SF,B017WTF8TE,4.31348
A3ALH6Z83RHTO2,B004E9U9AY,3.1295485
A2KJ7AGC82GPP1,B015HN8TSY,5.284337
A1R2D0K0S0M30P,B01BXGMTEY,4.0113206
A2UAPFRQOHUFS4,B010ZFRUQQ,4.2695537
A535AAXVRE5VM,B00T3E76II,4.487013
A3RPL8JIS2XMJ3,B014GAK1R6,4.385142
A3QSRVCKQJ8F6Y,B01324YJ8Y,4.682227
A1CV6PASVMUEE8,B000GCFWXW,5.2644725
A7WOE5BJXO2N5,B00JRBN26M,5.19946
A3KMEQP8CSCPC2,B01GYQ057Q,3.3637404
A1ZV5XBKG7RVZU,B00BFQ7AV0,4.3663354
A2EVKNQ71UULXI,B00BF2APBQ,4.9192805
A36D9JIUF8JFQ7,B01FTDR8ZW,4.230824
A16SH2BVYS9FL3,B0141GRCVS,2.5710745
A2J36T6J3GWT6O,B01FDI8UWS,3.0901232
A19MJXG060UDTA,B01DL6EQC2,4.3564286
A3MTU1QAMYEAX3,B008X7AJX0,4.9380264
A1VIR960IWHK07,B01ATF41UA,3.6848245
A2JAQ6H360RV0G,B01EO6IIM2,2.6392384
A1YZCADBVKWC9X,B00UAZ3JVC,4.655026
A3R74060ZMG3S5,B01BRU6U6O,3.6164422
A2PFCU5WLS5UIX,B00W891R26,4.190015
A251R2KPOLFSYV,B00S5HPW6C,4.145283
A2C8S6EB6MKYAX,B00NDEXI0O,3.8741527
A1B39IGLV2W0GE,B017JIYTJI,3.3041267
A31Y6ITN2SGACM,B00UCANMJO,3.657916
AXIO51VZN815F,B01A03HKFE,4.7702208
AH85UZ876V6OW,B00KJ7L30A,2.2742815
A3131JEJYVBJO,B00HWFEVRE,4.7488723
A3H38968JZF6VK,B011ETZ2WQ,4.1842294
A8RL5L4BJTEMB,B00VW0GK1A,3.7760367
A3MN2WTICV7O9H,B000V507D4,4.4154425
A3GWE80SUGORJD,B01AERZS78,3.2477021
A1N48Q1NZQ9R2E,B0145VI0G0,4.079181
A26KPQ82F5SK2D,B01324YJ8Y,4.555841
ADUI5YISBG6Z4,B00MQNEQ7C,4.4222264
A1NL7G5VN45RDW,B018RFX3LC,5.256904
A1V4LZS4HHHH6K,B007Z4WTBW,4.541667
A3HJQAU1O5J9Z4,B0056372HA,3.2395968
A6T098A9B0GZC,B01DTO5J8G,1.1646291
A1KLWQKML2HIXU,B00C6MFLP4,3.0223494
A1YK1AM70HDXLE,B011G3HM2S,4.6283283
ACYLW9NAGTBK7,B0165I3WGY,3.9964604
AKK6BPA7HTEKQ,B00XGIEM52,4.168107
A1MIXHFSMNEE42,B01H62L5GW,3.9048219
ADUI5YISBG6Z4,B006RZNR3Y,4.25258
A2QLX4D1B9FERH,B01CWZH814,2.295988
A35M5NTEVHKVB,B014V1Q6SI,3.30023
A2TLU5ODLGESZ6,B015VKB8KY,5.0769296
A2M1QYOWLBGRHT,B01B5BR1KO,5.600085
A2MEKYD68X8R8H,B00Q6Q5ZP2,4.590263
A1K4G4G02UIVEW,B00G2CXN7C,4.216535
A1T77WWA0TSSGB,B01BR1U1WC,4.677135
A1PUZIV4PYY4YM,B00Q7TWVAK,4.694118
AH85UZ876V6OW,B00RHH7LLU,1.5807581
A2MCZ9BUKVPO56,B01GW1BZBI,1.6480235
A6AEJMW6IUOO5,B01G4TEUUG,2.921844
A1IE93W5OH9MGR,B008XDGQ2W,4.9019847
A2RWL2UG5PAFAZ,B00NI4I0GG,5.1202855
A2VNG16IOTY7N,B01BN5LB7Q,2.348147
A2MXJZ75PBWCI9,B00M8ERQ0S,4.745397
A2VSI0RDFNNBEU,B01CYTLPPI,3.171781
A556L66JGOVPK,B00NZLNUXA,3.56104
AUME0VNK7J2MP,B01E6DT75U,5.5257096
A7GZXYEZ2OMLQ,B00JLHHYWA,3.075162
A2JKXT3H0U8NKR,B00N1DVE8U,3.590479
A3BTRKXD03KC4F,B00TYV0WSG,4.729768
AYUTCGVSM1H7T,B01HCMNEWO,3.7397265
A1LFIFPYMOJ8RV,B00V45ZENI,5.153749
A23GNQPTX5CJIF,B01B9U2H50,-2.600016
A2TX3PH7TXFRE9,B0151RDU58,2.2391105
A3H1TO48SUIM54,B01GBYFK1C,3.7655187
A1W48IWJ8A610S,B010WM3TG2,4.477187
A26V5ROE0OZCDA,B00QJKV1EY,2.1726084
A3IQ0P3M39IY8U,B016QTOIWE,3.6885104
A3PE4ENWAY4D9O,B01D10TPRE,4.678451
AQ5HSBPNASYIG,B00DVYIQDA,3.5907989
A3AM6MXENFRF3G,B00XIHMD2K,3.4540224
AGGDI4VWPPZ6J,B007Z4D9MA,3.2431722
AY5R3F55U7WZ5,B00ET55NGS,4.9627132
A15VZ8KA1KH8ES,B00AQOY5RO,4.981792
AWNYF3812RWNG,B00JNK590Y,2.4080396
A3AM6MXENFRF3G,B017GQDZWU,1.4439744
A6IU02S1EJUS0,B00F3LVB40,4.7476587
A29V7E1TFYXKJ,B01CBY47FG,4.1204457
A1FJ6YD0TL90GN,B00JHIJD5Y,4.6815434
A1GHGL2CAF09DZ,B00P9RVW5G,4.6294537
A2S5EPJ451WL3I,B01GKU3D1G,3.5747972
A2N1XSD82O6XTV,B00OAJUEW6,5.2789702
ASR774IIR8VN7,B00VO86O7K,4.73338
A235UMRMGXAS15,B015BCVXF2,4.3545313
AP0MMULH95T9W,B00DDU756Q,2.6448998
AIKGKUGNQ6L2F,B00ANG0812,3.9877167
AV6ORIR1JV86P,B00NMVS01K,3.9480557
A247M2SSLKTSHY,B00CGIEP00,2.7754154
A27OS7Z94VXCYF,B01H4NVSOC,4.1120944
A2PJCE1T0AXDD3,B01FTEBE74,3.5393195
AMK0DSS0DAP1W,B015BCX0OO,0.9767271
AWNYF3812RWNG,B01CT4MKIE,-2.600016
A3RPL8JIS2XMJ3,B015BH04E8,4.8278775
A2PJCE1T0AXDD3,B0116MZUS2,3.5393195
A245T0V8KVTV45,B018F6H3U0,4.122995
A8YJFGILC2W38,B007GSO4XS,3.4696565
A1ZM0O98T3MNLR,B0193ZSEUU,4.0580378
A11S2QYS4HV6SF,B01CT5K792,4.7454834
A3IAAKYJIX44EL,B0145COWD4,5.299504
A3HOXAKC11UEOX,B00N0VI2OM,2.5777917
A7GZXYEZ2OMLQ,B00X8SCJCS,3.1498814
A3VQMP3ACL1KHH,B01B27ZC98,3.8938117
A69JQYYIUQFQL,B01DJWPF6Y,5.1933274
A1FHWVQ0ZMFFQK,B013X96TL8,3.6982536
A2F483MD47JG2T,B0073XXOGO,5.459152
A3GRUTOJXXE8FF,B018COSNP4,3.7437692
A1J3WRDIB012CI,B006KD2TP0,4.1835065
A39N24TTLP6I48,B019OYETT0,4.551445
A29KU896QJLUE8,B014I8OGLS,4.7926164
A6ZT9EZ49JTEL,B01F998SK0,2.3135939
A1G7WM5OV1TKTL,B018RVBW82,1.7521158
A2PF64RBR1G1SZ,B01B0QXBA8,3.7186885
A1Q1PDU91ND28H,B00ZY6REAY,3.1978016
A2V5HEEE7YLXMI,B0153KV24O,4.9758058
A2LAII96I1O1IY,B00FR30D16,4.184092
A1N48Q1NZQ9R2E,B01FRQ4Z8E,4.9580545
A3H1TO48SUIM54,B00JFLUJ3S,4.0598407
A290WMOZDFOWFY,B01FPS5IQC,4.212292
A36N7KTS8JMR4L,B00VU0M8JA,4.176638
A1KLWQKML2HIXU,B018SCGDWK,1.9505152
A28MNML6Q383F4,B01CWZH814,3.6664472
AYX4FFM42UGTM,B00UJEGURO,4.597891
A1NPM2IW3DLO3F,B00KZNW2Y4,4.314037
A3GEKHTOCDSCBT,B00PPDJ7OW,5.3386183
A3IAJM6F3EBQ5H,B01F5KX678,3.9382133
A1KRKONSKSM8FS,B018GVP9PK,4.0314302
A1AFGQGTS66UYY,B016MWT1XQ,1.9746627
A37G8WNF7DGY6M,B00O3V6PWY,2.6735191
A00463782V7TKAP9EMNL,B01D6ZVT78,3.695271
A36D9JIUF8JFQ7,B018NUSVFY,3.5178561
A2FSWI7Q6MZ9PX,B01FTEBDDE,5.1215053
A2DD8D4Y1UMJ2C,B0014B5JXW,4.1496654
A25PLL2FEB615H,B01A6OP92S,2.690143
A2S5EPJ451WL3I,B0141GRCVS,3.7352848
A1XKTJ1XLTWLCQ,B007Z4WTBW,4.5734634
A190TSUIRJIFUK,B00D53OFPA,4.4477854
A2ZRNAK0Q1FLQU,B00TKP8ZMQ,4.6492453
AQ87G02DO56Z,B00MDW5UAI,3.8925757
A1NAXYNAOGJIGN,B00T3E76II,4.2155676
A7W8CXJOH3UNV,B01C6DZQYS,4.5611343
A7CZSRM0JJVJP,B00538W83Q,3.9295316
A135NSTCX38DEI,B0197OZW7A,2.1044002
A4YSGLUQJP68Q,B019KP81BU,3.6558614
A28JLVMZBALBBL,B01EQ2S2UM,3.2557387
A2C7W167DVNUKH,B012PDB95O,3.3533883
A3MTU1QAMYEAX3,B00ZYX46P8,4.486741
APORGO15GFK60,B01CRYKNNA,3.486064
A20ISU7TSX8NIL,B0108J1BVO,1.8077227
A34XKT60HI08BV,B01DJZ7G5E,3.172409
A328S9RN3U5M68,B00GNTLLFK,4.261371
A23GNQPTX5CJIF,B01D6ZVT78,1.8795274
A1NE43T0OM6NNX,B01AW25GRC,1.6251487
A1PA6ZO9892OH3,B00PNU8Z86,4.9803834
A1PSGA348YRV67,B00BMU99HM,1.0893487
A1IE93W5OH9MGR,B017OLT0HG,4.8583226
A2SHWMWTXZLIR9,B00JJUZ1W4,2.4119353
A235UMRMGXAS15,B01BRFLLP4,3.1917448
A1B5MN8PY0JIJQ,B00NAI85T2,2.3216171
A3JVZY05VLMYEM,B00WTUV8WS,4.444308
AQIA837SENFW2,B01HDNEFGQ,2.7994266
A1TJKEWDZGEUES,B00C7HG9KY,3.9075894
A18S48PUNIR4XH,B01B3LJZAA,4.8445144
A1JNMSETGHIUZ2,B015NFAKLK,4.3245797
A37BRR2L8PX3R2,B0090MXP0Q,3.5160866
A28D20IM3BNAJ1,B0015DWM3Y,3.122376
A3Q4VT0R8O8RSE,B015V0AKSK,4.2406793
A3PVBW0TN46U8G,B01F9FRYUY,5.356335
A27OS7Z94VXCYF,B00NW2BZD4,5.018823
A253ZKSZTAZ8W7,B00DNC4BKM,4.05353
ANNKJUAQ1268I,B01EYQ5ULE,4.3305426
AIKGKUGNQ6L2F,B00ES2P6UK,3.702673
ALGAUZSEQQWI4,B01ATF41UA,4.5562615
A3DVGQZY2MBA87,B01BRFLLPO,2.1520395
A11N6ZJPEMVHYJ,B016ZEF0VI,3.917975
A1JMSX54DO3LOP,B00VZ3S5SA,2.0796666
A1FWLM5208ESO4,B00TO2TRV8,3.3956637
A3ESFCDE13IMH4,B00G6N3IA4,4.083812
A2JQN9JI4LBLOW,B00I1VXA3O,4.569711
A1FYJN76V1V5GX,B00U7SV5O0,4.310774
A296HV17AZ10V9,B00GTE1BEK,3.4485426
A16TE56LP5NUL5,B015UPORGC,4.3562913
A1YK1AM70HDXLE,B00CNTTUWA,4.6277056
ADUI5YISBG6Z4,B00AP6YRFS,5.3179708
AVNS35OHR3D76,B00SWMCZWE,-2.600016
A2PF014MHWXCT5,B00WBMKEII,2.7263565
A1NL7G5VN45RDW,B013T8U5O0,4.661635
A3AL7B2RPOAEOB,B0099LPCWC,3.1187172
A1LEP3FM28J5RB,B01BYT68QA,4.5388017
A1SXDVX98NJLHZ,B019E6OLFK,2.8403616
A32TX5VFAQALG5,B01A4ATX4E,2.4898005
A64VNUAXNX8VO,B017RMOW66,2.22404
A32A056Q9OYP7D,B01GBWT010,5.1940866
APDBYAGNSIIXZ,B01GSRNLOK,4.2673583
A10JAUCIGVRW9F,B014Q6D6E0,5.182245
A2UNMDJYXPEQZ3,B015GEUFCW,4.2985907
A1QJ17BR5K3C8K,B01G68FXZG,4.1036468
A3AM6MXENFRF3G,B006C75IR0,2.402657
A3VE7N2XUI8C3K,B00L2F5P02,4.12143
A139GUSKBRWPIT,B01888QTL4,2.9246216
A2NLY1TJ8TYV6D,B00MZCQERE,3.9055424
A2RU61YN9M0IDQ,B014EKZYE8,3.6362324
AVNS35OHR3D76,B00M5EHGZQ,3.341249
A3AM6MXENFRF3G,B00K4C45PA,2.1871824
A56CO9I4CBYD7,B01FOEQRNA,5.1358047
A26V5ROE0OZCDA,B00CLZCRIU,1.9002386
A2G45Q8V20R779,B00PD8LQ6G,3.538147
A2JPS7EMNFKXOV,B00II5I3R6,4.8482566
AMKWIQ2MT2V5R,B019B6WUGU,2.7961302
A2U3FVDELHREMI,B01EKIELGG,5.675535
A6SR7U2PNGN0N,B00K4C45PA,3.5413098
A2MK1L1Y74WTWH,B00S0IR6T2,1.9212564
A1NL7G5VN45RDW,B00NQL0LRC,3.6780305
A1CNQTCRQ35IMM,B0151UPUEY,1.8220843
A7GZXYEZ2OMLQ,B00NWR78L2,3.0018878
A2KUR0ZBNV17AA,B00O7WX2WA,4.654946
A3A7FF87LEVCQ1,B003ZUYQE8,2.158955
A1KXFB5X4XZSGB,B017265T6Y,5.249991
A1LFIFPYMOJ8RV,B014XLV2NA,3.8934064
A2BOKBB1IZA13L,B00NS79DMS,5.6687074
AX0ZTNX6KVJ40,B01FBZXSI4,3.1950994
A2VTPPOUWOT9AB,B00NN5ZPOA,4.3450766
A39N24TTLP6I48,B006BBLNA8,4.1370435
A2H7AEDMKV11OJ,B00IU69PTI,2.0412812
AUI3XAZ1513SI,B01F998SK0,2.3135939
AVSG37QWM774V,B014LQ18CW,4.884146
A281NPSIMI1C2R,B00XB81VOW,2.9794073
A2QZVW56O4WSBT,B00YN6XHMU,3.580855
A1JMSX54DO3LOP,B00OHZ151W,3.3429055
A36N7KTS8JMR4L,B01B76FUMS,2.1408052
A1IOR50CXI3C89,B019B6TWFC,2.558838
A2062SF91Y01U8,B017JIYTJI,3.2184324
A2BOKBB1IZA13L,B00T4ZG2PO,4.9949784
A1PSGA348YRV67,B011M0SQ48,2.3453202
A1JMSX54DO3LOP,B019KNRPU0,3.2756186
A31R64J645RAC6,B00E251RHY,4.146793
A1E1IGWRW974JG,B017RNBS76,3.118527
A1DLTXPVJ50M4J,B007PPJOGO,4.222055
AGV7AZJ7ZBLUL,B01GF9OQSQ,-2.600016
A1ACJLREHPPL1P,B00AYO3W2K,4.8915114
A3CMIEYL0TJLC2,B01EJ2BV0W,4.061172
A2US3C9WGWUE66,B00JDYCHM8,4.9170613
A3E81XX9ZDNCNO,B0145VI0G0,4.945836
A3T7S6BDKHWPJD,B019VJ697I,5.496378
A1DLTXPVJ50M4J,B009QSK1GK,4.6461363
A2KE2O5C2XMXGE,B00XIHMD2K,2.9568367
A3IQ0P3M39IY8U,B00Z318GNY,3.0941062
A2BEDL4QXLEE3S,B00N0VI2OM,4.401768
A1YJ6VDWVUHPIL,B00Y6QF06I,5.1794105
A1NL7G5VN45RDW,B010NTY940,4.392897
A2PJCE1T0AXDD3,B017DPEEUG,4.7464747
A1SUV0W0CB3KVM,B00Y9M77YC,5.705817
A2VNG16IOTY7N,B00MDW5UAI,2.7260065
A28U98HYYE5DR1,B00KLSMCPW,4.375212
ALGAUZSEQQWI4,B00Y9M77YC,3.6941524
A2BOKBB1IZA13L,B01E46BFJU,5.0446534
A11KZJ5GD1TKC0,B00HBJ693U,4.385513
A1ZPW21ZBSDZ10,B018RU9G0O,4.788463
A36I3CE9A5LP9N,B00CG69E0I,4.496548
A1SZ7SSVVG3VXG,B01HAQ70M2,5.5075097
A10PIB0GJZQHJA,B01BHE3H1G,4.3940864
A2UQGGK8VJPUH5,B01AB1EQL6,3.0194397
A2S5EPJ451WL3I,B00SER0484,3.6600308
AA7BT35X9DZY,B01GIX5F4I,4.1735196
AGCQUDUCJRV0B,B00V8UVHFS,3.3204203
A251R2KPOLFSYV,B00V9OH536,4.678102
A2RQ5IRWRU0TVO,B00K4C45PA,2.9664288
A1YMQOVJJHYR5P,B015G747E6,1.6439077
A1GQ2UI5BKCCRD,B00HHXUW9C,3.7082295
A3DQRNADNQWG6H,B017RMOW66,3.4333377
A3GWE80SUGORJD,B01CYTLPPI,3.2477021
A1ZV5XBKG7RVZU,B00BELOQMW,4.6120925
A1EC5E7T0YNFOF,B01GYPQQRU,2.3382163
A2FCP7ICZAQGZO,B0165I3WGY,4.1405272
A1FI0I69UHS22T,B01E5S9FUS,2.8664994
AJNW2ORZGUDIE,B01520Y7N8,4.8991165
A1QXNTUAUWFKP7,B01D1UVNEM,5.07632
A3RDDEA1NKSMVC,B01C22CSVW,3.6275163
A1FUH1O6FCTUYG,B01GGLV2IU,5.2144103
A3O24SH2K12EL7,B01HDF9IKM,2.5804434
A2UJTG9XC4KISL,B015CLZ89Y,4.6395893
A1FCMIVQTWHYH2,B01E6BA364,3.538302
A22GB5JBPTNN3R,B017PH5PXC,4.572967
A245T0V8KVTV45,B00H67YGUK,5.0522914
ABRLCS0WRNOKX,B00OHZ151W,3.6262379
A356MFRFTA643Z,B01BKVFFLQ,4.34407
AVNS35OHR3D76,B00DLSTT9Q,2.8220892
ASZ8NR9HIZGJF,B01BJXQMW6,4.1712284
A2VNG16IOTY7N,B01B5BR1KO,2.7142272
AMUH4FGZCFJFF,B00UIDZVYY,5.2946134
A281NPSIMI1C2R,B00RSHCC5Y,4.266641
A6SR7U2PNGN0N,B00ID2A1PQ,4.480172
A30UMARRRQR1DD,B00KE8RLV4,5.2006736
A2PJCE1T0AXDD3,B013KV12YI,4.504053
A31CZW8SHN9PTX,B018A8EDV0,1.591626
A19T1A4TS1WHOZ,B00VVMC2FW,3.048038
A3Q4VT0R8O8RSE,B019VCC8P2,3.9076624
A2A1U239S7ZVL1,B01FYJYMOQ,5.0556207
A1B871BGSYX0F1,B01GQW4UQ0,4.9599395
A1LFIFPYMOJ8RV,B00WF8YBRS,4.786563
A2I4SQOSEF7WH5,B0165I3VSS,2.3631864
A2S5EPJ451WL3I,B006I2RQT2,2.3090959
A11PRSJD8V0R2H,B01D2ZNXWQ,3.4788861
A137UEIU93IFEF,B01645ZYZU,1.9997553
A10AWAE0F6CAP1,B01BJST0FC,3.1707592
A31CZW8SHN9PTX,B006VDVWFW,-2.600016
A2UNMDJYXPEQZ3,B01FCBU7OU,3.219427
A3JVZY05VLMYEM,B00T0WXD8K,4.9317336
A1MND3QHN446KD,B00SSS98IQ,4.4197307
A5UM17P1E7DUQ,B00YZ4W8IO,4.064696
A2YJ8VP1SSHJ7,B01E5S9FUS,3.2258077
AXVDFGI9OEIVK,B01EKPNQKG,4.3858013
AZRPAHQG1VHR0,B01C0UBDEO,4.2136827
A3A44JIMIWYFIE,B01CRYKNNA,3.5843477
A2PQ680TRW8JFG,B00Q6Q5ZP2,4.066791
A2B42XZI4MXOLX,B01D9JB7DW,1.4010314
A15EMPO8TCH2RB,B00IT4DH22,4.862375
A3U6Y3GD1A6PXJ,B00K4C45PA,4.559413
A3FJ2JGU50THRQ,B018CHA2KK,0.94176495
A3PVBW0TN46U8G,B0104OFHEK,4.453671
A2DD8D4Y1UMJ2C,B01ACLW2JS,4.577819
A2N0V6GUH28XMN,B00F280LTK,4.7650747
A31CZW8SHN9PTX,B00YOAD310,1.4806746
AJ571UKWCC3CC,B00VY7Y67G,3.9952865
A326085M0DK10B,B00L1R3OS6,4.3075943
AJ80WW1T5KJIC,B019KP81BU,3.905456
A32A056Q9OYP7D,B00U1T9OSO,3.5346642
A1GHGL2CAF09DZ,B018HDU9AC,3.845737
A3KIA7199DNI2H,B00B30IW4W,3.036749
A1V4LZS4HHHH6K,B01EQ2S2UM,3.0804482
A1NE9CRAQ0WUV,B00J3D2JS6,3.7723947
A2I4SQOSEF7WH5,B01DRXCPXG,2.3631864
ARF6JCH8L8ANV,B006CRHK62,3.321042
A2PCN97H7ORFXL,B005JVSU2U,4.3656354
A35SD76E2TSGP9,B01AQNZQF4,3.303969
A1G2GYX8B4OH8W,B00B3NX16I,3.5917888
A386CNLWZUF3EH,B018A097LO,3.1018877
A1UH21GLZTYYR5,B01FDI8UWS,2.841352
AYUTCGVSM1H7T,B010KAVO0Y,3.7397265
A13QTZ8CIMHHG4,B00VQJHHRI,4.6735406
A2PSERVP2IKZDL,B01HDF9IKM,2.9447737
A2B13DO2A2205G,B00KKXTC2Y,3.6111593
A1QJ17BR5K3C8K,B00QP3ROUA,4.5263567
A4YSGLUQJP68Q,B00M0DQIEC,4.749675
A238ZC3TQJC8V8,B00YFEXKYA,3.5102825
A3BTRKXD03KC4F,B01C8RR9DS,4.452727
A3RDDEA1NKSMVC,B01H2II39C,4.14343
A1FREKK8605YKK,B01ASAVT0G,3.6282578
AB5DP7AM479QJ,B017HX13DU,4.111762
A7WOE5BJXO2N5,B00O4GUH1S,4.638428
A37VK00KNVVICE,B00XOGY9N6,4.545205
A3DJ1IVSPDTMW5,B00LOVY2X0,5.141376
AA1UMDOV44T2Q,B018RFX3I0,3.857614
A2KJ7AGC82GPP1,B00AJFYCVY,4.1597576
A2AGAA1B2ORZW0,B01H173WKO,3.3970485
A2LF3KTH2T6RJA,B01DN1BLKK,3.926766
AUII0MVONK1A1,B00NR5WRLK,4.9338884
A1NE9CRAQ0WUV,B01AO5Q2MA,1.7334505
A16N88TMHMXX1F,B00BR04UE4,3.728045
A1V4LZS4HHHH6K,B0165I3VSS,3.0804482
A2VXSQHJWZAQGY,B00P9RU6SK,3.3352475
ASHX33A1334SS,B01416W0C4,4.3793473
A3J9BHGK55ZPJO,B01E6DT75U,5.9718137
A17EGVTXRDFTRS,B01HFUF1GK,4.6193724
A27OS7Z94VXCYF,B00NR5WRLK,4.11114
A222WQ9VGVPSR5,B00TM7A386,3.1795745
AW16PJHZIQPA5,B016XEZDB2,2.3975234
A2PG5XA0Q3BEMU,B019E9VZG0,3.5040274
A1IOR50CXI3C89,B004TU3T1Y,3.4323797
A2UJTG9XC4KISL,B00RY4ZKZ0,3.718048
A504UK7D094HT,B011T78JT6,4.8677354
AANI9E9T63MOG,B015BCX0OO,3.118701
ABRLCS0WRNOKX,B00EFKOFLQ,5.4085603
A20MYFNLY6TGNL,B017RMOW66,4.063439
A320NYVVIZSZGY,B010TZVSTM,4.8296666
A3PV5FJGYOY5NW,B00SER0484,3.8440456
AGCKNLOI57AVQ,B00JT2PXB6,4.6206093
A137UEIU93IFEF,B00SM24ZZO,2.7577353
A7GZXYEZ2OMLQ,B015M4PPXK,3.5121193
A7W8CXJOH3UNV,B00TZ8TK54,3.9018388
A3IAJM6F3EBQ5H,B01GC37X7G,4.018377
A16XJNGXIVCHE3,B01FVHS6OI,3.754644
A2HZ6MGQ6TPNO0,B01317ZZLC,3.854723
A3A44JIMIWYFIE,B00HBJ693U,2.7219071
A3CYA250L0DABZ,B018F6H3U0,2.198791
A2VSCTHLAYR9Y3,B01CIWXAQI,5.669441
AC97LVZ0C0TSK,B00ZEHLHM4,4.502051
A345V8Y9YVZEEP,B01D4RY4B6,4.3179574
A2JJ1DXY0F6355,B01CSNZ15K,4.7647343
A3Q9ZYNO1MXQDW,B019VJ697I,5.4612293
AWNYF3812RWNG,B014C5K4WC,-2.600016
A1D0BC1UP01UH9,B00O2C44EK,3.1960664
A1JLU5H1CCENWX,B01DUP0TL6,5.111266
A3ES0XIED7769J,B0085N6I4Q,4.5049253
A2W4295H4JSYDD,B01BSN14HK,4.2128997
A1P44JJW47E6QN,B00GEHN8ZW,5.7973056
A1AFGQGTS66UYY,B006YZ0OOM,4.143105
AKQ06T21M0V0S,B0127HOQI0,4.6509614
A2ND61B6UJGT71,B00OJFOI1O,4.90445
A1N48Q1NZQ9R2E,B016WK3XZU,4.0779195
A1P19MZBCBL5AR,B00DPNS95M,4.4586186
A16TE56LP5NUL5,B018CHA1D8,4.870193
A3ESFCDE13IMH4,B01FB5MIA8,4.2548366
A3SXU17Z77R7N,B00KXM8IP4,3.8683276
A15VZ8KA1KH8ES,B01FPGWZCE,3.9546475
AG63N054UPJH2,B00ICTUW6I,4.5158434
A8Q2ZFOHTVSCV,B00HI3MSV6,1.9758896
A2PN1AJYXDU1J0,B016QTOIWE,3.7592187
A202A0SM6MHKMN,B017V6PZGO,2.1323066
A1FUH1O6FCTUYG,B004X6R8Y8,4.859939
A247M2SSLKTSHY,B00MD5VDNS,3.1402354
A13LERNQ8R7267,B01BMODWY8,3.7952352
A27OS7Z94VXCYF,B01D28JE0I,3.6763768
AX2OKB7GR55FZ,B01H49EHGM,3.0957942
AV6ORIR1JV86P,B01DWF3ZHE,3.9869576
A36MPD6ZBXBLUS,B019QTQEOQ,4.6979685
A28JLVMZBALBBL,B00TCI48WC,3.2557387
A1X5V3LU8TC8QU,B018CHA2KK,3.6852274
A31PEOCXMVP4X4,B01DO75D20,3.0303159
A1LFIFPYMOJ8RV,B01AQ14XL4,4.1053624
A1T5CK8KC56JZ9,B01A16E38C,4.098718
A2ZSLJG2KBCR3E,B00OAN88H0,3.7241335
A1N65H0SS5GKVF,B01BCJDSAG,3.5362225
A2LAII96I1O1IY,B00W9YDVPG,4.6532197
A3LXRIY0HE71K,B019B6WUGU,2.9187279
A30DNZQPIYZ6KX,B01DABB99G,4.924254
AC10HRTVBXZLI,B015BH04E8,4.9158545
A1PSGA348YRV67,B0058TTUFO,2.0598717
A2HZ6MGQ6TPNO0,B00AXLV0CI,3.831688
A1098Z3D7ENJ2F,B00BZY9P0Q,4.5851965
A3TY31K1VXAGSX,B00JZOVYNY,2.456356
A3IQ0P3M39IY8U,B00GOGXV5A,2.7584667
A36XTPY9IFYA5R,B010693VW8,4.5581594
A1ZDSAPOGRGBJI,B01HDLC4C0,3.3110824
A13LERNQ8R7267,B01H2AZ9V0,4.8196087
A8RL5L4BJTEMB,B00JNON0LU,3.0961094
A1J3WRDIB012CI,B00JXW6GFE,4.5087543
A3FO728397JFZP,B01A1AWBU0,3.3846488
A1AHCX8ONTKNSG,B01GWMFSYM,3.2364297
A39ZYWIQBFN97Y,B01ACLW2JS,4.5834055
AALCQ67H5TY5L,B016WS5FO4,5.3210454
A39N24TTLP6I48,B017265T6Y,4.0858417
A2VSFHELFF7ICE,B0191WS0K4,3.1264362
A235UMRMGXAS15,B00VATFM3A,5.0337014
A12E7WMO5NX1Q6,B017DPEEUG,4.341008
A1SHKP1CG58GIG,B00R04OXC0,4.820166
A3K9X6KRQCWWKL,B00EMG3A00,3.2520766
A287J5FTWL99W6,B00P4HX2FO,4.578641
A99KVVV7NFPBP,B01A16E38C,4.543509
A3DJ1IVSPDTMW5,B00FQAQQ9I,4.5079412
AAKO4YAM9BZE5,B00YG3S9W8,4.4864745
A1J6UA1MD96SKE,B00W7Y9VQG,2.7251563
A2VNG16IOTY7N,B00NS79DMS,2.2206368
A253ZKSZTAZ8W7,B010R623CY,5.7009916
A2XACC7E2MTESK,B00VX75TKU,2.5976024
A3IQ0P3M39IY8U,B00OSAWTSO,3.1737523
A2M2F48XEPJ2ST,B005110E0O,3.2831454
APORGO15GFK60,B0174PTMU2,1.3599223
AOLHNMI8G8R6K,B017RMOW66,2.83821
A2D9S6V1AFXOAO,B013XSTZI8,4.078919
A1XQ9J47ECTZZ0,B0190HN0DM,3.8351264
A3GA4HP7NEL9D9,B01H2II39C,3.583325
A2MR87VMPFNFJ5,B01DTRFUY6,1.8634313
ABNZCEB0CF7MP,B01GBYFK1C,4.3872437
A1RVTF261ZMY4M,B00KK1GLWA,5.234322
A3IZU63H3RBN22,B01H173RSQ,3.8188953
A2LAII96I1O1IY,B01BXS83ME,3.6387272
A1LL39K926QN1V,B00JZ4LMB8,2.9042964
A178S00H8B3YWA,B01B9XNJP4,4.1514506
A3A44JIMIWYFIE,B01F998SK0,3.633984
A20MGSYZLH5B8G,B00OCSZSQM,4.2063184
A1YZCADBVKWC9X,B01CIWXAQI,4.358316
A142HAT43L5W4W,B01G68FXZG,3.131051
A36XTPY9IFYA5R,B009AR5VAI,4.696491
AX746FITV1G72,B013YQA2C2,4.986746
A219Y76LD1VP4N,B0100BOE7S,4.6957564
A2F1UD4JDHKMTA,B00R4Y1MMK,3.7605228
A3UVVHMJT8UCXF,B00OAN88H0,4.1934357
A2GWN3X19W2AMH,B00U1ZV63Y,4.5680213
A19LXU1TT72OKX,B00DNMBQDM,4.695146
A1FAJ6G0KD5ASM,B0195SIAG8,4.6840987
A369BMHORFPL0O,B00DV7LVP2,5.2475343
A2UNMDJYXPEQZ3,B00TWUUBUI,3.8061557
A1BOK1EC36Q0WV,B00ZOLS5HU,4.6155868
A1FSR426FVMQJI,B00FR30D16,3.1254058
AGE0YGLF7L2ZL,B00CJV6N0Y,4.4182277
A2LMF4HG470CNF,B00D9EKPBS,2.8523664
A10JAUCIGVRW9F,B00WX7JLGW,5.1497703
A1K69VHP8LH96J,B01835JNDI,4.921698
A2BCQEGHWRRBE,B01FIGE8YE,3.7614646
A2QQ3NQ70O25EE,B00L8BY5A6,3.262333
A2M2F48XEPJ2ST,B009YP7HEY,3.0475516
A31CZW8SHN9PTX,B01FVHS6OI,1.6846355
A31R64J645RAC6,B00UOFS9QS,4.198579
AUI3XAZ1513SI,B01FRQ4Z8E,2.7843165
A207DSPQQWFW6T,B00NI4I0GG,4.6545596
ALCLMO2B8PS7M,B01H1I4H7A,4.798865
A128W553WN84EW,B01AQNZQF4,3.0310874
A1YMQOVJJHYR5P,B00X8SCJCS,2.3059373
A296HV17AZ10V9,B00MSUCXHS,4.1115956
AV8X3WC4XB1WF,B01F2WTGFK,4.373691
A2HESNQJZ9OB7H,B00RIAJ8NA,2.20501
A3C713428J4MJ7,B00WF8YBRS,4.225592
A2RU61YN9M0IDQ,B006PYDFTI,3.4782171
A1FREKK8605YKK,B01ES2M9S6,3.1663895
A2EPJ9SL74JD8Z,B00JZWDC9K,4.0597105
A1C7ASZFSTSJMH,B01EB1AHCE,3.4611402
AI38GSFB90M4L,B00BJWZI6E,2.2749286
A2Y3ZGVRA3S23L,B00Z318GNY,2.7399588
A2QBQRIM4WRRG3,B00HBJ693U,3.403277
A3G1XMJZC77GDB,B0165I3WGY,3.1700702
AAUVEEG5YLZAX,B00YV666B6,4.006299
A1YUPRU1BVJHQV,B01CC9UES4,2.4727912
AGT5F6R7R53LR,B01GIX5F4I,4.7555346
APORGO15GFK60,B01BJST0FC,1.3599223
A1GQ2UI5BKCCRD,B00YO2UO9M,3.3511925
A1F41PH89SL6JB,B00YWMK92Q,3.5567675
AGIFTDAFJEXVA,B00DB30K30,3.8901649
A1DJY8WVWPJ2H8,B00CGFGS3A,3.524691
AWNYF3812RWNG,B00RD4J9EE,-2.600016
A7GZXYEZ2OMLQ,B014GAK1R6,2.7678514
A3K9T5J5GDAZUL,B00QSMWT8A,3.8771806
A3AM6MXENFRF3G,B00FQAQQ9I,2.7663894
A3KYVCILWHV2ST,B00BD2XFU6,3.3509192
A3IAJM6F3EBQ5H,B00Y9M77YC,4.4862704
A1O9Y115W48IVW,B01CSOU6S6,-2.600016
A1OXVZAQ7SQB9R,B00HI4V5FU,4.3418055
A23ID71VXIBR8T,B00JFLUJ3S,5.0054355
A73IK4VT0XZS6,B00TT5WAM8,4.1278825
A3DJ1IVSPDTMW5,B01C1VAR5S,4.2960873
A387F6OFDVEDZT,B014GTI1LU,4.309527
AEO8TLBXYU569,B01DYXP2LQ,3.6767683
A2XKX5TBB6WV00,B00XNLIPOG,3.7388859
A1ZPW21ZBSDZ10,B00TEEHIN0,4.5665708
A253ZKSZTAZ8W7,B0051EZBRM,5.825757
ANEZJAUOG31MG,B00IRKQ08Q,4.6388483
A2HZ6MGQ6TPNO0,B00TKOT3BO,3.7070737
A3KMEQP8CSCPC2,B01FDI8UWS,3.3637404
A1QDU32SAI8LO2,B00ZAJTPB6,4.80001
A16TE56LP5NUL5,B00GEHN8ZW,4.3276825
A360VI7SQP0HYW,B01AQO16VQ,3.0616593
A1ZPW21ZBSDZ10,B00TEEHDPS,4.4969397
A2PJCE1T0AXDD3,B00PUSKH14,5.33059
A1Z7KHEH5I1LUP,B01A1DHWK6,4.7395477
A15VY7B7VJ3UNY,B014BR4A3A,2.0631928
A1FAJ6G0KD5ASM,B00XWX139Y,4.545207
AGCQUDUCJRV0B,B00WGXCP1G,2.304175
A1NOQ3ZM3QHBI6,B01AERZS78,2.1324468
AF85CAX5BR5IM,B01H173WKO,3.7812304
A3ANLUEKJBC1IZ,B01DGXSHRK,3.770249
A1V8YJ6HU0KUUZ,B00RC7QOP4,4.6020236
A2HAVS1COIL5Q4,B00X8YUF6E,3.7577686
A1JNMSETGHIUZ2,B00PUSKH14,4.516999
A3RR4H0D4L9HYN,B00TS3J5GU,4.2001038
A2DZUQQXPNUGI7,B00PUSKH14,4.6343865
A1PUZIV4PYY4YM,B00G88MQQY,4.6274037
A2LAII96I1O1IY,B00H8TBQCC,3.866444
A369BMHORFPL0O,B00ICXDRCU,4.431026
A2DZUQQXPNUGI7,B00IPOCDXU,4.347512
A1KE19CDYIO2YN,B00ZEHLHM4,3.5618682
A2KMV056844YV2,B01AO5Q2MA,2.8350391
A1GQ2UI5BKCCRD,B00SGHURDE,5.011934
A1LM7SC9WR859I,B01HFFPC2I,4.5332146
A1TWV867HVZ60,B00HV3XL2I,3.4850373
A16TE56LP5NUL5,B017FRG18A,3.9548607
A1KLWQKML2HIXU,B01FC9OWTI,-2.600016
A1FWLM5208ESO4,B00NW2BZD4,4.234506
A1E1YE0R2EELCU,B01BU7PHA4,4.14319
ASR774IIR8VN7,B00WTSHFA4,3.147849
A33JTEMYGCO69V,B01GW1BZBI,2.27424
A2JOW1PW9GRCA3,B0135MRXRM,4.9435983
A3VSCCW1FN11B7,B00U48LBZQ,4.0049047
A1L9DJQ5BS13S9,B01A5CT9X6,4.8017173
A36WBGWPPLIQZ9,B00U9WZPFY,5.1590877
A2MXJZ75PBWCI9,B00SSS98IQ,3.6580954
A2N7O3PNO1OEEL,B0080SA5S6,3.776091
AHMV0N47XOIMZ,B00ZPBVG66,4.9798136
A2M1PNKPRUCQYL,B006R7FXFW,4.128158
A2C7W167DVNUKH,B00PG9U2OE,3.6389155
A1EPVSC849EI9R,B0198OKW7Y,2.0309658
A6ZT9EZ49JTEL,B009RPTFIC,2.700653
A3Q4VT0R8O8RSE,B01E46BFJU,3.994886
A1AR6ZVHOTLVK5,B00YQD91RA,3.4813867
A36TDC5SGAN0EP,B018DK6LM4,4.763872
A3LZG1QQ1KMVX3,B016TG5V3E,3.0153055
A17BTP1QHK2I3I,B00NYISFXY,3.1042948
A1WPQDW5RGAM9S,B00X7R3DFM,2.9604034
A13JQT6036JF,B01FMTA1M0,5.3088784
A3QKOFJ91Y3MFI,B01DN9705W,4.190234
A3N9UT7F50XA6L,B00NCG0LCG,5.3185077
A2MHRBM9MKRNTN,B01GW1BZBI,3.0924497
A1XN80Q39TMALE,B014JSBJJ4,5.831591
A7WOE5BJXO2N5,B00S58YGCC,4.7354198
A26KWG162U8VBQ,B01D8PYV62,3.2046742
ANKDQ12BPX6Z3,B00LEUKX6G,4.39428
A1B871BGSYX0F1,B010ZFRUQQ,4.3640294
A1K69VHP8LH96J,B00R334AE4,4.7463927
A2ETTCN0R9DPY1,B019B6WUGU,3.5631442
A27OS7Z94VXCYF,B00CVCGYJQ,4.250092
A1NE43T0OM6NNX,B01HIX8K26,1.6251487
A1SH6H9ZY9AJV9,B011Q26IJC,3.7585635
A35BKLDD2E04E6,B011IXZ6KQ,5.199974
A2KMV056844YV2,B01AA9K5NC,2.8350391
A2UAPFRQOHUFS4,B01HE0KTA4,3.3636875
ASI65UKWLTDJQ,B01FC9OWTI,0.8311449
AER3NZ1H79LGZ,B0174PTMU2,4.1546464
A3IG9JEJC1T25N,B01BTHWXF2,4.2346663
A28U98HYYE5DR1,B00CO6DD4I,4.365912
A12K5Y2SEANYW0,B01AR7CP80,4.291082
A1NE9CRAQ0WUV,B01DJZ7G5E,1.7334505
A135NSTCX38DEI,B01E3DPA68,4.253808
ABZ1AET0LHVQ1,B01F2EXCF8,3.462265
A1G7WM5OV1TKTL,B007Z4WSOK,1.7669405
A1OBQ5I31GW1TG,B00VO86O7K,4.2325716
A2MG7L8TYRYCW,B00AXTM8G2,3.4268732
AVNS35OHR3D76,B00J0CAR16,2.2322602
A39N24TTLP6I48,B01FODPWPA,4.2957854
AH3FT2EU01WP5,B01CBM44Q0,2.7540016
A3PVBW0TN46U8G,B01G2YFYG2,4.328217
AIH41FDX1K0Z4,B00AR49H2Q,4.156784
A1V4LZS4HHHH6K,B01HCNRF14,3.0804482
AJAN7T0CSDDZO,B00OME9OQQ,3.9397006
AC10HRTVBXZLI,B00R5219XI,5.53365
A8K7ZXXGDS9CU,B00OWIQH5I,3.1471958
A24PEXYGCID15Z,B01BJST0FC,3.4209929
A1B39IGLV2W0GE,B01EKIELGG,4.6903567
A21TSBBTF0DMG5,B00OAGWXDW,3.9654517
A222WQ9VGVPSR5,B00SICZJ9O,4.3591986
AL92MBJXLPZM,B01CTH5LPA,4.259455
A31CZW8SHN9PTX,B00HDXWN1Q,4.283914
A1FUH1O6FCTUYG,B00PSLJDOU,4.8399367
A1ODI3DRI04JZO,B00JJUZ1W4,3.043848
A3Q9NLTF7JA3ZD,B00CLZCRIU,5.4558682
A15Q5MVRVBMKW7,B00LUC227G,3.8406081
A29PFP89U0KCXW,B01GAIHTSQ,3.8541894
A18EEC1ENOT9YN,B00K31DCD8,3.4553213
A17DBWBCGJP32S,B00VGNPU3W,4.284814
A2QEVQMB8B08UQ,B00JNU6GLK,4.733671
A31VVIXC2P84GG,B0197OZW7A,1.8689693
A3DQRNADNQWG6H,B01AQO16VQ,3.4333377
A30WJKGX1XG19Q,B006DTZ0KC,3.4038649
A3E4H5A1X8NJRR,B0177475MW,3.418736
A1I6A0YKY5X9C7,B00OCSZSQM,4.8792562
ASGBSLP29DQRY,B01CD4OVX2,1.1659354
A3H38968JZF6VK,B00CZFBDGI,5.176886
A39QT73HHEF3B,B01CJ37JJ0,4.906796
A26V5ROE0OZCDA,B01HCB4LAO,1.8143226
A1GL9TYXPNBPGW,B00IKW40N8,3.9144278
A2QBQRIM4WRRG3,B00EH2E5IK,3.7918005
A1EPVSC849EI9R,B00ND6R1QE,3.4257398
A1JNMSETGHIUZ2,B0165WFUKG,4.220122
A3B53R6SZY97ZE,B016XEZDB2,4.308909
A37R3BNDHBIZTL,B0130KVNKC,4.2992663
A13LERNQ8R7267,B01CC5FKXW,4.9707737
A2RWL2UG5PAFAZ,B0103UGC1C,4.5386333
A1D3NWNMDZ5E0E,B01FQ57CRC,3.8039765
A1JMSX54DO3LOP,B013QFWB7K,3.1917396
A2K057YIAJJQXS,B00CMJDOIC,4.8329554
AH85UZ876V6OW,B018UQNDOK,-2.600016
A504UK7D094HT,B00OSAWTSO,4.261315
A3DQRNADNQWG6H,B01E2H3M1A,3.4333377
A3AQZ5F9U6E9ZO,B01FKDKB96,5.1443405
A10JAUCIGVRW9F,B00LMIWFUW,5.3705664
AQ87G02DO56Z,B01H5QZHKY,4.531297
A3H38968JZF6VK,B00FA11TTU,5.162577
A11ZZ8P70T11V2,B00OTSKNII,4.8278775
A2BRV822DZXG6P,B0157RBC16,4.3728156
A1RN75YVR2O8MQ,B01CV1I7FA,4.1900463
A23GNQPTX5CJIF,B01BCLPTNI,1.9588667
A32A056Q9OYP7D,B004KZPK6K,4.938103
A2RPZTZP8W80W,B00S5J5ZG2,4.17199
A16TE56LP5NUL5,B00TEEHDPS,4.3021355
A31G4MNGZNYSZI,B0131OHZF4,4.3587594
A3JASVF01JUMV8,B00U1X88OQ,4.5234456
AQBTNZ9ZD08PD,B00GKR2136,2.012309
A1F41PH89SL6JB,B00MQ20P28,4.398014
A2YF0QVNVT7ZI8,B01GQW4UQ0,1.143105
A3BYM1C736FCH4,B01FQ57CRC,3.8588748
ASMF7OU99H1RI,B00OZ0TO0S,4.955437
A3LH8IBNEFV1GZ,B015YGB1SE,3.1374826
ATZOHBDX5VNKJ,B00ECBS5OQ,5.1861925
AM1T5MXP5H5SO,B0165RFXBW,4.524107
A3804PZVOD4N3E,B014I8OGLS,4.1890116
A2MEKYD68X8R8H,B00W4LYJ6Y,4.6948104
A7M73HAH815DM,B00N7K1BB2,5.300775
A2WEE1PU5NZVJQ,B00N7K1BB2,5.20523
A219Y76LD1VP4N,B01HE0KTA4,2.8488135
A2S5EPJ451WL3I,B00CMU1IN4,2.4335423
AY17DZYGNYJ0L,B01BRFLLPO,3.729096
A3H8FN7ZWKR2H0,B017KRJP7Y,4.7479386
A3ALH6Z83RHTO2,B00G0TI2I2,3.1218114
A2N1XSD82O6XTV,B00VN6WJFO,4.6156683
A1IFWIZ62O12OT,B00TBTC3HO,3.851656
A2UAPFRQOHUFS4,B01BYEBTAK,4.4240255
A1WVQI2RQMCG5A,B01DWW6H6I,4.490269
A1JADDWR1H3M0I,B010ZFRUQQ,5.6561027
A1EPVSC849EI9R,B01GD96DLQ,-2.600016
ADUI5YISBG6Z4,B00SM24ZZO,4.7098646
AGBGV16NY06FW,B00JDY7UO8,4.152792
A13LERNQ8R7267,B01H173WKO,3.5413208
A1ZDSAPOGRGBJI,B00ILX9WC0,5.1332827
A2DZUQQXPNUGI7,B014VPZHCU,4.330215
A37D3BRKS7OO2L,B00TEPXICO,5.5317464
A36RDF38V9ITAE,B01EKIELGG,5.482921
A1NO01K5S45TUL,B00CARM81K,3.795713
A1NPM2IW3DLO3F,B016X05QHW,4.6170754
A31Z94E63H1N46,B00PUSKH14,3.9511366
A3S3O6L6SZL8KV,B01GF9OQSQ,3.3334103
A18EEC1ENOT9YN,B00YV666B6,4.0496945
A2B42XZI4MXOLX,B01C8RR9DS,1.8724097
A38PZNDNFUW6ZX,B00ZOL1DRO,4.5663705
A253ZKSZTAZ8W7,B00EFKOFLQ,4.199038
A16TE56LP5NUL5,B00TM1BUBG,3.0848374
A3H38968JZF6VK,B00PRA4CUM,4.639385
A216HQMDUH18YD,B01AQNZQD6,3.2372665
A15Q5MVRVBMKW7,B00R298H3O,3.4978013
A1V8YJ6HU0KUUZ,B006KZ5M84,4.691039
A3CYA250L0DABZ,B00IJNDYV2,3.623382
A2DZUQQXPNUGI7,B00JFLUJ3S,4.154442
A3VE7N2XUI8C3K,B015X67G70,2.6152425
A3IK83MGX5X0WZ,B01CBM44Q0,3.3113332
A2RPMPBKX1MWR7,B00YJXX484,3.4447722
AZRPAHQG1VHR0,B016ZEF0VI,2.9195848
A1HHSUAQDZ1XM6,B00P9RVW5G,5.264332
A6ZT9EZ49JTEL,B01FRQ4Z8E,2.7843165
A3H38968JZF6VK,B01B55MQ5K,4.018593
A373USXBMRBKIV,B00DXIFORA,4.086531
A1B39IGLV2W0GE,B01F483E64,3.6698604
A2LC2RS0HDY2FB,B0157GPPEM,4.1542907
AM1T5MXP5H5SO,B00T9LB4U6,2.9792824
A3LXRIY0HE71K,B01BRFLLPO,2.9187279
A2F2878HE7XOM9,B01GPL2AGE,2.8971162
A3FA93L7JWESR,B01G7Q908I,3.8663821
A2JPS7EMNFKXOV,B013UWYDLG,2.6988034
A2F483MD47JG2T,B00MJHKVR4,5.7585144
AQFF452SVDF48,B005CM1S02,3.1278858
A1NL7G5VN45RDW,B00629ZTOU,5.4819407
A1RCVV077UAKKV,B01B55MQ5K,3.7450767
A1G7VXXXLTJX9R,B01BM0AHZE,4.342376
ASQNJGXL1BXWV,B00BSW7PU2,2.9239912
A39CVMK2ZKEIK2,B00R1TIJT2,1.4969212
A3KYVCILWHV2ST,B01ASAVT0G,3.538957
A3330F5DNMO0JJ,B01HCB4LFE,4.938061
A2LC2RS0HDY2FB,B00N48VZZO,4.0869737
A2F2878HE7XOM9,B00VU0M8JA,3.8556676
A7M73HAH815DM,B014Q6D6E0,5.204181
A1NE9CRAQ0WUV,B00629ZTOU,3.8447227
A16N88TMHMXX1F,B00ZDHZKKA,3.5730267
A1NPM2IW3DLO3F,B00XAGLZWS,5.4746475
A2B42XZI4MXOLX,B010C0Y77O,2.2657146
A2GWTB02UN6MTX,B01FDI8UWS,2.7422
A2PN1AJYXDU1J0,B016YIRT9Q,3.7766962
A1V63EJ1CBG940,B01DIF788U,3.511601
A3H8FN7ZWKR2H0,B010WM3TG2,5.191386
A1UPHTDW5GM12T,B00PD8LQ6G,4.63895
A2B9C3FMYW18UN,B01BZ5AB16,3.5841064
A10AWAE0F6CAP1,B01CUJYMR0,4.426891
A1M0H8HM67R9I6,B005C5YZ86,4.0695224
A2PG5XA0Q3BEMU,B00QR33XQ2,3.6768656
A2DZUQQXPNUGI7,B00IWYV78U,4.9045916
A39CVMK2ZKEIK2,B011G3HJ6C,1.3581116
A1ZOL59JA86C7Y,B01G0NBRC0,3.4816241
A3RTTJWMRCR09S,B01CMH15IE,2.1995363
A23GRXCXQU3SM8,B00LD6IYUS,5.0059896
A2VNG16IOTY7N,B00O55GSW0,2.3612704
A3JHMDPDDFUSLV,B010MSAPBI,3.889533
A1GSPADXH17N25,B00RWKMS1U,5.080703
A3CIIU9YNK53VK,B012YHT12E,4.613586
A323H7CL7G313K,B00EZRUSOW,5.8280883
A1JNMSETGHIUZ2,B00ECBS5OQ,4.7397904
AXVDFGI9OEIVK,B00QJKV1EY,4.0559688
A2KL66N2SIKX7A,B018CHA26O,3.8329344
A3H1TO48SUIM54,B010R623CY,3.6053329
A16N88TMHMXX1F,B00ARFOGQ2,4.2234716
A183DRUR0UACQ4,B00SPGA5T2,3.4343877
A1DC00T32U26HC,B01AB4CLHY,4.5830016
AY9AIGZKJYC6T,B01BRFLLPO,2.7378626
A21WUFJA7X4UIE,B00GXDQKZW,5.2311435
AF85CAX5BR5IM,B00RFY3KM4,4.8922696
A2O4SN56PNX9YL,B01F2EXCF8,4.1563354
A2C7W167DVNUKH,B00FL3VPD2,1.2932668
A33R5UHQ3TKZGY,B01CBM44Q0,3.1656008
A238ZC3TQJC8V8,B00D5M4PTM,4.176797
A2062SF91Y01U8,B01G0NBRC0,3.2184324
A2UNMDJYXPEQZ3,B00VW0GK1A,3.954619
A1IRYXDIFSCSEF,B018CHA2KK,3.0430856
A1K4S4MWXI9E9M,B00X625BCG,3.9290214
A27OS7Z94VXCYF,B015X7K43W,4.669346
A15Y3Q6XIXTGKU,B00UO6AVJU,4.5366206
A1UH603GXL3ER2,B01DFVOP74,3.6779175
A1FCMIVQTWHYH2,B00C44H0OE,4.9879394
A2MK1L1Y74WTWH,B00AA46Y06,3.1505632
A28V7MR6RKNVUT,B006RNBI6O,4.53061
A1AMO1E4FMSUQA,B01DTE27EA,4.1633554
A3QR6ZHD8304K1,B01G89E5OS,5.2875457
A18EEC1ENOT9YN,B00RCA1X3E,3.6184711
A3VG0PGN6MNCZY,B00VW2MO8Q,4.641153
A916DXE9W36GF,B0191WS0K4,2.2972026
AGCQUDUCJRV0B,B009CWWFB4,3.0106983
A29V7E1TFYXKJ,B01B3TZYMA,3.6091275
A3ES0XIED7769J,B00ICTKZOM,3.8188176
A1K69VHP8LH96J,B011JD9SYU,3.1156044
A3AM6MXENFRF3G,B015IC42AI,3.114563
A26V5ROE0OZCDA,B01GAEZJL4,1.4563807
A3RDDEA1NKSMVC,B018YJ0RWY,3.8997912
A29EXAHFTXKD7W,B01EKIELGG,3.4870749
A3BFYXLSAD5YCL,B017RMOW66,3.6221557
AQ9REGZ6HL9AO,B01G0GIXJ2,2.866516
A1XJXYKOWCH9XT,B00OHZ151W,3.0628395
A326085M0DK10B,B018QZB1IA,4.2323008
A1NE9CRAQ0WUV,B010MXA96E,3.4757557
A2ZDRBQOSAZLER,B012Z54DPK,4.48162
A1PSGA348YRV67,B019YNUQ0M,2.6868849
A10PIB0GJZQHJA,B00T71ALZM,4.3698354
A83C3F4X0U3ZW,B0069INV1W,2.7128043
A1ACUN6A2LYVMW,B016ZG19KM,2.6845531
A1FYJN76V1V5GX,B01EDKULPG,2.923284
A328S9RN3U5M68,B01BLN6G7U,3.4077349
AF85CAX5BR5IM,B00OAN88H0,5.520586
A1RVTF261ZMY4M,B019DFM1WM,4.245592
AUII0MVONK1A1,B00PBA6QCU,4.210895
APSBR4VQNRJ0K,B00R1O4KWW,3.3241906
A1K3WZMHNUDZ6N,B00YOAD310,4.9127984
A504UK7D094HT,B00SK8S8KS,4.9169416
A29A1CPI3AOYSD,B000W93A42,3.6027107
A1K3WZMHNUDZ6N,B019LZJ5H8,4.7815948
A1LBXPSSVZVIM0,B00YN6XHMU,4.303739
A1ZDSAPOGRGBJI,B00GCVZEG6,5.4962487
A3H1TO48SUIM54,B00IQVA7XK,3.200386
A1VC48UV57XWOH,B01EDDUAFE,3.6360493
A2B42XZI4MXOLX,B01F2WTGFK,2.4027567
A2O4J6KJ0REPQ,B01FD1Q27U,3.4341593
ANXBIU1HP7BJD,B016TNH8HE,4.631821
AK3LIR1TVZFVZ,B010CLBCJY,4.8124514
A17EGVTXRDFTRS,B00N57TJZW,6.2465672
A1ONF1PVSKH226,B00JGSH3PM,4.4100804
A2FCP7ICZAQGZO,B01F2EXCF8,4.8711905
A1YAIBG1N7N5VV,B01CPON1YU,5.5983443
A3DVGQZY2MBA87,B01G0GIXJ2,2.1520395
AWNYF3812RWNG,B00ER8D5U8,-2.600016
A3VSCCW1FN11B7,B00DXIFORA,4.657273
A7M73HAH815DM,B00VW0GK1A,4.0645375
A2VSI0RDFNNBEU,B015WNZ60S,4.20465
A18LI83Q1F5DKU,B01H97YHF0,4.3287897
A3EI5NSXXCXQY5,B00KVQQYRG,4.2513328
A5KRI5P7KR7SK,B00NI96R66,3.9379144
AL6XJLM76V2VZ,B0142IHZPI,4.49254
AOLQUKB12FAEE,B01GT44VLO,3.9005957
A2EU9VP0MRMUGE,B00Q5DLY42,3.660871
A2WEE1PU5NZVJQ,B00ASIP414,4.968447
ALFGUMMTD7M4R,B00BFQDDZ2,3.4615116
A3841R67V0G98O,B00M7N9VBW,3.084364
A296HV17AZ10V9,B00LS61SL0,4.8681617
AWNYF3812RWNG,B006KZ5M84,2.2602963
A2FHBHNKHRDS72,B01E2H3M1A,2.9761167
AFX2KR1VGYWLW,B017RD4GGQ,2.7474723
A1B39IGLV2W0GE,B01EB1AHCE,3.1602907
A3RDDEA1NKSMVC,B01HHJZ3EO,4.0878015
A1AX02Z2IRSAY,B01CUU24PG,3.8542404
A2N1XSD82O6XTV,B010R623CY,4.6582227
A1M0H8HM67R9I6,B00HI56L8U,3.758031
A7KETEJDZYJFI,B018PD0F9E,2.06573
A3BPKT9STRWWQG,B009VRI3UC,3.159768
APGHVS46EA9C7,B00X6B4MEU,3.4015245
A1LZ8PBGVH7IOM,B00JWTGGVC,3.285326
A916DXE9W36GF,B019QRQZII,3.3179502
A139X5E4RN7SUS,B00NUDPR66,2.5541039
A3CYA250L0DABZ,B00R7HDLAU,3.073864
A7KETEJDZYJFI,B0191WS0K4,2.06573
A36XTPY9IFYA5R,B00XLUEMYQ,4.4440374
A3RTTJWMRCR09S,B00FL3VPD2,2.865765
A3KIA7199DNI2H,B0178AU3V0,2.3281174
A5KRI5P7KR7SK,B00JRNOW4G,3.6671867
A2J7GJWY8O1MDB,B01AQNZQF4,3.2083282
A3H1TO48SUIM54,B00S58YGCC,3.1870065
A1OKS5Q1HD8WQC,B00XYR9IE0,4.017959
A2TU13PFAZ7Z1P,B01DH6EQ9O,-2.600016
A2LLWCQVYKYF0F,B01GIM0O86,4.022746
A2RNQXF81ALMK0,B01E2H3M1A,1.9101883
A1I96OYAUJ3HQE,B018OJZD4Q,4.455521
A296HV17AZ10V9,B009LNKB4C,3.7165508
ANEZJAUOG31MG,B017GQDX04,5.4957066
AQ87G02DO56Z,B00KKXTC2Y,4.5260434
A1XL1A3TCU3Y1I,B017GGWXNW,3.8211913
A1LIFH8XF44LMI,B01BRFLLP4,1.4676555
A1TUBKEWD01LLS,B00O3V6PWY,2.171567
A19LXU1TT72OKX,B00NY7PPCY,3.444717
A2N7O3PNO1OEEL,B014C5K4WC,2.6965594
A10RH00JS3DUX0,B01H9ER9R6,5.7089715
A1098Z3D7ENJ2F,B01D27RNDO,4.8656416
ANKDQ12BPX6Z3,B01FEIRT1K,2.903545
A2KE2O5C2XMXGE,B01G04HZNE,4.0486383
AYVJY4Z9CYQWU,B00PCZC7F4,2.941391
A1LBXPSSVZVIM0,B01GF9OSI4,3.6304073
A19MQI49YCA5SK,B00WH1K9SS,3.604547
A2BOKBB1IZA13L,B00PUSKH14,4.377238
A2R56AF2E63IC1,B00NN5ZPOA,4.6310267
A3K9X6KRQCWWKL,B00RD4J9EE,1.9221808
AHRDOVFRA0KW7,B015649FAA,4.196449
A2HX0B5ELOPP5Z,B00TCI48WC,2.2356248
A19Q489ZXGDUJZ,B0192UONPG,3.447763
A2LHUNWCVDEWQ8,B01HCB4LFE,4.3700695
A2N1XSD82O6XTV,B00P85PU8E,4.8772125
A1V9310YS86T7M,B00HNWEA9K,4.8666277
A14I311IIUMBWC,B0053ZGAW4,3.9490547
A3N67XHSHB40CQ,B00FY54JYO,3.837728
A3NLV8K05ZV219,B0174PTMU2,4.1016574
A2VNG16IOTY7N,B00L7EIGEA,3.1366367
A2S5EPJ451WL3I,B00VC1475K,2.669783
A1II0RYMSPUJLK,B00K1MS0NQ,4.7550297
A6IU02S1EJUS0,B00VS0WJSM,5.0422177
A15EMPO8TCH2RB,B01D9JB7DW,4.5355496
A2Z3DQ7P9JYRLG,B008H4W11W,6.0475955
A1PA6ZO9892OH3,B007PPJOGO,5.3004994
ALYI8YM90TPD1,B00629ZTOU,2.5035734
A2UAPFRQOHUFS4,B01G7RDFGU,4.272405
A3H38968JZF6VK,B006JDEK0I,4.943962
AAXG649HM1S5Q,B01G7RDFGU,3.6093159
A5UM17P1E7DUQ,B00SJ7LQ9K,4.2655816
AHF5R86S1Y6YK,B01AERZS78,3.2054882
AGIFTDAFJEXVA,B00I0FBO2A,4.5119023
A8K7ZXXGDS9CU,B00I9J9XAM,2.805746
A222WQ9VGVPSR5,B017J3TPFQ,3.619742
A2JOW1PW9GRCA3,B012FAXT0U,5.242774
A20PTJTS2QJ2VN,B01H8JWYIQ,3.8142943
A1CLGNWRCE4QKB,B00BD63EIK,1.7685305
A16TE56LP5NUL5,B00SO0DWK8,4.090793
A2PQ680TRW8JFG,B00DE85KHI,4.695341
A323H7CL7G313K,B006HCTWVS,5.0018506
AIVY8XUMV5UY7,B001BXNQ2O,4.030374
A2UVR7N8WC5GYY,B01DN9705W,4.5961976
A3747LNB8CNT5J,B0165WFX2Q,4.6754255
A556L66JGOVPK,B01FOGIV3W,4.2740283
A3HOXAKC11UEOX,B00VQJHHRI,2.3193107
A2XKX5TBB6WV00,B00VS1XNS6,3.9340386
A2QM4ZF6N1SI4S,B00MT3H1VC,2.068709
AQFF452SVDF48,B00D9CMLNA,3.2610717
A3IQ0P3M39IY8U,B017DPEEUG,4.270352
A1G2GYX8B4OH8W,B01CT5K792,3.1430092
A1JXLTQ5VWPGGV,B01FLHOQ9C,3.94492
ASR774IIR8VN7,B00U48LMGO,3.5962667
A3T5H007CVA99X,B01HIZRVFG,2.1706653
A1ZK3Q2YZMX6CV,B01GJRQKBK,5.044498
A2GF23URLB9BLL,B00BM9A6QQ,1.4093503
A31G4MNGZNYSZI,B006EODK6W,4.078112
A2V8X8MTCE868O,B005USIO78,4.204101
A2G45Q8V20R779,B00UAZ3JVC,4.0072713
A29V7E1TFYXKJ,B01GBMRPZ8,3.3256102
A2PJCE1T0AXDD3,B01C1VAR5S,5.173816
A24YALT0FFYFA8,B01GOWGKLK,5.966088
A3JVZY05VLMYEM,B01FVFWF3S,4.448224
A956O72VO20Y,B01CBM44Q0,2.837535
A3VRSAD9OVAQBF,B01H7HMP1U,4.881653
A1EHES82IVVS9C,B00VW0OLKM,4.4427943
A3SZPKNV5IU75I,B00DNI8RJW,4.0402637
A1NL7G5VN45RDW,B010JA571W,4.7344685
A2F2878HE7XOM9,B01A1AWBU0,3.9545264
A2C7W167DVNUKH,B00LNJ4ABC,3.439857
A19MQI49YCA5SK,B01645ZYZU,3.5114865
A1IFWIZ62O12OT,B00OYQZYMK,3.9812555
A3AN7PKF32XQ4Z,B0094ONQXQ,3.6072617
AY17DZYGNYJ0L,B01G0GIXJ2,3.729096
A1SI4HWV491JQ8,B01DFMO3UM,4.9621053
A3JVZY05VLMYEM,B00FDX59UA,3.9651842
A36XTPY9IFYA5R,B010BDZ9MY,4.0299687
A7HZKJID44JZ3,B01D9JB7DW,3.5257516
A2EU9VP0MRMUGE,B00BT0A4OM,5.0777035
A2MK1L1Y74WTWH,B00R8EKHVS,2.4291534
AX5NHGPX6G44A,B00L7EIGEA,5.101827
A2K0H6HYH8WB5F,B01BHD8WD0,2.496059
A3KIA7199DNI2H,B00ARFOGQ2,4.012063
A3E2YW0WOZ9TWL,B018HFTRYY,3.4228182
A1AHCX8ONTKNSG,B00GW9H8XA,4.3803263
A3CMIEYL0TJLC2,B00VS1XNS6,4.65007
A7GZXYEZ2OMLQ,B00ZYX46P8,2.798995
A2BRAUQW0M47DQ,B01FTEBE74,2.6434546
A2N0CJ23KSPXU2,B017JIYTJI,2.3431678
A11S2QYS4HV6SF,B00O4GUH1S,4.750349
AHRDOVFRA0KW7,B00XWCHNIU,3.1779928
A2JPS7EMNFKXOV,B0094B6OLK,2.6988034
A2KL28O67TYMBG,B007V3FLTE,3.2858763
A1FHWVQ0ZMFFQK,B01CPON1YU,4.6231875
A3L3T9JRL1GT95,B00XLS3FIW,4.420863
A183DRUR0UACQ4,B00G0TI2I2,2.3390284
A235UMRMGXAS15,B01FWERDYE,3.1917448
A1ZDSAPOGRGBJI,B00OMG2XSK,4.3024497
A137UEIU93IFEF,B00EH2N8RO,2.4116187
A2DZUQQXPNUGI7,B015HOLMSW,4.1165442
A37GCC410JYT17,B00GUZ195O,3.6551585
A3NICGO82Z9FI1,B00L83QEHG,3.6743255
A1CV6PASVMUEE8,B014HI58O8,5.9346023
A2LAII96I1O1IY,B01A4ST18E,4.378963
AMQ8EI0M0ZMN7,B00ANZ1JWA,4.411042
A30Y1OHPEKHLPU,B00BQMOGKQ,5.6483684
A1K69VHP8LH96J,B00NLJHSQ6,4.012889
A2TIJGCDBTTDNW,B00BMTQNQ8,4.2488494
A1L1M693QSBHRV,B01ELQDLKY,4.4679923
A2ZJHEB8K8JZR3,B017HMASFK,4.4694395
A31CZW8SHN9PTX,B00ARFOGQ2,2.1493516
A15Y3Q6XIXTGKU,B00N48VZZO,3.7205625
A31M8L26BZM2IY,B00VW0OLKM,4.2641764
A222WQ9VGVPSR5,B019AMHWNG,4.372168
ABTPG9K6K74W,B00YASNK8M,2.7752676
A2LFTN6A58XAQV,B01GT44VLO,3.5032773
ASHX33A1334SS,B00R67MD3C,4.4807673
A2NC35OEWK4HE9,B00F3L4KIE,4.378455
A2GO4VWZWTL7ZC,B00EFKOFLQ,5.129482
A3J9BHGK55ZPJO,B00DRFQRIO,4.679525
A2PQ680TRW8JFG,B0054E7EMO,4.112082
A1BOK1EC36Q0WV,B00OYWP438,4.912816
A2391DU1LZODF7,B01FIS2F42,4.2848024
A2LLWCQVYKYF0F,B018SCGDWK,2.3295426
AUJKYWUK14BZ2,B00PCUMV6E,2.1145835
A414YEU57FUHJ,B004ZZGUAA,3.7279959
A1L1M693QSBHRV,B00OAN88H0,4.5151596
A20MGSYZLH5B8G,B00ZTMRHQ4,4.2194905
A2UNMDJYXPEQZ3,B014VPZHCU,4.206504
A1P44JJW47E6QN,B0177475MW,4.363272
A16E3LZGPATT2,B0104OFHEK,4.4780087
A1K69VHP8LH96J,B00ILWP2NO,5.1437597
A3OQ0WU2ZHM5J6,B0050YUL0A,2.0114903
A2PG5XA0Q3BEMU,B00LZA6C88,2.7754312
A2BOKBB1IZA13L,B016QTOIWE,4.7185016
A1X5V3LU8TC8QU,B01BRFLLPO,3.6852274
A1NE9CRAQ0WUV,B00HVFAY1M,3.3732452
A2BOKBB1IZA13L,B017DPEEUG,4.8987303
A2MEKYD68X8R8H,B00KFZCAAI,4.341461
A3T4U5GR71P4O6,B01GSC9QOY,1.6035581
A27OS7Z94VXCYF,B0104EOJBM,3.8068147
A2Q8B7JPI4LAKL,B00C42TWTC,3.132061
A267QVSAPZCRT7,B00OV9EXLS,4.511561
AHF5R86S1Y6YK,B01BMODWY8,3.918521
A2J7GJWY8O1MDB,B00I9J9XAM,4.307202
A2VSFHELFF7ICE,B01GW1BZBI,3.1264362
AVNS35OHR3D76,B01A5OVNQA,2.317782
AW4NFCPN81CS3,B00VOYNKM6,2.3183508
A2BC67IP5E7QC1,B00P9RU6SK,5.4566703
A1RCVV077UAKKV,B016VL0PWE,3.5636559
AO2JBD7IAH9DT,B01F2EXCF8,4.7159953
A3GEKHTOCDSCBT,B01CSNZ15K,5.6386395
A2LAII96I1O1IY,B01DJZ7G5E,2.9219017
A21G2H64TFS4JO,B019MCXVS4,4.202663
A1B1NU74O56P7,B01GUHZYPC,4.0583844
A2MR87VMPFNFJ5,B00JDY7RK0,2.8812728
A2V06QC9Y4ZL0E,B00FD5HCC6,4.9351263
A3DQRNADNQWG6H,B00IRKQ08Q,5.3337197
AI38GSFB90M4L,B00SRMFZ3A,2.8025165
AK1RGQY22KL4U,B01F483E64,4.325028
A3CAIZ5D023DAO,B00H95FQRG,3.4345727
A8YJFGILC2W38,B018496LH4,1.9412926
AVNS35OHR3D76,B01CCXWP9Q,2.0069122
A8FRLKQLNUKNP,B009DNHHYM,4.002489
A23Y4UGTFDMZOP,B00KN4TFQ8,4.864355
AK1XM4ZUH58CT,B00B2M3NSG,2.5584173
A2MX7TA6LI8I4K,B00NLJHSQ6,3.7082343
A6ZT9EZ49JTEL,B00X1DBH3W,1.5821716
A10SXQMQBJ2L,B01AQO16VQ,2.9613576
A2WEE1PU5NZVJQ,B01A4ST18E,5.4047503
A2S5EPJ451WL3I,B00OO65H90,3.272696
A34FGMJ3K5O6GT,B00E3C2O7S,3.6699796
A1ACUN6A2LYVMW,B00U2YDT5W,3.747437
A3T7S6BDKHWPJD,B004X6R8Y8,5.654735
A2MK1L1Y74WTWH,B00VQ1HJZ6,2.8530393
A37D3BRKS7OO2L,B016TG5V3E,3.2203145
A3CLBL9B7WL02W,B01A1E8WO0,5.1642623
A328S9RN3U5M68,B013GZOXPS,4.2849073
A3SJW9YR903G3,B016OR83AG,3.7636166
A3H1TO48SUIM54,B00CF9F6G2,3.8113666
A6ZT9EZ49JTEL,B01FEY3ZY4,2.2376027
A2RYT2UPEQXUAV,B00SJPZ4MW,4.1256275
A1EPVSC849EI9R,B00XZJ30FU,0.8208293
A708MRPXR6W4W,B00C9L5L52,4.43282
A2S5EPJ451WL3I,B005OC5QXK,2.8700032
AL4D6OHMS2Z9P,B016VIVLJ8,3.0810118
A1PSGA348YRV67,B01GT5XDFS,2.8837795
A1FUH1O6FCTUYG,B00N99OHZS,4.432554
A3L1Z0R3ZB2OFU,B018W4GENC,4.6040115
A10JAUCIGVRW9F,B00BF2APBQ,5.420632
A36WBGWPPLIQZ9,B01CSNZ15K,4.1274543
A387F6OFDVEDZT,B00FBMKRG4,2.8646598
AK3LIR1TVZFVZ,B00S5J5ZG2,5.156741
A3G31IWKH9ALT3,B00ASP8XNS,2.7501183
AWG9YC0S5ZXRQ,B017J3TPFQ,5.0425606
AEY9MGCJSWW9O,B0190HN0DM,2.7841716
A1WPQDW5RGAM9S,B00CF9F6G2,4.0022902
AXOY11IDEONHE,B00VRYHVUA,4.1890683
A3J9BHGK55ZPJO,B00ZYX46P8,5.0583897
A1V9310YS86T7M,B015BCX0OO,4.662995
A1PUZIV4PYY4YM,B017IFFPTA,4.064999
A2N1XSD82O6XTV,B0153XT5HC,4.098742
ADT3692HEYU4S,B00JZ7GMF6,1.4647076
A1NAXYNAOGJIGN,B00NQ9O64S,4.43364
A1AMO4S4I575LQ,B00ZEQMP8U,2.6329432
A3UPR43PSDG0TS,B007PR34G8,5.058045
A1XKTJ1XLTWLCQ,B005G7ZFXY,3.7551441
A38J1EW6EKAV0Z,B00MJOVIDI,3.7362862
A2BOKBB1IZA13L,B011F603YU,4.829188
A31Z94E63H1N46,B00LJAZ7W6,4.851148
A246GZE5MZKHGL,B01CERDE8G,2.1651554
A1ZK3Q2YZMX6CV,B01AIS80FK,4.622202
A374B6RGLIYWMU,B00HGI16I4,5.167815
A272PNE7D26JA7,B01FOEQRNA,5.1108475
A353K0UEDMX3PH,B0104EOJMQ,2.3885803
A3SZPKNV5IU75I,B01BZB7RXA,3.8676405
A3U6Y3GD1A6PXJ,B01B5BR1KO,4.675237
A1E1YE0R2EELCU,B01317ZZLC,3.6445718
AM1T5MXP5H5SO,B00DSPPOX2,2.7901955
A36N7KTS8JMR4L,B01BU7PHA4,3.0303617
A3VG0PGN6MNCZY,B00XOGY9N6,4.7258058
A2PCN97H7ORFXL,B01EDDUAFE,3.9956532
A7GZXYEZ2OMLQ,B00PG3NQBQ,2.9829278
AM1T5MXP5H5SO,B01FLDUVIG,3.849049
A3CQ5980OVK9GQ,B00TKOT3BO,4.2278147
AFX2KR1VGYWLW,B0157GPPEM,1.8703927
A2BEDL4QXLEE3S,B01BMODWY8,3.5371442
A2PF64RBR1G1SZ,B01GOWGKLK,3.4625049
A4YSGLUQJP68Q,B00JTCH5RQ,4.601591
A3JHMDPDDFUSLV,B01C7NYWBK,5.2351665
A1DJY8WVWPJ2H8,B00VO86O7K,4.3001876
A1AHCX8ONTKNSG,B011G3HJ6C,3.2722702
AZPNSCZH6LW40,B01F2WTGFK,3.6035929
A1AHCX8ONTKNSG,B0165WFUKG,5.217314
AM9YOCRU10IXW,B01H9ER9R6,4.480368
A2UNMDJYXPEQZ3,B00XIHMD2K,4.3794985
A1DC00T32U26HC,B01H45U1IO,2.2105203
A28U98HYYE5DR1,B01A1AWBU0,4.213773
A328S9RN3U5M68,B01BU7PHA4,3.910874
A1GSPADXH17N25,B01CF7VQVW,5.0855494
A2JPS7EMNFKXOV,B00TSXRDW8,4.491339
AALCQ67H5TY5L,B00BUAZL12,4.4816136
A3V9J8I5FHAH19,B01GF9OQSQ,1.6167768
AG63N054UPJH2,B01GSUTWTA,3.6295967
AQ87G02DO56Z,B00KA0AT06,5.015614
A35RCD7ZMLKPYO,B00W0AL6BK,5.6420197
A19T1A4TS1WHOZ,B019MCXVS4,1.72829
A370LX2NE2BMXY,B01BE5XO0W,4.6842017
A1UH21GLZTYYR5,B01GAIHTSQ,4.019813
A253ZKSZTAZ8W7,B00JRBN26M,4.6542106
A2NDZ5R94H2YQL,B01C22CSVW,3.0655346
A198E18E1LA3BE,B01GANL3SS,4.713393
A139X5E4RN7SUS,B010MQRGYO,3.51116
A1B871BGSYX0F1,B0165WFX2Q,5.4472723
A1GXJZGFR0BPJH,B01AIS80FK,4.0871577
A2FOQS9I8RI0V6,B00CNTSVZM,4.5797863
A1NE9CRAQ0WUV,B00S1PC9B4,1.7334505
A1F41PH89SL6JB,B00KFZCAAI,2.968534
A3ANLUEKJBC1IZ,B016JPTGN6,4.010594
A2I4SQOSEF7WH5,B01BRFLLP4,2.3631864
A3GEKHTOCDSCBT,B013RN2YOG,5.803748
A3NIPJ7WT4LL60,B0057XVAJU,3.2314014
A19I68RW4PBT29,B018CHA2KK,3.494688
A2HHKV9CQ03ZRA,B01GQCLA5O,4.793837
A2PCN97H7ORFXL,B00PRA4CUM,4.091596
A1VDYWMVS2ILZQ,B00PHZ3RLC,4.5275197
A2BOKBB1IZA13L,B00AMIX8P4,4.1813264
AY9AIGZKJYC6T,B00H62TMJA,4.895062
A3QY3KER34QGCS,B00NOCBDQG,4.881906
A288W9MY6EK1P,B00JRBN26M,4.2064886
AUJKYWUK14BZ2,B015F1XMS0,2.0014763
A2K3C9H73QW8NK,B00YQBSEKW,4.410692
A2EVKNQ71UULXI,B00NWR78L2,5.683128
A3HOXAKC11UEOX,B00FY54JYO,3.7915502
A2S5EPJ451WL3I,B00T4ZG2PO,3.3105655
A135NSTCX38DEI,B00LNJ4ABC,4.563734
A2G9YADU04XBHA,B00KB2RLKO,2.4521995
AX59HEWTONQ1M,B01EZ9ZK7O,2.1609793
A2SNF7VCKMYTDF,B017PXXZV0,3.746036
A3JTJ1E8NK7DH1,B00JCINDL4,4.526091
A1BOK1EC36Q0WV,B019D7D3CC,4.658544
A16TE56LP5NUL5,B00F2953OW,4.395578
A3KMEQP8CSCPC2,B00I1VX9YO,5.239033
AX746FITV1G72,B00Z4EAA5W,3.2606106
A3FA93L7JWESR,B00VTY1WNA,3.5699139
A3AEFXIVFIL11Z,B014XLV2NA,4.5885572
A34RWNEJGJFHEV,B0191WS0K4,3.7515326
A1LYT31WSI9NVL,B00IQVA7XK,4.755817
A3V9J8I5FHAH19,B00VO2WDZI,3.2389002
A1V63EJ1CBG940,B01GBYTK36,3.480022
A3P2ROGJMLVZHN,B00OV9EXLS,3.9720902
A267QVSAPZCRT7,B01FQ57CRC,2.8820624
A142HAT43L5W4W,B00TP4X5CM,3.299685
A2RMULV25P85EK,B018CHA4GM,4.916181
A37P6T3YZ8KY2F,B00NEON2WC,5.5847096
A7GZXYEZ2OMLQ,B01BFYBH24,2.1209636
A39N24TTLP6I48,B00SW2TWJS,4.9830823
A3TY31K1VXAGSX,B00DTTEDM0,1.7567548
A1EF46YLAZ7MEM,B00YERIU1G,5.016401
A3IY9IIH8P3UU0,B00LFNCDOC,4.68024
A3H7J5POTR9TZW,B00DV7LVP2,3.6682115
A1A085EGL86PB,B00N6PD7CO,4.354221
A2C7W167DVNUKH,B01GEKTEY2,3.8067298
ABRLCS0WRNOKX,B01FQLZSMM,3.00738
A10IOT56F4GM85,B01CJ37JJ0,2.0520306
A2O8R1A83EROU0,B018CHA1D8,4.541297
A3PZDL7X0IOCDP,B00CH3NV4U,4.829655
A29EUBSWF1KQJ9,B00C44H0OE,4.8860908
A1RN75YVR2O8MQ,B01H62L5GW,4.784972
A178S00H8B3YWA,B019S2I4HG,5.654988
AD95EEXNDJ379,B00MG5IQGW,4.7857413
A1NAXYNAOGJIGN,B00XLS3FIW,4.5425267
AF85CAX5BR5IM,B00LE4Q370,5.652581
A3V9J8I5FHAH19,B00PKOJWEG,1.6167768
A1DC00T32U26HC,B0165SOAPG,3.2913136
A7AO0PBCKSW82,B017W2XRGM,4.2406282
A3UPR43PSDG0TS,B00QLA3DKC,5.63614
A2KN1WNA76HQS6,B01DE5JHY2,3.7245297
A3PV5FJGYOY5NW,B00UJEGURO,4.2616067
A2826FTZACYYNO,B01H5QZHKY,4.316403
A10IOT56F4GM85,B00Q0KG49K,1.8711962
A3J5KG672GNB99,B01GQE49E6,4.2263355
ASI65UKWLTDJQ,B01FGRWTGE,2.1045895
A3RR4H0D4L9HYN,B01FOGIV3W,2.9810543
AIVY8XUMV5UY7,B00UB7TF1C,4.8949885
A23Y4UGTFDMZOP,B00OJCC440,4.7697625
A36RDF38V9ITAE,B01G3UFLMM,3.96413
A2W4295H4JSYDD,B01A4ATX4E,2.8763824
AKIM9EHK9HMT,B01GYQ057Q,2.8260531
A1O79BLZSTP53I,B00CF6IY50,3.7699866
A1NE9CRAQ0WUV,B00O72888S,3.5533137
A3H1TO48SUIM54,B018RKHYMQ,4.112181
A3IZU63H3RBN22,B01HIZRVFG,3.6283245
A3H7J5POTR9TZW,B007TV0V8Y,2.4687943
ADUI5YISBG6Z4,B00BXGUOU6,4.2578835
AGT5F6R7R53LR,B01A1C7M8Y,4.1326528
A1KE19CDYIO2YN,B01FORFUEY,3.7581
A26F5B12T242LL,B0188OGJXQ,2.6846027
A1K4S4MWXI9E9M,B00ES2GX3O,3.9103384
A2Q7R5EUKTKURJ,B01GGWEF3I,2.3913202
AWNYF3812RWNG,B00IQVA7XK,1.9092096
A1P44JJW47E6QN,B00SO0DWK8,4.6737833
A1E1YE0R2EELCU,B016X07L2U,4.16537
A2JPS7EMNFKXOV,B018BL1LIY,2.6988034
A1WK64OV93G9TA,B00FJNPJMW,5.1665606
A166K6TJTPDX8K,B01HHJZ3EO,4.6152296
A2KS7XM8Z13Y78,B0184J1F4I,3.7171736
A135NSTCX38DEI,B015DLURNU,3.9049473
AER3NZ1H79LGZ,B01GYPQQRU,4.1546464
AUI3XAZ1513SI,B01G9F1ED6,2.1867633
A2QEVQMB8B08UQ,B00L2V73GK,3.902668
AHZ63RT78P9U6,B01FDI8UWS,2.1872382
A2O37WEGGS6NF,B00SZDH08Y,4.79783
A2D9OWZ1X0DVEU,B01FV7OB5G,6.0485263
A3J6BKNGIMAJQ5,B006OIUEKI,4.240519
A2TX3PH7TXFRE9,B01CT5K792,2.8273659
AGV7AZJ7ZBLUL,B00H8OZW1I,2.9960656
A3L8F13NKUQHQ1,B00LXHHBNS,4.23555
ADJDLDM5Y69VJ,B0197OZW7A,4.001661
A2HZ6MGQ6TPNO0,B01CMN671I,4.0658927
A1CXTYWIRDPOED,B00X2JUCRC,3.9105659
A21G2H64TFS4JO,B00PMH3R3I,5.227174
A1LEP3FM28J5RB,B00M0DQIEC,5.0828996
AEY9MGCJSWW9O,B01CMH15IE,2.7841716
A3BTRKXD03KC4F,B01H5QZHKY,4.0769553
A2I4PXYYHQPW2E,B01ATQJ726,3.4400759
A2EVKNQ71UULXI,B014GDO5C0,4.648317
A3A44JIMIWYFIE,B01H97YHF0,4.211864
A1J6UA1MD96SKE,B01CWZH814,2.7251563
A1AFGQGTS66UYY,B00JUV8JPS,4.014314
A19MQI49YCA5SK,B00PUS8AEK,3.5625744
A2MK1L1Y74WTWH,B00W4LYJ6Y,3.7772555
A384RYAHGEPLJ8,B00AA3P7M8,5.2148647
A13C53Z3ONTAIS,B00SK2AQWW,4.0714393
A10PIB0GJZQHJA,B00JRBN26M,4.0842867
A1SKQ5W90YXHF4,B01BNWGPRK,4.549187
A3DS9MLHI0EHG6,B01A4ATX58,3.2180252
A2B9C3FMYW18UN,B00EV9LSJI,3.9453282
A2G9EAG3T2GCW6,B01C7NYWBK,4.3288083
A26V5ROE0OZCDA,B005GI9EXU,2.3076878
A29QO6X2VCR4GZ,B01DFBBF5E,4.728248
A1B871BGSYX0F1,B01DN86K7M,4.0274253
A2VTPPOUWOT9AB,B01A1E8WO0,3.8208117
A31OIXDTDVNVS8,B011ETZ2WQ,4.264065
A1ZDSAPOGRGBJI,B01B5BR1KO,5.2038207
A1K4G4G02UIVEW,B00R5LXZXG,3.6149602
A3OQ0WU2ZHM5J6,B014JSBJJ4,2.9509048
A1PIHRVCTCJQFL,B0067LH1QC,5.0867877
A2N7O3PNO1OEEL,B00W891R26,3.520802
A3IL7OEY26GURY,B00LFNCDOC,4.485087
A69JQYYIUQFQL,B01D9JB7DW,3.862434
A2CZKERY4LUBVI,B00K6S71RG,3.1610703
A3P4PWQ6NZGNFY,B00CCVVKMW,4.8883243
A24KZL47I6CH4C,B015M5L9A2,3.8221927
ANKDQ12BPX6Z3,B0091T62FS,5.0665345
A1EF46YLAZ7MEM,B01FD1Q27U,4.728117
A31K93JWWNEMAJ,B017WE2YUU,3.4367514
A1TVJ9WDRP0UZS,B008HUP9NI,3.7893515
A1NL7G5VN45RDW,B00X7R3DFM,4.715676
A1H10L6S9KZB2C,B00OJCC440,4.723022
A3VE7N2XUI8C3K,B00X8SCJCS,3.7784748
A15VZ8KA1KH8ES,B00AXTM8G2,4.130071
A36I3CE9A5LP9N,B00L2X37QS,5.172949
AZGDIB6UL3QNL,B012C7K7BU,4.9937663
A296HV17AZ10V9,B00EZRUSOW,4.174253
A2N1XSD82O6XTV,B010TZVSTM,5.17283
A1PSGA348YRV67,B006H96RO6,2.1083193
A1JMSX54DO3LOP,B00W23WSN0,1.3656324
A1RD05YFMWKM4Y,B017CK0K28,3.3737116
A2XKX5TBB6WV00,B00N0VI2OM,3.9744172
AHR3AU7CPID24,B01CIDR8N8,3.4701629
A1G9C5GN1893RY,B0190HN0DM,2.6244693
A3IZU63H3RBN22,B01GP58FSC,5.1646996
A1K3WZMHNUDZ6N,B01EO6IIM2,2.9535356
A2D9S6V1AFXOAO,B014C5K4WC,2.0584745
A1IFWIZ62O12OT,B01E46BFJU,4.144404
A7M73HAH815DM,B00TPBIA4S,4.9330325
A3J9BHGK55ZPJO,B00II5I3R6,5.5385365
A19T1A4TS1WHOZ,B005OY0JFI,3.2680569
A137UEIU93IFEF,B00E6QFG80,2.0134273
A10JAUCIGVRW9F,B00DE85KHI,6.7770185
A37G8WNF7DGY6M,B009JPPQ38,3.6842194
A3IAAKYJIX44EL,B00MUW6TF6,4.6821017
A2JPS7EMNFKXOV,B00N9RT7RS,3.8128815
A2S5EPJ451WL3I,B01FGHI69S,1.815574
AWNYF3812RWNG,B0133SO7JK,2.5044422
A37D3BRKS7OO2L,B01GYPPMNE,3.2203145
AGT5F6R7R53LR,B013WQ2VW8,4.7520003
A1LL39K926QN1V,B01DFX15NE,3.5808554
AQ5HSBPNASYIG,B016B0FB38,4.7694964
AHNGMRN1V1LPH,B00SA5KFM0,4.292804
A1EF46YLAZ7MEM,B01DFJLD62,4.0108423
A3DJ1IVSPDTMW5,B00O3V6PWY,4.6593404
A0020356UF96ZV361ST,B00F8KLPEM,3.40805
A2TX3PH7TXFRE9,B00ON8JVP0,1.4722183
A2W3RQOSC87P4A,B0150C55HA,4.6128106
A3N67XHSHB40CQ,B010TZVSTM,4.3287177
AIW0QH84UBVB2,B00E5O6ZJ2,4.4691806
A2W3RQOSC87P4A,B00C4BA6A2,4.784676
A1NE9CRAQ0WUV,B00RP98JVG,1.7334505
AV6ORIR1JV86P,B00OYWP438,4.311648
A197W8MNF706HT,B00JZWDC9K,3.9202924
A7AO0PBCKSW82,B018QZB1IA,4.4386883
A2MEKYD68X8R8H,B00UJEGURO,4.3705497
AJ571UKWCC3CC,B00FW6WKUA,4.529004
A2MR87VMPFNFJ5,B0099LPCWC,3.4399095
A15EMPO8TCH2RB,B01FQ57CRC,3.8534498
A3UO90FEXQNHRD,B018BL1LIY,1.6132187
A296HV17AZ10V9,B00FQAQQ9I,4.0824437
A1FGDFKCW5LJIJ,B00QOWH556,4.101747
ALGAUZSEQQWI4,B01C1VAR5S,4.0440555
AAO6QIF5RUMS2,B015P9ZNIO,5.213904
A2Z3DQ7P9JYRLG,B00W891R26,4.5892954
A1C7ASZFSTSJMH,B01F24RGGO,4.1857963
AGELZO1D6BC0T,B00MK395WO,4.948888
A1W48IWJ8A610S,B00H0GED9Q,4.0221415
A2S5EPJ451WL3I,B01CT5K792,3.940907
A2735JIVUDTBZ0,B00ZYAZFC4,5.1947427
A2FCH654FN672F,B00XIHMD2K,3.0343537
A3A7FF87LEVCQ1,B00SER0484,2.8460193
ACSJTKMXKU1M6,B0174PTMU2,2.1181655
AYX4FFM42UGTM,B00MVK5RIW,4.2129235
A2JPS7EMNFKXOV,B018F3C1KU,4.1615896
A1FWLM5208ESO4,B01E46BFJU,3.9703116
A1RKD07ST2BLOQ,B00VQR2NOW,4.605493
AI38GSFB90M4L,B00WRNKOOU,3.4704509
A1R2D0K0S0M30P,B00QPDKAM4,2.9650836
A73IK4VT0XZS6,B00QXWYEYW,4.258085
A3FWAT2EKO9FRE,B00UZM2O52,3.4862351
A3EJDCT3TAEC2,B01GYQ057Q,2.5698385
A13LERNQ8R7267,B00HT73RHK,4.5141892
A35RMGAUPUQTOG,B01EKIELGG,4.5623794
A21UH6HJAXW2J8,B01CX93T44,5.2005544
A2H44WVZS59KKT,B00U77QXI4,5.590511
ANXBIU1HP7BJD,B01BLSZ09A,5.261764
A2XRKQZA534EWO,B00HTJJST4,4.5223546
A1VA2I63CK09BU,B018IYY2V2,4.4945474
A16EVINGPOU4U6,B00OAN88H0,3.7427168
A2KMV056844YV2,B00OKM7SVI,4.254608
A23GRXCXQU3SM8,B01GYPQQRU,3.413209
A387F6OFDVEDZT,B01GKU3D1G,3.3710518
A2B8C9QHIXJO6N,B01GTFE2BW,4.250671
A18EEC1ENOT9YN,B00F2ZL3W2,3.9454818
A2DZUQQXPNUGI7,B01BFYBH24,3.1689625
A3DIJRAAUVN3HF,B01FEIRT1K,3.8740325
A1B39IGLV2W0GE,B00WZWMRC0,3.0489507
A17DBWBCGJP32S,B00WT7TBTS,2.9426236
A2RPZTZP8W80W,B010ZXKCJU,3.6729374
A3OQ0WU2ZHM5J6,B00VBVE7NS,2.1294556
A1E29AF1LT9N6S,B008SGZOL8,2.313435
AY9AIGZKJYC6T,B01CYTLPPI,2.7378626
A23M3HDG0IWHWB,B01BRFLLP4,2.9606824
A1N3GV7AVOC8VC,B00QQOX6LY,4.611234
A1A6ADR8JG12KQ,B00B3DROPW,5.477073
A3J9BHGK55ZPJO,B0094B6OLK,3.2413836
A36I3CE9A5LP9N,B00RC6JVDC,4.2078466
A21G2H64TFS4JO,B00S5JROJ8,4.7378507
A1E29AF1LT9N6S,B00QQ623XY,3.5250797
A1ARJBC8VD5P8P,B01BDN5KDO,2.8170853
A2Q439D72KOQME,B018A8EDV0,4.8540606
A2K057YIAJJQXS,B00EZ7VLDY,3.5472898
AV6ORIR1JV86P,B00JCINDL4,4.258349
A2O4J6KJ0REPQ,B01BR1U1WC,5.0810895
A1QXNTUAUWFKP7,B015XWK88S,3.1788125
A3M3LPTYJWK90W,B00UW9SNEO,4.7610464
A2YF0QVNVT7ZI8,B00HP90OBE,2.0065217
A2PF64RBR1G1SZ,B010ORALRK,3.9007263
AHMV0N47XOIMZ,B00NJ0F5Y4,5.0974193
A1CLGNWRCE4QKB,B0165WFX2Q,2.1276312
A1LZ8PBGVH7IOM,B01C4FP44A,4.333134
A21TSBBTF0DMG5,B00YG3S9W8,3.2825727
A19Q489ZXGDUJZ,B010MX9WVC,4.7513075
A2MR87VMPFNFJ5,B00ZOL1DRO,3.1572833
A2I4SQOSEF7WH5,B018CHA4GM,4.8466787
AUME0VNK7J2MP,B00GRAZD3G,3.9384265
A1LGEZKBNXPUW9,B01DCM610A,2.4315205
A1RD1NM0602OQO,B01FWYD956,5.105533
A1YUPRU1BVJHQV,B00OU2E1F4,3.4256191
A142HAT43L5W4W,B00L73NIWQ,4.0901694
A2MR87VMPFNFJ5,B0094HZVWC,3.2839527
A3ULR7XJF3C400,B015D43O46,3.1244478
A2PN1AJYXDU1J0,B00MDACG9I,3.6150126
A3HOXAKC11UEOX,B00TQ8W4KG,3.2101812
ANEZJAUOG31MG,B01C6DZQYS,4.5314207
A3CP3ADDFF4CLI,B01FD1Q27U,4.4286957
A370LX2NE2BMXY,B0190HN0DM,4.308032
A3C713428J4MJ7,B00IKME2XG,2.6628356
A1WUV5NNBO97B6,B01DOR1EBO,5.127708
A2C7W167DVNUKH,B00BJCBPIO,2.6085138
A2WEE1PU5NZVJQ,B00DK8L8Z0,4.2003436
ABTPG9K6K74W,B00KDJNAIW,1.5629357
A1LGZR2O6G85X1,B01HDF9IKM,4.02584
A2KUR0ZBNV17AA,B01DTRFUY6,2.3236604
A1K4S4MWXI9E9M,B00PE262UG,3.5006423
AIKGKUGNQ6L2F,B01645ZYZU,3.984137
A3QV68AX7YPQA2,B01FIS2F42,3.778195
A1X87IHRK15RBU,B00IC6TA46,3.8809872
A2ESCA4MLAK1QF,B01AQO16VQ,2.685369
A25PLL2FEB615H,B01EXPAZSY,2.6615982
A1ZDSAPOGRGBJI,B01208O1D6,4.8848796
A21G2H64TFS4JO,B013UBALKE,4.2166314
AF7IKL1FN52K7,B01CWZH814,3.1664147
A2N58DQ4IL5SHP,B00LXK4KIO,4.115909
A23Y4UGTFDMZOP,B01HJ7IF8A,2.9238262
A37D3BRKS7OO2L,B017HX13DU,5.816374
A1VE539RO5061D,B00Q4YAJL6,2.8716745
A1W49O3LYZ8GI5,B01A9BTUBY,4.249412
A21BTVOIQV3JWU,B0080SA5S6,3.9324498
A369BMHORFPL0O,B015DKD58U,4.733407
AV6ORIR1JV86P,B00VW9FTLS,3.011403
A3CIIU9YNK53VK,B00LDUVA4G,4.5362363
A1JS39D0NHVT3S,B011T78JT6,3.2672968
A3VE7N2XUI8C3K,B018BL1LIY,2.6152425
A2391DU1LZODF7,B01D1UVNEM,3.8093972
A2Y7B4AASUOXM,B00KLSMCPW,3.5849223
A1P44JJW47E6QN,B01FWERDYE,3.5878963
A31OIXDTDVNVS8,B00BGY7XX6,4.4639535
A2RQ5IRWRU0TVO,B01DTRFUY6,0.8839357
A3MTU1QAMYEAX3,B00GQYIL2I,4.4111896
A23Y4UGTFDMZOP,B007J4A4KQ,4.4982615
AUI3XAZ1513SI,B00HNWEA9K,1.7818717
ASHX33A1334SS,B00GH2UEMO,4.475182
A1ZDSAPOGRGBJI,B01H173RSQ,4.3864427
A1R2D0K0S0M30P,B01GF9OSI4,2.9904056
A3G7QPDLX3SDV0,B0186FCA9E,3.3257256
A1XIQBGKVH6G8B,B015NFAKLK,4.207825
A1LM7SC9WR859I,B00OE67LVW,5.5318494
AYGI3FN2M078F,B017R65QS0,4.8595276
A296HV17AZ10V9,B00LI5X2QA,4.0844235
A2PN92SB2HFRNI,B00V5T9A38,4.6024823
A370VMDK3FZX5X,B017JIYTJI,3.7136798
A2C7W167DVNUKH,B013T97LTQ,3.127872
ANKDQ12BPX6Z3,B00XGIEM52,2.8907084
A35BKLDD2E04E6,B006MLKZWO,4.212705
A1ACUN6A2LYVMW,B013KV12YI,2.7553487
ADJDLDM5Y69VJ,B0145VI0G0,5.379239
A245T0V8KVTV45,B00NDEXI0O,3.7229958
A29QO6X2VCR4GZ,B00B9I1M5O,4.235204
ASR774IIR8VN7,B01EMF4FXG,4.2128015
A3C713428J4MJ7,B0184J1F4I,4.5333633
A1AHCX8ONTKNSG,B01CF7VQVW,4.988938
A15VZ8KA1KH8ES,B01EDDUAFE,3.9709363
AQFF452SVDF48,B0152U9LL6,3.398178
A2WEE1PU5NZVJQ,B00PYPHS9M,4.793019
A3CMIEYL0TJLC2,B01DCM610A,4.424051
A3RDDEA1NKSMVC,B00VO2WDZI,3.8373675
ABTPG9K6K74W,B01B6WT11Y,1.7459027
ADUI5YISBG6Z4,B00GRGOL3S,3.7602043
A414YEU57FUHJ,B015QBP4XU,3.649384
A1XJZCJTQFEU8D,B01BCLPTNI,3.5310354
A2S5EPJ451WL3I,B00Q6YLPJ4,3.1321893
A29QO6X2VCR4GZ,B01BQ00CAA,3.5714002
A3IL7OEY26GURY,B017GGWXNW,5.126723
A2LMF4HG470CNF,B01GDRM3XU,3.7582192
APSBR4VQNRJ0K,B00MV4UDTQ,4.550669
AJVQTGMBF8PL1,B015CLZ5RE,3.9967847
A3RDDEA1NKSMVC,B01DL6EQC2,3.0842605
A166K6TJTPDX8K,B01AMNC33G,2.8998647
A1F41PH89SL6JB,B00TPBIA4S,3.7791271
AX5KL9LWC1TG6,B00DGYKGQ0,5.679382
ATQMBEXNQ3XH8,B01H4NVSOC,1.9491934
A2HZ6MGQ6TPNO0,B00NLLP3MU,4.917413
A1NQQU8O1ZYJP3,B01GIM0O86,5.9496484
A2A1U239S7ZVL1,B01AAXMLVW,4.495843
A16N88TMHMXX1F,B0133SO7JK,4.572358
AER3NZ1H79LGZ,B01CBLURCG,4.1546464
A2EU9VP0MRMUGE,B01CERDE8G,2.2194161
A10AWAE0F6CAP1,B01HCB4LFE,4.0235615
AUJKYWUK14BZ2,B01B8MEF9K,1.7026862
A916DXE9W36GF,B01GYQ057Q,2.2972026
A2YJ8VP1SSHJ7,B017ACSD1S,3.0905037
A1SXDVX98NJLHZ,B013HDXSU0,2.8403616
A2091T9SZ5H2P0,B00R1O4KWW,4.0632043
A213J0UJPYFVNC,B00PG3NQBQ,4.8769135
A3AM6MXENFRF3G,B01DJB7XZG,3.7460957
A1HHSUAQDZ1XM6,B01DU7JXPW,5.304584
A1IE93W5OH9MGR,B01GJA450A,3.4918222
A2ZDRBQOSAZLER,B00FP43PP8,2.7182164
A2MD57B122PGJ1,B01GYPQQRU,2.8197508
ALGAUZSEQQWI4,B018COSNP4,4.94982
A26V5ROE0OZCDA,B00XIHMD2K,3.0343537
A10PEXB6XAQ5XF,B00531CPHC,3.4417353
A2O4J6KJ0REPQ,B014GMU3LS,3.6022315
AIQWMQ4JWKZ3T,B00N99OHZS,4.0066357
AM1T5MXP5H5SO,B0150U9Y6A,2.625997
A1B871BGSYX0F1,B01HIZRVFG,3.5260992
A1F41PH89SL6JB,B00AV8SY7C,4.1640205
A1JADDWR1H3M0I,B011T78JT6,5.2974477
A1CXGXJZZ3AXR5,B01CYTLPPI,2.549663
A3KBRXW4PKK2MT,B00UZSTI28,4.7743425
AGSGL6VT17RE0,B00GVJ4WOY,3.3956575
A1ZDSAPOGRGBJI,B00CK55QTS,4.771921
A2XIP6NWN0J2QC,B00ACC2N3I,4.8090105
A2MK1L1Y74WTWH,B017JRXATE,2.7378983
A142HAT43L5W4W,B00IGGZ4LU,4.429361
A1NL7G5VN45RDW,B01GAOLAW6,4.8826957
A32TX5VFAQALG5,B010ZXQA7S,3.3858433
A2EAKYR4AEJU69,B00QU06V2K,1.8476218
AVNDR3UMO7VU5,B00T75VSHI,5.492602
A3FO728397JFZP,B00L2II2AY,3.6374002
A3NW9Y963QZ8WI,B00WNR92RU,3.0827575
A1JMSX54DO3LOP,B00NWR78L2,3.1276193
A39CVMK2ZKEIK2,B010JA571W,1.9345695
AER3NZ1H79LGZ,B0165I3WGY,4.1546464
A2CZKERY4LUBVI,B00OO65H90,4.322269
A1P44JJW47E6QN,B00SM24ZZO,5.014712
A4YSGLUQJP68Q,B018CHA2KK,3.4235697
A2JOW1PW9GRCA3,B01HHJZ3EO,5.2517405
A3IRQCW03LJA0G,B006MMYSR6,4.6987348
A245T0V8KVTV45,B01A9BTUBY,4.1172132
A356MFRFTA643Z,B00IU69PTI,4.325912
ABTPG9K6K74W,B00C9L5L52,2.1922903
A64VNUAXNX8VO,B01BJST0FC,2.22404
AQ5HSBPNASYIG,B01GAIHTSQ,4.1059175
A222WQ9VGVPSR5,B013HEC16G,3.8977876
AKZH6MEXHWGLD,B00TCI48WC,3.6887841
A2S5EPJ451WL3I,B00457VKIA,3.0739222
AKIM9EHK9HMT,B014BR4A3A,2.8260531
A1Y3AO9892NNSU,B010NQV6I0,4.0613103
AK3LIR1TVZFVZ,B00GEHN4I8,4.5222726
A1UH21GLZTYYR5,B01DGXSHRK,4.409916
A23GRXCXQU3SM8,B01CBLURCG,3.413209
AK3LIR1TVZFVZ,B00GJMBFS4,4.112842
A3G31IWKH9ALT3,B00UXX3RHC,3.7175312
A3QKOFJ91Y3MFI,B016X07L2U,4.3811603
A3Q9NLTF7JA3ZD,B01C8CLGR8,4.991082
A235UMRMGXAS15,B01AQNZQD6,3.1917448
A2MEKYD68X8R8H,B00DN6QQ3S,3.406671
A2EVKNQ71UULXI,B00699917E,4.0486846
A2Z64A0Z98GLS3,B013VDLXY4,3.6696544
A387F6OFDVEDZT,B00TLFMPX0,3.6740518
A13QTZ8CIMHHG4,B01ATF41UA,4.8495574
A2VDLDSGSD32FI,B01BM0AHZE,3.3085046
AVIN4W1V9M738,B01DQED9F4,3.4712553
A1U37G3A1C7FC6,B01GZ7IMJC,5.041042
A19MJXG060UDTA,B01BJ9EFB0,3.5477166
A3V9J8I5FHAH19,B01FRK7VO0,3.043768
A2HZ6MGQ6TPNO0,B00ZDHZKKA,4.287952
A2UJTG9XC4KISL,B00E6QFG80,3.4977312
A3E4H5A1X8NJRR,B0051EZBRM,3.7815518
A1EF46YLAZ7MEM,B01BXGMTEY,4.8364544
A2E40ZTDDZ2U29,B00LMGLXUC,5.7662134
A1ACJLREHPPL1P,B00AA46Y06,4.7801266
AV8X3WC4XB1WF,B00U48LMGO,4.2960925
ABTPG9K6K74W,B00SPA1Z5Q,1.8949987
A2LEDCD5NGDPL5,B017OLT0HG,4.8543763
A23MK6LPFQP21A,B01C6DZQYS,4.051945
A2LYOOGJLVVM5S,B00T2TSFH0,5.560144
A3AL7B2RPOAEOB,B00D9CMLNA,3.973662
A23ID71VXIBR8T,B00D9CMLNA,4.840136
A19Q489ZXGDUJZ,B01D0Z73QA,4.0995183
AQFF452SVDF48,B017733NZ6,1.1115104
A2B9C3FMYW18UN,B01FTEBE74,1.7284802
A18EEC1ENOT9YN,B00L2F5P02,4.139198
A3JONP3MGSSP0F,B00T7VC4D4,2.9771576
A31W0R6O8EM6V6,B012YHT12E,4.1122828
A2O4J6KJ0REPQ,B013KWCLA6,3.9138627
A30DBF16JX73UA,B0100BOE7S,5.179277
A1B39IGLV2W0GE,B00NTPSMSA,4.749719
A1BOINGLPB5I1M,B00ZOL1DRO,4.8616524
AQA76AX85FU33,B00KE62080,4.9403577
A2391DU1LZODF7,B01EKIELGG,5.4292946
A1M0H8HM67R9I6,B00U4NBAPM,4.0689187
AYUTCGVSM1H7T,B018E4EOO6,4.3241525
A1D0BC1UP01UH9,B017E1XMPM,1.71321
A2EGLWRK7PCDYH,B00JO4GO94,4.079344
A190TSUIRJIFUK,B00UXNLT1I,5.010752
A1GXJZGFR0BPJH,B014REI880,4.0536203
AVTN1DZPKSY8I,B01GP58FSC,5.4964232
A1R2D0K0S0M30P,B00QL14R88,3.940261
AX746FITV1G72,B010189NMG,4.3293233
A2WQZ6RF0O4XER,B01G2YFYG2,4.8188653
A1XI8GFCIVWU36,B01FOEQRNA,5.0540476
A2MD57B122PGJ1,B00H3I2172,4.431063
A24NC3WOFW7LHT,B00BFNYG1A,3.5821033
A1CL3FS67LX1YW,B0130KVNKC,3.4160948
A3IQ0P3M39IY8U,B014C5U6SE,3.3137908
A202A0SM6MHKMN,B00LNJ4ABC,4.347201
ADAJ62S65XLVH,B01CKWGCKW,4.002567
A1SXDVX98NJLHZ,B00MEPPIRO,4.4564204
A3E2YW0WOZ9TWL,B01GYPPNYC,2.4861355
ABTPG9K6K74W,B00C4BA44K,1.883825
A2T1T5S6Z14GD1,B00MY6POOK,4.78164
A2N7O3PNO1OEEL,B00507TKCW,4.057284
A2LKDS804WDMIR,B00MV3HC5K,4.0337954
AXIO51VZN815F,B00LH8I7PE,4.062278
A3FCTV8S9RM34G,B01B43XFKI,5.4233594
A1DJY8WVWPJ2H8,B00QQOX6LY,3.8069463
A3JXBWCYZ9HVXL,B01EBI1YZG,4.50899
A1XKTJ1XLTWLCQ,B00W2TD572,3.853372
A1CJOF7UDPZOVR,B01CBW4D7A,5.531689
A1VC48UV57XWOH,B00M0EUU22,3.904572
A4Z44UOCH73BR,B01D2ZNXWQ,1.8927563
A339JSGXJXHKQE,B019WMKHHC,4.8604126
A1FWLM5208ESO4,B00R1O4KWW,3.6740117
ALYI8YM90TPD1,B018BL1LIY,0.3306738
A13LERNQ8R7267,B00T3E76II,5.20363
A3RV6L8TB9XZNB,B01ACB72TS,1.9229895
A2DN35SSCO6KE5,B01GOWGKLK,5.085075
A1ZV5XBKG7RVZU,B00VS1XNS6,4.3389316
A2391DU1LZODF7,B01DN9705W,4.919487
AJNVLN50MZSFU,B00C7Y0T8A,3.5135021
A33R5UHQ3TKZGY,B01AQO16VQ,3.1656008
A2UQGGK8VJPUH5,B00CMJDOIC,3.6237478
A1QDU32SAI8LO2,B01FTEBE74,3.3933325
A2TS60D6XB4KBY,B00V2AVVD2,5.137867
A1X87IHRK15RBU,B010ORALRK,3.325097
AXMNLUJHA9RG7,B00MQ5BIE4,4.470584
A8Q2ZFOHTVSCV,B01D7GSS70,4.625216
A1FCMIVQTWHYH2,B015VKB8KY,4.329281
A1Q3SVFIAWX5YN,B01AHFO8ZK,3.3613038
A2XKX5TBB6WV00,B01FCBU7OU,4.002677
A1CIS4LOWYGZGA,B00XZ94IU6,4.2671638
A2M2F48XEPJ2ST,B00JRDGZN2,1.4363288
A3BHXRE0RKF4LK,B00X2JUCRC,5.301376
AK56P9TMUDM8F,B01EBI1YZG,4.314227
A1LGEZKBNXPUW9,B01FDI8UWS,2.1595416
A1HLSH6U9OL29L,B010TYBN4S,4.0633326
A2QM4ZF6N1SI4S,B014RVEJ4U,1.7662894
A35BKLDD2E04E6,B019JK4HKU,3.7300925
A3HN8JIDYGZVVH,B00P86K1J6,4.692314
A1IFWIZ62O12OT,B00N7K1BB2,4.966016
A1I96OYAUJ3HQE,B00QL65B2Y,3.9341946
A3IQ0P3M39IY8U,B015YGAXHO,3.2731194
A3CMIEYL0TJLC2,B01HFTVMXM,5.1765485
AYX4FFM42UGTM,B00ICTUW6I,3.6171584
A1XL1A3TCU3Y1I,B00LFW9MQK,3.8566384
A1ZK3Q2YZMX6CV,B01ACB72TS,5.3499055
A14I311IIUMBWC,B01BCJDSAG,2.063058
A2MXJZ75PBWCI9,B013S6IHIY,4.9670796
A1OC44Q6V9TT0G,B01BW4490E,3.171999
A3DS9MLHI0EHG6,B00XGIEM52,3.0177617
A1PUZIV4PYY4YM,B00CUSSKUM,4.697863
A3ES0XIED7769J,B00P6NDBJI,5.828406
A2KE2O5C2XMXGE,B01HFFPC2I,3.7687364
A23MK6LPFQP21A,B01EW6DERI,3.2109475
A1NPM2IW3DLO3F,B01H0UI0QS,3.5823946
A253ZKSZTAZ8W7,B00KBAYOTM,4.7589297
A37QXFDRRQ9M08,B00AGXN8O6,3.8488293
A1P07BQLEBOXT4,B0165I3VSS,3.2143993
ADUI5YISBG6Z4,B00J9YWGTQ,5.099071
A3NIPJ7WT4LL60,B00O7WX2WA,3.175108
A1HHSUAQDZ1XM6,B01H0UI0QS,4.16686
A1IFWIZ62O12OT,B00Q5OG0RM,4.9276905
A2VSI0RDFNNBEU,B00Z1UVSK0,4.0531187
A2W3RQOSC87P4A,B00F3LVB40,5.1285667
A21TSBBTF0DMG5,B01DJZ7G5E,3.079105
A3T5H007CVA99X,B00CNTSVZM,3.907611
A1B88VE5O3J9CQ,B019B6WUGU,1.9007133
A3KIA7199DNI2H,B00K1MS0NQ,4.583165
A3L8F13NKUQHQ1,B00YQOPWQS,2.5267344
A26GE9ZG68SKIQ,B00YAKL5A0,3.6471329
AS68HOKD544K6,B00NTPSMSA,4.124188
A2G9YADU04XBHA,B007WQSY44,2.5729775
A2GU5CU4OAHS17,B01GET4LIW,5.2629666
AJ8NQTWUM8PK4,B01CBLURCG,3.3041773
A4R3X0V1QIJ7K,B00DCD53C2,2.9552574
A3AM6MXENFRF3G,B00P8DE7YY,2.3042464
A2IUIOTFRZHGLD,B01E2H3M1A,2.6573
A1W49O3LYZ8GI5,B01A03HKFE,4.9843707
A152EA7ZPCA1Q8,B00VAOBZT0,3.9133925
A387F6OFDVEDZT,B00LE4Q370,3.951715
A1JMSX54DO3LOP,B004W8D9V8,3.5322747
A9M7TOUJ3N4OE,B00DX58XP8,5.348719
A3CJ3VQ76GFU0,B004YDN934,3.913889
A287J5FTWL99W6,B01C4FP44A,4.5297465
A2X3DPREG8BT6B,B01EBI1YZG,4.5279665
A137UEIU93IFEF,B0133SO7JK,2.5044422
A3NU5MG1VOINFB,B019APW4UO,5.120897
A2U3FVDELHREMI,B00INYO7MC,4.474665
A2PF014MHWXCT5,B015YGB1SE,1.1799251
A10IOT56F4GM85,B0103UGC1C,2.1165204
A2MIR34MGFG3EU,B00PQV6H78,5.8119245
A19MQI49YCA5SK,B00ON8JVP0,2.9153829
A1ACIK34MC3R7W,B015NNW8CG,4.6294675
A2HX0B5ELOPP5Z,B0100BOE7S,5.032009
A3H38968JZF6VK,B00ICTUW6I,4.7786
A3DVHWX9O27YPI,B00HLQWVMQ,2.3452911
A1TMY1KQMPEHQ8,B0116LBLKE,5.3350015
A1Z7KHEH5I1LUP,B01AXD0SQO,4.88915
A28V7MR6RKNVUT,B009QSK1GK,5.870668
A31R64J645RAC6,B01HDLC4C0,2.067401
A2G45Q8V20R779,B005QEA87A,2.6898723
A1NQQU8O1ZYJP3,B00VC1475K,4.4333606
ACATGMB8JTGU9,B00LFNCDOC,3.6680284
A38TZJEVGI7OJN,B00VX75TKU,4.078152
A183DRUR0UACQ4,B00BN1P6Z4,3.4953704
A3FA0RACII84DP,B00FVDMDOC,4.3612523
A1ACUN6A2LYVMW,B01CIYUPUK,1.601065
A1YUPRU1BVJHQV,B00R298H3O,1.1262223
A2Z3DQ7P9JYRLG,B01AATE04M,4.634088
A1FUH1O6FCTUYG,B01A16E38C,4.769724
A3IQ0P3M39IY8U,B00O72888S,2.6393213
A2F2878HE7XOM9,B00PBA6QCU,3.5049233
A3UO90FEXQNHRD,B00JNK590Y,3.298232
AHR3AU7CPID24,B00HCK1TZQ,3.5856218
A2Q712D3NT6IPK,B00MD5VDNS,3.998312
A3QV68AX7YPQA2,B016VL0PWE,4.06687
A3CBZUOAQ1LBU5,B015L2UR1S,5.8722005
A17EGVTXRDFTRS,B01HBTH0VO,4.5047793
A3A7FF87LEVCQ1,B004VF69LY,2.8165169
A1QFKWSZFO0AOH,B01GGQM9AK,2.195094
A36XTPY9IFYA5R,B006U1N37U,4.8673787
AX59HEWTONQ1M,B00JUG8DCC,1.6127763
A1TVJ9WDRP0UZS,B005TUBRW6,4.153627
AK3LIR1TVZFVZ,B00IPOCDXU,4.6732655
A4THCLHUVG5NK,B010JA571W,2.4281106
A3ES0XIED7769J,B01ELQDLKY,4.4023724
A2MIR34MGFG3EU,B01A4Q26WY,4.7654824
A2FCH654FN672F,B00PD8LQ6G,2.0594969
AYVJY4Z9CYQWU,B00838H1OY,4.27965
A7W8CXJOH3UNV,B00ZYX46P8,4.937113
A2NDDUI5L26D3Q,B00V8L0G5O,3.1178432
A2KWQ64TRHB3YH,B00UHY9WCG,4.6086774
A2JXEE4LIKY4AO,B00PBUEQJK,3.6135507
A2PF014MHWXCT5,B0174PTMU2,-2.600016
A3AM6MXENFRF3G,B00BQMOGKQ,2.4220262
A2LHUNWCVDEWQ8,B01GEKTEY2,3.443245
A2D9S6V1AFXOAO,B00A3ZA4TO,4.505091
A31M8L26BZM2IY,B00XCLU7Z2,3.8940692
A2H146VK5MMYIH,B01H7J5Z38,3.6717043
A1NE9CRAQ0WUV,B00EZRUSOW,4.439775
AS09YZV00HGLO,B013KV12YI,3.8518133
AWNYF3812RWNG,B00W891R26,2.0143437
A3E1OKXRVUNNU1,B01C7NYWBK,5.019664
A2S5EPJ451WL3I,B00CW44YIQ,3.5562139
A387F6OFDVEDZT,B0057QO8Q4,2.643546
A2DZUQQXPNUGI7,B018WYKTR4,3.8817873
A3SFE4SWTZ3UIP,B0157GPPEM,4.424951
A1ACIK34MC3R7W,B01GAIHTSQ,3.443881
A3HOXAKC11UEOX,B00GXBV0MM,2.7670197
A21G2H64TFS4JO,B00XGIEM52,4.2458153
ATZOHBDX5VNKJ,B0181DH49C,3.742334
A1ZQGKKF2I7YS0,B00QQ623XY,3.7382522
AQ9REGZ6HL9AO,B01GYPPMNE,2.866516
A2PF014MHWXCT5,B01E7HPRT0,-2.600016
A3OQ0WU2ZHM5J6,B00J9YWGTQ,2.1397872
A1P5YXP15B13SA,B01EKIELGG,4.078501
A1FYJN76V1V5GX,B00IB4A7E6,5.1301455
A1K69VHP8LH96J,B00FJFV6AY,3.9917445
A2Y3ZGVRA3S23L,B0165I3VSS,2.0607595
A1FG2D6NRZD9NF,B00NQL0LRC,3.7664657
A272PNE7D26JA7,B01GGPLQOQ,4.49179
A2SHWMWTXZLIR9,B0064PJUWY,2.7485557
A2LAII96I1O1IY,B00M0DQIEC,4.698919
A3IQ0P3M39IY8U,B00HMUUFJC,2.7621336
A19MQI49YCA5SK,B01FORFUEY,3.6025376
A19W1EMTMIQJRT,B01FGRWTGE,3.1809978
A2GCEOF7KVQK1U,B00D25Y2ZY,3.6457372
A1YK1AM70HDXLE,B015BCX0OO,2.6012535
A1AMO4S4I575LQ,B01CX93T44,4.7036204
A1DJY8WVWPJ2H8,B019VJ697I,4.7843637
A2F1UD4JDHKMTA,B00JVX6XZS,4.0581307
A31JVB1Y1HXN5I,B01GSRNLOK,4.1290298
A2826FTZACYYNO,B01CBW4D7A,5.2759175
AHMV0N47XOIMZ,B00V0O427M,4.0579844
A1RD1NM0602OQO,B00PXGD274,5.7969904
A10DX94ATZQEFG,B00HTJJST4,3.7400098
A2MXJZ75PBWCI9,B00LE4Q370,4.5248466
A3E81XX9ZDNCNO,B01CSNZ15K,4.784311
A37BRR2L8PX3R2,B00QZF4D70,3.960075
A3LZG1QQ1KMVX3,B01BJST0FC,3.0153055
A3O24SH2K12EL7,B01FTEBE74,2.5804434
A1KXFB5X4XZSGB,B01BXS83ME,4.7867227
A3QFDDODG2X2HL,B009D628ES,4.5712123
A7B9IWPPQJMPO,B00W6WIZC0,3.0065298
A3JVZY05VLMYEM,B010ZFRUQQ,5.327661
A1FHWVQ0ZMFFQK,B0135MRXRM,4.1283
A26V5ROE0OZCDA,B00WZWMRC0,1.0002449
A103M7E0BSFC83,B0138OGR6K,3.310709
A1DJY8WVWPJ2H8,B00NTPSMSA,4.4347577
A3CYA250L0DABZ,B01CMN671I,1.66245
A3JVZY05VLMYEM,B00TJCFIFM,5.0300245
A1SZ7SSVVG3VXG,B00VIFP2JA,5.4471188
A1XRE1S3BLHK3X,B00NY7PPCY,4.449948
A2LSU90DNHL9CK,B00BELOQMW,3.040102
A3COJHCMSKHOES,B00VOYNKM6,3.1529613
AJ571UKWCC3CC,B00WGXCP1G,3.5504484
A13QONG1RD57UW,B01DRXCPXG,3.3457718
ADUI5YISBG6Z4,B015799982,5.251158
A2BEDL4QXLEE3S,B01B0QXBA8,4.3057904
A337FU1WFZDS55,B01CYTLPPI,2.571022
A31M8L26BZM2IY,B00ND6R1QE,3.9022427
A2MK1L1Y74WTWH,B005NTW8SU,2.9903355
A326085M0DK10B,B014GFMV4C,4.372671
A222WQ9VGVPSR5,B01FZP54SW,2.019301
A2XKX5TBB6WV00,B01BFYBH24,2.8754263
A1NPM2IW3DLO3F,B00ING5PN0,4.3887253
A1KXFB5X4XZSGB,B007WQSY44,5.699246
A1HB17E2WYXZ7J,B0174PTMU2,3.106326
A3QFDDODG2X2HL,B01HDNEFGQ,2.4480553
AWNYF3812RWNG,B00N7K1BB2,2.15021
AXVDFGI9OEIVK,B00D2Y3BFC,5.239895
A369BMHORFPL0O,B00TBO0OLG,4.5539002
AXOY11IDEONHE,B00LZXYZK2,3.5393162
A2WEE1PU5NZVJQ,B01CT2VV90,3.5565476
A2CJ33Q2E7PUTQ,B015YGAXHO,5.0759273
A2G9YADU04XBHA,B01F0GEP8Q,3.5964608
A1Z7KHEH5I1LUP,B00N47L8XE,4.9376273
A1A43F9O4PEBU5,B00N7K1BB2,4.6457477
A2B42XZI4MXOLX,B00CBWM0BW,2.241922
A2LAII96I1O1IY,B00H3QI9BQ,3.736668
AMK0DSS0DAP1W,B01CWZH814,0.9767271
AZD488SA9QMYF,B018SCGDWK,4.5503826
A1JADDWR1H3M0I,B013X96TL8,5.6713147
AAADYWOGSQ758,B004KKY782,4.1188474
AJRYPPA566O8I,B00GU1VZGQ,4.8655415
A387F6OFDVEDZT,B00Z318GNY,2.4939532
A1AFGQGTS66UYY,B01AVX32XC,4.0380135
A28V7MR6RKNVUT,B014VPZHCU,5.7194653
A3PB5W8OE59743,B01BA7DLWA,3.211213
ADHBG0CRBVUL1,B01G0GIXJ2,2.3281212
A22IR36BR0UCVB,B00CXUDS3G,3.7178407
A2FCH654FN672F,B00K9O53UO,2.1394773
A2I9AXIKXXMP6C,B01FORFUEY,4.5936866
A30DNZQPIYZ6KX,B00XIHMD2K,4.743466
A3L3T9JRL1GT95,B01A9BTUBY,4.166358
A3FA93L7JWESR,B01EH5IRI0,3.7471213
A3K4HYYXZFODU2,B01CMH15IE,3.2504144
A23GNQPTX5CJIF,B01AAXMLVW,1.1509413
A1TR7SQWWLREQR,B00SJ7LQ9K,4.392241
A2DZUQQXPNUGI7,B00FJPFGEG,4.538467
A3E9Z09JAP34EB,B01H2AZ9V0,4.65348
AGIFTDAFJEXVA,B01ETJABRE,2.8855667
AK3LIR1TVZFVZ,B01GBYFK1C,4.4668264
A1IFWIZ62O12OT,B00HMUUFJC,4.3395004
A36I3CE9A5LP9N,B01FQ57CRC,3.5502071
A1K4S4MWXI9E9M,B00LVG0SNQ,3.2427006
AUJKYWUK14BZ2,B00KA0AT06,2.4043555
A1ZM0O98T3MNLR,B00A8RJCO0,4.8481812
A3NICGO82Z9FI1,B00J5327X6,3.6499348
ABTPG9K6K74W,B00MD4TX68,2.5040126
AZRPAHQG1VHR0,B00T2TSFH0,4.2919884
A2HZ6MGQ6TPNO0,B00ZAJTPB6,3.9047217
A36N7KTS8JMR4L,B01C1VAR5S,4.1064825
AIKGKUGNQ6L2F,B01GPL2AGE,2.816977
A2IUIOTFRZHGLD,B0103UGC1C,4.401816
A1L9WQBSQ5SEFE,B01835JNDI,4.7278476
A3QY3KER34QGCS,B01F2WTGFK,4.370386
A3G63FLZP880X2,B00N5JBZ5C,4.4638386
AKZH6MEXHWGLD,B00VOYNKM6,3.6887841
A2HHKA7X5A68KE,B006MMYSR6,3.0891342
A1ACUN6A2LYVMW,B015WV8VMA,3.4566293
A3FDAE7B3PLHNS,B01HAQ70M2,4.9059877
A1DJY8WVWPJ2H8,B01BQ00CAA,3.6145205
A3H9ZZD33BVOA4,B00PSLJDOU,4.5232606
AC10C3YIUN8LO,B00JK1ZABE,4.9175754
A31Y6ITN2SGACM,B00MJOVIDI,3.5062685
A26GE9ZG68SKIQ,B015C6YFGQ,4.4575415
A3N6TV5T5JSG7K,B01CBW4D7A,4.7552123
A2S5EPJ451WL3I,B014HGM9YM,2.913301
A29EXAHFTXKD7W,B01F5SDLVG,0.81772137
A39N24TTLP6I48,B0173QJGLW,3.055303
AB5DP7AM479QJ,B005LC1NGW,2.049426
A30DNZQPIYZ6KX,B00IU087O8,4.6707416
A1TVJ9WDRP0UZS,B015GB04IK,4.002538
A1ZOL59JA86C7Y,B01FWPZNAE,4.0016465
ACYLW9NAGTBK7,B01HDLC4C0,3.9964604
A2I8LVXZD8SNWC,B00JTIOYOM,5.4385066
A3KIA7199DNI2H,B00RC6JVDC,2.9371505
A39N24TTLP6I48,B019MCXVS4,3.055303
A2PN1AJYXDU1J0,B012U86IBY,3.1894274
A1LGHE86XYGL9U,B01FSDI7H6,4.580499
A23ID71VXIBR8T,B018BL1LIY,3.4005117
A2S3CQ90I4DQVX,B00Z70VJ0S,4.366752
A19MJXG060UDTA,B01H97YHF0,4.857487
A2989UZHTNXKM9,B00OYWP438,6.287843
A10IXICTN64ZSV,B01FPJ0DMU,4.289389
A2RYT2UPEQXUAV,B018CHA1D8,5.0351906
AWC38PDUZQ8RJ,B013R6F8CS,4.0518427
A2H7AEDMKV11OJ,B01FJBR8EK,2.9607935
A7WOE5BJXO2N5,B00IKME2XG,3.9411035
A1J3WRDIB012CI,B00T75VSHI,4.971235
AREE7B8384H0U,B019AJC8DS,4.665334
A1HWG5486TTBNP,B01BUQM4BU,2.2998405
A2W3RQOSC87P4A,B010MFE616,3.6238265
A137UEIU93IFEF,B015L2UR1S,2.6990485
A3J5KG672GNB99,B00EV9LSJI,4.6792736
A3BTRKXD03KC4F,B01FK7LI7G,4.7086067
A1RD1NM0602OQO,B0150GNAPK,5.228931
A198E18E1LA3BE,B00IZL6KTG,4.5025673
A2N1XSD82O6XTV,B00LKNP8DU,4.583563
A10WR0ZWDHWYI4,B01FTEBE74,3.6128554
A287J5FTWL99W6,B01B5FBWR8,4.1083975
AL2SKAXGCX01B,B01C1VAR5S,4.5690784
AHNGMRN1V1LPH,B01BS8D2M0,2.726057
A37D3BRKS7OO2L,B00K1HQWBS,4.32072
A13J31ZJVVG2GY,B01G0NBRC0,3.8332286
AYUTCGVSM1H7T,B00F5CFXSC,4.1615124
A1NPM2IW3DLO3F,B01FOQ1N5K,3.98877
A2B42XZI4MXOLX,B00WZWMRC0,1.0002449
A2LAII96I1O1IY,B018EB8BIE,4.719296
A1YVDKMJY8A76P,B01EIJCBXC,2.423345
A10IXICTN64ZSV,B00653YZ2A,4.711164
A20MYFNLY6TGNL,B015BCX0OO,4.063439
A19W1EMTMIQJRT,B01BXS83ME,2.4271483
A2F92T7CTWALPR,B013Z5WFGS,3.6547737
AV8X3WC4XB1WF,B00OO65H90,4.5851793
A3JVZY05VLMYEM,B01DL6EQC2,4.6344466
A39CVMK2ZKEIK2,B01HDKFB44,-2.600016
A1630ADTTI0JLO,B018D948JI,3.8157349
A2D9S6V1AFXOAO,B017IKQW6K,3.6207676
A2K057YIAJJQXS,B00D9EKPBS,4.7248654
AICEEONZRFNJY,B01AQNZQD6,2.7019334
AQFF452SVDF48,B011JD9SYU,1.1115104
A2QC9Q8EVBI6D1,B01AQNZQD6,2.1099172
A3MF7GVY679X21,B01DFMO3UM,3.5149193
A7GZXYEZ2OMLQ,B017WLXUQK,4.287597
A1QDU32SAI8LO2,B01BRFLLPO,3.3933325
A29A1CPI3AOYSD,B00K3698M2,4.5090423
A1EPVSC849EI9R,B01B52FWAY,1.5232252
A10AWAE0F6CAP1,B00IMUT71I,4.9459114
A3LVYVNRDCRYQP,B017KQTTIK,3.5350256
A21UH6HJAXW2J8,B00U07GL3I,4.600261
ABTPG9K6K74W,B00LUC227G,1.8672296
A1PSGA348YRV67,B019YNUPFI,2.9371634
A2UNMDJYXPEQZ3,B00K283O3U,4.3231997
A1GQ2UI5BKCCRD,B017CK0K28,4.2578435
A1RVTF261ZMY4M,B01CMN671I,3.025848
A21WUFJA7X4UIE,B00QJKV1EY,4.7841234
A287J5FTWL99W6,B00L2F5P02,4.093861
A1T5CK8KC56JZ9,B00V5T9A38,4.43825
A137UEIU93IFEF,B01F2SCM6Y,-2.600016
A1IGZJIN29DBJQ,B00FFH1QEW,2.6762047
A3FOL8CN5A1TFR,B01BO8423M,4.6435657
A2MIR34MGFG3EU,B01H0UI0QS,3.7544565
A3C713428J4MJ7,B01ADL8LZ6,4.799479
A3L3T9JRL1GT95,B00BF2APBQ,4.417985
AIKGKUGNQ6L2F,B00IRKQ08Q,4.656835
AH5HD9FHUFT9B,B01DFBBF5E,4.7902346
A3H1A2BGPIVA68,B00MDU5OV0,5.3955655
A1RL1Q5LPSFZL6,B015TWRVCS,1.7830244
A3BPKT9STRWWQG,B01B3TZYMA,2.470109
AWNYF3812RWNG,B00A97JN70,1.4610618
A1D9214V5DYZLO,B00LP2SH6Q,4.6932263
A7CZSRM0JJVJP,B01EYUE4DK,1.9465934
A1SHKP1CG58GIG,B01GZ070A6,5.0506797
ANKDQ12BPX6Z3,B00YQOPWQS,2.903545
AW16PJHZIQPA5,B01835JNDI,2.846952
AUZ96COITGKE3,B01GYPQQRU,2.938116
A2MK1L1Y74WTWH,B01BS4Z7IQ,3.076229
ASA5RSXOAVT12,B00J5327X6,2.0820594
A219Y76LD1VP4N,B010K7B5E2,4.172319
A1MDO8RZCZ40B0,B00AB1ZGX4,3.269321
AXOY11IDEONHE,B01GGNXFEW,3.6752157
A290WMOZDFOWFY,B017JIYTJI,2.470015
A3A44JIMIWYFIE,B018W982F0,3.8272896
A1AFGQGTS66UYY,B018Z0488Q,1.9746627
AUII0MVONK1A1,B01EO8OL8K,4.0423603
A6ZT9EZ49JTEL,B00ZS51IJE,2.480269
A5B4MSJ1Z1IBB,B01FPJ0DMU,3.9494176
A3OC8ZG1S3OAVA,B016XEZDB2,3.1076846
A2EQL2N9FOBOFS,B01AB4CLHY,5.361687
A83C3F4X0U3ZW,B00WF8YBRS,2.0996213
A37D3BRKS7OO2L,B01D6PWWLK,4.7437778
A1HNLK1WBP36F9,B01AQO16VQ,3.5132637
A2SS0DL9SZ4CKW,B015VKB8KY,4.232651
A2EAKYR4AEJU69,B00D2KTTHK,1.205801
A28L4P8G0WE7FE,B01CT5K792,5.9286327
A1PT92FOG5ALFB,B00GLVGWP4,4.247539
A2LLWCQVYKYF0F,B013Z5WFGS,1.4336879
A1NE43T0OM6NNX,B00LI6CXZA,1.6251487
A2QBQRIM4WRRG3,B00DE3XL4W,3.513957
A1K69VHP8LH96J,B017733NZ6,3.1156044
A18EEC1ENOT9YN,B00MYRE9ZY,4.930633
A3ULR7XJF3C400,B0165WFX2Q,4.0059743
A1Z7KHEH5I1LUP,B01CNZ73DG,4.907905
A2BU8F7WVY26UA,B00Z4EAA5W,4.0063643
A29EXAHFTXKD7W,B00S77LYBC,2.1216278
A1F5V3LKI7PCUF,B019S2I4HG,5.6847224
A3ALH6Z83RHTO2,B0188OGJXQ,2.493122
A16TE56LP5NUL5,B00A9FYVXS,4.9097905
A2W3RQOSC87P4A,B018H41U7C,4.883423
A1DLTXPVJ50M4J,B014Q6D6E0,4.603997
A2BVUAZRDFWLUG,B016TG5V3E,2.6399422
AKQ06T21M0V0S,B01B54E1HW,3.1564465
A19T1A4TS1WHOZ,B01BA27G4E,3.1300573
A19X580H7R1F8C,B01D6ZVT78,4.1928535
A86KXT0G63WEO,B014RVEJ4U,3.8271198
A1SH6H9ZY9AJV9,B00N9RT7RS,4.052223
A2H8S0GOSMWQX0,B00PGBTRRK,3.021522
A1LUNML2IDLSLN,B00OTYLXO0,4.8975835
A2JPS7EMNFKXOV,B004EYT0UO,2.6988034
A3GRUTOJXXE8FF,B01DME2QDY,1.6488546
A20I8QOZHH9BRK,B01GF9OSI4,3.045785
A3A44JIMIWYFIE,B01FPJ0DMU,3.3926215
A3KFTHKGVC63SL,B00GXDQKZW,4.631334
A2A1U239S7ZVL1,B017605TR0,3.8431287
A3330F5DNMO0JJ,B017W2XRGM,4.40303
A30WJKGX1XG19Q,B00QMGRBDU,3.3374085
A1FGDFKCW5LJIJ,B00FTZ8JCM,4.9725327
A1RKD07ST2BLOQ,B00WRP0DHG,4.0738254
AGIFTDAFJEXVA,B00TS3J5GU,4.4441624
A2W3RQOSC87P4A,B013NXMMLU,5.353951
A1LFIFPYMOJ8RV,B01C9B2R5S,4.7779527
A29EXAHFTXKD7W,B0149IDQV8,2.8110795
A2RQ5IRWRU0TVO,B00NZLNUXA,2.7935667
A1I96OYAUJ3HQE,B019VJ697I,4.87537
A25PLL2FEB615H,B00MY6POOK,2.2595654
A2M1QYOWLBGRHT,B01BP20BU0,5.4561033
A21TSBBTF0DMG5,B00NEON2WC,4.381176
A1RKD07ST2BLOQ,B01HJ7IF8A,2.8480053
A916DXE9W36GF,B0104EOJ8U,3.6114311
A2VSI0RDFNNBEU,B00IKKZTPI,3.9482374
A29EUBSWF1KQJ9,B00TIQ3WHA,5.295305
A18EEC1ENOT9YN,B01HDLC4C0,2.2155032
A27YIR2CJAAXBQ,B014GDO5C0,4.559808
APORGO15GFK60,B01BRFLLPO,1.3599223
A31CZW8SHN9PTX,B00UW9SNEO,2.703309
ADYK7I9HYR2WY,B010KAVO0Y,3.5905628
A1ACUN6A2LYVMW,B01EMF4FXG,3.885363
A2VNG16IOTY7N,B01DJI001S,2.1628728
A1NL7G5VN45RDW,B01GYPQQRU,3.3340068
A2LAII96I1O1IY,B015YEH900,4.230127
A2S5V6QOOK133F,B018SCGDWK,3.306613
A3DS9MLHI0EHG6,B01D6ZVT78,4.2924566
A1GQ2UI5BKCCRD,B00AO76XI2,4.535125
A3FA93L7JWESR,B01G7RDFGU,3.4418898
A35SD76E2TSGP9,B00ZNE459K,4.2185597
A20Y0TCBU79GXU,B017RMOW66,4.595493
A18EEC1ENOT9YN,B015YEH900,3.4938135
A18EEC1ENOT9YN,B011JD9SYU,2.2155032
A1DC00T32U26HC,B00FP43PP8,3.0802588
A2PN1AJYXDU1J0,B018FNBE26,3.432189
A3P4PWQ6NZGNFY,B00PSLJDOU,5.2553687
A312JYG424ZA3F,B00838W2H0,4.8868423
A137UEIU93IFEF,B019JNY9GO,1.9332093
A1N5V2UJOC1BY9,B010ZFRUQQ,3.9453845
A3DQRNADNQWG6H,B00VOYNKM6,3.4333377
A3A44JIMIWYFIE,B01F0MF6KQ,4.247641
A1FREKK8605YKK,B019DPEL0W,4.298851
A2UQGX6YMQ5BAL,B01H0IOZM8,2.9038434
A2B9C3FMYW18UN,B0147GF1VU,3.6303716
A1FTB3KM7X78OX,B00DGFXDLO,4.2488923
A36CNQTLRIL6LM,B01DN86K7M,1.5409521
ARD4Z4TVFQ84R,B00VPL5I1Y,3.5074353
A30DBF16JX73UA,B0149IDQV8,6.089307
A2LSU90DNHL9CK,B018KVO970,3.832375
A16TE56LP5NUL5,B01H173RSQ,4.103798
A10PEXB6XAQ5XF,B009F19JFM,3.3364697
A2H7AEDMKV11OJ,B01FTEBE74,1.1602957
A2826FTZACYYNO,B01G7RDFGU,4.9205775
A3H7J5POTR9TZW,B01B6WT11Y,2.9508514
A7HZKJID44JZ3,B014BR4A3A,2.5821133
A1QFKWSZFO0AOH,B00CS5A8K2,5.3998175
A3KFTHKGVC63SL,B01D8PYV62,3.445005
A2ESCA4MLAK1QF,B01AERZS78,2.685369
A2B42XZI4MXOLX,B01GGNXFEW,1.8980569
A2TX3PH7TXFRE9,B0104OFHEK,1.9493755
A3HJQAU1O5J9Z4,B00FRXNHVY,3.797769
A1PMXOPB5EYC54,B00OAN88H0,3.9692473
A2F2878HE7XOM9,B016CX2RZO,4.3901615
A2DIX1VZU1CNPW,B00GIZYMVY,4.4480762
A3A8C4YUE598A7,B00JNK590Y,3.8853774
A2PN1AJYXDU1J0,B00OYWP438,4.1275544
A245T0V8KVTV45,B00VEWTWHK,3.657642
A238ZC3TQJC8V8,B013968Q7A,5.177114
A2NLY1TJ8TYV6D,B00SA5KFM0,5.5796247
A1GXJZGFR0BPJH,B00NPOSKX2,3.8273673
A1TUBKEWD01LLS,B01DN86K7M,1.688701
AD31RYVD1EJ2D,B00KX7F73A,2.1115565
AW16PJHZIQPA5,B00DCHAV2K,2.2308059
APSBR4VQNRJ0K,B01GPEDC3G,4.542055
AX746FITV1G72,B018F3C1KU,3.7801232
A10DX94ATZQEFG,B015GEUFCW,4.356379
A3H1TO48SUIM54,B006Q648F0,3.9668136
A287J5FTWL99W6,B01BLX4C2Q,4.3717675
A1NE9CRAQ0WUV,B01DTRFUY6,1.7334505
A2C7W167DVNUKH,B00KL13WXK,1.2704438
A1IE93W5OH9MGR,B012BO08B8,3.9017258
A1CLGNWRCE4QKB,B00CS74GE4,1.9878274
A1RN75YVR2O8MQ,B01AERZS78,2.7680616
A1K3WZMHNUDZ6N,B004EHZUNW,2.9535356
AAIDLB38IY7R6,B01ECK9V12,4.518089
AVAC1JO1AZGAJ,B01FKDKB96,5.3816
A36HU5U2YI3JHR,B01CMH15IE,2.437348
AW16PJHZIQPA5,B00ALG6UW0,1.988366
A2S5EPJ451WL3I,B00H2ZK6FU,1.815574
ANS3TWQTZLXGN,B0174PTMU2,3.4484525
A3APN8GPRNA0E0,B00LD1OI5I,5.2164617
A1A4QVX9RTCLVW,B01GBYTK36,3.3071947
A1F5V3LKI7PCUF,B00UGEZ5EQ,4.8716
AJ8NQTWUM8PK4,B01ADO2UUA,3.3041773
AEBFEWGBBK2C,B00N48VZZO,4.1733465
AEY9MGCJSWW9O,B01DRXCPXG,2.7841716
A2062SF91Y01U8,B01FG70S4E,4.100653
A3I4L8IN38ZGZC,B00EV9LSJI,4.531759
A31K93JWWNEMAJ,B01EO67QES,4.3987465
A2Z3DQ7P9JYRLG,B00AAQVTYU,4.9799085
A13QONG1RD57UW,B01GYPQQRU,3.3457718
A1EPVSC849EI9R,B00LU5ORLW,-2.600016
A2XWK5EHPSBN8V,B01H0IOZM8,3.8848014
A1V9310YS86T7M,B01GQE49E6,4.8638177
A18EEC1ENOT9YN,B013XSTZI8,4.4167542
ABCC2RQZKPVTN,B00EAHZR5W,3.1814027
A1F41PH89SL6JB,B018BYUPVA,2.8020263
A3N6TV5T5JSG7K,B00FHFODOM,4.6232576
AAEIK0DZ1F537,B015T6EYEW,3.4998903
A7GZXYEZ2OMLQ,B00S4D0PDW,2.8506632
A1BOINGLPB5I1M,B01BQ00CAA,4.355698
A20Y6SVZJNW6U3,B007Z4RC8W,4.6297507
AXOY11IDEONHE,B007G0Z714,3.128202
A2S5EPJ451WL3I,B010MXA96E,3.0310812
A28U98HYYE5DR1,B00H7K5UB0,4.068317
A253ZKSZTAZ8W7,B00EPPVJM4,5.7166758
A3FPBNRK04ZSCC,B01FPWWO1K,4.1743035
A1XKTJ1XLTWLCQ,B00BG9Q0BW,4.7739863
A29V7E1TFYXKJ,B018NUSVFY,3.5723724
ARWMPJN499ZJ,B01BHE3H1G,5.5591993
A1FI0I69UHS22T,B00S776ER6,4.182283
AZGDIB6UL3QNL,B00L7EIGEA,4.5995536
A1I96OYAUJ3HQE,B015NO4L3O,3.1770082
A3VE7N2XUI8C3K,B0116MZUS2,2.6152425
A1NQQU8O1ZYJP3,B007V680Y4,4.9027433
A1D33G7EWFASGN,B01CGBC7D8,2.1437902
A2KUR0ZBNV17AA,B00B5W9PWQ,2.3236604
A1J3WRDIB012CI,B00SW2TWJS,4.3016214
A21YKYI1S8I3Z0,B004AYDJM8,4.723847
A1UH603GXL3ER2,B01DU7JXPW,3.8638282
ASR774IIR8VN7,B01BEGXPYG,3.5492373
A3L8F13NKUQHQ1,B015YGAXHO,3.935082
A24NC3WOFW7LHT,B00QPDKAM4,3.5162878
A2LSU90DNHL9CK,B014RCH66M,4.844126
A39JEH2M5KY1HX,B00OHZ151W,4.2811775
A1XOYBQ8X25P8M,B00X2F7SWI,2.6291537
A2N1XSD82O6XTV,B00R7HDLAU,4.851345
AAKO4YAM9BZE5,B004IPPKNU,3.6823082
A2IUIOTFRZHGLD,B00UDQTS40,4.6504545
A2VSI0RDFNNBEU,B01BK10C78,4.486465
A2EGLWRK7PCDYH,B00R7HDLAU,4.694431
A3V9J8I5FHAH19,B01C7NYWBK,3.2000532
A2O8R1A83EROU0,B00SA5KFM0,4.409349
A11T0SAEGX4ACJ,B01FLDUVIG,4.512949
A1DJY8WVWPJ2H8,B010W9HEUW,4.2474947
A1C1TL7Y4D7A9H,B00MZAS07S,3.8274803
A2UJTG9XC4KISL,B0100NP05Q,4.1242003
AGTP9IA9HI0LD,B00NK7GDS8,2.6099825
A3JTJ1E8NK7DH1,B00R1O4KWW,4.3809414
A3N67XHSHB40CQ,B012U86IBY,3.5886602
A10IOT56F4GM85,B00TYV0WSG,2.3737993
A1POJZWVDNEX2T,B010MSAPBI,4.8877788
A3EMQF7XD7JL3D,B00KC91VDE,4.3729014
A1BBKKDTH8S00C,B00P9QXW1E,5.1089587
A3FA0RACII84DP,B00RHH7LLU,3.903142
A2FDDTPAER5DBO,B00NRWI91U,3.3925414
A257TD5GO1T81W,B01GAIHTSQ,3.062451
A1CGOR398UH1IB,B00Q0DGF7I,5.529467
A296HV17AZ10V9,B01GC0QFGO,2.926189
A3VSFBA4LDH96Z,B01GWMFSYM,1.9639844
A18EEC1ENOT9YN,B01CIYUPUK,2.2155032
A2B42XZI4MXOLX,B01C7NYWBK,1.9818007
A3FA93L7JWESR,B008V1UB86,4.5122256
A3L3T9JRL1GT95,B0165WFX2Q,4.8738294
A1B88VE5O3J9CQ,B00Q5OG0RM,3.5113997
A1K4S4MWXI9E9M,B00DU2IYVM,3.887712
A1LGEZKBNXPUW9,B00LXK4KIO,4.0837264
A1LEP3FM28J5RB,B00HG5JL34,4.593451
A1RN75YVR2O8MQ,B01EMF4FXG,4.081382
A1NPM2IW3DLO3F,B00Q6YLPJ4,4.479811
A1GL9TYXPNBPGW,B01FD1Q27U,5.7492905
A16XJNGXIVCHE3,B00M1BJBF6,4.830971
A2XIP6NWN0J2QC,B01B1VAN9Y,4.2003427
A2U06P692IZOSF,B01A12R2PC,4.4298472
A3MHJBXFJX6DU7,B00AA4F7AE,4.8768115
A28U98HYYE5DR1,B017DPEEUG,3.6389236
A2B42XZI4MXOLX,B0130LQWBG,2.7664437
A3V9J8I5FHAH19,B00SW2TWJS,2.9164233
A12K5Y2SEANYW0,B00YO2UO9M,2.6930509
AZRPAHQG1VHR0,B01ACB72TS,3.2346997
A2Q8NN6SNT3FY0,B00EMHQDJE,4.7859507
A2VDLDSGSD32FI,B016YIRT9Q,3.4543014
A5UM17P1E7DUQ,B01C22CSVW,4.0463085
A1CIS4LOWYGZGA,B006SMMW64,2.5321112
A2D9S6V1AFXOAO,B00RM9EJ22,3.113514
A37G8WNF7DGY6M,B00IAZX298,3.7208304
A10IXICTN64ZSV,B006MWY93E,3.3819647
A2Y7B4AASUOXM,B00N41UJLC,2.9781947
A32TX5VFAQALG5,B00VD043F4,4.7116966
A1LL39K926QN1V,B00GL27J46,4.3463287
A3Q4VT0R8O8RSE,B00C44H0OE,4.3295302
A2D9S6V1AFXOAO,B00PCMBFGY,4.1090765
A296HV17AZ10V9,B00FR30D16,3.082549
A37GCC410JYT17,B00C8OZB7I,4.003711
A3ALH6Z83RHTO2,B00OGKNBX8,3.1436543
A2GAUP1XJ6S3J,B01C0UBDEO,4.8568425
A1W48IWJ8A610S,B00TWOW2GK,4.2206993
A179INWJ0ZLOB4,B016R0I2WE,4.1740384
A17BTP1QHK2I3I,B014I8OGLS,3.648573
A1K4G4G02UIVEW,B01FB6YRH4,3.7410927
A3H8FN7ZWKR2H0,B00CCVVKMW,5.570414
A3330F5DNMO0JJ,B014I8OGLS,4.4510007
A2FDDTPAER5DBO,B011JD9SYU,1.753162
A1NL7G5VN45RDW,B01GT4NXU4,4.618521
A3M1104X8EN9O,B00V4VO3KW,4.4391584
A10JAUCIGVRW9F,B0058TTUFO,5.0982504
ABTPG9K6K74W,B00AEDDSN4,1.9233152
ABCTITSJ5P6T8,B01GPCEU6G,2.7977886
A25HWUX0L2DCFM,B0174PTMU2,3.074391
A1V4LZS4HHHH6K,B016TG5V3E,3.0804482
A1FHORELHKWYF8,B01CMH15IE,3.2242017
A7B9JUULZHQIN,B01BYT68QA,4.81438
AK26023XMWMVW,B01GOXFBBY,4.831747
A2S5EPJ451WL3I,B0152U9LL6,3.2239528
A19MQI49YCA5SK,B00KVT8U4S,3.5986013
A2TS60D6XB4KBY,B0165I3VSS,3.5657034
A1NE9CRAQ0WUV,B017DPEEUG,3.3630743
A18EEC1ENOT9YN,B00ES2GX3O,3.710157
A1DUWCXDBM40AO,B01GBYFK1C,3.2487807
A3R3Q8YO6VB0N8,B019YNUQ0M,5.064791
A36WBGWPPLIQZ9,B00HVFAY1M,4.1666055
AJ8NQTWUM8PK4,B00HFENI6W,4.5902214
A1MIXHFSMNEE42,B019B6WUGU,1.6685411
A2W31IQMW6TX93,B00IX0MIAO,4.652303
A35BKLDD2E04E6,B007OALZAI,4.8828816
A37R3BNDHBIZTL,B00EH2E5IK,4.306923
A2A96H9YA1LG7G,B00NXXB4RO,5.3112946
A3OA2NNV9REWOU,B01GM4MH6C,5.2127905
A1JADDWR1H3M0I,B013KAXWU6,5.280556
A31M8L26BZM2IY,B00PXGD274,3.6299963
ADT3692HEYU4S,B014VF8USI,0.72764516
A3FPBNRK04ZSCC,B00K56DJ16,3.6243114
A2YF0QVNVT7ZI8,B0073SJELI,1.9146129
A1XI8GFCIVWU36,B00FL3VPD2,3.950749
AHF5R86S1Y6YK,B01GYPPNYC,3.2054882
A1P44JJW47E6QN,B01C8CLGR8,4.805881
A2FCH654FN672F,B009AR5VAI,1.6154565
A36N7KTS8JMR4L,B00ES2P6UK,3.5109096
A3ULR7XJF3C400,B00II4HX7S,3.9970336
AJNVLN50MZSFU,B00DJBJVY8,3.5574994
A1DJY8WVWPJ2H8,B013FJACFU,4.2449975
AT8FSIABOPFMJ,B01EMF4FXG,5.218996
A70C09CWSQ4RZ,B00JTIOYOM,5.4510865
AS09YZV00HGLO,B01D10TPRE,3.6196313
A916DXE9W36GF,B018FM3E5M,2.2972026
AGE0YGLF7L2ZL,B00HVFAY1M,3.8411708
A1VIR960IWHK07,B01CERDE8G,2.4970045
A2826FTZACYYNO,B0140BL8G4,4.3816857
A8Q2ZFOHTVSCV,B00H67YGUK,4.278439
ALOMGLBPLJCW1,B01ACB72TS,5.3056207
A2D9S6V1AFXOAO,B00NEON2WC,3.738842
A1N48Q1NZQ9R2E,B01FMTA1M0,4.3886094
A2XKX5TBB6WV00,B00KLO64S2,4.144587
A1N48Q1NZQ9R2E,B01CBW4D7A,4.9856906
A35BKLDD2E04E6,B0104OFHEK,4.3709054
A1XJXYKOWCH9XT,B00H4KGODQ,3.4042492
A3NW9Y963QZ8WI,B018RVBW82,2.3191419
A1J6MXAQH527O3,B00TCI48WC,2.4216213
A19MQI49YCA5SK,B01G68FXZG,3.6820831
A1ZZFPEKR0ZTYJ,B00EDDC0NK,4.54645
A1RRMF5XW5NZDD,B00JNON0LU,3.123281
A30V9M9DZW8SFU,B00BMV0FK6,2.8446836
A2HCR9WXEON7K1,B01H4NVSOC,4.2324305
A1NL7G5VN45RDW,B01AXR6KDU,3.3340068
A37P6T3YZ8KY2F,B004A8ZT9A,5.101974
A1YMQOVJJHYR5P,B01BNWGPRK,3.9919448
A238ZC3TQJC8V8,B00YFPORB4,2.9039245
A251R2KPOLFSYV,B01H173WKO,3.484846
A1ACUN6A2LYVMW,B01EJ2BV0W,4.048436
A10JAUCIGVRW9F,B01DTBHY46,5.134481
A3AL7B2RPOAEOB,B015IC42AI,4.0185347
A2MX7TA6LI8I4K,B00LXHHBNS,3.4838028
A140YR7GSCZG4,B01CT5K792,4.761185
A2BDMQ8NW5O9IX,B00PSLJDOU,5.3652472
A281NPSIMI1C2R,B00R0SMAY4,2.9794073
A7B9JUULZHQIN,B0189LO8KE,2.985281
A3SZPKNV5IU75I,B01DH8BWLW,3.566453
A2BOKBB1IZA13L,B00PG4029Y,5.134438
A15EI56DL57DZC,B00MRPKWAY,3.991249
A3Q9NLTF7JA3ZD,B01FQ57CRC,3.7824073
A2MIR34MGFG3EU,B01FOEQRNA,4.19824
A3K3P9U2AB4P4R,B01AXR6KDU,3.4605079
A504UK7D094HT,B0135MRXRM,5.1886706
A2LAII96I1O1IY,B00EZRUSOW,3.6766062
A39N24TTLP6I48,B01CKMOKVU,5.1796994
A29Z1G9N7ZVFU5,B0118DAWR8,1.5456985
A2B42XZI4MXOLX,B019E9VZG0,2.2050686
AAVR3MHZJSTSU,B01GYPQQRU,3.087759
A1LGS1XSDVXINP,B00ZOL1DRO,4.39813
A37BRR2L8PX3R2,B018OIL6QQ,3.8279948
A504UK7D094HT,B01BJXQMW6,4.4083366
A3MOGV0QO66QZD,B01HHJZ3EO,3.6897411
A3E4H5A1X8NJRR,B006JDEK0I,3.9178166
A3HOXAKC11UEOX,B01B1VAN9Y,2.4732327
A2RMULV25P85EK,B010ZXQA7S,4.420614
A2Z3DQ7P9JYRLG,B0141GRCVS,4.481406
A7WOE5BJXO2N5,B00UDQTS40,5.1532836
A1B39IGLV2W0GE,B0150U9Y6A,3.3041267
A2QGPLGYWNTU1X,B00ATT6QKK,5.1078677
A244C0ORREA3N5,B01HCNRF14,2.8663774
A244C0ORREA3N5,B014BR4A3A,2.8663774
A28GRFK2F3TMWE,B01EQ2S2UM,4.0440784
A3CYA250L0DABZ,B00CJ3UPTW,3.2864585
A1JLU5H1CCENWX,B01GYPPNYC,3.7792706
A3KIA7199DNI2H,B01E0K8M96,2.3281174
A2826FTZACYYNO,B00QQOX6LY,4.1256914
A2PFNDDKHOOMZU,B01BRFLLPO,2.6854715
AUII0MVONK1A1,B01606ZZ8E,4.4890647
AXVDFGI9OEIVK,B00GUZ195O,4.058977
A326085M0DK10B,B00T0WXD8K,3.3396158
A13QONG1RD57UW,B019B6WUGU,3.3457718
A26V5ROE0OZCDA,B00K5Y8BCK,2.9069247
A2I0ZBZOWPP756,B00PD8LQ6G,4.667534
A23SB7XAREYGF2,B00R0PZEEK,2.30268
A1B39IGLV2W0GE,B01BQ00CAA,3.156879
A1B5MN8PY0JIJQ,B01CXRI0W2,1.4099056
AW4NFCPN81CS3,B0191WS0K4,2.3183508
A12ED27FNHD0WY,B00HZ3NG74,4.2992945
A3OQWHOUM0U0QH,B019B6TWFC,1.7316636
A387F6OFDVEDZT,B00D9CMLNA,3.5680327
A2N1XSD82O6XTV,B018P7B0NK,5.070456
A16E3LZGPATT2,B01CSNZ15K,3.9674106
A36XU39R2X06PX,B01EJ2BV0W,3.6030216
A2U06P692IZOSF,B01EKIELGG,4.805695
A3QGQPGW6PSY46,B019QTQEOQ,3.2689214
A1LEP3FM28J5RB,B01HCB4LFE,4.487098
A1YZCADBVKWC9X,B00ZEHLHM4,4.579756
A10PIB0GJZQHJA,B00CMJDOIC,3.6030354
A2DZUQQXPNUGI7,B00L6YJ6AE,4.494113
A2CZKERY4LUBVI,B00KVOCLXE,4.306664
A1JMSX54DO3LOP,B00O2J2PVW,2.775659
A3FA0RACII84DP,B018UQNDOK,2.847824
A2FR370CNM7L9,B013KUGYO2,4.559405
A3LR0J8MJ3Q6SI,B00GSF4Z20,4.79213
A1L9DJQ5BS13S9,B01FODPWPA,5.5123906
A1E29AF1LT9N6S,B00ICTKZOM,2.6855793
ALPIN1ZX8B41M,B00OU2E1F4,5.377357
AZPNSCZH6LW40,B013R6F8CS,4.1738324
A7W8CXJOH3UNV,B00LVG0SNQ,4.1453156
ADHBG0CRBVUL1,B01BJST0FC,2.3281212
A1YAIBG1N7N5VV,B00ETEB5QQ,5.087541
A00463782V7TKAP9EMNL,B00QMGQMOE,4.0645494
A3HOXAKC11UEOX,B00GU2DJBO,3.435946
A2F1UD4JDHKMTA,B007Z4WTBW,2.5126157
A17EGVTXRDFTRS,B01DWF3ZHE,4.614468
A3RR4H0D4L9HYN,B006JRO9WS,2.950191
A2DER7R7N0DL3C,B010ZXKCJU,3.726663
A21G2H64TFS4JO,B01F30KG0U,4.9223027
A39CVMK2ZKEIK2,B016QTOIWE,1.5334179
A3MOGV0QO66QZD,B01DH8BWLW,3.6526694
A1Q33020JJKDAN,B01D8PYV62,2.5571284
A2XKX5TBB6WV00,B00BF2APBQ,4.516658
A3C713428J4MJ7,B00MQ20P28,3.2422357
A1GSPADXH17N25,B00OI7NB02,4.7882276
A2UVR7N8WC5GYY,B013KWCLA6,4.625505
A1RD05YFMWKM4Y,B00JCA3F88,4.007792
A3NW9Y963QZ8WI,B006MWY93E,2.3293386
A36PA4XPATJSKX,B00507TKCW,5.4432874
AL6XJLM76V2VZ,B01FBZXSI4,2.6738834
A1K3WZMHNUDZ6N,B00MQNEQ7C,4.4099936
A386CNLWZUF3EH,B00V9525BC,3.81183
A2JQN9JI4LBLOW,B0165I3VSS,2.327271
A10JAUCIGVRW9F,B00J9YWGTQ,4.554129
ANKDQ12BPX6Z3,B007J4A4KQ,4.8229675
A12CZBKBM4OZMT,B01A9BTUBY,4.324623
AQFF452SVDF48,B00PG4029Y,2.9066987
A3IG9JEJC1T25N,B00CJ3UPTW,4.3538136
A24AQDGC3AHPMD,B01GYPQQRU,3.222052
ANKDQ12BPX6Z3,B00S41EQ9I,4.641233
A29RV43F4GR0GF,B00P2S4YKC,4.633857
A2M1PNKPRUCQYL,B01DYXP2LQ,2.845324
A1KLWQKML2HIXU,B009BCAT5E,2.733521
APDBYAGNSIIXZ,B00R6K0JM6,4.9585185
AC97LVZ0C0TSK,B01A4Q26WY,3.9822516
A3A8C4YUE598A7,B01D3YGQM0,4.155953
A10IOT56F4GM85,B00STQ6W7W,2.8112383
A21WUFJA7X4UIE,B00NRZAFA0,4.762569
A3LR0J8MJ3Q6SI,B01DJCULZ4,4.3460917
A3HOXAKC11UEOX,B00UXX3RHC,2.8565474
AJRYPPA566O8I,B008NNQVQS,4.840402
A535AAXVRE5VM,B01CC9UES4,4.2117467
A37QXFDRRQ9M08,B01FPGWZCE,4.6953664
A3ULR7XJF3C400,B00ON8JVP0,3.7233152
AUI3XAZ1513SI,B00R1TIJT2,1.4969212
A1DC00T32U26HC,B00E6QFG80,3.4517498
A3UPR43PSDG0TS,B00SZDH08Y,5.702107
A1U5LDNNN9L892,B01AERZTBI,3.1976213
A1LGHE86XYGL9U,B00WGXCP1G,4.101348
AUQCW3RV8YE2W,B01GBMRPZ8,4.898616
A2QEVQMB8B08UQ,B01G4TEUUG,3.5672054
AC10C3YIUN8LO,B00WF8YBRS,3.7871656
AW16PJHZIQPA5,B00Q9QAF9A,3.3576994
A2B42XZI4MXOLX,B017FRG18A,0.9772091
A2LAII96I1O1IY,B00NJ0Q0SY,4.0123005
A1LGHE86XYGL9U,B00EENEAB4,3.2401934
A3C713428J4MJ7,B012KJXGYA,3.96761
ASHX33A1334SS,B00VQR2NOW,4.8467402
A3SZPKNV5IU75I,B01ERTXXO4,4.120359
A225LKCZR6KH1Z,B01AHFO8ZK,3.1030293
A18EEC1ENOT9YN,B013GZOXPS,3.6002421
A3UPR43PSDG0TS,B01FG70S4E,4.2506776
A1K69VHP8LH96J,B0167SYAQI,3.1156044
A28U98HYYE5DR1,B00NW2BZD4,5.0560403
A3MTU1QAMYEAX3,B00JFLUJ3S,4.3789268
A36N7KTS8JMR4L,B00EV9LSJI,4.7160096
A2VNG16IOTY7N,B00772HW1O,2.9556913
AX59HEWTONQ1M,B00BGXA7TE,4.0969596
AG63N054UPJH2,B00PG4T6UU,4.348859
A11B4CZH8ZB9QQ,B00OM8OBJW,5.140082
A1TVJ9WDRP0UZS,B00YAKL5A0,3.548317
A2RWL2UG5PAFAZ,B01FKDKB96,5.098032
AQTXCLZVJ9GBX,B018CHA4GM,3.0168514
AQFF452SVDF48,B00T4ZG74K,2.8790927
AC10C3YIUN8LO,B01GAEZJL4,5.0195613
AGA6C1UQDNQ1P,B00N99OHZS,4.992267
A1EC5E7T0YNFOF,B015BCX0OO,2.3382163
A1K69VHP8LH96J,B018496LH4,3.4659724
AK4UKS22DNJCZ,B01G4TEUUG,2.7070823
A29QO6X2VCR4GZ,B004XW3LLQ,3.359674
ABNZCEB0CF7MP,B00D2Y3BFC,5.5179152
A1RCVV077UAKKV,B0149IDQV8,4.301911
A10IOT56F4GM85,B00CJGUHR4,2.8337874
A3CP3ADDFF4CLI,B00KVP3042,4.7722507
A2YF0QVNVT7ZI8,B00SEFGTYO,2.7245922
ABTPG9K6K74W,B00TZ8TK54,1.1887097
A2C7W167DVNUKH,B01G2YFYG2,2.518067
A11K5MEUOJKTPS,B015WJ16EM,5.851086
A35SD76E2TSGP9,B0174PTMU2,3.303969
A2Q712D3NT6IPK,B0173QJGLW,3.661553
A2F2878HE7XOM9,B00TWUUBUI,4.1753316
AV99YEBSGQI7S,B0065KX8P8,3.956108
A2B42XZI4MXOLX,B01EKIELGG,2.9479303
A1RD1NM0602OQO,B008E7JZT8,5.524817
AMK0DSS0DAP1W,B01BYEBTAK,2.2684164
A3GWE80SUGORJD,B00AR3O6SM,4.850532
A1ZDSAPOGRGBJI,B012FAXT0U,4.7550015
A1NAXYNAOGJIGN,B00ON8JVP0,4.8284054
A2LSU90DNHL9CK,B01A5CT9X6,3.0585413
A139GUSKBRWPIT,B00N47L8XE,2.3618016
A2MEKYD68X8R8H,B00GXBV0MM,4.4451995
A1E29AF1LT9N6S,B00HBF56E2,1.4511784
A10IXICTN64ZSV,B01F07IBWG,4.7506127
A31R64J645RAC6,B00SPA1Z5Q,3.1760182
A2PG5XA0Q3BEMU,B00JZWDC9K,3.9027195
A2NLY1TJ8TYV6D,B019B6TWFC,3.2380981
A3L8F13NKUQHQ1,B00YQBSEKW,4.171141
A1P19MZBCBL5AR,B016ZEF0VI,4.751942
A1W49O3LYZ8GI5,B01HDKFB44,3.2546096
A1HW31KJ9V89CR,B01FQ57CRC,3.9578233
A28U98HYYE5DR1,B00GH6X6WK,4.783929
A3OZX99L2HZQUC,B015BCX0OO,3.440487
A3AL7B2RPOAEOB,B00Q8N1I7M,4.43972
A1E1IGWRW974JG,B00P9RU6SK,3.6838374
A3H7J5POTR9TZW,B00F3L4KIE,3.4186463
A16EVINGPOU4U6,B00ER8D5U8,2.989976
AHMV0N47XOIMZ,B00LVI1E0K,4.8749723
AC10C3YIUN8LO,B00GF4TBR8,4.3757277
A1E29AF1LT9N6S,B00D9SRT9U,2.2581658
A1C7ASZFSTSJMH,B01EKIELGG,4.604737
A1CLGNWRCE4QKB,B012BT6N6W,1.5033658
AZRPAHQG1VHR0,B017RMOW66,1.5095547
AZRPAHQG1VHR0,B017T8WJO0,3.5971398
A31W0R6O8EM6V6,B01A4Q26WY,3.7179904
A1L9DJQ5BS13S9,B015B839PS,5.047694
A2BOKBB1IZA13L,B018QZB1IA,5.668919
A3BPKT9STRWWQG,B00XJPWWRW,4.0080423
A2D9S6V1AFXOAO,B01A9BTUBY,3.5137582
A1LL39K926QN1V,B01DH6EQ9O,2.9042964
A10PIB0GJZQHJA,B0116MZUS2,3.1217337
A1OBQ5I31GW1TG,B00ING5PN0,4.4342732
A2B9C3FMYW18UN,B00VS2DSR6,3.5376039
A26GE9ZG68SKIQ,B01ES2M9S6,2.8861032
A2091T9SZ5H2P0,B018A8EDV0,5.2461147
A1HHSUAQDZ1XM6,B01BP20BU0,6.0090604
A28V7MR6RKNVUT,B00D9CMLNA,5.4168797
A2QBQRIM4WRRG3,B00PLZR6ZG,3.792603
A2O4J6KJ0REPQ,B01BQ00CAA,2.6937022
A36XU39R2X06PX,B00NI4I0GG,3.8185496
A2NIO54LQCN932,B0145VI0G0,5.2202654
A3OQWHOUM0U0QH,B00BD2PT8M,3.7666388
A2N1XSD82O6XTV,B01B8MEF9K,4.5017247
A3Q6CMXMGESPOG,B014BR4A3A,2.8453403
A2YJ8VP1SSHJ7,B00D5M4PTM,4.8678155
A2N1XSD82O6XTV,B00NAI85T2,5.316612
A2PQ680TRW8JFG,B01GF9OQSQ,3.1318069
A3SJW9YR903G3,B00TEEHDPS,4.3174186
A1K69VHP8LH96J,B016SIV5SS,4.2150664
AXVDFGI9OEIVK,B00ZAJTPB6,3.8653913
A26V5ROE0OZCDA,B015NFAKLK,1.4951353
A2XHH5DF8628J8,B00PKKNHKK,4.5247464
A10Y597K071WTQ,B0094HZVWC,4.7558284
A2S5EPJ451WL3I,B00OAGWXDW,2.544209
A28U98HYYE5DR1,B00QU06V2K,3.803392
A1TJKEWDZGEUES,B00AR2RZ36,3.1914434
ASZ8NR9HIZGJF,B018WOR9FO,4.2326527
A1RW0U9YBDZ7UT,B00LI5X2QA,3.437655
A3CYA250L0DABZ,B00OBRHV3M,1.8851932
A1FI0I69UHS22T,B00LNJ4ABC,5.593453
A1LEP3FM28J5RB,B00TEB4HAU,4.859001
A1JLU5H1CCENWX,B015BCX0OO,3.7792706
A3C713428J4MJ7,B01AQNZQD6,2.6628356
A24KZL47I6CH4C,B01CMH15IE,2.5744758
AXX9S5UGOEZR9,B018SPRUME,5.366006
A14LJ38DVMAW79,B01CBLURCG,2.521542
A2M1PNKPRUCQYL,B01FPGWZCE,4.22268
A39BS5Z2VD50RM,B0189PJNM8,3.4591203
A31W0R6O8EM6V6,B00J6GU2AC,3.9887576
A1VA2I63CK09BU,B01CF7VQVW,4.504985
A32TX5VFAQALG5,B00MQHIEKI,3.7971478
A12RUNSGFAZFE7,B01D10TPRE,4.941236
A1J3WRDIB012CI,B00KVQQYRG,3.6720881
A1P07BQLEBOXT4,B01GF9OQSQ,3.2143993
A23B9YR9W29YUQ,B01EYXDKGY,4.1062207
A1ACUN6A2LYVMW,B00NFS1DDM,3.1586928
A287J5FTWL99W6,B00N1BXC8C,4.77887
A16E3LZGPATT2,B015B839PS,4.293184
A2Y3ZGVRA3S23L,B019B6WUGU,2.0607595
A2C7W167DVNUKH,B019HTPG9O,0.73244405
A18EEC1ENOT9YN,B006JDEK0I,3.8018694
A3NLV8K05ZV219,B01GYPPNYC,4.1016574
A31CZW8SHN9PTX,B014GDO5C0,1.7784618
APORGO15GFK60,B00TCI48WC,1.3599223
A1OWROUH26FJXV,B01EYXVZAM,4.113626
A37Q71Z1BE6V9,B00GIZYMVY,3.6928859
A296HV17AZ10V9,B015L2UR1S,4.7712426
A18EEC1ENOT9YN,B00DJBJVY8,3.3362875
A387F6OFDVEDZT,B014CR0OKW,4.1197267
A6SR7U2PNGN0N,B018496LH4,4.1149354
A2PBXQTE07LEFY,B01C8RR9DS,4.314553
A1V8YJ6HU0KUUZ,B00K0LAH3Y,4.7478337
A29Z1G9N7ZVFU5,B01ATF41UA,1.3951753
A3C4F4VCN8E316,B01AQO16VQ,3.1088796
A2ZSLJG2KBCR3E,B01B43XFKI,4.5878854
A2KUR0ZBNV17AA,B007LS3RFE,3.3711462
A2K6LYCNBPLW6D,B0116SLML0,4.7456636
A1E3QC0C1ODF2N,B00W2QDISQ,3.229066
A1CGSOXGAEK30R,B008EJOBH2,4.8983665
A10IXICTN64ZSV,B00KVT8U4S,4.5711727
A253ZKSZTAZ8W7,B007PX6I10,4.52592
A16N88TMHMXX1F,B009DRUP9C,2.5358944
A2PQ680TRW8JFG,B00MC0OLBK,4.9051566
A25X28UZCW2J6G,B01AQNZQD6,1.7557055
A2KFG7MKA5YNS4,B01AYP3FYI,3.4346452
A1B39IGLV2W0GE,B01AB4CLHY,4.719491
A2TX3PH7TXFRE9,B00Q94QAAU,1.7997903
A2KFG7MKA5YNS4,B01GJRQKBK,3.8230748
ABTPG9K6K74W,B01D0HVU76,0.99283576
A3H38968JZF6VK,B00GH4GCQ4,5.1886053
A260QDPOB2XKHP,B00SC7DK2S,4.438495
A3VE7N2XUI8C3K,B00LE4Q370,4.638953
A27FIUTXM6WTIW,B00OZCLRKQ,4.892693
A2S5EPJ451WL3I,B00DRFQRIO,3.0605283
A3B53R6SZY97ZE,B00L1HYMJQ,3.6478338
A2BC67IP5E7QC1,B00COMUGY2,4.7731414
A1E614LDQVKOYE,B019E5Y462,4.8748927
A30DBF16JX73UA,B00N9RT7RS,4.8494473
A3IQ0P3M39IY8U,B00UMHJAOS,2.7491775
A1K69VHP8LH96J,B0186KV0ZE,4.286966
A7WOE5BJXO2N5,B00GIZYMVY,5.128939
A2PF014MHWXCT5,B00WP6ZKDE,2.111463
A3VX4YIFSMZ09B,B01HC1252A,2.637282
A2DURWUJV5HF2H,B00HBJ693U,4.429729
A2FDDTPAER5DBO,B00XCLU7Z2,3.5926213
A3ANLUEKJBC1IZ,B01GEKTEY2,3.8357067
A31CZW8SHN9PTX,B004V49BLU,1.8242563
A19MJXG060UDTA,B01B0QXBA8,4.2302575
A21TSBBTF0DMG5,B00JFLUJ3S,4.054414
A11N6ZJPEMVHYJ,B01BTHWXF2,3.3087316
AEBFEWGBBK2C,B013TA3356,4.181563
A213J0UJPYFVNC,B018DIN3JA,4.649846
A1BUA3LAY7A8ZK,B00SW2B8Z4,4.466989
A3HLUF8W1DCHK9,B01GZ070A6,4.8578467
A1U37G3A1C7FC6,B01ERZFFSK,4.029313
A2BOKBB1IZA13L,B00HMUUFJC,4.8835692
A1NQQU8O1ZYJP3,B015D1E6TQ,4.6358485
A235UMRMGXAS15,B01GYPQQRU,3.1917448
A3MT311233OHMQ,B01ETJABRE,2.4611564
A1V9310YS86T7M,B01GM4MH6C,5.9303164
A3E2YW0WOZ9TWL,B00QE1J5HI,3.5826235
A2FDDQ5C6BH5C8,B000XPRRXK,5.281896
A222WQ9VGVPSR5,B01CTH5LPA,2.7112827
A2B8C9QHIXJO6N,B01HDLC4C0,2.7724485
A3330F5DNMO0JJ,B00QQOX6LY,4.806309
A2DURWUJV5HF2H,B00H62TMJA,5.8808036
A1Z7KHEH5I1LUP,B01FTDR8ZW,4.5438137
ALPIN1ZX8B41M,B01EMGTQVG,4.1676645
A3O7EX5CU264Y1,B01520Y7N8,4.914831
A2QM4ZF6N1SI4S,B00EV9LSJI,2.5920033
A137UEIU93IFEF,B00C7W5GXA,2.847272
A3P2ROGJMLVZHN,B00VZ3S5SA,4.0211625
A2HNNGE6AVYBV8,B00IZODKWS,4.3355994
A3J9BHGK55ZPJO,B00YQBSEKW,4.69695
A2VDLDSGSD32FI,B019B6WUGU,1.8337477
A213J0UJPYFVNC,B00M8KMNUK,4.2701793
A3V9J8I5FHAH19,B01BK10C78,2.5966702
ACJS6J7UEXT5,B018CHA2KK,3.381843
AL4D6OHMS2Z9P,B01GPL2AGE,2.1335459
A325YEZFZEF3HM,B0165I3WGY,2.7112117
A157IALEQ8PJG6,B01FKDKB96,4.415872
A1TWV867HVZ60,B00W6MDJ1M,3.0091515
A3PAK16C0K8PZ1,B01BSN14HK,4.612821
A3FA0RACII84DP,B00DVWRDN6,3.7591934
A29V7E1TFYXKJ,B00BGF63OK,3.4975572
A2EZRW5DHLCA8Y,B00LP0OAFK,3.7734022
A2UNMDJYXPEQZ3,B016ZGXV12,2.7442608
A1IFWIZ62O12OT,B00ZYX46P8,4.311171
A25UO1J9IM3R5Q,B00OTOVJ0I,2.441762
A32TX5VFAQALG5,B0138OGR6K,4.7328057
A3MT311233OHMQ,B018QUGRR0,5.168372
A267QVSAPZCRT7,B01DGXSHRK,4.8265076
A12CZBKBM4OZMT,B00YFEXKYA,4.3103256
A2S5EPJ451WL3I,B017733NZ6,1.815574
AAEIK0DZ1F537,B00GVJ4WOY,4.302497
AMUH4FGZCFJFF,B00E3UDI8O,5.5554824
A2JFYV4GVIMPCQ,B00NY7PPCY,4.184995
A3EONSSI2V1YBC,B00GH43E1A,4.0276904
A1DC00T32U26HC,B01E5S9FUS,2.2105203
A8YJFGILC2W38,B00GIZYMVY,2.290102
A1K69VHP8LH96J,B00XF4B278,5.100565
AGD9CPEWV61AG,B00KKXTC2Y,4.511359
A1XOYBQ8X25P8M,B00GFSR48C,2.6291537
A1JMSX54DO3LOP,B00J8UD1OK,2.1778102
AL6XJLM76V2VZ,B01CMK5YA6,4.495736
AX5KL9LWC1TG6,B00IT6FM7S,5.0951257
AH62R547L3FQT,B01FDI8UWS,2.5410194
AHMV0N47XOIMZ,B00J3GS5O0,5.0242653
A10Y597K071WTQ,B006U1N37U,4.8331695
A1N48Q1NZQ9R2E,B00TIUEVL2,4.823111
AUJKYWUK14BZ2,B008XLF8SM,2.8973298
A2MK1L1Y74WTWH,B013KV12YI,1.8278364
A3FA93L7JWESR,B017T8WJO0,4.858111
A2UNMDJYXPEQZ3,B01D05FV5A,3.724002
A1PA6ZO9892OH3,B0149IDQV8,5.475636
A2V8X8MTCE868O,B017RMOW66,2.6435108
A15Q5MVRVBMKW7,B00XIHMD2K,4.901572
A325YEZFZEF3HM,B01BCJDSAG,2.7112117
AAEEW5LOD21R8,B017GE76EU,4.8908663
AMQ8EI0M0ZMN7,B00TFX0HYC,4.7488017
ASZ8NR9HIZGJF,B00IKME2XG,3.1884613
A3KIA7199DNI2H,B00BB2DZOY,2.3281174
A3S3O6L6SZL8KV,B01GM4MH6C,4.749905
A3J9BHGK55ZPJO,B00OJFOI1O,4.798151
A326085M0DK10B,B017EGZHFA,4.4755692
A2XRKQZA534EWO,B01E46BFJU,5.133598
A1A6ADR8JG12KQ,B01EII2PB6,3.984314
A2LLWCQVYKYF0F,B00NFLSVYS,1.4336879
A3P4PWQ6NZGNFY,B00X47SFIU,4.6229587
A11K5MEUOJKTPS,B01F2WTGFK,5.7728686
A1L30W7022M9Q7,B009XN0W4O,4.9805403
A13LERNQ8R7267,B01CMH15IE,3.5413208
A1FWLM5208ESO4,B00JHIJD5Y,4.0110064
A2J8WQHKV75MAS,B0065KX8P8,1.942336
A37G8WNF7DGY6M,B014VPZHCU,3.745789
AKQ06T21M0V0S,B01AW25GRC,3.1564465
A2B9C3FMYW18UN,B00QZHHE7E,4.077171
A314BTQHA98OGF,B00R9UTWGM,3.0529895
A2PRKR6P4ITVP0,B016M8HXW6,3.0709805
A1KWNSRAKVXHMS,B00VS1XNS6,2.521614
A17DBWBCGJP32S,B014GMU3LS,3.703384
A2QQ3NQ70O25EE,B00QMEK3GE,2.406063
AC10C3YIUN8LO,B00NO7EREQ,4.5909057
A2MX7TA6LI8I4K,B01GCZXRFG,2.2390227
A253ZKSZTAZ8W7,B00ZDHZKKA,4.476415
A23GRXCXQU3SM8,B00UBV1LT2,4.2194843
ATZOHBDX5VNKJ,B00MP7GH94,4.725295
A3A44JIMIWYFIE,B00TYV0WSG,3.352735
ANEZJAUOG31MG,B00N1BXC8C,5.3769565
A2PF014MHWXCT5,B00GRAZD3G,2.6484404
A3LH8IBNEFV1GZ,B00DE3MJ8G,2.7390728
A216HQMDUH18YD,B01CWZH814,3.2372665
A3G7QPDLX3SDV0,B007OALZAI,4.215808
A3EVKU21OXJ242,B013GZOXPS,4.0579696
A31VHM59CA6VVI,B01GD96DLQ,4.0620008
A1DC00T32U26HC,B013KV12YI,2.5177412
A25X28UZCW2J6G,B014BR4A3A,1.7557055
A3GWE80SUGORJD,B01A4ATX4E,3.2477021
A7GZXYEZ2OMLQ,B015IC42AI,4.000933
A3ES0XIED7769J,B00X41145C,4.246331
A3RX97V4CTXLOQ,B01CBW4D7A,4.4147763
A1VE539RO5061D,B00OSAVSDG,2.0846114
A31PEOCXMVP4X4,B00Y9M77YC,5.2136035
A1GSPADXH17N25,B00QPD85SK,4.7341743
A260QDPOB2XKHP,B01A3SL1ME,4.1690946
A29V7E1TFYXKJ,B00ESV9MFG,2.761722
ANEZJAUOG31MG,B0149IDQV8,5.532278
A1FTB3KM7X78OX,B00PG4029Y,4.2135253
ANKDQ12BPX6Z3,B00LS61SL0,4.748424
A2EVKNQ71UULXI,B016FIYXEE,3.9948153
A2RO8I1XUKKUU7,B01FCBU7OU,4.0918574
A3DQRNADNQWG6H,B01DRXCPXG,3.4333377
AO8U1SQNTNFRI,B019G904RE,4.2807508
A3SSNQX72CDVLH,B016LKXO2S,2.2952452
A2VDLDSGSD32FI,B005639YOY,3.0854883
A1XN80Q39TMALE,B00DJCFUS8,4.820678
A377V387HAW1QL,B01AW25GRC,3.9313388
A3OQWHOUM0U0QH,B00EUDOEIC,2.1863756
A1ACUN6A2LYVMW,B00BBQ2JPQ,4.06772
AM1T5MXP5H5SO,B00IDW1E1Q,4.791477
A157IALEQ8PJG6,B00EPF5LSW,4.9705567
AMK0DSS0DAP1W,B01GYPQQRU,0.9767271
AC10HRTVBXZLI,B00LVI1E0K,4.00254
A6ZT9EZ49JTEL,B00DB7RV60,2.1888914
A1G2GYX8B4OH8W,B0054H1I7S,3.6244388
A10PIB0GJZQHJA,B00XIDBLOK,3.6942735
AHMV0N47XOIMZ,B0065KX8P8,3.573495
A15Q5MVRVBMKW7,B00PUSKH14,4.015192
A17IUHX3ADIE9U,B005S1XTEA,4.4669313
AZRPAHQG1VHR0,B00MZC64MY,3.351687
A1K69VHP8LH96J,B01C4IAK5U,4.4812913
A1P44JJW47E6QN,B00TZ8TK54,4.6374836
A1B5MN8PY0JIJQ,B0184BHNIS,1.3387109
A1Z7KHEH5I1LUP,B00JTKZRL4,4.545358
A2062SF91Y01U8,B01A6B5MFA,3.940897
AI38GSFB90M4L,B0116MZUS2,0.18607521
A267QVSAPZCRT7,B01EGL8HXA,4.607038
AC10C3YIUN8LO,B00BBQ2JPQ,4.5178895
A2YJ8VP1SSHJ7,B019LKP17G,3.8205185
A28MNML6Q383F4,B0165I3WGY,3.6664472
A1YAIBG1N7N5VV,B013VDLXY4,4.411199
A19QLCLVPLZH0B,B00KDPPHVY,3.5150352
A13TLUQKSW123I,B017RNBS76,2.5048246
A3B53R6SZY97ZE,B00ZAY07OK,5.020534
A3JL6LOFVXYCA4,B01AL57X94,4.2389483
A18EEC1ENOT9YN,B014X8T898,3.7140613
A3R6PYQRPAZE0K,B01CCVGYOK,1.640464
AUI3XAZ1513SI,B0197OZW7A,-2.600016
A1A085EGL86PB,B01DCM610A,4.2689586
A31W0R6O8EM6V6,B01GTFE2BW,3.9118333
A13QONG1RD57UW,B01BJST0FC,3.3457718
A157IALEQ8PJG6,B0165RFXBW,4.313878
A2DZUQQXPNUGI7,B01ATQJ726,3.1689625
A10DX94ATZQEFG,B0189PJNM8,3.08952
A2B13DO2A2205G,B017RMOW66,1.9201359
A26V5ROE0OZCDA,B017JA1SFO,2.1869369
A6ZT9EZ49JTEL,B01GPDY7C2,2.7487817
A14LJ38DVMAW79,B018PD0F9E,2.521542
A1E5Q7GORGZM01,B01HDNEFGQ,3.7293005
A3QY3KER34QGCS,B0187UX2G8,3.3149633
A8K7ZXXGDS9CU,B01G6H3LCY,2.0590549
A2VSI0RDFNNBEU,B019DFM1WM,4.2775617
ABRLCS0WRNOKX,B00HJETE70,4.4736624
A2EVKNQ71UULXI,B00U7O4IQ6,5.399328
AIKIWBAPCRVX0,B014REI880,4.17139
A5YD0QJ0C5MWO,B00IS0WW5A,4.879255
A1RUGOMYCF8NF4,B01E6BA364,0.723241
A39JEH2M5KY1HX,B004WXEVOW,4.6571784
A2XKX5TBB6WV00,B00EZRUSOW,4.0240035
A1K69VHP8LH96J,B00GRGOL3S,4.479975
A1CV6PASVMUEE8,B00DNI8RJW,5.006018
A1B39IGLV2W0GE,B015UPORGC,4.5044107
A2Y7B4AASUOXM,B00NC0LECI,3.6639495
A3P2ROGJMLVZHN,B01FBZXSI4,3.0093164
A28U98HYYE5DR1,B00O4GUH1S,4.477532
A2PN1AJYXDU1J0,B01CT5K792,3.6336203
A2MR87VMPFNFJ5,B00MYRE9ZY,4.5489025
A1F41PH89SL6JB,B00ZK2590O,4.0875545
A20YJJIVUMR5J3,B01DN1BLKK,4.3766737
A3M1104X8EN9O,B00NI96R66,4.8630013
A3R1EB0IGE3CC7,B00TWUUBUI,4.758886
A3NZ7BJGKLVPF5,B01DFMO1S6,5.0145125
A2W31IQMW6TX93,B01AO5Q2MA,3.9451222
AIKGKUGNQ6L2F,B01BNWGPRK,3.7861047
A3VSCCW1FN11B7,B01GF9OQSQ,2.469666
ABNZCEB0CF7MP,B01DFVOP74,5.001396
A1BBKKDTH8S00C,B00F3LVB40,4.7804847
ASGBSLP29DQRY,B006R7FXFW,2.4925795
A128W553WN84EW,B01BJST0FC,3.0310874
ADT3692HEYU4S,B00NR5WRLK,1.5448878
A1EC5E7T0YNFOF,B016TG5V3E,2.3382163
A27OS7Z94VXCYF,B00I513YAY,3.6006703
A1NE9CRAQ0WUV,B00VQJHHRI,3.6008654
A3J5Q6XEH3K2TY,B017Y1ZD4A,4.1657596
AP0MMULH95T9W,B00LH8I7PE,4.0714397
A1K4S4MWXI9E9M,B00EMHQDJE,3.5202713
A1FUH1O6FCTUYG,B010W9HEUW,4.806543
A1NE9CRAQ0WUV,B00XLUEMYQ,3.5735393
ABCTITSJ5P6T8,B00KKXTC2Y,2.8224912
A3C713428J4MJ7,B017DPEEUG,3.8321753
A1XJXYKOWCH9XT,B00AWGED8W,3.1013732
A2S5EPJ451WL3I,B00I486F9K,3.5230942
A36XTPY9IFYA5R,B00QQOX6LY,4.6680727
A2QQ3NQ70O25EE,B01DE5JHY2,1.5707891
A178S00H8B3YWA,B010W9HEUW,4.7689986
A2L15MBNQU7O6G,B01FGJ3754,4.080567
A3H38968JZF6VK,B013GZP3BG,4.548651
AXIO51VZN815F,B00EJUJM3I,3.8075504
A2V8X8MTCE868O,B00MT3H1VC,3.4102888
A31Y6ITN2SGACM,B017FRG18A,3.1014953
A3SZPKNV5IU75I,B01DDMGO6K,3.0737667
AM1T5MXP5H5SO,B00NR9Y06Q,5.052284
A2KMV056844YV2,B01CBLURCG,2.8350391
A1NQQU8O1ZYJP3,B019UH78JY,5.0230145
A3KEB381QTO61R,B0190HN0DM,2.7887716
A2ZJHEB8K8JZR3,B00PCUMV6E,3.3860025
A1GXJZGFR0BPJH,B018NUSVFY,3.6708784
A3A44JIMIWYFIE,B0138OGR3I,3.6751637
A1E481YU3ZPK6S,B00V2AYYF4,5.16584
A1ZV5XBKG7RVZU,B00RFY3KM4,3.606357
A1R0XBTB3SL5GT,B01CIWXAQI,4.4541907
A2POZPGXLYY9HJ,B01C7NYWBK,4.1133075
A36XTPY9IFYA5R,B00NJ0Q0SY,4.9841423
A1JKGTL51HHTU1,B00D1F1DNY,4.751204
A2BOKBB1IZA13L,B00O4GUH1S,5.6894784
A2BOKBB1IZA13L,B018BWI9CY,4.1171374
A20879JNU91OBK,B017PH5PXC,4.5095716
A1P44JJW47E6QN,B00Q5OG0RM,5.306751
A2FSWI7Q6MZ9PX,B00S8U0TT6,4.2803855
A1GSPADXH17N25,B01DRBV052,4.2495103
A296HV17AZ10V9,B00PCZC7F4,3.6892533
A2UQGX6YMQ5BAL,B012FAXT0U,4.63681
A1X87IHRK15RBU,B00SPA1Z5Q,3.3298292
A25X28UZCW2J6G,B00KAM07RY,2.8610258
ASR774IIR8VN7,B00URVL1FU,3.7411456
A1BBKKDTH8S00C,B00XGIEM52,4.344882
A99KVVV7NFPBP,B00QU3MMZM,5.1015105
A37VK00KNVVICE,B00NRZAFA0,4.685504
A3EVKU21OXJ242,B00E251RHY,4.6252265
A2IDE0ASFGCZ0F,B01B0QXBA8,4.056298
A1IFWIZ62O12OT,B01DJZ7G5E,2.863521
A1OZ3R75S8NAYD,B00N6HPK8Q,3.5660691
AV6ORIR1JV86P,B016QYF6PM,5.154452
A6SR7U2PNGN0N,B01A6B5MFA,3.0633197
A3V9J8I5FHAH19,B01AB1EQL6,1.6802624
A3MOGV0QO66QZD,B01DGXSHRK,3.7886453
AIKGKUGNQ6L2F,B00MRGW2EC,3.6303587
A26V5ROE0OZCDA,B00EC197UC,2.3899536
A3H38968JZF6VK,B00ES2GX3O,4.9021144
A2H8S0GOSMWQX0,B00DK7EGCI,5.0670815
A26GE9ZG68SKIQ,B004V49FHA,4.2160697
AF5P607TPMGJ9,B01FX8BU0C,4.6662135
A83C3F4X0U3ZW,B00FFS338I,2.6689048
A2K0H6HYH8WB5F,B00EFELXTY,1.5576832
A7GZXYEZ2OMLQ,B00IJFYICO,3.704679
A2G9YADU04XBHA,B010FOJ5UG,2.4521995
A10AWAE0F6CAP1,B00VOYNKM6,3.1707592
AHKB5BOH22L44,B016YIRT9Q,5.445157
A3Q4O4EID8OQ4,B00OCSZSQM,4.72898
A1BOINGLPB5I1M,B00MT7UIQI,4.6217523
AST0YDHJJR65Q,B01DH8BWLW,4.1076603
A3GWE80SUGORJD,B01E2H3M1A,3.2477021
A2W3RQOSC87P4A,B00SER0484,4.9391494
A1Q33020JJKDAN,B01BJST0FC,2.5571284
ACSJTKMXKU1M6,B01GYPPMNE,2.1181655
A1G7VXXXLTJX9R,B00JGSH3PM,4.3607893
A1FWLM5208ESO4,B01HDLC4C0,2.728603
A1K4S4MWXI9E9M,B01DJWPF6Y,4.0108333
A1W48IWJ8A610S,B00IMUT71I,3.5616899
A35BKLDD2E04E6,B00H3M921G,4.0562162
A39N24TTLP6I48,B00SO0DWK8,4.4644413
A11P853U6FIKAM,B01ACLW2JS,3.937841
A1D0BC1UP01UH9,B01HDLC4C0,1.3546001
A1XQ9J47ECTZZ0,B01G0GIXJ2,3.8351264
A956O72VO20Y,B01BJST0FC,2.837535
AHMV0N47XOIMZ,B007Z4D9MA,4.8121223
A2RQ5IRWRU0TVO,B013XXGRYI,3.270276
AV6ORIR1JV86P,B01CV5SE40,5.0476665
A1FUH1O6FCTUYG,B00TEU4CQU,4.2240586
A2BEDL4QXLEE3S,B010W9HEUW,4.3218923
A1XL1A3TCU3Y1I,B01C8RR9DS,3.45827
A1EPVSC849EI9R,B00UZM2O52,2.7116795
AXOY11IDEONHE,B00Z4EAA5W,3.919887
A8Q2ZFOHTVSCV,B018HFTRYY,3.065545
A8Q2ZFOHTVSCV,B00NS79DMS,4.0101337
A2F92T7CTWALPR,B00UCKHDOO,5.0164323
A2IUIOTFRZHGLD,B01EQ2S2UM,2.6573
A1ZDSAPOGRGBJI,B00UXX3RHC,4.192257
A328S9RN3U5M68,B01G3UFLMM,4.4123745
A3BNFWL5MVD57S,B00QKVV2FA,1.6316012
A2735JIVUDTBZ0,B00L2X37QS,4.4446177
A26V5ROE0OZCDA,B00QL14R88,1.1750891
A2EQL2N9FOBOFS,B00O0CY3LQ,4.939958
A3IQ0P3M39IY8U,B00TC1W3D0,3.2876458
A1NAXYNAOGJIGN,B018W4GENC,5.450003
A1L30W7022M9Q7,B00P8DE7YY,4.502159
A1YJWOIR48KYCJ,B00JZOVYNY,3.7937398
A3MT311233OHMQ,B00F1R9AWG,4.716576
A19MQI49YCA5SK,B00O0CY3LQ,3.1933808
A1PIHRVCTCJQFL,B00H3HRWDQ,4.250101
AT2ZB20OCU7X2,B00TMWM816,4.998525
A6ZT9EZ49JTEL,B01G9F1ED6,2.1867633
A2F2878HE7XOM9,B00PG9U2OE,4.154956
A3P4PWQ6NZGNFY,B01GYPPNYC,3.3961596
A2Z0PQ8HYEQT4V,B01CBLURCG,2.1811414
AJL59IEBNETQ8,B01EQ2S2UM,2.8420987
A1ACJLREHPPL1P,B00APT8BDE,4.0787706
A2D9S6V1AFXOAO,B00LKQHZTM,4.0634484
A2U79NOE9VJQSF,B0100V6A6G,4.8024716
A2SRUC3I2U1CAY,B0174PTMU2,3.2470846
AQFF452SVDF48,B00OYWP6G8,3.297471
A2S5EPJ451WL3I,B01BJ9EFB0,1.815574
AAKO4YAM9BZE5,B000FCKPG2,3.1446881
AV6ORIR1JV86P,B00VW0OLKM,4.2712135
A30D1QLJZ51Q2S,B01CAOD262,4.063211
A370VMDK3FZX5X,B019OYETT0,4.8261194
A1LFIFPYMOJ8RV,B01DOR1EBO,5.0300274
A1C7ASZFSTSJMH,B01EJ2BV0W,4.529272
A37Q71Z1BE6V9,B00HBWQCAC,3.354628
A2QBQRIM4WRRG3,B00OAN88H0,4.2100787
AUJKYWUK14BZ2,B00K0QWZ84,1.9971265
AV8X3WC4XB1WF,B01ECOIDHQ,3.8684897
A3G7QPDLX3SDV0,B01GZ7IMJC,5.0916576
AQ87G02DO56Z,B00JAUVINY,4.835229
A2XKX5TBB6WV00,B01FRQ4Z8E,4.0332794
A2Z3DQ7P9JYRLG,B01GJA450A,3.1838322
A222WQ9VGVPSR5,B01EFLFK4U,3.0218792
A6ZT9EZ49JTEL,B01EZ9ZKII,1.3723063
A1A43F9O4PEBU5,B00Z318GNY,3.9980721
A26GE9ZG68SKIQ,B01E6DT75U,4.841358
A1SUV0W0CB3KVM,B00ASP8XNS,5.0147004
A1TVJ9WDRP0UZS,B00QSE28XO,4.206417
A143IV9N6HPKKB,B00TC1JYA0,3.8965182
A26GE9ZG68SKIQ,B018BL1LIY,2.8861032
AE12HJWB5ODOD,B01CMH15IE,2.318922
ANKDQ12BPX6Z3,B00Q3MQWAQ,3.972282
A3E81XX9ZDNCNO,B01GYPQQRU,3.622507
A3J9BHGK55ZPJO,B00QSE28XO,5.0964565
A1QSFXF6OOUDJN,B019APW4UO,4.4664493
A296HV17AZ10V9,B0157RBC16,3.1383967
A26V5ROE0OZCDA,B01BM0AHZE,1.8591255
A253ZKSZTAZ8W7,B01DTBHY46,5.050027
A3EJDCT3TAEC2,B01AX0BMVC,4.713946
A7GZXYEZ2OMLQ,B00OCSZSQM,3.327197
A1I18OT401WDI,B018DIN3JA,1.5433451
AQA76AX85FU33,B0177475MW,4.6171937
A10PIB0GJZQHJA,B00HWKW7K2,4.143559
A1DC00T32U26HC,B017265T6Y,3.6546664
A3S3O6L6SZL8KV,B00ELR01M0,4.8547797
A2UAPFRQOHUFS4,B01FK7LI7G,4.6755404
A3PATLW8T3PQV7,B00NF30KKE,4.3131557
A1E1YE0R2EELCU,B00WZWMRC0,4.030617
A245T0V8KVTV45,B00629ZTOU,4.553527
ACJS6J7UEXT5,B00P6P9HHQ,4.8232794
A18EEC1ENOT9YN,B00OJFOI1O,3.6544461
A17BTP1QHK2I3I,B00NOAZJI6,4.3082995
A1BOK1EC36Q0WV,B00FBK17PQ,4.1266923
A2PCN97H7ORFXL,B007PX6I10,4.1704793
AL2SKAXGCX01B,B00TKOT3BO,5.0779104
A23GRXCXQU3SM8,B016TG5V3E,3.413209
A23IU4CL27WMHC,B018RSH2FW,5.0402255
A2Q8NN6SNT3FY0,B00K9W0F9A,4.569198
A15EI56DL57DZC,B00JQS5FIO,4.456783
A37KLLG8DXL5J7,B01DUO8QXU,3.6636968
ACNA2DX8FTGWG,B01CX93T44,5.8716106
A1SH6H9ZY9AJV9,B01AB4CLHY,3.2149558
AYRSWZILCH4S,B01CZCW26K,3.8101897
AUJKYWUK14BZ2,B00ASDEHLM,3.2514415
AMUH4FGZCFJFF,B00QR2SCN2,4.9411626
A7GZXYEZ2OMLQ,B019G904RE,3.463193
A2CDMT445133LY,B00JCELEZ0,3.0673695
ASQNJGXL1BXWV,B01645ZYZU,3.0206008
A2UNMDJYXPEQZ3,B00QSE28XO,3.9399953
A3LR0J8MJ3Q6SI,B00XZJ30FU,3.4494004
A2FJLSKL2IZSHC,B00KVQQYRG,3.4755926
A15VZ8KA1KH8ES,B00FURCF9C,4.316453
A2FCH654FN672F,B00MZB47RE,2.2102327
A2EGLWRK7PCDYH,B01H0IOZM8,2.8631964
A2Y3ZGVRA3S23L,B013968Q7A,3.1864004
A30D1QLJZ51Q2S,B018RSH2FW,4.4304643
AOLHNMI8G8R6K,B015L6BCOA,3.958271
A31M3IJI2UTC4Z,B00Q6Q5ZP2,4.742389
A3SIZ03ZV5VF1R,B006KD2TP0,4.0010633
A285RQFOK8APPQ,B00M0DQGXU,5.765094
A2LF3KTH2T6RJA,B01F9FRYUY,5.038223
A3S3O6L6SZL8KV,B00OSAWTSO,4.385934
A1GL9TYXPNBPGW,B00IX56HG0,4.7747316
AGGDI4VWPPZ6J,B005CM1S02,3.0571308
A2PN1AJYXDU1J0,B01CMN671I,3.2423673
A2MEKYD68X8R8H,B014VPZHCU,3.610382
A3JTJ1E8NK7DH1,B00J98RD4A,4.7487
A2LHUNWCVDEWQ8,B01BCNAO4A,3.4530587
A22B7J3YC4623X,B00W2TD572,4.763234
ASZ8NR9HIZGJF,B013FJACFU,4.679009
A3PNXQOIMQ8348,B01DFBBF5E,4.758709
AV6ORIR1JV86P,B00IU69PTI,4.3727136
AYRSWZILCH4S,B017IKQW6K,4.8851666
ADT3692HEYU4S,B01FMTA1M0,2.5591354
A1CGSOXGAEK30R,B00YLNSKTA,5.9065957
A1TR7SQWWLREQR,B00RD4J9EE,2.5054593
A39CVMK2ZKEIK2,B00IQVXQZQ,2.4749637
A17BTP1QHK2I3I,B013KWCLA6,3.8686037
A3EJTO1IBULV7T,B00YFEXKYA,3.9282842
AVAC1JO1AZGAJ,B00MJHKVR4,5.4819465
A33JTEMYGCO69V,B01HDNEFGQ,2.27424
AOVV02B7EK0C7,B01ASAVT0G,3.351995
A3H7J5POTR9TZW,B01CT2VV90,1.2223045
A2MEKYD68X8R8H,B00N9RT7RS,3.9901671
A2PBXQTE07LEFY,B00PBA6QCU,4.5149527
A1P5YXP15B13SA,B01GGPLQOQ,3.4205089
A1HHSUAQDZ1XM6,B00MJHKVR4,5.2731695
A1OWROUH26FJXV,B00E3UOBG2,4.7239585
ANKDQ12BPX6Z3,B00N47L8ZC,2.903545
A2W4Z0J9DFZFSR,B00C3ODRTC,3.569364
A1NOQ3ZM3QHBI6,B019B6WUGU,2.1324468
A3RPL8JIS2XMJ3,B01ELQDLKY,4.6408095
A1VE539RO5061D,B01D4RY4B6,2.381699
A35M5NTEVHKVB,B00EGRZTZY,5.355437
ATZOHBDX5VNKJ,B01B76FUMS,3.0668035
A190TSUIRJIFUK,B013L4T8Y0,4.5087237
A3C713428J4MJ7,B01B6WT11Y,4.164167
A7CZSRM0JJVJP,B013XALBB0,4.069923
A3KEB381QTO61R,B01GYPPMNE,2.7887716
AF7IKL1FN52K7,B0165I3WGY,3.1664147
A1P5YXP15B13SA,B00IS0WW5A,3.3219686
ANKK4K5N7GH9Z,B00MD5VDNS,4.736334
A2KN1WNA76HQS6,B01AWPTL0W,5.1304755
AMKWIQ2MT2V5R,B0150C55HA,4.4869447
A3ULR7XJF3C400,B01GOXFBBY,3.7904286
A23AL8WF0PJSTS,B01GF9OSI4,3.2700052
A3GWE80SUGORJD,B014BR4A3A,3.2477021
AGELZO1D6BC0T,B015UK1DM8,4.610828
A30D1QLJZ51Q2S,B00VTFQ8OW,5.2043943
A2Q439D72KOQME,B00838H1OY,3.674213
A3HOXAKC11UEOX,B00UJEGURO,2.9311996
AQ87G02DO56Z,B00HSSRCAI,4.635328
A1QFKWSZFO0AOH,B00IRLFH9S,4.3898244
A2B42XZI4MXOLX,B015ECXJOM,1.7371002
A10DX94ATZQEFG,B00ZRYDR86,4.16023
A11FF0H63VFFMX,B017I0AB7G,4.674604
A2DZUQQXPNUGI7,B00H7K5UB0,3.773509
A2UNMDJYXPEQZ3,B00L2F5P02,3.9269485
A1FSR426FVMQJI,B018P7B0NK,4.4199486
A1QJ17BR5K3C8K,B00KUCK4V8,4.4107733
A10RH00JS3DUX0,B019VJ697I,5.084095
A31G4MNGZNYSZI,B01CXJDHEQ,2.5345402
AIVY8XUMV5UY7,B00SJ7LQ9K,4.3559613
AC97LVZ0C0TSK,B015NNW8CG,4.7778974
A3MTU1QAMYEAX3,B0058VAORA,3.9886227
A2N1XSD82O6XTV,B00OQEBXUM,3.8294854
A1VIR960IWHK07,B00LFW9MQK,4.103957
AITGGF9MX4L86,B01F18XC50,4.122051
A3PB5W8OE59743,B018D948JI,2.9519377
A3H38968JZF6VK,B016XPTTUC,4.8469596
A23MK6LPFQP21A,B00OAN88H0,3.6614327
A2HHKV9CQ03ZRA,B00FR30D16,3.2888455
A2XRKQZA534EWO,B018UNRNVM,5.6358414
AJUCQMDI0QA3I,B0198OKW7Y,4.236185
A2F2878HE7XOM9,B016HIOV08,4.023594
AG63N054UPJH2,B00629WWJ0,4.8443937
A3IQ0P3M39IY8U,B01A1AWBU0,2.0503125
ALYI8YM90TPD1,B00HI56L8U,2.5793443
A137UEIU93IFEF,B00KE62080,2.175901
A2V0EO639QKD2K,B01FN4GZG0,2.2355275
A1ZLPE9JPLMTKU,B00WH1K9SS,4.323999
A1O2LQUYDVPOCJ,B00LBBM60Y,4.574767
A3H38968JZF6VK,B01691UD4G,4.9173007
A2CCO4HWIFOP5J,B00EJUJM3I,4.3121896
A6SR7U2PNGN0N,B01BP20BU0,3.2508998
A1QSFXF6OOUDJN,B01D10TPRE,5.242287
A36WBGWPPLIQZ9,B0177475MW,4.5227685
A296HV17AZ10V9,B00AA3P7M8,3.6569266
A2VNG16IOTY7N,B00CVCGYJQ,2.391477
A28U98HYYE5DR1,B00JUV8JPS,4.4947696
A3DVGQZY2MBA87,B016TG5V3E,2.1520395
A2RU61YN9M0IDQ,B00PD8LQ6G,4.2887197
A2C3N49XB5K19C,B015M9I294,5.1713862
A3SQGNV2O7WZEP,B00KE62080,5.5440526
AUJKYWUK14BZ2,B00V3PSE0Y,2.1796646
A3S3O6L6SZL8KV,B01783W2SE,4.959105
A1CIS4LOWYGZGA,B01BM0AHZE,3.1519032
A22DD81HWADR6K,B01G0GIXJ2,1.6442596
AFQXMUALNERXZ,B01GF9OQSQ,2.8252974
A1ACUN6A2LYVMW,B00IAZX298,3.9992576
A1JNMSETGHIUZ2,B00SNRG8I0,4.427919
A1EQY74OFGE4NE,B00OKI1JNU,3.914291
A2V8X8MTCE868O,B01GPL2AGE,2.6435108
A1N48Q1NZQ9R2E,B0168I2UE6,4.0839305
A31CZW8SHN9PTX,B014M089YW,2.8961663
A1NPM2IW3DLO3F,B0118DAWR8,3.7807255
A139X5E4RN7SUS,B01BMODWY8,2.3576183
AVNS35OHR3D76,B015UPORGC,2.5979514
A16TE56LP5NUL5,B014C5U6SE,4.879544
A37R3BNDHBIZTL,B01C4FP44A,4.4946504
A7B9JUULZHQIN,B019HTPG9O,2.985281
ATZOHBDX5VNKJ,B00T4Y7HGS,4.38036
A1HHSUAQDZ1XM6,B00II4HX7S,5.2754817
A3J9BHGK55ZPJO,B016XPTTUC,4.963031
A3DVGQZY2MBA87,B01CYTLPPI,2.1520395
A36CNQTLRIL6LM,B00AA3P7M8,2.2828984
A2SHWMWTXZLIR9,B00I8PMB10,2.5116801
ARWMPJN499ZJ,B017JA1SFO,4.7159452
A2F2878HE7XOM9,B00NJ4BB84,4.3682
A2H8S0GOSMWQX0,B00PMH3R3I,4.363571
A2XKX5TBB6WV00,B015GEUFCW,4.5765805
A1TVJ9WDRP0UZS,B00GQYIL2I,4.267876
A1UG6FUC9ZR8VU,B00T0VRT4U,3.3803396
A10JAUCIGVRW9F,B00FFLB6MU,5.040407
A2Y3ZGVRA3S23L,B00NAI85T2,3.8406796
A2Z3DQ7P9JYRLG,B01EAYV5P0,4.141291
A1V4LZS4HHHH6K,B01CBM44Q0,3.0804482
A3CYA250L0DABZ,B01FOQ1N5K,2.2149177
AUJKYWUK14BZ2,B00KTK56P0,2.821807
A2U3FVDELHREMI,B00IMUT71I,5.1845326
A2RU61YN9M0IDQ,B00586XP5S,4.148876
A2BEDL4QXLEE3S,B00DZSOC62,4.61419
A3SE1XKZC0L913,B019OYETT0,4.4614263
A2PZA5XB74EIDB,B00MDACG9I,4.1965117
A1O79BLZSTP53I,B00HTJJST4,4.3531137
A190TSUIRJIFUK,B01DI63EEG,4.32984
A257TD5GO1T81W,B01F2WTGFK,3.3859615
AVIN4W1V9M738,B0189PJNM8,2.8791838
A1DJY8WVWPJ2H8,B00TEEHDPS,3.52674
AUFNC2SIHNZUN,B01GYPPMNE,3.9151454
ABVIQ0W19DPSG,B019E9VZG0,5.0808206
ANKDQ12BPX6Z3,B014Q6D6E0,4.189529
A2G9YADU04XBHA,B00ZK3KUE8,2.4521995
A3K4HYYXZFODU2,B01CWZH814,3.2504144
AX746FITV1G72,B00LW78OS0,4.032843
A245T0V8KVTV45,B017DPEEUG,4.999028
A8A49ZBLUK9BQ,B01G89E5OS,4.8660927
A287J5FTWL99W6,B00YQD91RA,2.4993005
A13J31ZJVVG2GY,B00PNU8Z86,4.7556634
A3UO90FEXQNHRD,B01348I31C,1.6132187
A2EVKNQ71UULXI,B00UI5GKQA,5.2881684
AF85CAX5BR5IM,B011F603YU,4.2618904
A3EONSSI2V1YBC,B01FWERDYE,3.4614882
A1AFGQGTS66UYY,B00NJ0Q0SY,3.1799712
A384RYAHGEPLJ8,B00ZO50HZO,6.02946
A143IV9N6HPKKB,B01D27RNDO,1.874756
A1E1IGWRW974JG,B01GYQ057Q,3.2610822
A3DQRNADNQWG6H,B015BCX0OO,3.4333377
A3JISGW1EZMLSU,B00BYLQS3C,4.550848
A1Z7KHEH5I1LUP,B018QXM6GS,4.3843007
AL92MBJXLPZM,B01DJZ5HHI,4.00308
A2501I5AWRHX8L,B01CC3AJJO,4.503616
A2RPMPBKX1MWR7,B00XWCHNIU,4.387241
A1PSGA348YRV67,B00F7CJKAC,1.6715068
A22THCLP5J49J4,B01G94M7XI,5.509373
A1F41PH89SL6JB,B00V5T9A38,3.5324683
A1P44JJW47E6QN,B01BP20BU0,5.0980587
A142HAT43L5W4W,B01EYXVZAM,2.2651653
A1UH21GLZTYYR5,B01AVX32XC,5.2387843
A7KETEJDZYJFI,B01E2H3M1A,2.06573
A384RYAHGEPLJ8,B0110IXWIM,5.330193
A370VMDK3FZX5X,B005UGMC78,4.927182
A7B9JUULZHQIN,B017SH94ZE,4.8393726
A287J5FTWL99W6,B00WDD5IKO,4.129458
A2UAPFRQOHUFS4,B00NAJ7A0Q,4.118573
A287J5FTWL99W6,B00EH2E5IK,4.6079087
A287J5FTWL99W6,B015VKB8KY,3.5013456
A24ETSYVDJB5D3,B016VIVLJ8,5.014378
A1DF6JO4KFE5X1,B00JYWX3D6,5.2422743
A13JQT6036JF,B00AGA4UGY,5.690706
A18LI83Q1F5DKU,B01FBIC51W,4.6649504
A21H10PWSPOB6Y,B01BCTMJZ6,2.980412
A3H38968JZF6VK,B005S1XTEA,3.7942228
ADHBG0CRBVUL1,B01A4ATX4E,2.3281212
A3UO90FEXQNHRD,B00E7KTERY,3.869495
A2B42XZI4MXOLX,B00M7ILTLW,2.490539
A12K5Y2SEANYW0,B00AHRE74G,5.526467
A1V0IK7DUYIVAC,B01FORFUEY,4.586957
A15VZ8KA1KH8ES,B01BFZJW70,4.085273
A1I0QNN02SZDOK,B01A4ATX58,3.7835703
A2MIR34MGFG3EU,B00KE62080,5.5119534
A23SB7XAREYGF2,B01835JNDI,2.846952
A287J5FTWL99W6,B0070JOQHM,3.2201624
A3H38968JZF6VK,B00MHT0NE0,6.047916
AWNYF3812RWNG,B01645ZYZU,1.9997553
A3TJOBVQ95HK9Z,B014GAK1R6,5.139066
AZRPAHQG1VHR0,B013ZUHQIK,4.269465
A3L8F13NKUQHQ1,B00W9YDVPG,3.8181653
A36N7KTS8JMR4L,B00772HJ58,2.4131684
A2AGAA1B2ORZW0,B014C5K4WC,3.3970485
A3SJW9YR903G3,B00KFMRU5Q,4.7521787
A3J6BKNGIMAJQ5,B012HDMV9K,2.2885957
A28GRFK2F3TMWE,B0165I3WGY,4.0440784
A6ZT9EZ49JTEL,B00Z96Q9U0,1.8001167
A101S5PLO0VRHQ,B00GLVGWP4,2.588326
A3T5H007CVA99X,B01GPL2AGE,2.1706653
AE314SIV2QCED,B000W93A42,5.0640216
A37P6T3YZ8KY2F,B00KLO64S2,4.441029
A2RU61YN9M0IDQ,B00LFW9MQK,3.9294076
A3GWE80SUGORJD,B00QNZGJVA,4.3979983
A1Q33020JJKDAN,B0174PTMU2,2.5571284
A5I6VGSYW7U8L,B01DCM610A,4.340067
A2684D8X4AUKRB,B00AAQVTYU,4.19147
A198E18E1LA3BE,B00D5M4PTM,4.365028
AF7IKL1FN52K7,B01G0GIXJ2,3.1664147
A29FFT26RF63YX,B00UZM2O52,4.5595737
A353K0UEDMX3PH,B01BCJDSAG,1.1499907
A1DYTCBAV5WI2N,B01H45U1IO,3.5653834
AHNGMRN1V1LPH,B01HDF9IKM,2.726057
A3MF5RTKYLSH60,B0165I3WGY,2.5492024
A2B9C3FMYW18UN,B011CVM1AC,2.367013
A2F483MD47JG2T,B016B0FB38,5.324723
A25PLL2FEB615H,B00T4Y7HGS,2.9853349
A1KXFB5X4XZSGB,B00Q6Q5ZP2,4.8965764
AJNW2ORZGUDIE,B01EYW7KHU,5.0556006
ABCTITSJ5P6T8,B00I44QP80,4.8606215
AYUTCGVSM1H7T,B01C25NIMC,5.02068
A1GSPADXH17N25,B00NI7G7AY,4.7988505
A3FLVU1C5385KZ,B01GT44VLO,3.358006
AHR3AU7CPID24,B01GYPQQRU,1.6776558
A3A44JIMIWYFIE,B01EQ2S2UM,2.3428512
A1DJY8WVWPJ2H8,B00L1R3OS6,3.2374053
A1R0XBTB3SL5GT,B008VKXOIQ,4.3588815
A26KWG162U8VBQ,B01CBLURCG,3.2046742
A1XL1A3TCU3Y1I,B01BUMJMA0,3.8081822
A2XKX5TBB6WV00,B00WRP0DHG,3.6268082
A2DZUQQXPNUGI7,B00NN2FDLI,4.857668
A18EEC1ENOT9YN,B016WS5FO4,4.656549
AZRPAHQG1VHR0,B011QD8HJ0,3.7281184
A1JMSX54DO3LOP,B00FJFV6AY,2.243699
A3DQRNADNQWG6H,B018PD0F9E,3.4333377
A5UM17P1E7DUQ,B00X1AQNKW,5.1761985
A3C713428J4MJ7,B00PBA6QCU,3.756981
ANEZJAUOG31MG,B01C8RR9DS,4.783301
A2QBQRIM4WRRG3,B01ES2M9S6,2.949377
A28D20IM3BNAJ1,B01CMK5YA6,5.223456
A3KBRXW4PKK2MT,B01EKIELGG,4.3773937
A1IQ303406GPO8,B0028OLDOI,2.6508236
AGA6C1UQDNQ1P,B00FZ5H8Q4,4.914964
A3N6TV5T5JSG7K,B01CWZH814,4.0108457
A2G45Q8V20R779,B00NR9Y06Q,3.6944547
A1J6MXAQH527O3,B01EYXVZAM,3.3969178
A369BMHORFPL0O,B00P85PU8E,5.031241
A1VE539RO5061D,B00R298H3O,0.9887017
A2MEKYD68X8R8H,B0157E64K8,4.092364
A3BMLG97SSIKN3,B01BQ00CAA,3.0661244
ABTPG9K6K74W,B01F0MF6KQ,1.8995825
A2VNG16IOTY7N,B01GD96DLQ,0.45561934
A30JKM2O1SD9R5,B00DQ0LQ9A,3.2793555
A2Y7B4AASUOXM,B00NIDWKB8,1.9289831
A1R0XBTB3SL5GT,B00DJK31TK,5.1083064
A2S5EPJ451WL3I,B00IRKQ08Q,3.6577106
ACOXR0GL8E2Y7,B015TWRVCS,2.7917476
A3OQ0WU2ZHM5J6,B00QOWH556,1.0436643
A3T5H007CVA99X,B015L2UR1S,3.6321487
A2XKX5TBB6WV00,B00629ZTOU,4.546557
A2V5HEEE7YLXMI,B01FPS5IQC,5.690526
A3NYOQSGWZ0XW2,B00QB28UCQ,2.6822648
A26V5ROE0OZCDA,B012LB9KDI,2.2600303
A2RBLZC3MJ5FNM,B009WJWD2S,4.156224
ADZOWSMV1E0PB,B00IH6KA90,4.566097
A1GSPADXH17N25,B00BYKD2UU,4.3113856
A369BMHORFPL0O,B00PD8LQ6G,4.186386
ASA5RSXOAVT12,B00A9FYVXS,2.9945097
AW16PJHZIQPA5,B01FP256UQ,2.9957886
A5UM17P1E7DUQ,B00FR30D16,4.630711
A3LBPCVDOP7DPC,B01E5S9FUS,3.8584538
A34DYRZBLSI8R5,B01G0GIXJ2,3.6797566
A198VXVTHHIZJ7,B00FW18W9I,4.6778064
A3LNU5OKNIZV21,B01DH6EQ9O,2.9459462
A1EQY74OFGE4NE,B00JTLAJ9S,4.676423
A3DANGFIJBZP20,B00LOTFY1Q,4.643659
AGSGL6VT17RE0,B01E22VU46,2.1129346
A1XKTJ1XLTWLCQ,B018SPRUME,4.368746
A2HESNQJZ9OB7H,B00QSE28XO,1.0857235
A3CMIEYL0TJLC2,B01FIGE8YE,5.5454097
A24ETSYVDJB5D3,B00O0CY3LQ,4.0544357
A2M5IRXVOAUZ2,B017JIYTJI,3.489581
AB7M0MEP43IZZ,B00BUAZL12,4.103535
A3KIA7199DNI2H,B01GJA450A,2.3281174
A1UPHTDW5GM12T,B007Z4WSOK,4.5300636
AYVJY4Z9CYQWU,B00O3V6PWY,3.2424006
A26V5ROE0OZCDA,B014JSBJJ4,2.9509048
A3J9BHGK55ZPJO,B00NC0LECI,5.457281
A2H146VK5MMYIH,B01EYXDKGY,5.076109
A3MT311233OHMQ,B002WWKZM2,4.55925
AKM9W2IRYH77B,B00ZYX46P8,3.889495
A2XRKQZA534EWO,B00OU2E1F4,5.629042
A36LHP7XLMLJW7,B00VX75TKU,5.363565
A3O6Z1T0IZ3NT,B00XIHMD2K,4.026853
A2J8WQHKV75MAS,B01CPQZSPS,2.6617093
A1JMSX54DO3LOP,B00VVMC2FW,1.8349067
A3Q6CMXMGESPOG,B00GY9SK4O,3.9047465
A3PE4ENWAY4D9O,B00VS99TP4,4.729818
A2U3FVDELHREMI,B018HFTRYY,4.736696
AC97LVZ0C0TSK,B01EKIELGG,5.410177
A2Q3YUL3Y6TPD3,B01GYPPMNE,2.7152543
A31Z94E63H1N46,B01EMGTQVG,5.7100954
A2UJTG9XC4KISL,B01CMK63A6,4.748916
A2BEDL4QXLEE3S,B01645ZYZU,4.5818863
A2WDOEHN67OBYH,B01GT5XDFS,5.8444943
AGBGV16NY06FW,B00RMB80SO,4.9390426
A3Q4VT0R8O8RSE,B00QJKV1EY,3.8635144
A2QC9Q8EVBI6D1,B019B6XJM4,3.7312684
ALPIN1ZX8B41M,B00Y9M77YC,5.2871633
A69JQYYIUQFQL,B011T78JT6,4.4858155
A1JADDWR1H3M0I,B00P32ZUAK,5.1880307
A281NPSIMI1C2R,B002RKSMHO,2.9794073
AK3LIR1TVZFVZ,B00UGG43UQ,5.803948
A2MEKYD68X8R8H,B01835JNDI,4.374953
A2Y7B4AASUOXM,B00O72888S,3.069581
AQ87G02DO56Z,B016KVDM6G,4.3736324
A9DXGM6YGV14D,B00X6K8DKU,4.180225
AO8U1SQNTNFRI,B00N0VI2OM,3.8768573
A30DBF16JX73UA,B00EH2E5IK,5.8422904
A1I0I8PI1DWHBR,B00FNXC8EU,4.8317876
A1IE93W5OH9MGR,B00A3ZA4TO,5.008556
A296HV17AZ10V9,B00629ZTOU,4.211924
A3RTTJWMRCR09S,B0076790LA,3.106563
A3K8NPGJOP3QGV,B019EQUUYQ,4.4428225
A27FIUTXM6WTIW,B01GYQ057Q,3.7435632
A3QZAK4BXJBC2W,B005K4W0QS,5.418488
A2KJ7AGC82GPP1,B013T8TX4S,4.33547
A12K5Y2SEANYW0,B00IHQAYYQ,3.749024
A11FF0H63VFFMX,B01D0ZPA60,3.6556344
A2BOKBB1IZA13L,B00N05R8GG,5.400185
A35KV8ZNW239TT,B019B6WUGU,3.1959953
A1YK1AM70HDXLE,B00PG4029Y,3.8650908
A1H35RNPTPP9RI,B00SA5KFM0,5.106274
A3E4H5A1X8NJRR,B00K1OAXKM,4.010691
A2J7GJWY8O1MDB,B014RVEJ4U,4.4550376
A3P4PWQ6NZGNFY,B00MDACG9I,4.609061
A3DANGFIJBZP20,B015BCVXF2,5.567588
AVNS35OHR3D76,B00LFNCDOC,1.7073842
A3ESFCDE13IMH4,B00UDQTS40,3.8573284
AXX9S5UGOEZR9,B00F3JBZZC,4.4863367
A1FHWVQ0ZMFFQK,B00U2YDT5W,3.9553275
A3FJ2JGU50THRQ,B01DRXCPXG,0.94176495
A219Y76LD1VP4N,B00TC1JYA0,4.478188
AI38GSFB90M4L,B00GXBV0MM,1.7326163
A2Z3DQ7P9JYRLG,B00N58K6QW,4.6062064
A3FA0RACII84DP,B00G9FC2GA,2.847824
AKQ06T21M0V0S,B00GBFJ1IA,4.1768994
A1XKTJ1XLTWLCQ,B01FKDKB96,5.300487
A2I0ZBZOWPP756,B00NYISFXY,4.0092597
A18LI83Q1F5DKU,B00LFW9MQK,5.246138
A23SB7XAREYGF2,B00CA1SF9U,1.1095004
AD3SVKC2JNHMR,B00CGFEIM8,3.2083707
A3B6PBWQBQNHQT,B00LXHHBNS,4.66065
A1F41PH89SL6JB,B00CMU1IN4,3.9275298
A3J9BHGK55ZPJO,B00GH6X6WK,3.81634
A1RF70MWVANZCU,B00K6N75LS,3.5949726
A1YK1AM70HDXLE,B011G3HJ6C,3.5430527
A30V9M9DZW8SFU,B00ZAJTPB6,2.6297822
A6SR7U2PNGN0N,B00WLQ8QRK,3.9924302
A2R56AF2E63IC1,B01DL7LIFE,4.352155
AP6JFTL9C5BK4,B01DDWPAE2,2.6182384
A1JLU5H1CCENWX,B00HTJJST4,4.777353
A3ANLUEKJBC1IZ,B01B5BR1KO,2.896583
A1JNMSETGHIUZ2,B01H5MF0JG,4.8967524
A387F6OFDVEDZT,B01620Y4O4,3.051611
A17KGW8IYD63JR,B00R7HDLAU,4.4816813
A3QY3KER34QGCS,B01BA8ZTBA,4.900888
AIKGKUGNQ6L2F,B00WT2BNJ4,5.29868
A1QTTDEVDELZA8,B018CHA26O,2.8877587
A24PEXYGCID15Z,B00QVNQYIM,4.0647187
A0099735VDZ3HDCAAYKL,B01C8RR9DS,5.6535945
A2PBXQTE07LEFY,B01EW6DERI,3.6333637
A3804PZVOD4N3E,B01H9ER9R6,5.2294393
A2PF014MHWXCT5,B005639YOY,2.155313
A37R3BNDHBIZTL,B01E2H3M1A,3.3026528
A3VE7N2XUI8C3K,B00TPBIA4S,3.5493202
A20PRICNHQQLJD,B00QIQNWXW,4.5887
AJX5O8EPN2713,B00GF64L5S,4.231017
AWG9YC0S5ZXRQ,B00TE8IPHO,5.1275415
A1X87IHRK15RBU,B017Y1ZD4A,2.9387822
AF7IKL1FN52K7,B01A4ATX4E,3.1664147
A2B13DO2A2205G,B01BXGMTEY,4.2413116
A2LMF4HG470CNF,B01G4TEUUG,1.3671342
A34RWNEJGJFHEV,B018CHA2KK,3.7515326
A3L3T9JRL1GT95,B01FGHI69S,3.7021737
A16WWBGZHJYJ27,B01D1UVNEM,2.9027824
A916DXE9W36GF,B00MBQASMQ,3.8233008
ADUI5YISBG6Z4,B00N9RT7RS,4.461082
AKZH6MEXHWGLD,B00JTIOYOM,3.699988
A19W1EMTMIQJRT,B01GSL9C3A,2.0933542
A3C713428J4MJ7,B01GBMRPZ8,4.223055
A3CYA250L0DABZ,B015799982,3.0061836
A1VE539RO5061D,B00JFLUJ3S,2.2710152
A3V9J8I5FHAH19,B01H5QZHKY,2.712195
A2S5EPJ451WL3I,B00HMUUFJC,3.3535337
A37Y75XN6SY5YL,B00S3RA6OC,4.9568353
A1FGDFKCW5LJIJ,B01FP256UQ,4.6810308
AKZH6MEXHWGLD,B0165I3WGY,3.6887841
A2KX7G5BC1ALQJ,B01AQO16VQ,2.8524132
A1TYECW2J3TXJ,B00AVQAFKI,4.672438
A2QJ4TTBMNTY9Q,B00ED4WKKC,4.546999
A2ZU73E6RDADJV,B01FTEBE74,2.6521564
A1PSGA348YRV67,B00J0PKKUG,1.9611534
A70C09CWSQ4RZ,B01DUV1DV0,5.2176976
A1DUWCXDBM40AO,B01GJA450A,2.291881
A2HZ6MGQ6TPNO0,B00X625BCG,4.558333
A36N7KTS8JMR4L,B018496LH4,4.569339
A1NPM2IW3DLO3F,B00BD63EIK,4.7107034
AGT5F6R7R53LR,B00UT0VAD2,4.5435753
A13J31ZJVVG2GY,B00HG5JL34,4.148361
A3T4U5GR71P4O6,B015EL9ZKK,3.5715613
A3V9J8I5FHAH19,B0051EZBRM,4.589473
A3VQMP3ACL1KHH,B00QL14R88,4.2567644
A1XQ9J47ECTZZ0,B01AQNZQF4,3.8351264
AMK0DSS0DAP1W,B01CMH15IE,0.9767271
AZGDIB6UL3QNL,B0198OKW7Y,4.3753066
AKM9W2IRYH77B,B01EJ2BV0W,4.01399
A2VNG16IOTY7N,B00LS6MCMY,3.0010915
AMUH4FGZCFJFF,B01GDRM3XU,5.3068066
A31CZW8SHN9PTX,B0066B7KGE,0.8890077
A3S3QIR1UTAGY4,B01049Y714,1.8951029
A1XL1A3TCU3Y1I,B01EI9ZED6,3.6902938
AH85UZ876V6OW,B00RC6JVDC,1.6939448
ACVNKHUOX3QWU,B00VOYNKM6,2.8234782
A2GO4VWZWTL7ZC,B00T6HTQTY,3.7999291
A2GO4VWZWTL7ZC,B005UGMC78,3.640298
AG63N054UPJH2,B019967OWC,5.041241
A3L8F13NKUQHQ1,B018F3C1KU,3.55973
A2PF014MHWXCT5,B00XWX139Y,2.006166
A64VNUAXNX8VO,B016TG5V3E,2.22404
A1R0XBTB3SL5GT,B0069CI5H8,3.8391724
AX2OKB7GR55FZ,B00BGXP1IQ,4.07357
A1ACUN6A2LYVMW,B016XPTTUC,4.410354
AK3LIR1TVZFVZ,B00I28TY2C,5.1167426
A1FHWVQ0ZMFFQK,B012FAXT0U,4.163607
A16TE56LP5NUL5,B010W9HEUW,5.067281
A2PCN97H7ORFXL,B00IUL9ALG,4.067449
A2MCZ9BUKVPO56,B00UBV1LT2,3.2182689
A3FA93L7JWESR,B00R8B7ZG6,3.4412189
A3IAAKYJIX44EL,B00ICTUW6I,4.5881906
A2FCH654FN672F,B00W891R26,2.0143437
A22DD81HWADR6K,B01AB4CLHY,3.6382275
A3U6Y3GD1A6PXJ,B00OAN88H0,5.13425
AVNS35OHR3D76,B00EH2E5IK,2.4621096
AAIDLB38IY7R6,B00INYO7MC,4.05608
AC97LVZ0C0TSK,B01F483E64,4.597893
AUQCW3RV8YE2W,B01EKIELGG,5.9384074
A2M1PNKPRUCQYL,B00GU2DJBO,3.707683
A1FGDFKCW5LJIJ,B00NKQP7VS,4.9226665
A3A44JIMIWYFIE,B016VL0PWE,3.5694442
A10IOT56F4GM85,B00LZXYZK2,2.5739007
A198E18E1LA3BE,B00540L9II,4.084872
A1GXJZGFR0BPJH,B00FH4FKZE,4.724554
AF7IKL1FN52K7,B01E2H3M1A,3.1664147
A247M2SSLKTSHY,B01H45U1IO,0.18716097
A27OS7Z94VXCYF,B0073SJELI,4.4906535
A3LZG1QQ1KMVX3,B01FTEBE74,3.0153055
A2T843EQCN1QMQ,B01GILL7NI,4.1121917
AXVDFGI9OEIVK,B015RPT6XY,4.222136
A1WVQI2RQMCG5A,B00O4GUH1S,4.74515
A3MSJA59Y115A,B01FTEBE74,2.6173658
A3G31IWKH9ALT3,B00VU0M8JA,4.0072627
A7KETEJDZYJFI,B018FNBE26,3.427102
A34B6NBZL1IRNX,B00DVYV9HU,4.079097
A1PSGA348YRV67,B00PCMBFGY,2.2578406
A3IQ0P3M39IY8U,B00N7K1BB2,3.0430427
A1NAXYNAOGJIGN,B014I8OGLS,4.598483
AX2OKB7GR55FZ,B00IRKQ08Q,4.4641004
A1KECGAMRF6FBP,B015EHPSOG,3.9890027
A1F3SNAL50EZ2N,B01F18XC50,4.229391
A18EEC1ENOT9YN,B00Z318GNY,3.3882332
A7GZXYEZ2OMLQ,B00GXDQKZW,3.094688
A2PBXQTE07LEFY,B01HBTH0VO,3.777123
A2KWQ64TRHB3YH,B00SS39KF2,3.885882
A15EMPO8TCH2RB,B01GZ070A6,5.4351416
AXVDFGI9OEIVK,B018D948JI,3.7898006
A2W4295H4JSYDD,B01BJST0FC,2.8763824
A2GWTB02UN6MTX,B01GW1BZBI,2.7422
A1PA6ZO9892OH3,B01CBW4D7A,5.44475
A3FO728397JFZP,B017RNBS76,2.9860482
A1ERDA4ETW7FP,B01GIU443O,4.418255
A128W553WN84EW,B01DFBBF5E,4.406563
A2S5EPJ451WL3I,B00V9OH536,3.300756
A2HESNQJZ9OB7H,B014TBNOMQ,1.5994886
A1XQ9J47ECTZZ0,B01BSN14HK,4.630374
A3N6TV5T5JSG7K,B016NTKNTO,4.9130054
A2J7GJWY8O1MDB,B00OWIQH5I,5.092477
ANXBIU1HP7BJD,B01BLVT4BC,4.956019
AX59HEWTONQ1M,B00KVJK2EO,0.83823335
AQA76AX85FU33,B00L2V73GK,4.0725794
A10IOT56F4GM85,B01GPDY7C2,2.7487817
A3IK83MGX5X0WZ,B0174PTMU2,3.3113332
A2HZ6MGQ6TPNO0,B00GSF4Z20,4.296229
A2FDDTPAER5DBO,B00LXHHBNS,4.0593963
A364KQZL1KNS6Q,B00PQV6H78,5.1118655
A1BQC6NJDSWR52,B019KP81BU,3.7957864
A26GE9ZG68SKIQ,B00RZT2U5W,4.2125053
A3DA91KQ8UQ76Q,B00CCVVKMW,4.142215
A3O6Z1T0IZ3NT,B0145COWD4,4.100468
A1B5MN8PY0JIJQ,B01BXGMTEY,1.9102107
ACVNKHUOX3QWU,B009LNKB4C,3.9023552
A13JQT6036JF,B01EKIELGG,5.6490235
A414YEU57FUHJ,B00MUSS2ZA,4.4167037
A3HDT8L6DPBZND,B01HF6OU70,4.2766376
AV6ORIR1JV86P,B0145JMH5M,3.4217615
AM9YOCRU10IXW,B0118DAWR8,5.27462
A2F1UD4JDHKMTA,B00ED4WKKC,4.088327
A3MOGV0QO66QZD,B01HIZRVFG,1.3901293
A2PN1AJYXDU1J0,B00R4Y1Q3U,3.9673762
A3PATLW8T3PQV7,B00F3LVB40,4.190166
A3EONSSI2V1YBC,B01D24C6VQ,5.5258512
A1AX02Z2IRSAY,B004X6R8Y8,4.7283435
A1I0QNN02SZDOK,B00IU087O8,5.2108274
AB7M0MEP43IZZ,B00FJFV6AY,3.9604034
A63YNBWLO7V18,B00FD7Z51O,3.0440803
A2CJ33Q2E7PUTQ,B01BWYVZ5G,5.2143903
ABRLCS0WRNOKX,B018FM3E5M,3.00738
A1LFIFPYMOJ8RV,B013XU5A8A,4.768065
A3JHMDPDDFUSLV,B01HFGNGYI,5.83459
A1XQ9J47ECTZZ0,B01AQO16VQ,3.8351264
A198E18E1LA3BE,B00GZANS6M,4.377974
AS68HOKD544K6,B00W8FRXO6,4.5841727
A3131JEJYVBJO,B00I36J0BI,1.8428711
A2S5EPJ451WL3I,B00YV666B6,2.9623857
A16TE56LP5NUL5,B01FBZXSI4,3.3324747
A3A44JIMIWYFIE,B01GGNXFEW,3.5948997
A2TX3PH7TXFRE9,B014GFMV4C,1.854616
A222WQ9VGVPSR5,B01E3AFUN4,3.1847239
A32TX5VFAQALG5,B0104EOJ8U,4.1056533
A3J9BHGK55ZPJO,B018F3C1KU,4.0489407
A0020356UF96ZV361ST,B00HFAGOM6,3.1895342
A1VC48UV57XWOH,B00GQYIL2I,5.0391974
AAIDLB38IY7R6,B00I6MYBSG,5.0985546
A916DXE9W36GF,B01BCTMJZ6,3.3262267
A23GRXCXQU3SM8,B01AQNZQF4,3.413209
AQ87G02DO56Z,B009AR5VAI,4.8721423
A1I96OYAUJ3HQE,B00UVLQOBC,3.9168973
ANEZJAUOG31MG,B01G2YFYG2,4.656077
AVJ8F6IFNLC4E,B01GBMRPZ8,4.4294143
AW16PJHZIQPA5,B00ZDHZKKA,1.8767337
A3JVZY05VLMYEM,B01DFBBF5E,5.359254
A2N0V6GUH28XMN,B00K4C45PA,4.377424
AFJO0OZZP1C67,B0130KVNKC,5.2588115
A3OQ0WU2ZHM5J6,B00MTACTLM,3.2106085
A3BTRKXD03KC4F,B01E2NULD6,5.27134
A10PIB0GJZQHJA,B00U48LBZQ,4.2564235
A1F41PH89SL6JB,B00SIMWOY2,4.165154
AQR5TV897ZGKZ,B010C3UFXQ,3.6676683
A1FWLM5208ESO4,B00J9YWGTQ,3.8323607
A1IFWIZ62O12OT,B00PG4029Y,4.778864
A16N88TMHMXX1F,B018BL1LIY,2.844801
A1GL9TYXPNBPGW,B00S75OIZ8,4.109881
A35DL4AZVRLAY5,B01GYPQQRU,3.2986302
AG4TROC6HMCRF,B0116SLML0,5.378301
A3C713428J4MJ7,B014HGM9YM,3.2660127
A3COJHCMSKHOES,B01GW1BZBI,3.1529613
AX59HEWTONQ1M,B01DLHCVQE,1.1414968
A2PZA5XB74EIDB,B01BMODWY8,3.8162236
A3H38968JZF6VK,B00I1GZAU0,4.7672305
AWNYF3812RWNG,B00L8A3BMK,1.5832136
A3C713428J4MJ7,B00JTCH5RQ,3.1817513
A2X6O09LVHWKTA,B01DWNFGVE,4.3159356
A5KRI5P7KR7SK,B01GIX5F4I,3.2688909
ANKDQ12BPX6Z3,B00G9FJ6BY,4.037376
AK3LIR1TVZFVZ,B00VW0OLKM,4.981393
A23M3HDG0IWHWB,B01DRXCPXG,2.9606824
AAADYWOGSQ758,B0116MZUS2,2.8452687
A1SZ7SSVVG3VXG,B00CLZCRIU,4.770173
AUJKYWUK14BZ2,B00OO65H90,2.6800056
A11N6ZJPEMVHYJ,B0073SJELI,4.293534
ADUI5YISBG6Z4,B00XRRAWYM,5.0140357
A2YJ8VP1SSHJ7,B01H7HMP1U,4.65489
ARF6JCH8L8ANV,B01FBIC51W,3.7365708
A6AEJMW6IUOO5,B01FGJ3754,4.220155
AZRPAHQG1VHR0,B017RFCQ5C,3.4948125
A2YJ8VP1SSHJ7,B00N1BXC8C,4.345203
A1HXF0IBWTAP84,B010WM3TG2,4.3027167
A2MX7TA6LI8I4K,B012D9R9J0,4.4063354
ALGAUZSEQQWI4,B01EKIELGG,4.4461465
A3L8F13NKUQHQ1,B00OSAWTSO,4.1759515
A1RUGOMYCF8NF4,B01GIRX1MC,0.723241
A3JVZY05VLMYEM,B010BDZ9MY,3.5798264
A12K5Y2SEANYW0,B01EO6IIM2,2.6930509
ARF6JCH8L8ANV,B016G5T1CA,3.7288318
A3L8F13NKUQHQ1,B01AW25GRC,2.5267344
A2WEE1PU5NZVJQ,B00PG4029Y,4.4846063
A2S5EPJ451WL3I,B015V0AKSK,3.559815
A28JLVMZBALBBL,B0165I3WGY,3.2557387
A1E614LDQVKOYE,B017W2XRGM,4.1196756
A141H51I3H4B1S,B010NQV6I0,4.2746534
A2PJCE1T0AXDD3,B00WT2BNJ4,5.1598635
AGBGV16NY06FW,B01ERZFFSK,3.3243117
A31AABM5YDX347,B00O3R7VE4,5.2204785
A1LZ8PBGVH7IOM,B01BLX4C2Q,3.9896054
A31X0GK7XMM59F,B00NMVS01K,1.8671216
A3IQ0P3M39IY8U,B005CM1S02,3.0220633
A3E8BQOX3OOUH2,B01GJA450A,2.8974419
AF7IKL1FN52K7,B010PHITOQ,3.1664147
A1CIS4LOWYGZGA,B00NGA41WO,2.777237
A2DZUQQXPNUGI7,B01BNWGPRK,5.3622923
A1ACUN6A2LYVMW,B017EGZHFA,3.4614263
A69JQYYIUQFQL,B01ATXXTLE,5.1888022
A1SUV0W0CB3KVM,B01GT5XDFS,4.9360247
A16N88TMHMXX1F,B01BT9OA3I,2.844801
A1A085EGL86PB,B017E1XMPM,4.3518367
A3JVZY05VLMYEM,B01864DDVO,5.2068048
AVNDR3UMO7VU5,B00HG5JL34,4.3212886
A137UEIU93IFEF,B017H8DIBK,-2.600016
A1PSGA348YRV67,B00KFG51O4,2.2487593
A3JONP3MGSSP0F,B008UYTGSA,3.2277179
A3GRUTOJXXE8FF,B01BYGNF64,2.9403172
A245T0V8KVTV45,B01E6DT75U,6.1081204
A3DQRNADNQWG6H,B01CBM44Q0,3.4333377
A2B42XZI4MXOLX,B01606ZZ8E,2.4410882
A29V7E1TFYXKJ,B00UB7TF1C,4.4669604
A1ACUN6A2LYVMW,B01D10TPRE,3.6743383
A14R9XMZVJ6INB,B00IDD9V1U,4.202953
A1TWV867HVZ60,B00O0CY3LQ,2.8263516
AKZH6MEXHWGLD,B018CHA2KK,3.6887841
A18OWTDGIZ0W2W,B00FQVMUMY,-2.600016
A1FI0I69UHS22T,B01F0SSM6U,5.7616687
A1K69VHP8LH96J,B006CC6ZTU,4.979983
A3FA93L7JWESR,B00D5M4PTM,4.117354
A1FYJN76V1V5GX,B017V6PZGO,2.923284
A3ALMNUTJS22FZ,B0085WDNMW,4.1182513
AX5KL9LWC1TG6,B00GK50H66,4.677279
A13LERNQ8R7267,B017RMOW66,3.5413208
A3PB5W8OE59743,B012B68T6C,3.6672206
A2PQ680TRW8JFG,B00AB3F2RM,3.9215379
A287J5FTWL99W6,B01B5BR1KO,3.9620328
A14TBDIKFSOIX8,B01HCB4LFE,4.9421988
A296HV17AZ10V9,B01ABDLDMO,4.1023445
A3K4HYYXZFODU2,B01BJST0FC,3.2504144
A3JVZY05VLMYEM,B016XLB9MM,3.8315625
A12RUNSGFAZFE7,B01HFFPC2I,4.95171
A1T77WWA0TSSGB,B01EYXVZAM,3.6875377
A1NPM2IW3DLO3F,B00GRGOL3S,4.914737
A2VDLDSGSD32FI,B017S1KRCO,3.3114285
A28SW1AQI0RADX,B00I9J9XAM,4.4595423
A35UQMVR4UJS15,B01G0NBRC0,3.5006614
AFQXMUALNERXZ,B016WQR86Y,3.203539
A3747LNB8CNT5J,B00EH2E5IK,5.1685567
A20Y0TCBU79GXU,B00UATSSYQ,4.8711333
A2EGLWRK7PCDYH,B00RJC1NTY,2.8631964
A33ULGLKE24W5N,B01H0IOZM8,3.2353573
A1JMSX54DO3LOP,B00KQ2G81C,1.3656324
A3ULETCKQMVG7N,B017Y0YYJ6,5.5873
A35BKLDD2E04E6,B00Z4EAA5W,3.6290998
A10JAUCIGVRW9F,B00IZODKWS,5.26996
AIQWMQ4JWKZ3T,B00ICTUW6I,4.6296477
A257TD5GO1T81W,B00XTAEA90,2.802256
A166K6TJTPDX8K,B01HCB4LFE,4.66685
A2CJ33Q2E7PUTQ,B0092K075C,4.6955256
A2UVR7N8WC5GYY,B0135MRXRM,5.478746
A2S5EPJ451WL3I,B01EDDUAFE,3.3068352
AL4D6OHMS2Z9P,B01EJ2BV0W,3.568017
A2QC9Q8EVBI6D1,B01GYPPNYC,2.1099172
A1X2URS71RRMMF,B00BQMKC5O,4.6869993
A3P2ROGJMLVZHN,B014LZJVAE,3.9653425
A238ZC3TQJC8V8,B00K1HQWBS,3.713428
A3GRUTOJXXE8FF,B01EPCXCU8,2.9594288
AIH41FDX1K0Z4,B01B76FUMS,1.0369244
A3LR0J8MJ3Q6SI,B01G264272,4.2134395
A1HHSUAQDZ1XM6,B00U2YDT5W,4.809483
A1PUZIV4PYY4YM,B00JI6MP4Q,4.3243966
A1RD1NM0602OQO,B006SMMW64,5.0977426
A1UH21GLZTYYR5,B014LRV75O,5.014589
A137UEIU93IFEF,B00OJFOI1O,2.228354
A2J8WQHKV75MAS,B01B43XFKI,3.2689548
A1LL39K926QN1V,B017DSORBE,3.3425465
A1AFGQGTS66UYY,B00JI6MP4Q,4.069447
A1TVJ9WDRP0UZS,B017WLXUQK,4.030427
A238ZC3TQJC8V8,B015OS4436,4.354371
A3HYB9AL7BZY4,B005UA0WOE,4.282076
A1DJY8WVWPJ2H8,B016TNH8HE,2.8697324
A5KRI5P7KR7SK,B00QBFEV6M,2.3359265
A16TE56LP5NUL5,B01G3UFLMM,4.1419325
AJL59IEBNETQ8,B019UHL0G6,3.2717752
ALN3RU7X0HJX5,B00CATSONE,4.9922295
AGIFTDAFJEXVA,B00VU4WFLC,4.253515
AK3LIR1TVZFVZ,B00M9TT8GW,5.4227805
A1H10L6S9KZB2C,B00N0VI2OM,5.1151814
A2CZKERY4LUBVI,B00MQ2NPYS,4.252482
A17IUHX3ADIE9U,B00OM12RWM,4.4757943
A2S5EPJ451WL3I,B00IQVA7XK,3.1529155
A3IAAKYJIX44EL,B00N992U66,4.3120394
A26GE9ZG68SKIQ,B00M0Y5PZO,4.0502496
A3IAJM6F3EBQ5H,B013XU5A8A,3.9702868
A2GWTB02UN6MTX,B0197OZW7A,2.7422
A3HTBON5N1JCFE,B01C63GQQU,4.046837
A1W49O3LYZ8GI5,B018F6H3U0,3.7164168
A15Q5MVRVBMKW7,B01DRBV052,3.7067008
A2LF3KTH2T6RJA,B016QYF6PM,3.6797552
A1IOR50CXI3C89,B018CHA4GM,4.5895085
A387F6OFDVEDZT,B00JH66D1S,3.666666
A7GZXYEZ2OMLQ,B00XPKE8GY,4.282518
A2AGAA1B2ORZW0,B0152U9LL6,4.7535014
A1EZD7IJOOAF6S,B0051EZBRM,3.739531
AFX2KR1VGYWLW,B00S5HPW6C,4.9363637
A23SB7XAREYGF2,B00KQS1DJ8,1.9445676
A26V5ROE0OZCDA,B00EFKOFLQ,3.3163838
AEJ5A6HYUXJ8P,B01GT4NXU4,4.2655144
AZPNSCZH6LW40,B01GAIHTSQ,3.4905581
A1XJXYKOWCH9XT,B00C5W2P7C,1.9495364
AXVDFGI9OEIVK,B01G6H3LCY,3.9461193
A22DD81HWADR6K,B01GPEDC3G,3.445335
A3HTBON5N1JCFE,B01CSOU6S6,2.7468963
A1EC5E7T0YNFOF,B01CBM44Q0,2.3382163
A3RNQ7PNKEU1UI,B00YDI7CHO,4.388165
ASR774IIR8VN7,B01914ZZHI,4.2205663
AQ9M23BNJZRK4,B01BRFLLPO,2.5055847
A3CYA250L0DABZ,B0051EZBRM,3.5834827
A1JXLTQ5VWPGGV,B01G264272,3.5123281
A7M73HAH815DM,B017JRXATE,4.1352587
AQ5HSBPNASYIG,B01G7RDFGU,4.237591
A2KUR0ZBNV17AA,B009YLKRAO,3.9489512
A38J1EW6EKAV0Z,B005JT5DP4,3.6715875
A39N24TTLP6I48,B00ZEHLHM4,4.0527716
A1LIRBJD5ELW5Q,B01DTRFUY6,1.9620668
A1G2GYX8B4OH8W,B017WTF8TE,3.5347762
ANKDQ12BPX6Z3,B00JHIJD5Y,4.6088667
A1JNMSETGHIUZ2,B01A1E8WO0,4.6706557
A35CC2LV7L5GFE,B00ILWP2NO,4.092495
A2TU13PFAZ7Z1P,B00TS3J5GU,1.9461151
AM9YOCRU10IXW,B01HBTH0VO,4.622189
A2RO8I1XUKKUU7,B01GEKTEY2,4.278539
A2JFYV4GVIMPCQ,B00QQOX6LY,5.121324
A2UJTG9XC4KISL,B01A1AWBU0,3.6094217
A2S5EPJ451WL3I,B00M8ERQ0S,3.785853
A7WOE5BJXO2N5,B00LMIWFUW,4.578626
A10JAUCIGVRW9F,B0177475MW,5.0828214
A2QROW66DKI83,B01540DXZO,5.238685
A2PSERVP2IKZDL,B01GPEDC3G,5.32169
A2W3RQOSC87P4A,B00LDQOZWO,5.1490827
A1C1TL7Y4D7A9H,B01H5MF0JG,3.5737925
A2BOKBB1IZA13L,B00629ZTOU,5.8093376
A2FCH654FN672F,B0100NP05Q,1.4040569
A3LZG1QQ1KMVX3,B01EQ2S2UM,3.0153055
ASR774IIR8VN7,B01GC37X7G,4.5270653
A1K4G4G02UIVEW,B00RNJLHS0,4.4428124
A16N88TMHMXX1F,B00NC0LECI,5.00662
A3J5KG672GNB99,B00DPJ3J1U,4.386577
AXVDFGI9OEIVK,B018V1TLPE,3.0572562
A1L30W7022M9Q7,B00GRGOL3S,4.072408
A2ZJHEB8K8JZR3,B00P46P3XY,4.2735767
A3R1EB0IGE3CC7,B00BELOQMW,5.1877637
A13LERNQ8R7267,B01CIDR8N8,5.1212783
A16TE56LP5NUL5,B014LQ18CW,4.5347567
A2ON53GR80JS8S,B00F64A1YK,4.3349137
A3L8F13NKUQHQ1,B00SRMFZ3A,4.3965864
A28SW1AQI0RADX,B01DJTWN0S,3.0172272
A3EI5NSXXCXQY5,B00N05R39I,4.331159
A3IQ0P3M39IY8U,B00PPDJ7OW,3.5753832
A35UQMVR4UJS15,B00LU5ORLW,3.5006614
A3A44JIMIWYFIE,B01EZ9ZKII,3.8351893
A296HV17AZ10V9,B0184SY5IM,4.52467
A1DJY8WVWPJ2H8,B01EB1AHCE,3.3294535
A1KMD8HMYP57O0,B014BR4A3A,2.127586
A1JS39D0NHVT3S,B013KAXWU6,4.124883
A1NL7G5VN45RDW,B00VD0432M,5.11379
A63YNBWLO7V18,B015D43O46,3.0492015
A296HV17AZ10V9,B0085G0UHE,4.778853
A37Q71Z1BE6V9,B00H67YGUK,3.3969746
A3RR4H0D4L9HYN,B01FEIRT1K,2.950191
AAZ73E56LMN7V,B00TUC75T8,3.7641492
A39CVMK2ZKEIK2,B00P6Q9A04,2.6031256
A2OHRT539LLCUN,B009SGXWM0,3.522037
A2D9OWZ1X0DVEU,B00PG4T6UU,5.6050677
A24YALT0FFYFA8,B01BJXQMW6,4.9508357
AY5R3F55U7WZ5,B00D9CMLNA,4.892817
A3526B1LCK47X9,B00P8F4RL0,4.8603683
A2DZUQQXPNUGI7,B00F50R0H6,4.193512
A1CLGNWRCE4QKB,B00DE3MJ8G,2.07615
ACVNKHUOX3QWU,B00Q5OG0RM,4.059852
A1VYZLUB3UXCR1,B0028OLDOI,3.3440838
A2SHWMWTXZLIR9,B01CBLURCG,-2.600016
A2MR87VMPFNFJ5,B015GB04IK,2.4237432
A2S5EPJ451WL3I,B00YQBSEKW,3.5065722
A10JAUCIGVRW9F,B01HDKFB44,4.276939
A31M3IJI2UTC4Z,B01AB1EQL6,4.10399
A2SRUC3I2U1CAY,B01CBM44Q0,3.2470846
A26YZVV16S83MS,B01DUO8QXU,3.2524219
AXX9S5UGOEZR9,B018BYUPVA,3.5834708
A2BEDL4QXLEE3S,B0149IDQV8,5.4310017
A2PJCE1T0AXDD3,B00HTJJST4,5.411268
A1OZ3R75S8NAYD,B00XK6SIVO,4.5513988
AGIFTDAFJEXVA,B01BFZJW70,3.5149994
A2HZ6MGQ6TPNO0,B00JNELJPY,4.4784007
A19MQI49YCA5SK,B01E5S9FUS,2.053431
A39JEH2M5KY1HX,B015TWRVCS,2.8536959
A3COJHCMSKHOES,B0165I3VSS,3.1529613
AJL59IEBNETQ8,B01G0GIXJ2,2.8420987
A39CVMK2ZKEIK2,B00XZJ30FU,0.8208293
A2FR370CNM7L9,B01EZ9ZKII,2.9908142
A3OQWHOUM0U0QH,B015G747E6,1.5077963
A6SR7U2PNGN0N,B014M089YW,4.900042
A178S00H8B3YWA,B01BUMJMA0,3.9599657
AAIDLB38IY7R6,B004V49FHA,4.4955006
A16N88TMHMXX1F,B00TBTC3HO,3.2583213
A2PJCE1T0AXDD3,B00Y9M77YC,4.3527594
A2OAWG4ETZ7MQD,B016R0I2WE,5.1546106
A37Q71Z1BE6V9,B00N9RT7RS,3.718501
A197W8MNF706HT,B01G7RDFGU,4.3094964
A2B9C3FMYW18UN,B017E2DKH6,2.2215762
A31K93JWWNEMAJ,B00V4VO3KW,3.3883371
A1P5YXP15B13SA,B00LAKB87S,2.25837
A3CAIZ5D023DAO,B00S5HPW6C,3.0174556
A1FAJ6G0KD5ASM,B00WBMKEII,4.9769535
A1J3WRDIB012CI,B017GGWXNW,4.6554704
ADUI5YISBG6Z4,B00L2F5P02,4.031724
A63YNBWLO7V18,B00PLZR6ZG,4.2711444
A2XRKQZA534EWO,B01D24C6VQ,3.6061559
A3V9J8I5FHAH19,B007PX6I10,2.5191503
A3JVZY05VLMYEM,B00TIUEVL2,5.413205
A24PEXYGCID15Z,B01HFFPC2I,4.438446
A183DRUR0UACQ4,B007HU7NXS,3.2783585
A3CHUCS2CVKGI0,B00KKXTC2Y,4.8142524
A1MBL6RFT345MS,B00UCANMJO,4.8005414
A2OAWG4ETZ7MQD,B00HHCA47I,3.4601545
A3H38968JZF6VK,B00ICTKZOM,4.883971
AQ5HSBPNASYIG,B00X8YUF6E,3.951796
A26YRCLOTDIL0P,B00R67MD3C,5.328962
AGTV0GXSP1SLA,B01E46BFJU,4.533879
A2IUIOTFRZHGLD,B01AQO16VQ,2.6573
A3C713428J4MJ7,B00L2F5P02,4.323844
A8YJFGILC2W38,B01FIJL2EA,0.46645445
A2EVKNQ71UULXI,B00N7K1BB2,4.527511
A139X5E4RN7SUS,B01EMF4FXG,3.0366054
A2U72WDAUX5CD8,B00SA5KFM0,6.176783
A24YALT0FFYFA8,B01HFTVMXM,5.2226014
A1D7CDK7HS68NP,B01FPX3VYS,3.6141543
A1FCMIVQTWHYH2,B00DLSTT9Q,5.5459414
AIH41FDX1K0Z4,B00FEPGGJ0,3.1670856
A22DD81HWADR6K,B016TG5V3E,1.6442596
A2HX0B5ELOPP5Z,B009DIU4EW,5.4118266
A3K4HYYXZFODU2,B00VOYNKM6,3.2504144
A2N1XSD82O6XTV,B006ECFWBA,5.601234
AV6ORIR1JV86P,B017HX13DU,5.381489
A37R3BNDHBIZTL,B014VPZHCU,5.2281394
A370VMDK3FZX5X,B00HI3MSV6,3.7751875
ASQNJGXL1BXWV,B012B68T6C,4.2354317
A19MXYAHMAC99A,B01EKPNQKG,2.6533499
A2YF0QVNVT7ZI8,B00KYWRUY8,2.5769944
AFC97KDPMJHXG,B01BJST0FC,3.2962732
A2Y7B4AASUOXM,B0098AUF7G,3.7752347
A1H10L6S9KZB2C,B017733NZ6,4.12221
A9M7TOUJ3N4OE,B00T0WOGTK,4.197333
A2S5EPJ451WL3I,B00K2BX8WY,2.8160105
A2B42XZI4MXOLX,B004VF69LY,2.5189943
A2UVR7N8WC5GYY,B01CSNZ15K,4.9397483
A1WQ920S5TIAWQ,B00LERZ5ZI,4.81344
A16E3LZGPATT2,B00X8YUF6E,3.8716712
A1XKTJ1XLTWLCQ,B00IRKQ08Q,5.110398
AX5NHGPX6G44A,B017099OS2,5.6591926
A36XTPY9IFYA5R,B00P8DE7YY,4.9080153
A18EEC1ENOT9YN,B00G05X52E,3.9955778
A26BT1R57DXMKD,B01FZP54SW,4.8378577
A2H44WVZS59KKT,B00Q102M5Y,4.655569
AUI3XAZ1513SI,B00PUSKH14,2.4682097
A2LSU90DNHL9CK,B00ALG6UW0,3.758183
A3AQZ5F9U6E9ZO,B00NOCBDQG,5.3517175
A20ISU7TSX8NIL,B01B2EYBIE,2.7514787
A3RDDEA1NKSMVC,B01ACLW2JS,3.6350164
A3A44JIMIWYFIE,B015BCX0OO,2.3428512
A2WDOEHN67OBYH,B01GQW4UQ0,4.0795417
A2EGLWRK7PCDYH,B00PBVRFUQ,3.4722114
A1OBQ5I31GW1TG,B017GGWXNW,5.134746
A1IFWIZ62O12OT,B00RZT2U5W,5.1392703
APORGO15GFK60,B0165I3WGY,1.3599223
A83C3F4X0U3ZW,B01GJA450A,0.61596304
A2FJLSKL2IZSHC,B00DNI7UE0,4.1399207
A2JJ1DXY0F6355,B01F0MF6KQ,4.723904
A916DXE9W36GF,B01E2H3M1A,2.2972026
A1JLU5H1CCENWX,B01H0IOZM8,3.7792706
A2I0ZBZOWPP756,B017DSORBE,4.0776167
A1DJY8WVWPJ2H8,B00LNJ4ABC,4.3704724
A2EGLWRK7PCDYH,B018PD0F9E,2.8631964
A3A44JIMIWYFIE,B01GYPQQRU,2.3428512
A1ZDSAPOGRGBJI,B00MD5VDNS,5.211097
A2FDDTPAER5DBO,B00KSFTUAI,3.271998
AZPNSCZH6LW40,B017GQDZWU,2.5516143
A3G7QPDLX3SDV0,B00KXJ69T4,4.5443535
AHNGMRN1V1LPH,B00BQMKC5O,4.298229
A2DIX1VZU1CNPW,B004YTT2OI,4.6074505
A3A44JIMIWYFIE,B01AXR6KDU,2.3428512
ADT3692HEYU4S,B00UAZ3JVC,2.582922
A16SH2BVYS9FL3,B01C4IAK5U,2.2514472
A2UJTG9XC4KISL,B00JNK590Y,4.1504188
A1NE9CRAQ0WUV,B00VW0GK1A,4.3890224
A1HHSUAQDZ1XM6,B00HBJ693U,4.593203
A2KZCKQSFWRJIY,B0174PTMU2,3.3399768
A2B42XZI4MXOLX,B013FJACFU,2.3916345
A504UK7D094HT,B00HTJJST4,5.8067183
A7GZXYEZ2OMLQ,B005UGMC78,3.7785864
A1SVKXS358TXW2,B0197OZW7A,3.3100872
A13J31ZJVVG2GY,B00V5T9A38,4.3328485
A2KUR0ZBNV17AA,B00T6N60XI,2.3236604
A25RC2LBHICQGV,B01348I31C,2.2760754
A2MK1L1Y74WTWH,B01E6DT75U,4.3196697
A1B88VE5O3J9CQ,B01E2H3M1A,1.9007133
A253ZKSZTAZ8W7,B00DCHAV2K,5.5807977
A13J31ZJVVG2GY,B00TYER2BI,4.323518
A2B42XZI4MXOLX,B01GBW546U,1.7700006
AICEEONZRFNJY,B01E2H3M1A,2.7019334
A3SW80W0MUWHAV,B00UT0VAD2,4.8008065
A1ZDSAPOGRGBJI,B01GDCDGL8,4.388286
A202A0SM6MHKMN,B01BUMJMA0,3.7089338
A1ERDA4ETW7FP,B011K698S2,4.145068
A245T0V8KVTV45,B00PRA4CUM,5.8991876
A3JVZY05VLMYEM,B01GBYFK1C,4.411138
A37D3BRKS7OO2L,B00OYWP438,5.3060994
A15EI56DL57DZC,B00XLS3FIW,3.9513726
A28JLVMZBALBBL,B01AQO16VQ,3.2557387
A1NE9CRAQ0WUV,B00OYWP6G8,3.9032083
A1KE19CDYIO2YN,B00TM8ROUK,3.1682396
A24H5TP8HNEKQZ,B005KV1EHW,4.474089
A3R3Q8YO6VB0N8,B01EQ2S2UM,3.3127518
A296HV17AZ10V9,B00OV9EXLS,3.7658534
A1W48IWJ8A610S,B007I87NW0,3.314046
A2TX3PH7TXFRE9,B00TO2TRV8,1.7113212
A3A44JIMIWYFIE,B00STQ6W7W,4.467011
A2NEC2R4PV553,B010PHITOQ,3.5318031
A22FAHV2R6BUVR,B00EWTMO7W,4.706448
A3N6TV5T5JSG7K,B00N00BM2M,5.159984
A1DJY8WVWPJ2H8,B00FP43PP8,3.0662098
A10JAUCIGVRW9F,B00IJFYICO,5.53775
A1CL3FS67LX1YW,B00TSXRDW8,4.125146
A1PMXOPB5EYC54,B016LQPHRM,4.6072516
A2BU8F7WVY26UA,B0104OFHEK,4.7540135
A190TSUIRJIFUK,B00ZAQOAXW,4.3620987
A137UEIU93IFEF,B009BQN3MQ,1.7251714
A1SH6H9ZY9AJV9,B00FW18W9I,3.5763488
A245T0V8KVTV45,B014GAK1R6,4.623293
A2VSFHELFF7ICE,B01CWZH814,3.1264362
A2BOKBB1IZA13L,B00VN6WB66,5.40217
A3OEKEUC8HCZ2I,B00DCBMEQW,4.087257
A2MR87VMPFNFJ5,B011HC6Y1I,3.7783637
A1JLU5H1CCENWX,B01E2H3M1A,3.7792706
A3526B1LCK47X9,B00JX5YROI,4.0322604
AQFF452SVDF48,B00H2ZK6FU,1.1115104
A2F2878HE7XOM9,B00JLHHYWA,3.9790235
ADUI5YISBG6Z4,B0177A1OP0,4.4648395
A38J1EW6EKAV0Z,B007Z4WSOK,4.9491467
A10AWAE0F6CAP1,B00O26GDSQ,4.4747176
AHMV0N47XOIMZ,B00CGFGS3A,4.7217016
A1W9V4O3GA6996,B015L2UR1S,5.2169385
AF85CAX5BR5IM,B00TGC71K0,4.9726157
A39N24TTLP6I48,B00LNJ4ABC,4.9572363
A1DWI3TBD5RZ4J,B00HIVDZK6,5.083078
A2U79NOE9VJQSF,B01AQ14XL4,4.294661
A2MD57B122PGJ1,B014BR4A3A,2.8197508
A3IQ0P3M39IY8U,B00MUW6TF6,3.584103
A25UO1J9IM3R5Q,B015T6EYEW,2.9079642
AOLHNMI8G8R6K,B00JTCH5RQ,5.109675
A1N5V2UJOC1BY9,B01EW6DERI,2.9648647
A2PZA5XB74EIDB,B00VGSN214,2.3438902
ATTQEF12BAZNC,B019S2I4HG,5.0253158
AK3LIR1TVZFVZ,B00PPFQK22,5.5384717
A2QEVQMB8B08UQ,B013R6F8CS,4.9935546
AT8FSIABOPFMJ,B01D28JE0I,3.9578948
A3J9BHGK55ZPJO,B00TBTC3HO,4.558495
A2K3C9H73QW8NK,B01BFYBH24,1.8685404
ACVNKHUOX3QWU,B000JMKRTI,2.6286335
A23SB7XAREYGF2,B00Q9QAF9A,3.3576994
A3IQ0P3M39IY8U,B00RZT2U5W,4.289448
A1YZCADBVKWC9X,B01C8CLGR8,4.615179
A2DUM12AUHUHXM,B00VOYNKM6,2.2828922
A2NLY1TJ8TYV6D,B019D7D3CC,4.2032847
AA9PKGS1AJS9V,B00RJC1NTY,3.4011345
AK56P9TMUDM8F,B0165WFUKG,4.8661933
A14CRMGM3ZW3SP,B01G94M7XI,6.1884747
A2V85U4LG9CNMC,B00TECTTFC,5.9410424
A16N88TMHMXX1F,B00U9I7K6U,3.8780847
AXOY11IDEONHE,B01GSRNLOK,3.2771082
A2Z3DQ7P9JYRLG,B00ZNE45BS,3.5609007
A1J0R4BQMKXZMF,B00O26GDSQ,4.1142488
A1EHES82IVVS9C,B01GBYTK36,4.8147593
A2LAII96I1O1IY,B00UDQTS40,3.6349206
A2PSERVP2IKZDL,B011IXZ6KQ,3.8149242
A3FOL8CN5A1TFR,B00LI485VI,4.9893384
A414YEU57FUHJ,B01C8CLGR8,5.1410537
AQ9REGZ6HL9AO,B016TG5V3E,2.866516
A1W49O3LYZ8GI5,B01CXL5YV8,3.4353576
AM9YOCRU10IXW,B00BOVLVCU,5.0958486
AS09YZV00HGLO,B00K0YPPME,4.2106757
A2LMF4HG470CNF,B00UZM2O52,3.409361
A3V9J8I5FHAH19,B012FAXT0U,3.6034665
A2Z3DQ7P9JYRLG,B00LZA6C88,4.3968577
A1FHWVQ0ZMFFQK,B00CP7M572,5.1891065
A2O37WEGGS6NF,B01GZ7IMJC,4.6671076
AEO8TLBXYU569,B00DRFQRIO,5.1325364
A3P2ROGJMLVZHN,B01AJ6SEOS,3.1735024
A23ID71VXIBR8T,B00W891R26,4.3711085
A2S5EPJ451WL3I,B00L2F5P02,2.7148542
A1LUNML2IDLSLN,B01GJRQKBK,5.0331435
A31G4MNGZNYSZI,B013QFWB7K,3.393239
A2RO8I1XUKKUU7,B01GGNXFEW,3.3328815
A1F41PH89SL6JB,B00PG3NQBQ,3.5513558
A2RD5P62OJNH8C,B01HFTVMXM,4.457764
A13LERNQ8R7267,B01C9B2R5S,5.0667057
AHMV0N47XOIMZ,B011TI8CTW,3.952055
AZPNSCZH6LW40,B01ECOIDHQ,3.1297636
AUII0MVONK1A1,B00PMH3R3I,4.98531
A2PJCE1T0AXDD3,B01BHE3H1G,4.3758144
A1LL39K926QN1V,B015TWRVCS,2.9042964
A6ZT9EZ49JTEL,B01FLJUZ0E,2.5191169
A2LAII96I1O1IY,B00XAGLZWS,3.3184023
A202A0SM6MHKMN,B01HF6OU70,3.50808
A2Y7B4AASUOXM,B01EDDUAFE,2.9342508
A3DA91KQ8UQ76Q,B00V8L0G5O,4.8889194
A2OAWG4ETZ7MQD,B00PG8UCH2,5.1753
A12E7WMO5NX1Q6,B01ERZFFSK,3.746416
A1K69VHP8LH96J,B00JNK590Y,3.7427444
A1W49O3LYZ8GI5,B007PX6I10,4.222871
A23TQDWMUA4F6Y,B00U48LBZQ,4.541159
A16N88TMHMXX1F,B019OYETT0,2.741776
A1630ADTTI0JLO,B013FJACFU,5.6841826
AVNS35OHR3D76,B01FRK7VO0,2.08248
A2S5EPJ451WL3I,B00K395P12,3.4080458
A36XTPY9IFYA5R,B01B6WT11Y,4.6977563
A63YNBWLO7V18,B015V0AKSK,4.819062
ANKDQ12BPX6Z3,B00DRF2602,4.024849
ABTPG9K6K74W,B00MIH3P0U,2.2372704
A2QROW66DKI83,B01D0HVU76,4.744589
A3GWE80SUGORJD,B018CHA2KK,3.2477021
A10Y597K071WTQ,B00PQWJQGG,5.3756323
A3JVZY05VLMYEM,B010QZIGBI,5.4764266
A1Q8VGN4CN0JHT,B01HBTH0VO,4.3333993
A267QVSAPZCRT7,B00N12ERCG,3.8327794
A2V8X8MTCE868O,B00M3GWXHW,4.154139
AVOPHZPWGEODY,B01GM4MH6C,4.79162
A1OKS5Q1HD8WQC,B016WK3XZU,4.0738387
A1HHSUAQDZ1XM6,B01EMF4FXG,5.673418
A33JTEMYGCO69V,B00SEFGTYO,4.5615172
A3GEKHTOCDSCBT,B00D2Y3BFC,5.016269
A26V5ROE0OZCDA,B013QFWB7K,2.6184916
A35TIIYV9908KE,B0118DAWR8,5.134173
A3J5KG672GNB99,B00N9RT7RS,4.2583942
A1LFIFPYMOJ8RV,B00JX5YROI,4.493527
ANS3TWQTZLXGN,B01A4ATX4E,3.4484525
A1I96OYAUJ3HQE,B01HCB4LFE,4.0735254
AQFF452SVDF48,B014C5K4WC,1.1115104
A2QBQRIM4WRRG3,B01BUQM4BU,2.949377
A257TD5GO1T81W,B00F64A1YK,4.507019
A3IQ0P3M39IY8U,B00YQBSEKW,4.092009
A3DVGQZY2MBA87,B01GM4MH6C,3.7924833
A3LR0J8MJ3Q6SI,B00O26GDSQ,4.5889564
A2539ZDDALTYR7,B007J4A4KQ,3.6375809
AIKGKUGNQ6L2F,B00LKNP8DU,3.7554054
A2MK1L1Y74WTWH,B018F6H3U0,2.399291
A1E29AF1LT9N6S,B00JUV8JPS,2.2282314
A10C3068FTNIOC,B00UDQTS40,3.9159865
A2PQ680TRW8JFG,B00YQBSEKW,3.5331187
A2EGLWRK7PCDYH,B00N57TJZW,4.642129
AX7QPL1UI24F7,B01EMF4FXG,4.017202
A2TWXEO3YM4OAP,B0070JOQHM,4.2567153
A36I3CE9A5LP9N,B009YLKRAO,4.6061172
A12RUNSGFAZFE7,B00R1XYQYA,4.8929887
A3CYA250L0DABZ,B01A9BTUBY,1.8664707
A1ZDSAPOGRGBJI,B01BA8ZTBA,5.039787
A1121LU5RSP5CH,B0197OZW7A,3.1395116
A2PF014MHWXCT5,B00CS74GE4,1.9878274
A1MIXHFSMNEE42,B00DIJMJKO,3.9776607
ADT3692HEYU4S,B00QOMN6JK,-0.48904443
A1YAIBG1N7N5VV,B00HZ3NG74,4.855916
AQFF452SVDF48,B019B6TWFC,2.450275
A1HHSUAQDZ1XM6,B004YDN934,4.5660706
A3C713428J4MJ7,B019DZKCTQ,3.00274
A222WQ9VGVPSR5,B01EBXU2TK,2.9559793
A1L9DJQ5BS13S9,B010C0Y77O,5.127509
A10IXICTN64ZSV,B015B839PS,4.6660724
A2LAII96I1O1IY,B00R6K0JM6,3.4812584
A10JAUCIGVRW9F,B00N7K1BB2,5.566652
A1D427FYPTSWR0,B00SO0DWK8,3.0086489
A2826FTZACYYNO,B017J556C0,5.046783
A1NAXYNAOGJIGN,B00CCVVKMW,4.2275496
A2MK1L1Y74WTWH,B00UGG43UQ,3.0513816
A2Q439D72KOQME,B00E42TZQ0,4.81067
A1FREKK8605YKK,B017RUWG84,3.1663895
A2RBLZC3MJ5FNM,B00TYYW7M2,5.204495
A2D9S6V1AFXOAO,B00TQ8W4KG,3.2346182
A13JQT6036JF,B00UY3LLY2,5.107964
ABNZCEB0CF7MP,B00KEFZQ14,5.0722356
A27OS7Z94VXCYF,B00T6HTTZK,4.055089
A13J31ZJVVG2GY,B0165I3WGY,3.8332286
A3L1Z0R3ZB2OFU,B00XST7U3U,3.182692
A3A7FF87LEVCQ1,B00L0LQCQ4,3.2098055
A3YPNGXQCY94U,B01CWZH814,3.1403217
ALGAUZSEQQWI4,B015BBZB1K,5.658337
A3J9BHGK55ZPJO,B005JVSU2U,4.3372903
A296HV17AZ10V9,B00G0TI2I2,4.1516347
A7GZXYEZ2OMLQ,B00GRAZD3G,4.1074433
A37P6T3YZ8KY2F,B016XEZDB2,4.5060115
A15Q5MVRVBMKW7,B00F77FFMO,3.3631778
ALGAUZSEQQWI4,B00LKRDIUG,5.4638605
AL4D6OHMS2Z9P,B014RCH66M,4.4442897
AXX9S5UGOEZR9,B00LS6MCMY,4.4592013
A3SMTE1XV2GC78,B01AQO16VQ,3.7354627
ASUZ2V9ZK5DXS,B00NLO7O38,4.7136106
A137UEIU93IFEF,B01CIYUPUK,-2.600016
A2UJTG9XC4KISL,B00TWUUBUI,3.8704515
A3RR4H0D4L9HYN,B0095LNU3O,2.950191
A19MJXG060UDTA,B01EMF4FXG,4.3682914
A1DF6JO4KFE5X1,B01F18XC50,4.002868
A1JLU5H1CCENWX,B01CBM44Q0,3.7792706
A2MR87VMPFNFJ5,B00EWRZG5Q,3.5300312
A2RBLZC3MJ5FNM,B01F8PWUWW,3.6016264
A23V31AXVPHVJV,B00RUSH6IE,3.4396
A38TZJEVGI7OJN,B018A097LO,3.868525
A2PZA5XB74EIDB,B00T8A4H0M,3.892169
A2RQ5IRWRU0TVO,B00LLSZDOI,3.3322597
A1UH603GXL3ER2,B01B0QXBA8,2.688909
AZFENNBSMN980,B00KDJNAIW,2.2813683
A1AMO1E4FMSUQA,B0104EOJBM,5.463444
A2A1U239S7ZVL1,B00F8KSVAS,3.8431287
A1WKQ3TEEAOTFH,B0189PJNM8,4.904472
A1DYMH30TSRONY,B00X2FDZKW,2.684146
A3P43CX5G4GR7U,B01GZ7IMJC,2.6836977
A3VJ8H6PYWOP1C,B01GT44VLO,3.4807434
A16TE56LP5NUL5,B01CBM44Q0,3.3324747
A37KLLG8DXL5J7,B01FQ57CRC,3.6636968
A296HV17AZ10V9,B00TBTC3HO,3.0948353
A1AMO4S4I575LQ,B00L8LCAJY,2.6329432
A17KGW8IYD63JR,B00S5Q1W2G,4.0119634
A28KZIYDZQRGGY,B0174PTMU2,3.5559268
A3DJ1IVSPDTMW5,B0150C55HA,4.446821
A2XKX0EWBR2ZT0,B0141FEF1O,3.3591094
A1A43F9O4PEBU5,B0116SLML0,3.967465
A3MTU1QAMYEAX3,B00NB3LMEG,4.644549
AVNS35OHR3D76,B00RJG95M2,1.7585491
A1JADDWR1H3M0I,B0118DAWR8,5.2054486
A24Z79OS5VQA7Y,B01GQE49E6,4.387774
APDBYAGNSIIXZ,B01E2NULD6,4.724244
ALUG4B13HWSBF,B01DRKRODK,4.2548146
A1GXJZGFR0BPJH,B00T3FLMZU,3.9086094
A326085M0DK10B,B00IU69PTI,3.5832305
A3LK5ALS0KX73V,B00QMXXG3C,4.0260415
A1L30W7022M9Q7,B015BBZB1K,4.1301885
A3FA93L7JWESR,B010ORALRK,4.5958467
A2XRKQZA534EWO,B0184SY5IM,4.7944646
A2KUR0ZBNV17AA,B00DGYKGQ0,4.3806276
A29Z1G9N7ZVFU5,B010W9HEUW,2.5078244
A15VZ8KA1KH8ES,B00TBTC3HO,4.3506637
A1ZV5XBKG7RVZU,B00LE4Q370,3.809218
A2S5EPJ451WL3I,B00LS6MCMY,3.2373748
A2V5HEEE7YLXMI,B00CIAD6UQ,4.5971885
A18LI83Q1F5DKU,B00LAKB87S,3.162826
A15VY7B7VJ3UNY,B0104EOJBM,4.2374525
A1JLU5H1CCENWX,B01CYTLPPI,3.7792706
AV6ORIR1JV86P,B01E7HPRT0,3.011403
A2L15MBNQU7O6G,B00XWCHNIU,3.352014
A1D2C0WDCSHUWZ,B015BIHKH6,4.367734
AGCQUDUCJRV0B,B00V50VSUU,3.517972
A33ULGLKE24W5N,B017RMOW66,3.2353573
ADUI5YISBG6Z4,B00LMIWFUW,4.5664735
A1WK64OV93G9TA,B00O6HCBNW,3.0974436
A2PZA5XB74EIDB,B01G3UFLMM,2.361261
A281NPSIMI1C2R,B00O5KVZEG,2.9794073
AV6ORIR1JV86P,B00YAVNORQ,4.4295073
A2FCH654FN672F,B00RY4ZKZ0,0.9219543
A1XLO4OQO7SF3Z,B00O8CFKKG,4.1796365
A2UNMDJYXPEQZ3,B010GTEQ9K,4.6501994
A7GZXYEZ2OMLQ,B00Q5OG0RM,3.3506327
A2BOKBB1IZA13L,B00HTJJST4,5.790314
A10JAUCIGVRW9F,B005CM1S02,5.5270457
A24NC3WOFW7LHT,B00SXNYCU0,3.9677067
ADT3692HEYU4S,B00XIHMD2K,2.5728235
AZFENNBSMN980,B01BRFLLPO,1.3912336
A369BMHORFPL0O,B018A8EDV0,4.272294
A16N88TMHMXX1F,B00LHDANFG,3.9904008
A2B9C3FMYW18UN,B01CT5K792,3.7800436
AXX9S5UGOEZR9,B01BFYBH24,2.869803
ASR774IIR8VN7,B00BPTTFOW,3.8062057
A1HHSUAQDZ1XM6,B00K31DCD8,4.8625283
A36N7KTS8JMR4L,B00XB6M0OY,4.495551
A27OS7Z94VXCYF,B00TO2TRV8,3.8123212
AX59HEWTONQ1M,B005GHQ9IY,1.6181659
A1NL7G5VN45RDW,B01B0QXBA8,4.502366
AZPNSCZH6LW40,B01FQ57CRC,1.9725848
A1XKTJ1XLTWLCQ,B01D2CC1EU,4.6443906
A1E1IGWRW974JG,B01AXR6KDU,3.2610822
A3E1OKXRVUNNU1,B01FQ57CRC,3.695868
A7W8CXJOH3UNV,B010C0Y77O,4.4608083
A1IE93W5OH9MGR,B01F5KX678,4.130688
AQ5HSBPNASYIG,B00TECTTFC,5.1113
A1EPVSC849EI9R,B00P9RVW5G,1.8679699
A326085M0DK10B,B00L2II2AY,4.097008
A3COJHCMSKHOES,B01AQNZQF4,3.1529613
A1XJXYKOWCH9XT,B00FQAQQ9I,2.4827676
A1LIRBJD5ELW5Q,B01A1WX2ZG,1.9620668
A296HV17AZ10V9,B00AXTM8G2,4.4632716
ARF6JCH8L8ANV,B00Q5IJ55C,4.0195127
A3BTRKXD03KC4F,B01B55MQ5K,4.388873
A2GO4VWZWTL7ZC,B00MQ20P28,4.9250784
A8RL5L4BJTEMB,B00XIHMD2K,4.783094
A3PVBW0TN46U8G,B01B5BR1KO,5.49521
A296HV17AZ10V9,B01HDLC4C0,2.5879712
ARWMPJN499ZJ,B00LZA6C88,4.7868905
A2M1QYOWLBGRHT,B00XLUEMYQ,5.00167
A1E29AF1LT9N6S,B00BWDMEBC,0.61610407
A83C3F4X0U3ZW,B004ZM8O3O,2.194487
A1NE9CRAQ0WUV,B019KNRPU0,4.1310163
A7M73HAH815DM,B01CMYB5CI,5.7000995
A386CNLWZUF3EH,B00YO2UO9M,1.8846122
A2MEKYD68X8R8H,B016XFRQMA,4.116776
A142HAT43L5W4W,B01GYPQQRU,1.3097199
A202A0SM6MHKMN,B00GUZ195O,3.3429537
A219Y76LD1VP4N,B00LOTFY1Q,3.2886372
A22B7J3YC4623X,B01FBZXSI4,3.378244
AF7IKL1FN52K7,B015BCX0OO,3.1664147
A27OS7Z94VXCYF,B00ICTUW6I,4.0201306
A11TXTVCFT246T,B00OGOBL3Q,5.716492
A1NE43T0OM6NNX,B006RNBI6O,3.0397358
A6ZT9EZ49JTEL,B019LZJ5H8,2.511788
A24KZL47I6CH4C,B00QQOX6LY,4.0357385
A1LFIFPYMOJ8RV,B00VN6WJFO,4.1499434
AK3LIR1TVZFVZ,B00MQ00LEM,4.113037
A139GUSKBRWPIT,B01CDN543O,2.492114
A3SJW9YR903G3,B00YN6XHMU,4.4537315
AS68HOKD544K6,B01FB6YRH4,4.2403836
A1UH21GLZTYYR5,B00INIXG66,4.674436
AJ80WW1T5KJIC,B01324YJ8Y,4.6915464
A1LIFH8XF44LMI,B01DFJLD62,2.7737274
A387F6OFDVEDZT,B00CW44YIQ,3.615985
A1F081M2MZFBQ3,B00TYV0WSG,5.443087
A3AM6MXENFRF3G,B00NLJHSQ6,2.021319
AQ5HSBPNASYIG,B00KVQZSF0,4.3965044
A3LH8IBNEFV1GZ,B01BN5LB7Q,3.3978782
A24PEXYGCID15Z,B00WBMKEII,5.243938
A1LBXPSSVZVIM0,B00QNZGJVA,4.3345857
A26GE9ZG68SKIQ,B006R7FXFW,3.8230057
ALYI8YM90TPD1,B00CJV6N0Y,3.5183907
A17EGVTXRDFTRS,B017ATNDY8,5.150541
A2989UZHTNXKM9,B00RSQSZVU,5.849688
A2ZJHEB8K8JZR3,B017ATNDY8,4.1539083
A3BPKT9STRWWQG,B019YNUPFI,2.9801207
A1K8LHF6NILUG3,B01GZ7IMJC,4.49509
A1NE9CRAQ0WUV,B01AAXMLVW,2.4450397
AJUCQMDI0QA3I,B01BRFLLPO,3.4332108
AJYEWC922WUNC,B018CHA2KK,3.517263
A2B42XZI4MXOLX,B015JQUCU2,1.8543135
A1VE539RO5061D,B01DN1BLKK,2.0618043
A10DX94ATZQEFG,B007PR34G8,3.1619802
AN5L4HOQ6ZZOP,B005G7ZFXY,5.5497394
A26KWG162U8VBQ,B01G5Y6DAA,3.2046742
A399P4ZD91MS1C,B00H62TMJA,4.047775
A3FO728397JFZP,B00SZDH08Y,4.683156
A3VE7N2XUI8C3K,B00UJEGURO,4.293861
A1DWI3TBD5RZ4J,B01DH6EQ9O,3.4554992
A8A49ZBLUK9BQ,B00LAKB87S,3.3829312
A3DQFF08361SM1,B0192UONPG,3.908146
A1CIS4LOWYGZGA,B007MIITQA,3.8561444
ATZOHBDX5VNKJ,B00PUS8AEK,4.624779
AUME0VNK7J2MP,B00QXFNP62,4.206768
A2N0V6GUH28XMN,B00KE8RLV4,3.9484735
A37Y75XN6SY5YL,B00BWZAC6E,4.3533583
A7HZKJID44JZ3,B01BO68BBI,2.5821133
AX746FITV1G72,B01CERDE8G,2.0681543
A3QU0T2MAJ2VJM,B01CW54QN2,2.9052176
A2BU8F7WVY26UA,B01DJWPF6Y,4.4099035
AZD488SA9QMYF,B00P8F4RL0,4.2387223
A2PSERVP2IKZDL,B01HDNEFGQ,2.9447737
A2MR87VMPFNFJ5,B00G8UKDQ2,3.1362443
AQ87G02DO56Z,B00RO7302W,3.6804013
AXX9S5UGOEZR9,B00H3HRWDQ,4.398544
A26GE9ZG68SKIQ,B00LVD00H8,3.037572
A6ZT9EZ49JTEL,B00H86G7JW,-2.600016
A2ESCA4MLAK1QF,B015BCX0OO,2.685369
AWG9YC0S5ZXRQ,B01H62L5GW,4.4086976
A1V9310YS86T7M,B00TI0T5IQ,6.4401546
A30DNZQPIYZ6KX,B019KLR688,4.954629
A3QY3KER34QGCS,B00IKKZTPI,5.1440544
A322AOTMV72JED,B016LOWN3K,4.0461326
A2F63GO7VQCMJ7,B0190HN0DM,3.1288323
A2ZJHEB8K8JZR3,B0165WFUKG,4.186024
A3G31IWKH9ALT3,B00ZYX46P8,3.6063142
AHMV0N47XOIMZ,B00CSBQ5YO,3.6049728
A1NE9CRAQ0WUV,B015AF419U,2.969973
A2H44WVZS59KKT,B00R04OX3E,3.8672671
A6SR7U2PNGN0N,B00U9WZPFY,5.002943
ASUZ2V9ZK5DXS,B01FOEQRNA,4.0401587
A2DIX1VZU1CNPW,B00LYD3TZU,4.3030667
AGT5F6R7R53LR,B00JS7CSVA,4.8938537
A1V4LZS4HHHH6K,B00VOYNKM6,3.0804482
A26V5ROE0OZCDA,B00H8TBQCC,2.091529
A1HB17E2WYXZ7J,B01CBM44Q0,3.106326
A1V4LZS4HHHH6K,B017RMOW66,3.0804482
A134C9GVEU5TQE,B00TOZ9EC2,5.477627
A2K057YIAJJQXS,B00X8SCJCS,3.3841553
A23SB7XAREYGF2,B00R0SMBXY,2.0699015
A287J5FTWL99W6,B01FKDKB96,4.7952585
A2B9C3FMYW18UN,B00UGEZ5EQ,3.869793
A2Y7B4AASUOXM,B00AVQAFKI,3.2706509
A10AWAE0F6CAP1,B01BRFLLPO,3.1707592
A23GNQPTX5CJIF,B00SWMCZWE,-2.600016
A2OHRT539LLCUN,B00GBFJ1IA,3.5886998
A2RO8I1XUKKUU7,B01C7NYWBK,3.5441027
A2XH6KI5ZLRLPS,B01HB97HVC,2.8916001
A3JTJ1E8NK7DH1,B00L0OKIT8,5.1628366
A1KRKONSKSM8FS,B0168RN7ZS,5.0199018
A1XKTJ1XLTWLCQ,B00CNVVJ68,3.87646
A0020356UF96ZV361ST,B00H6VZ0SS,2.9354272
A2B42XZI4MXOLX,B01A5CT9X6,2.3409371
A3OA2NNV9REWOU,B00DLSTT9Q,5.572613
A2EGLWRK7PCDYH,B00HTJJST4,4.168617
A3T5H007CVA99X,B0122DECEW,4.062838
A3CYA250L0DABZ,B00OJFOI1O,3.0052934
A1I96OYAUJ3HQE,B01F2WTGFK,4.097113
AG63N054UPJH2,B0057QO8Q4,4.962926
A2RWL2UG5PAFAZ,B015BH04E8,4.29549
A39CVMK2ZKEIK2,B01C1VAR5S,1.9180101
A35M5NTEVHKVB,B00O7WX2WA,5.163823
AJL59IEBNETQ8,B01A1E8WO0,3.9838881
AST0YDHJJR65Q,B00C0D2MAQ,3.9742951
A17EGVTXRDFTRS,B00J3GS5O0,5.739064
A1KRKONSKSM8FS,B01DH0L20G,3.9467187
A2VTPPOUWOT9AB,B00NZGCO6O,5.697204
AHF5R86S1Y6YK,B01DRXCPXG,3.2054882
A2AGAA1B2ORZW0,B01DRXCPXG,3.3970485
A3JHMDPDDFUSLV,B00JTDZ1YE,5.4215727
AV6ORIR1JV86P,B00R6K0JM6,4.0201397
A3L8F13NKUQHQ1,B01EDDUAFE,3.1652884
A1CLGNWRCE4QKB,B00K7T1BW0,2.2908473
A3SQGNV2O7WZEP,B00XAGLZWS,4.755323
A26V5ROE0OZCDA,B01HCB4LFE,2.873066
AQ87G02DO56Z,B00CCVVKMW,4.4624705
A2KVGS0V3LJKA3,B00XGIEM52,4.0680575
A3ECPZ9TMT03MC,B01AQO16VQ,2.8249993
A1FEZ774RWJOU,B004WSQNBG,4.5539637
A1FAJ6G0KD5ASM,B00V5T9A38,4.2422967
A3QGQPGW6PSY46,B014HMUXUI,4.3931603
A238ZC3TQJC8V8,B01D24C6VQ,3.7864313
AXMNLUJHA9RG7,B01BN5LB7Q,4.073773
A504UK7D094HT,B00NY7PPCY,4.9704595
AHFKFSBQJGO0R,B01DP92DG6,3.2499409
A2QM4ZF6N1SI4S,B010W5GLWI,2.4247293
A2JFYV4GVIMPCQ,B00N1BXC8C,4.7747064
AMUH4FGZCFJFF,B00Q6YLPJ4,4.6262245
A23SB7XAREYGF2,B0050YUL0A,2.0114903
A10AWAE0F6CAP1,B014LZJVAE,4.501438
A1Q3SVFIAWX5YN,B018CLWNS0,4.3156
A2HZ6MGQ6TPNO0,B014HI58O8,4.30479
A2SHWMWTXZLIR9,B01BJXQMW6,1.1950699
A29V7E1TFYXKJ,B00L6O5EWI,2.566924
A1XRE1S3BLHK3X,B01CEUZT8G,4.0083065
A3RR4H0D4L9HYN,B01DJZ7G5E,2.950191
AX0ZTNX6KVJ40,B018KVO970,5.0506177
A1LEP3FM28J5RB,B00HVJNAXC,4.946768
A18EEC1ENOT9YN,B00ZOL1DRO,4.6074395
A31M3IJI2UTC4Z,B00LKNP8DU,3.7058797
A1DM1NR2C770LX,B00NWR78L2,4.3854403
A3LNU5OKNIZV21,B0092PUTZK,4.604955
A1FUH1O6FCTUYG,B01H0UI0QS,3.5214386
A2NDDUI5L26D3Q,B00OE67LVW,2.0085917
A2CRXKJCP51LQK,B001BXNQ2O,4.1346207
A1UH603GXL3ER2,B007Z4WSOK,4.096898
A281NPSIMI1C2R,B00SEOFREI,4.786214
ABGK3RNJSLQ38,B004W9BX7Y,2.5971904
A2AGAA1B2ORZW0,B00X8SCJCS,3.8517127
A30V9M9DZW8SFU,B01B5BR1KO,2.1005425
A2MR87VMPFNFJ5,B00TZ8TK54,2.9416223
A219Y76LD1VP4N,B00LAKB87S,2.8488135
A1DC00T32U26HC,B00JRDGZN2,2.2105203
A2OAWG4ETZ7MQD,B00ROILZ4Q,4.7159925
A2M1PNKPRUCQYL,B019VTO2P4,4.612368
A3DJ1IVSPDTMW5,B013QFWB7K,5.272582
A3N9UT7F50XA6L,B01F2EXCF8,3.3066688
A1HLSH6U9OL29L,B013FJACFU,4.3645186
A2RYT2UPEQXUAV,B00ECBS5OQ,5.0993323
A3QMGINSU2LNTI,B016WQR86Y,3.665708
A1CPMEH6MMCRRZ,B01B3TZYMA,4.761386
A1II0RYMSPUJLK,B00INIXG66,3.3016715
A6ZT9EZ49JTEL,B01A03HKFE,2.3676872
A6ZT9EZ49JTEL,B00HWI04XQ,1.5169146
A33R5UHQ3TKZGY,B01CWZH814,3.1656008
A152EA7ZPCA1Q8,B015Y80IGS,3.6050615
A1G7VXXXLTJX9R,B00JUENQN0,3.9961553
A3KXFW4C4RFNQS,B01864DDVO,4.929771
A3JVF17MIYLTOO,B01AQO16VQ,2.5143986
A24NC3WOFW7LHT,B00MX7NP1Y,3.4996924
A11N6ZJPEMVHYJ,B01ACB72TS,5.3783484
A28U98HYYE5DR1,B00DRFQRIO,4.7229342
A3R3Q8YO6VB0N8,B018496LH4,5.474884
A2VSFHELFF7ICE,B01BRFLLP4,3.1264362
A12RUNSGFAZFE7,B01GF9OSI4,3.3044538
A3A44JIMIWYFIE,B01G9F1ED6,3.7846198
A36I3CE9A5LP9N,B01CRA0U2S,4.9947934
A39ZYWIQBFN97Y,B01FRK7VO0,4.781074
A2KUR0ZBNV17AA,B00HRGXNQS,4.553589
A3G7QPDLX3SDV0,B01B3G5Q8K,4.897145
A3UV7BV3U6NA57,B016OR83AG,3.7023249
A26YRCLOTDIL0P,B006JDEK0I,4.6114016
A3HTBON5N1JCFE,B007Z4WSOK,4.4598823
AUNHIYLFWWHET,B01GYPQQRU,2.7527256
A1RRMF5XW5NZDD,B00VTY1WNA,3.8035374
AJILFNF25WNUQ,B00QIQNWXW,4.35549
AGMQ9C1XHNL00,B01BJXQMW6,3.996839
A1A085EGL86PB,B016TG5V3E,3.0676713
A2YF0QVNVT7ZI8,B0134EZGY8,2.4453907
A3KFTHKGVC63SL,B016YIRT9Q,4.8420053
AX6RWLTHRQR7,B00C2WDD5I,3.2163658
A2MEKYD68X8R8H,B00GJEDKHQ,3.494916
A1E29AF1LT9N6S,B00QI8BV9W,3.0460544
A238ZC3TQJC8V8,B016L3NOIE,3.8149877
A1CLGNWRCE4QKB,B019YNUQ0M,2.6868849
A2RCOVCHY5RQN,B00TWEMG5M,4.52494
A2BOKBB1IZA13L,B00LE4Q370,5.3962884
A1ZV5XBKG7RVZU,B014VPZHCU,4.787973
A2HZ6MGQ6TPNO0,B00QSE28XO,4.8709474
A11TAGIXNN10QJ,B00LEWYNXS,3.4202657
A3E4H5A1X8NJRR,B00XLS3FIW,2.7793808
A2PFNDDKHOOMZU,B01GYPPMNE,2.6854715
A10AWAE0F6CAP1,B016HFRV3A,4.619189
ALPIN1ZX8B41M,B00GNQW24W,3.8260303
A2FGLRWU445AQ7,B01G5Y6DAA,3.7787185
A2LAII96I1O1IY,B005QYXU1G,4.0447454
AUJKYWUK14BZ2,B00OKI1JNU,1.3332828
A2V06QC9Y4ZL0E,B01H5MF0JG,4.7227397
A2W4IP12GM8NMS,B00OM8OBJW,2.904881
A8YJFGILC2W38,B00ON8JVP0,1.4722183
A1XJZCJTQFEU8D,B00MQNEQ7C,3.6304498
A1OKS5Q1HD8WQC,B00E5UJAIO,4.2269244
A3J5KG672GNB99,B00WP6ZKDE,4.5505786
A369BMHORFPL0O,B00CGIEP00,4.3151803
A296HV17AZ10V9,B00Q6YLPJ4,3.3904543
A3H7J5POTR9TZW,B00JCFMXHW,2.1518497
A2KMV056844YV2,B00SWBZQSA,4.0934987
A3FCTV8S9RM34G,B00R8EKHVS,4.0249257
A1TWV867HVZ60,B00K5YPHDQ,3.6462207
A1D7CDK7HS68NP,B00YN6XHMU,4.127369
A36N7KTS8JMR4L,B00IX2YORW,5.5034566
A2XIP6NWN0J2QC,B01EB1AHCE,3.9631248
A3QY3KER34QGCS,B01GGNXFEW,4.498839
A11B4CZH8ZB9QQ,B00BD63EIK,5.4720306
AGGDI4VWPPZ6J,B00L2F5P02,4.076759
A2XKX5TBB6WV00,B014VPZHCU,4.4097905
A73IK4VT0XZS6,B00E37365C,3.6715903
A2YF0QVNVT7ZI8,B00M3GWXHW,2.4637694
A3B6PBWQBQNHQT,B018UQNDOK,3.412046
ANXBIU1HP7BJD,B00PD8LQ6G,4.9995065
A2X6LA6IS2C32K,B016WNZI78,4.7695355
A3CMIEYL0TJLC2,B00VF1NZFU,4.067013
A2S5EPJ451WL3I,B00UJEGURO,3.2811766
AXVDFGI9OEIVK,B018RKHYMQ,4.8136992
A1UH603GXL3ER2,B01HCB4LFE,4.4354954
AU6XF9GE5FTWK,B01BQ00CAA,4.242415
A3A44JIMIWYFIE,B00R5219XI,4.4347887
A1YZCADBVKWC9X,B00SJ7LQ9K,4.7695093
A1B5MN8PY0JIJQ,B01DJCULZ4,2.0626712
A3IQ0P3M39IY8U,B00YDXJ74K,4.3379693
A1KP314KHCR7AF,B00KNGAX0I,4.566422
A222WQ9VGVPSR5,B00JZWDC9K,3.7916331
A235UMRMGXAS15,B01GLZ0V6K,4.728912
A3BMLG97SSIKN3,B01EJ2BV0W,4.8955646
A1JLU5H1CCENWX,B00VOYNKM6,3.7792706
A3Q9NLTF7JA3ZD,B0104OFHEK,4.735908
A3A44JIMIWYFIE,B00W7Y9VQG,2.3428512
A2JBZWC5IY0AMG,B00OAN88H0,4.148842
AT8UBQ1GJ5TX,B01783W2SE,4.350289
A3V9J8I5FHAH19,B00XTEMJR6,3.2447624
A31CZW8SHN9PTX,B018DK6LM4,3.1255908
A2UAPFRQOHUFS4,B016XBDENO,4.149075
A137UEIU93IFEF,B00GIZYMVY,2.290102
AUJKYWUK14BZ2,B016PKYGGC,2.5642104
A1H10L6S9KZB2C,B01BO8423M,4.7246013
A2KVGS0V3LJKA3,B00MT3H1VC,3.927165
A3T5H007CVA99X,B018496LH4,3.2722793
AXOY11IDEONHE,B00N05R39I,3.7840075
ATZOHBDX5VNKJ,B01AZQIXWU,3.966537
AMUH4FGZCFJFF,B01H173WKO,3.7651615
ANEZJAUOG31MG,B01FKDKB96,4.9029603
A19T1A4TS1WHOZ,B00CLYSN4I,3.1709957
A2MEKYD68X8R8H,B019E5Y462,4.0700974
A3G7QPDLX3SDV0,B00K9W0F9A,3.5554724
AQR5TV897ZGKZ,B00ZOL1DRO,3.9461894
ABNZCEB0CF7MP,B01BHE3H1G,4.502604
A10JAUCIGVRW9F,B019JNY9GO,4.236834
A2NC35OEWK4HE9,B00QDHXL5A,5.2123075
A1NE9CRAQ0WUV,B00CRFHJAA,3.7512245
A2MEKYD68X8R8H,B014JSBJJ4,4.4858346
A1LIRBJD5ELW5Q,B01B9U2H50,1.9620668
A2FGLRWU445AQ7,B01HDF9IKM,3.7787185
A3Q4VT0R8O8RSE,B00XRRAWYM,4.041202
A2LAII96I1O1IY,B00NLJHSQ6,4.012346
A3H1TO48SUIM54,B01GCULNK2,2.2216382
A1LYT31WSI9NVL,B018BYUPVA,3.8417497
AJ571UKWCC3CC,B01H8JWYIQ,2.9375486
A3A7FF87LEVCQ1,B004OA5ZTS,2.212119
A3S3QIR1UTAGY4,B00LKNP8DU,1.3304032
AF85CAX5BR5IM,B00NXXB4RO,5.3939586
ADJDLDM5Y69VJ,B00VQNZ0JQ,4.8544445
A3H38968JZF6VK,B006U1N37U,5.078223
A3ULETCKQMVG7N,B00Y3I7QJS,4.1214037
AAZ73E56LMN7V,B00AR8TPFQ,5.0104275
A10PIB0GJZQHJA,B00629ZTOU,5.0185747
A2QEVQMB8B08UQ,B00SSEVZBS,4.247103
A1IE93W5OH9MGR,B01D8PYV62,3.4918222
ASB1KGGZA76LZ,B01AERZS78,3.7367444
A3SSJ2XZACSMA6,B01HCNRF14,3.5129395
A2KX7G5BC1ALQJ,B00VOYNKM6,2.8524132
A2CDMT445133LY,B0153Y1LO6,3.4744081
A253ZKSZTAZ8W7,B00NC0LECI,4.1124783
A504UK7D094HT,B00D2Y3BFC,5.2801104
A3FA93L7JWESR,B00NYISFXY,3.9609876
A3SZPKNV5IU75I,B01BCUPTT8,4.3261685
A2SHWMWTXZLIR9,B00NDTUAB4,1.972485
A34R4EEYB1W0DJ,B01H0UI0QS,3.2034798
A12K5Y2SEANYW0,B019KNRPU0,4.1363835
AQ87G02DO56Z,B01GP58FSC,5.088199
A1B6OVQ8B44NVY,B00CCVVKMW,4.014117
A1II0RYMSPUJLK,B01CMK5ZI2,2.225656
A1KLWQKML2HIXU,B00MQ2NPYS,2.3174925
A1K4S4MWXI9E9M,B015QX2DZU,2.339612
ASB1KGGZA76LZ,B00CNTTUWA,5.2824163
A2YF0QVNVT7ZI8,B00L2CNSL8,1.8991624
A1KQJLBDF2OEMD,B007YIZ2YA,2.676702
A2NDDUI5L26D3Q,B01GUHZYPC,1.3675276
A13QONG1RD57UW,B0165I3VSS,3.3457718
A3C713428J4MJ7,B01EYW7KHU,4.978799
A2UJTG9XC4KISL,B01B3LJZAA,4.129844
A2JXEE4LIKY4AO,B005CM1S02,4.0203776
AH2N51PLM06H5,B00AP6YRFS,5.531108
A2PJCE1T0AXDD3,B00U1X88OQ,4.4442983
A15VZ8KA1KH8ES,B01BXS83ME,3.7141051
A3MT311233OHMQ,B005USIO78,3.925426
A2TLU5ODLGESZ6,B00M8ERQ0S,5.1573405
A39JEH2M5KY1HX,B015QW7TZ0,2.8536959
A3FWAT2EKO9FRE,B01CXDL0NW,3.3183289
A7GZXYEZ2OMLQ,B00N4Y4726,4.0074215
A1ACUN6A2LYVMW,B0184SY5IM,3.1620512
ALGAUZSEQQWI4,B01GF9OSI4,3.5137372
A10JAUCIGVRW9F,B00C7W5GXA,6.6337533
A1TWV867HVZ60,B00P4GJCL8,2.9601245
A11N6ZJPEMVHYJ,B01E4AF6VO,3.986648
A10RH00JS3DUX0,B00ING5PN0,4.833173
A22B7J3YC4623X,B01F0GEP8Q,4.579214
AHMV0N47XOIMZ,B01835JNDI,5.061257
AL6XJLM76V2VZ,B00B5W9PWQ,2.6738834
A535AAXVRE5VM,B016TG5V3E,2.6872926
A73IK4VT0XZS6,B00N9RT7RS,4.0490212
A7W8CXJOH3UNV,B010W9HEUW,5.492191
A387F6OFDVEDZT,B00L8A3BMK,2.9701834
A2JJ1DXY0F6355,B015WOU89Q,4.4477673
AT8FSIABOPFMJ,B01F483E64,4.3337016
A1IFWIZ62O12OT,B00BELOQMW,4.6931777
A2V5HEEE7YLXMI,B01A3H9YOC,4.5831723
A1O96KXOI2UI2N,B01BCJDSAG,2.2801895
A1B871BGSYX0F1,B00QU63A9Q,4.389871
A3SSJ2XZACSMA6,B01GCULNK2,3.5129395
A1OC44Q6V9TT0G,B01867IG7W,3.7428393
A35SD76E2TSGP9,B018CHA4GM,5.113734
A2I4SQOSEF7WH5,B00TCI48WC,2.3631864
A190TSUIRJIFUK,B01C8RR9DS,4.5699086
A39CVMK2ZKEIK2,B01EAYV5P0,1.0024971
ANGFLFA0OBKJ4,B01D9JB7DW,3.648728
A1G7VXXXLTJX9R,B00ILX9WC0,4.0304976
A1LIFH8XF44LMI,B017RMOW66,1.4676555
A1E29AF1LT9N6S,B00D6GDY1W,4.3582344
A3BPKT9STRWWQG,B01ACB72TS,2.9813704
A5I6VGSYW7U8L,B01BTHWXF2,4.3743343
A3UO57O5VKXMR7,B00CTB6O12,3.4143367
ABNZCEB0CF7MP,B00OO65H90,5.179121
A2Q7R5EUKTKURJ,B01GFHZZ38,2.3913202
A26V5ROE0OZCDA,B00AN9907W,-2.600016
A13LERNQ8R7267,B01B7AKSOY,4.9234366
A3M1104X8EN9O,B00UC54ACM,5.4586997
AO8U1SQNTNFRI,B013KWCLA6,4.2333603
A3J9BHGK55ZPJO,B0161EFLCK,3.5148878
ATQMBEXNQ3XH8,B00ASP8XNS,0.35918033
AXMNLUJHA9RG7,B01CMH15IE,3.7115455
A1NQQU8O1ZYJP3,B00ECJ1IKG,4.8129325
A2XPDUGXNGGRAI,B00BLOI13C,3.6840992
A26V5ROE0OZCDA,B0138OGR6K,1.8329557
AF85CAX5BR5IM,B00KLGZ27Y,5.0038977
AP0MMULH95T9W,B005SZ171I,4.233994
A2QROW66DKI83,B01GOXFBBY,4.143984
A2PF014MHWXCT5,B019LOFJE2,2.1090426
A28GRFK2F3TMWE,B01CWZH814,4.0440784
A3OQ0WU2ZHM5J6,B00LDHTZLO,1.6950041
AYUTCGVSM1H7T,B01185671Q,3.7397265
A2LLWCQVYKYF0F,B01BS8D2M0,1.4336879
A3J5KG672GNB99,B015V0AKSK,4.2397804
A296HV17AZ10V9,B01EMF4FXG,4.3133326
A3MP7EPOWO191I,B01H97YHF0,4.264355
A18DJEO7J45AP8,B004I8WPTY,5.3241506
AM9YOCRU10IXW,B00BEOYH0U,3.695692
A1H10L6S9KZB2C,B00R0PZEEK,4.575257
A63YNBWLO7V18,B01DO75D20,3.7792563
ANEZJAUOG31MG,B01HHJZ3EO,4.753987
A29EXAHFTXKD7W,B01AL57X94,2.0917215
AHMV0N47XOIMZ,B008SGZOL8,4.6998916
A1SH6H9ZY9AJV9,B00GJCNLWC,3.0919828
ATQMBEXNQ3XH8,B00QVNQYIM,1.5705118
A1AH7FPROGNXH8,B0165I3WGY,2.7367444
A30V9M9DZW8SFU,B00G3W5K9K,2.5565486
A2ESCA4MLAK1QF,B00VOYNKM6,2.685369
A3TC60MGLW1I76,B00M8QQMC4,3.3991752
A1K4S4MWXI9E9M,B01D1UVNEM,3.5352168
A38VSUHB9RAWYT,B00U2R3T2W,4.7069507
A3IY9IIH8P3UU0,B00R1XYQYA,5.4880776
A166K6TJTPDX8K,B01H2II39C,3.8839283
A2F1UD4JDHKMTA,B00PG9DBMO,4.6405907
A3JXBWCYZ9HVXL,B00MP7GH94,3.5793657
A2BOKBB1IZA13L,B00O72888S,4.7475085
A1D9214V5DYZLO,B0165I3WGY,3.530229
AKM9W2IRYH77B,B017RMOW66,2.5772986
AAIDLB38IY7R6,B005LOPNUW,3.9695263
A1KLWQKML2HIXU,B018E4EOO6,2.340529
A10C3068FTNIOC,B005Y2MYNK,3.887712
A2C7W167DVNUKH,B01767Q4X6,2.7815819
A20YJJIVUMR5J3,B00PCUMV6E,4.183823
A2XRKQZA534EWO,B01E80V4WU,5.085712
A414YEU57FUHJ,B00OGKNBX8,4.208992
A2F1UD4JDHKMTA,B00Y9M77YC,4.1422696
A1F5V3LKI7PCUF,B01GPEDC3G,5.5249248
A1B5MN8PY0JIJQ,B00I1IYKQ8,1.6823667
ALPIN1ZX8B41M,B011LZ02Q4,4.729407
A2Q3YUL3Y6TPD3,B00M3Q6O40,4.410801
A2F1UD4JDHKMTA,B01GW1BZBI,2.677194
A1DM1NR2C770LX,B00U6GJV3K,3.8722482
A35SD76E2TSGP9,B00TCI48WC,3.303969
A39QT73HHEF3B,B01F2WTGFK,5.056918
A2S5EPJ451WL3I,B00TP4X5CM,2.6446795
A3QY3KER34QGCS,B00BH68UCG,4.2116942
A2UVR7N8WC5GYY,B01H0WI9QC,5.7811656
A8RL5L4BJTEMB,B01B5BR1KO,3.5076704
A1IE93W5OH9MGR,B00BMU2VEK,4.502247
A1NQQU8O1ZYJP3,B00O89MP5M,5.168637
A1ZDSAPOGRGBJI,B013X96TL8,5.3924866
A31CZW8SHN9PTX,B00RNFI81S,2.0398393
A2JPS7EMNFKXOV,B00OV9EXLS,3.9555316
A1NE9CRAQ0WUV,B00KABM15Q,3.3315692
A3E1OKXRVUNNU1,B01ATXXTLE,4.4344306
A31G4MNGZNYSZI,B00IKME2XG,2.5345402
AC0CW3OQUS1ZJ,B00S4D0PDW,3.48874
A23Y4UGTFDMZOP,B00EEPZHI2,3.651845
A3R74060ZMG3S5,B00O26GDSQ,4.666469
A2PN92SB2HFRNI,B01GF9OSI4,4.05939
AJJXFL8ZNBC4D,B00MEPPIRO,3.8441696
A3GA4HP7NEL9D9,B01DH6EQ9O,0.98320544
A3CYA250L0DABZ,B01E46BFJU,2.6783133
ABZ1AET0LHVQ1,B012FAXT0U,4.116884
A30V9M9DZW8SFU,B00TOZ9EC2,2.5269818
AL4D6OHMS2Z9P,B017EGZHFA,3.4238467
A29QO6X2VCR4GZ,B0188OGJXQ,3.093792
A26YRCLOTDIL0P,B00507TKCW,4.559568
A3T5H007CVA99X,B00IKME2XG,2.1706653
A183DRUR0UACQ4,B00HWI04XQ,3.3747306
A3A8C4YUE598A7,B00FITGVIS,3.817555
A3EI5NSXXCXQY5,B01GQW4UQ0,4.027893
A2B8C9QHIXJO6N,B01GYQ057Q,2.7724485
A3AM6MXENFRF3G,B016TG5V3E,0.23097211
A3LZG1QQ1KMVX3,B014BR4A3A,3.0153055
A3KIA7199DNI2H,B015AF419U,3.8403082
AGIFTDAFJEXVA,B00NYISFXY,5.2256675
AKUUA047BFUA7,B00QU06V2K,4.2535167
ACVNKHUOX3QWU,B01BRFLLP4,2.8234782
A2PPU33Y5ZH1XO,B01DUO8QXU,3.5125127
ARD4Z4TVFQ84R,B01F2SCM6Y,1.9517804
A1CLGNWRCE4QKB,B00AXTM8G2,2.105826
A2VXSQHJWZAQGY,B01BO8423M,2.322464
A1RD1NM0602OQO,B00GSF4Z20,4.5641103
A2PF014MHWXCT5,B01BHE3H1G,2.4907737
A2B9C3FMYW18UN,B00ZQMLJMK,3.0921535
AAIDLB38IY7R6,B00G9FJ6BY,4.082912
A2DD8D4Y1UMJ2C,B005NTW8SU,5.03832
A2I0ZBZOWPP756,B01D1UVNEM,4.2479825
A24ETSYVDJB5D3,B017TGR4O2,5.176687
A2C7W167DVNUKH,B00VO2WDZI,3.2181911
A253ZKSZTAZ8W7,B00AVQAFKI,5.2162023
A1H35RNPTPP9RI,B00LMGLXUC,4.524246
AHR3AU7CPID24,B01CMH15IE,1.6776558
A2JXEE4LIKY4AO,B013R6F8CS,4.525959
A2JPS7EMNFKXOV,B0149IDQV8,4.2225776
A2Y7B4AASUOXM,B00OYWP6G8,3.559102
A3QY3KER34QGCS,B004VF69LY,5.070792
A31JVB1Y1HXN5I,B01ELQDLKY,4.659083
AQFF452SVDF48,B01DJZ7G5E,1.1115104
AKZH6MEXHWGLD,B019B6WUGU,3.6887841
A30LFCOZC5E2LK,B00K4C45PA,4.713584
A1E1YE0R2EELCU,B01HCB4LAO,3.5105877
A1F41PH89SL6JB,B015GEUFCW,3.3281193
A1LIFH8XF44LMI,B01AX0BMVC,3.2044559
AGV7AZJ7ZBLUL,B00BOVLVCU,3.279914
ABNZCEB0CF7MP,B00SJ7LQ9K,5.1429253
ASR774IIR8VN7,B00S4D0PDW,3.6553621
A19MQI49YCA5SK,B01H4NVSOC,2.9014606
A1WVORERMA7G18,B00DO5DAPK,3.24866
A1CV6PASVMUEE8,B00F5FBRD4,4.875348
A2ON53GR80JS8S,B00MVHBCI4,3.147468
A2SHWMWTXZLIR9,B00F3L4KIE,2.0899582
A2K6LYCNBPLW6D,B01C4IAK5U,5.0391154
A1II0RYMSPUJLK,B00CXX0LOC,2.225656
A287J5FTWL99W6,B005C5YZ86,4.2315
A142HAT43L5W4W,B00V8CETHO,3.3306208
A2YF0QVNVT7ZI8,B00NN2FDLI,2.3869267
A1NPM2IW3DLO3F,B00A8S22OQ,4.263909
A3JTJ1E8NK7DH1,B00A9FYVXS,5.264526
AMKWIQ2MT2V5R,B0174PTMU2,2.7961302
A1HJ8XQ8NFBV9Q,B0165I3WGY,1.7992798
A3SZPKNV5IU75I,B012YHT12E,4.157701
A21SKDH9XL76N1,B0165I3WGY,2.8378844
A387F6OFDVEDZT,B00P8DE7YY,3.5703788
A3N9UT7F50XA6L,B0184BHNIS,4.009175
AHZ63RT78P9U6,B01HDNEFGQ,2.1872382
A1VDYWMVS2ILZQ,B01DPQ4736,4.127181
A37P6T3YZ8KY2F,B004EYT0UO,3.754352
A121YVXK17C1W3,B01DRXCPXG,3.3529153
A3Q6CMXMGESPOG,B01GYQ057Q,2.8453403
AAZ73E56LMN7V,B0127HOQI0,3.4572077
A3UPR43PSDG0TS,B00PHV4KM6,4.9473767
A1AFGQGTS66UYY,B00CUJ3UTM,1.9746627
A25UO1J9IM3R5Q,B018OIL6QQ,3.9086108
A2B42XZI4MXOLX,B00E2PSL7I,2.021173
A3PVBW0TN46U8G,B01B9XNJP4,4.1576986
A35SD76E2TSGP9,B01GYPQQRU,3.303969
A23GRXCXQU3SM8,B018PD0F9E,3.413209
AJNVLN50MZSFU,B00S5JROJ8,4.7391734
A1KP314KHCR7AF,B018IYY2V2,5.497844
A386CNLWZUF3EH,B0189LO8KE,1.8846122
A2ZUMHFY3XJ8DT,B01CIDR8N8,4.6922836
A17KGW8IYD63JR,B01FDI8UWS,2.6690364
ASBPYQG2VG0BO,B01EVT1E6O,4.119136
A2OAWG4ETZ7MQD,B00FE69CGI,6.021481
A1VO1ADR2KEWM0,B01E46BFJU,4.0246525
A3H1TO48SUIM54,B01B3G5X8I,2.9783926
ANMSDY55VG8UK,B01BUQM4BU,3.2931948
A2ZJHEB8K8JZR3,B01BYGNF64,3.7357283
A3QU0T2MAJ2VJM,B01EBXU2TK,2.5575118
A8YJFGILC2W38,B00KW3LLA8,1.2548833
AF85CAX5BR5IM,B00E6QFG80,5.190928
A1J6MXAQH527O3,B01GYPQQRU,2.4216213
AEBFEWGBBK2C,B01EIB8K9E,3.5369487
A1JS39D0NHVT3S,B00P2S4YKC,4.0153637
A1ZPW21ZBSDZ10,B01DL6EQC2,3.8682065
AJYEWC922WUNC,B01324YJ8Y,5.3871245
A140YR7GSCZG4,B00IPOCDXU,4.301877
A10ED33F8VY4GU,B00C5HYEY4,3.826322
A3KBRXW4PKK2MT,B00HFUAODQ,3.48319
A3FOL8CN5A1TFR,B01E6BA364,3.9849734
A37G8WNF7DGY6M,B006R7FXFW,3.2172217
ASUZ2V9ZK5DXS,B00U2R3T2W,4.7596793
AH3FT2EU01WP5,B0174PTMU2,2.7540016
A3K9T5J5GDAZUL,B012TE6QVG,4.601274
A18EEC1ENOT9YN,B00DVWRDN6,3.9369092
AX2OKB7GR55FZ,B00AJUVJN8,4.7276
AHMV0N47XOIMZ,B00SWAXORQ,4.1646876
A3G1XMJZC77GDB,B00BFQ7AV0,4.840237
APU63TQU832SF,B01EMF4FXG,4.577749
AKUUA047BFUA7,B007PPJOGO,5.366134
A3H38968JZF6VK,B015GEUFCW,5.0221653
A1DJY8WVWPJ2H8,B00BLOI13C,3.9533858
A1DJY8WVWPJ2H8,B019E9VZG0,3.8356676
A2Q439D72KOQME,B00AOS6Y26,4.034163
A1HHSUAQDZ1XM6,B00XZJ30FU,4.328768
A20GAMHTCUBCDT,B00FD5HCC6,3.871293
A296HV17AZ10V9,B00OJCC440,4.817677
A253ZKSZTAZ8W7,B0157GPPEM,5.3337064
A1UPHTDW5GM12T,B016WPT10G,4.520688
A26GE9ZG68SKIQ,B00VO86O7K,4.7422605
A1DJY8WVWPJ2H8,B01A5CT9X6,3.4583998
AQFF452SVDF48,B00Z7Z2A6A,1.9667653
A2K3C9H73QW8NK,B00S5HPW6C,4.1160073
A1GJ58TW0XTTVX,B00NYISFXY,5.4067883
A30V9M9DZW8SFU,B010189NMG,2.8462515
AK3LIR1TVZFVZ,B019VTO2P4,4.4153686
A10JAUCIGVRW9F,B005TUBRW6,4.911558
A287J5FTWL99W6,B016X07L2U,4.121627
A20TNX5CMJI4X1,B008GWOGXG,2.7214813
A18EEC1ENOT9YN,B0088GCUHY,3.878983
A1RUGOMYCF8NF4,B00MRGW2EC,2.9133644
A3JONP3MGSSP0F,B01DGXSHRK,3.4457989
A2KMV056844YV2,B01CUOPVZW,2.8350391
A3QKOFJ91Y3MFI,B01GEKTEY2,4.679254
A2I4SQOSEF7WH5,B0174PRHP4,3.3909788
A1GECJN7XHDKU6,B017RMOW66,2.5388923
A37VK00KNVVICE,B01BZ5AB16,4.715488
A7GZXYEZ2OMLQ,B009LNKB4C,3.848515
A5UM17P1E7DUQ,B0073XIROS,3.3426132
A3QU0T2MAJ2VJM,B018COSNP4,3.5743275
A37Y75XN6SY5YL,B01FG70S4E,4.1568904
A2PQ680TRW8JFG,B00RZT2U5W,4.960396
A1RF70MWVANZCU,B01CBLURCG,3.0164747
A2I4PXYYHQPW2E,B01FTEBE74,3.4400759
AGA6C1UQDNQ1P,B00GRAZD3G,4.067291
A2Z3DQ7P9JYRLG,B00IFEMVHI,4.0715623
A28MNML6Q383F4,B01GYPQQRU,3.6664472
A29QO6X2VCR4GZ,B010W9HEUW,4.3949866
A3U6Y3GD1A6PXJ,B01EW6DERI,4.413769
A1X87IHRK15RBU,B016G5T1CA,3.0492845
A2UAPFRQOHUFS4,B00N05R39I,4.5433393
A3RR4H0D4L9HYN,B01D1ZKSB6,3.0804434
A1F41PH89SL6JB,B00VQJHHRI,3.623681
A5UM17P1E7DUQ,B00V30JDQS,2.8800774
A3UO90FEXQNHRD,B00SG0G27G,1.6132187
A2PZA5XB74EIDB,B01GZ070A6,3.7875066
A1PT92FOG5ALFB,B0165I3WGY,2.8958526
A2HHKA7X5A68KE,B01CDQK0CG,3.1618285
A2PF014MHWXCT5,B00J8UD1OK,1.5685151
A2TLU5ODLGESZ6,B018BL1LIY,3.904522
A207DSPQQWFW6T,B00SPA1Z5Q,4.834087
A1I0I8PI1DWHBR,B01DI63EEG,4.5539923
A2EGLWRK7PCDYH,B01AMCFBFY,3.7320943
A2MK1L1Y74WTWH,B01GWMFSYM,0.3025108
A23ID71VXIBR8T,B01G3UFLMM,4.1564116
A312JYG424ZA3F,B01FWERDYE,3.6983151
A1L9DJQ5BS13S9,B019LOFJE2,4.9011483
A2KE2O5C2XMXGE,B00SPVZBL4,3.3963075
A28REJAM6899K8,B00CKAOIRY,4.1729927
A10IOT56F4GM85,B01H173RSQ,1.4076226
A11B4CZH8ZB9QQ,B00TIQ3WHA,5.221832
A2MK1L1Y74WTWH,B01CMK63A6,2.243701
AH85UZ876V6OW,B00HBJ693U,0.5480715
A3B6PBWQBQNHQT,B00ET7Q4OG,4.6240187
A7B9JUULZHQIN,B017JIYTJI,2.985281
A3ALH6Z83RHTO2,B01ES2M9S6,1.9272684
A36MPD6ZBXBLUS,B00KXGNK7G,6.145978
A1FHWVQ0ZMFFQK,B013VDLXY4,4.5081306
A1HWG5486TTBNP,B010K2B87G,4.062591
A2BOKBB1IZA13L,B00TP4X5CM,4.7339425
AVTN1DZPKSY8I,B01GDCDGL8,5.2840157
A2YRWWZ73A46MF,B01B3TZYMA,4.6786666
A2B9C3FMYW18UN,B0134EZGY8,3.4229183
A1XM0L6XTZQAQ3,B01GBW546U,2.8543496
A1PSGA348YRV67,B00R298H3O,0.8858963
A3S3QIR1UTAGY4,B010R623CY,2.2791276
A18EEC1ENOT9YN,B00HMXLW9Q,3.6060576
A3BTRKXD03KC4F,B01A5OVNQA,5.7556777
A3JTJ1E8NK7DH1,B00NLZ02Z4,4.807346
ASR774IIR8VN7,B017GQDZWU,4.108966
A73IK4VT0XZS6,B01DJZ7G5E,2.8662252
A1JLU5H1CCENWX,B01H5MF0JG,5.009171
A1K4S4MWXI9E9M,B01645ZYZU,3.189736
A23B9YR9W29YUQ,B01G7Q908I,3.5608993
A1HHSUAQDZ1XM6,B00HBX7DD6,4.3565936
A12UX1CNPEAGRP,B014BR4A3A,3.9470758
ACGMOUFXV2VM8,B01E80V4WU,3.1334505
A1GXJZGFR0BPJH,B01GI4BSC0,4.9699836
A245T0V8KVTV45,B005UGMC78,3.669829
A83C3F4X0U3ZW,B00CO6DD4I,2.9345593
A3SZPKNV5IU75I,B01BW83B72,5.1282334
AF85CAX5BR5IM,B0184SY5IM,4.422187
A19MQI49YCA5SK,B00MXL10A8,3.4008355
A37BRR2L8PX3R2,B0185P6A1O,2.5292196
AITGGF9MX4L86,B01AJCEP0Y,4.224527
A27OS7Z94VXCYF,B00OAJUEW6,4.282064
A5KRI5P7KR7SK,B00FW6WKUA,4.4919105
ANXBIU1HP7BJD,B013KWCLA6,4.1214857
ARACFU5SUPKC2,B00QMEK3GE,3.480795
A6SR7U2PNGN0N,B0104OFHEK,4.48871
A39N24TTLP6I48,B00NLO7O38,3.980433
A374B6RGLIYWMU,B012LB9KDI,4.183232
A26V5ROE0OZCDA,B0130LQWBG,2.7664437
A2O8R1A83EROU0,B00UCANMJO,3.9416442
A2F2878HE7XOM9,B00PG3NQBQ,4.282543
A22FAHV2R6BUVR,B00OHNCCYI,5.53276
A7GZXYEZ2OMLQ,B00UVPG8F0,3.238594
A15Q5MVRVBMKW7,B00SZ35DB0,4.5932283
AER3NZ1H79LGZ,B01AQNZQD6,4.1546464
A27OS7Z94VXCYF,B00NRZAFA0,3.9922714
A3T5H007CVA99X,B00NDEXI0O,3.605804
A3OA2NNV9REWOU,B00NGR7NEK,5.0153623
A1NE9CRAQ0WUV,B005PII040,3.6478548
A1FWLM5208ESO4,B00DCQKH66,3.7488728
A16TE56LP5NUL5,B00ALG6UW0,4.052687
A10PIB0GJZQHJA,B00W891R26,4.2183623
A2Z0PQ8HYEQT4V,B01FTEBE74,2.1811414
A3J9BHGK55ZPJO,B00IZODKWS,4.4171596
A3CYA250L0DABZ,B00ECBS5OQ,2.1352777
A2RYT2UPEQXUAV,B01A4ATX4E,3.3984165
ASR774IIR8VN7,B01EJ2BV0W,4.36151
A1JNMSETGHIUZ2,B017RMOW66,3.4481816
A3ULETCKQMVG7N,B01FSDI7H6,5.1654134
A37VK00KNVVICE,B00TO2TRV8,5.220383
A3AM47VJNSKWZR,B01D7CEGRK,2.2899122
A3L8F13NKUQHQ1,B00ET7Q4OG,3.6716595
AYDMB9RBJMTBR,B00R7HDLAU,3.7563944
AJ80WW1T5KJIC,B018CHA2KK,3.6046414
A3R3Q8YO6VB0N8,B00SEFGTYO,4.8320227
A37Q71Z1BE6V9,B018SCGDWK,3.5080314
A3V9J8I5FHAH19,B016APTJ1O,4.014014
AY17DZYGNYJ0L,B00R1XYQYA,4.277755
A2WQZ6RF0O4XER,B013L4T8Y0,5.2492094
A10PIB0GJZQHJA,B00JGD7SAW,3.8194337
A2TX3PH7TXFRE9,B00MTWSA6S,3.0023532
A1B6OVQ8B44NVY,B018UNRNVM,5.954532
A1GXJZGFR0BPJH,B00DPNS95M,3.4257855
A3J5XVO97ZC4B2,B00M5EHGZQ,4.9008803
A3ES0XIED7769J,B00ZJ5YDW2,4.189359
A1W48IWJ8A610S,B00L6YJ6AE,5.1068764
A2R56AF2E63IC1,B00YQBSEKW,4.989472
A18EEC1ENOT9YN,B00T4Y7HGS,4.402143
AK3LIR1TVZFVZ,B00P9QXW1E,4.6677876
A1JMSX54DO3LOP,B010K7B5E2,3.5048804
A1B88VE5O3J9CQ,B014BR4A3A,1.9007133
A31G4MNGZNYSZI,B00TWUUBUI,3.2557054
A3PV5FJGYOY5NW,B01BRFLLP4,2.7174854
AKZH6MEXHWGLD,B00CQYAVRK,4.840732
A139GUSKBRWPIT,B01AYPQCY8,3.3472443
A2QEVQMB8B08UQ,B01AQNZQF4,3.5672054
A3H1TO48SUIM54,B00BFQDDZ2,4.2491336
A3CLBL9B7WL02W,B01BXGMTEY,5.6645656
A2C7W167DVNUKH,B00B9I1M5O,2.8455386
A2G1P9M0BN9BQJ,B00ES2GX3O,3.0741148
ADUI5YISBG6Z4,B00BLOI13C,4.441798
A1WHWFGNKP3CIO,B010MFE5YY,3.3192835
A26GE9ZG68SKIQ,B017733NZ6,2.8861032
A3MT311233OHMQ,B00TOZ9EC2,3.9358263
A2B42XZI4MXOLX,B00NOCBDQG,2.738143
A2PF014MHWXCT5,B013XSTZI8,2.3836126
A137UEIU93IFEF,B018BL1LIY,-2.600016
A1QSFXF6OOUDJN,B01D4RY4B6,4.360534
A1G9C5GN1893RY,B01GYPPMNE,2.6244693
A2S5V6QOOK133F,B00JJBPSZS,4.4533606
A3MSI4YLWOJNM4,B01BCJDSAG,3.325883
A2DD8D4Y1UMJ2C,B00DSAJ7JO,4.0539174
A242RIARZU44TF,B01GZ070A6,5.0508647
A2FJLSKL2IZSHC,B01DJTWN0S,3.8511744
A2Z3DQ7P9JYRLG,B00JCFMXHW,4.019653
A31CZW8SHN9PTX,B00GZR2NZC,1.6847221
A1XMFCMIANCQRW,B012FAXT0U,4.728604
A3VQMP3ACL1KHH,B013Q700KS,4.6170573
A2PJCE1T0AXDD3,B00FCNI42G,4.6827297
A2RQ5IRWRU0TVO,B01ATF41UA,2.8782897
AQ87G02DO56Z,B01C8RR9DS,3.9640508
ANEZJAUOG31MG,B00MJHKVR4,4.711362
A31R64J645RAC6,B01B5BR1KO,4.1195235
A30D1QLJZ51Q2S,B00HQ4UWJW,4.034863
A15RKFWXR5W3PP,B01FDI8UWS,3.4055686
A3ES0XIED7769J,B01F0MF6KQ,3.924387
A222WQ9VGVPSR5,B01DH0L20G,2.0962024
A3MP7EPOWO191I,B00K5Y8BCK,4.744307
A1XRE1S3BLHK3X,B00CLX3CRC,4.290478
A7GZXYEZ2OMLQ,B00M0DQIEC,3.6868095
A19LXU1TT72OKX,B01EW6DERI,4.0567183
A3M3W5GV0HIQK4,B01BSN14HK,2.7093558
A3MJT1B2NVRPDL,B01D3H7LYO,3.848796
A3O87C6H0GCWHA,B01DWW6H6I,4.291617
A1CLGNWRCE4QKB,B00WBMKEII,2.7263565
A2Q439D72KOQME,B01CMK5YA6,5.1804214
A2GO4VWZWTL7ZC,B00N7K1BB2,3.6289816
A2BEDL4QXLEE3S,B01EKIELGG,4.9352617
A2S5EPJ451WL3I,B00N0VI2OM,3.020093
A18LI83Q1F5DKU,B01FRQ4Z8E,4.9642415
A2XKX5TBB6WV00,B01B6WT11Y,3.7770133
A244C0ORREA3N5,B00629ZTOU,4.1843023
A2LAII96I1O1IY,B00OAJUEW6,4.7950644
A2DZUQQXPNUGI7,B00MVK5RIW,5.0071545
A2IUIOTFRZHGLD,B0191WS0K4,2.6573
A18EEC1ENOT9YN,B01GBYFK1C,3.017685
A1RRMF5XW5NZDD,B013GZOXPS,3.6096911
A296HV17AZ10V9,B00L5Q7EB6,4.0137076
A3EMQF7XD7JL3D,B013GZOXPS,4.5808783
AHKB5BOH22L44,B015VKB8KY,4.50492
A23GRXCXQU3SM8,B014BR4A3A,3.413209
A1JXLTQ5VWPGGV,B00DE85KHI,4.418574
A2S5EPJ451WL3I,B01F2WTGFK,3.7586813
A3G1XMJZC77GDB,B016TG5V3E,3.1700702
A2V5HEEE7YLXMI,B01ECOIDHQ,5.1972904
A1L30W7022M9Q7,B01GC0QFGO,4.013477
A10RH00JS3DUX0,B0052YWZO8,4.859424
A26OF6WI5RVAR9,B01A4ATX4E,3.0611262
A32RAG866FFOYC,B01FG70S4E,4.0720925
A1Q238W8EQU8T4,B01GI4BSC0,4.773895
A3CHUCS2CVKGI0,B01GAEZJL4,4.297943
A2FHBHNKHRDS72,B00SSS98IQ,4.1536646
A3J9BHGK55ZPJO,B00HI3MSV6,3.4721637
A1XJZCJTQFEU8D,B01BWMGT3G,4.320644
A2D1LPEUCTNT8X,B003H4QZOG,2.8438745
A3MJT1B2NVRPDL,B01FB6YRH4,3.957952
A21BTVOIQV3JWU,B00KXM8IP4,4.534717
A2K0H6HYH8WB5F,B00V30JDQS,1.5576832
AMK0DSS0DAP1W,B0165I3VSS,0.9767271
A13LERNQ8R7267,B01D10TPRE,4.80327
A31W0R6O8EM6V6,B008H4W11W,4.657444
A1SZW98SMUZTQJ,B01B5BR1KO,5.422829
A3CMIEYL0TJLC2,B00WJ4Y5CE,4.486158
A18EEC1ENOT9YN,B01ES2M9S6,2.2155032
A1T41R2H7X3ASO,B010MXA96E,4.3766527
AFQXMUALNERXZ,B014BR4A3A,2.8252974
AJNVLN50MZSFU,B018BDHGS6,4.200622
A1K8LHF6NILUG3,B00DLSTT9Q,5.038982
A1JMSX54DO3LOP,B014Q6D6E0,2.6550808
AGGDI4VWPPZ6J,B006J0BYN2,1.717719
A2WEE1PU5NZVJQ,B015V0AKSK,4.274348
A2HZ6MGQ6TPNO0,B00RFY3KM4,3.267892
AALCQ67H5TY5L,B00RC6JVDC,4.269901
A3ULR7XJF3C400,B015BH04E8,3.8837867
A1TUBKEWD01LLS,B01BKVFFLQ,2.434444
A3LK5ALS0KX73V,B017DPEEUG,3.422742
AZPQ5R8K68IHX,B014LQ18CW,3.325735
A3H1TO48SUIM54,B018RDYO0S,4.0196633
ABGK3RNJSLQ38,B00V9N6C68,3.4417725
AX5NHGPX6G44A,B01GZ070A6,6.095404
AKZH6MEXHWGLD,B00WDXUE6W,4.5214043
A3L8F13NKUQHQ1,B00RZT2U5W,4.349507
A3J9BHGK55ZPJO,B00HBWQCAC,5.0499434
A1CLGNWRCE4QKB,B00EGMV24G,1.5855917
ABNZCEB0CF7MP,B014C5U6SE,5.1743746
A3V9J8I5FHAH19,B00AYO3W2K,2.9850545
A3E8BQOX3OOUH2,B01FBZXSI4,2.8974419
A2QEVQMB8B08UQ,B01DRXCPXG,3.5672054
A1U37G3A1C7FC6,B01DL6EQC2,4.534896
A1FI0I69UHS22T,B01GSL9C3A,2.8664994
A17EWTSBIHB4QM,B01GPL2AGE,2.2963972
AALCQ67H5TY5L,B016MWT1XQ,3.338171
AMK0DSS0DAP1W,B016XFRQMA,3.2688222
A26GE9ZG68SKIQ,B0150C55HA,3.868095
AIKGKUGNQ6L2F,B00UAZ3JVC,4.66739
ATQMBEXNQ3XH8,B003V1WS50,-2.600016
A1IE93W5OH9MGR,B00TOZ9EC2,4.334374
A369BMHORFPL0O,B01FQ57CRC,3.091569
A8K7ZXXGDS9CU,B01CPON1YU,3.522193
A1DJY8WVWPJ2H8,B00NYISFXY,3.6284637
A2PBXQTE07LEFY,B01BXS83ME,3.7328672
A1YZCADBVKWC9X,B00KW3LLA8,4.008038
A6SR7U2PNGN0N,B01BUMJMA0,3.5491886
A1ACUN6A2LYVMW,B01BNWGPRK,4.0496936
A85LSXS3F2GYC,B00TWUUBUI,4.1884713
A36D9JIUF8JFQ7,B00OTYLXO0,5.506707
A35UQMVR4UJS15,B00UZM2O52,4.805373
A1TVJ9WDRP0UZS,B00FQQ1A8Y,3.7586074
A1HNLK1WBP36F9,B01H173WKO,3.5132637
AK3LIR1TVZFVZ,B011IXZ6KQ,5.2997622
AHNGMRN1V1LPH,B00L73W2J6,4.660289
A30DNZQPIYZ6KX,B00VH5NX4C,4.3915906
A3DVGQZY2MBA87,B01AQO16VQ,2.1520395
A10JAUCIGVRW9F,B00FQQ1A8Y,5.544564
AGV7AZJ7ZBLUL,B00COFUBGW,1.4624828
AUME0VNK7J2MP,B013YQA2C2,5.06676
A1FEZ774RWJOU,B00ZPBVG66,3.696612
AFQXMUALNERXZ,B01CIDR8N8,4.4454412
A1E29AF1LT9N6S,B00H8TBQCC,3.2022038
A25CQ5UC0CJ44C,B015BIHKH6,5.700207
AUI3XAZ1513SI,B00OAN88H0,1.8170403
A1X87IHRK15RBU,B01E4AF6VO,3.0727043
A2PN1AJYXDU1J0,B00RM9EJ22,3.9076676
A2WG33SBOT901X,B01AW25GRC,3.0146704
A2B42XZI4MXOLX,B00ING5PN0,1.918939
A1GQ2UI5BKCCRD,B00ZEQMP8U,3.3511925
A1MNHB6K35YALY,B01DABB99G,4.85015
AO8U1SQNTNFRI,B01BO8423M,3.4165945
A11TAGIXNN10QJ,B01A1E8WO0,2.921081
A1LL39K926QN1V,B00H8TBQCC,3.919788
A1N5V2UJOC1BY9,B011T78JT6,4.24138
A39N24TTLP6I48,B01FP256UQ,5.2401457
A13LERNQ8R7267,B013R6F84Q,4.941797
ALGAUZSEQQWI4,B00TEPG4HK,4.2290545
A1N48Q1NZQ9R2E,B018WOR9FO,4.2099304
A1C5F13T4XA9MY,B011F603YU,5.087601
A235UMRMGXAS15,B00R04OX5C,5.387222
A3C4F4VCN8E316,B018CHA26O,3.6111078
AXOY11IDEONHE,B01FK7LI7G,2.925417
A3JONP3MGSSP0F,B01GZ7IMJC,3.6547742
A2XKX0EWBR2ZT0,B00JS732BK,4.481418
A1AFGQGTS66UYY,B0163IOC24,1.9746627
A3KF9GEKN2DXTU,B01CKECZQ0,4.2792563
AM1T5MXP5H5SO,B00ESJ3S94,4.7850795
AFX2KR1VGYWLW,B01G7Q908I,2.178403
A2ND61B6UJGT71,B00LKNP8DU,3.7945228
A37D3BRKS7OO2L,B00T22Y062,3.9898686
A18XA76N0F5DGP,B01GXHP8BY,4.7533383
A2MEKYD68X8R8H,B00MD5VDNS,3.7168202
A1E1YE0R2EELCU,B01AWPTL0W,3.9410067
A11K5MEUOJKTPS,B01HHJZ3EO,5.3031306
A5KRI5P7KR7SK,B01G2IVLEW,2.6013532
A183DRUR0UACQ4,B009ZOZLPG,4.070618
A609XZULHDBSQ,B00QMGRBDU,4.9437523
A3AM47VJNSKWZR,B013V0D0K2,2.2899122
A198E18E1LA3BE,B00O8CFKKG,4.56255
AK3LIR1TVZFVZ,B00YAKL5A0,4.7317843
AKK6BPA7HTEKQ,B011T78JT6,4.9978447
AS09YZV00HGLO,B00UIDZVYY,4.3947415
ASR774IIR8VN7,B012U86IBY,3.3016763
A12K5Y2SEANYW0,B00AB1ZGX4,3.934422
A7GZXYEZ2OMLQ,B00KB5P1BM,3.075348
A3RR4H0D4L9HYN,B00ZAY07OK,4.3227453
A7GZXYEZ2OMLQ,B00CW44YIQ,3.3799086
A1VRJKI38G4GOV,B013RTUH76,4.151501
A1630ADTTI0JLO,B019VJ697I,4.538095
A1FUH1O6FCTUYG,B00II3YH8W,3.9406834
A2BX79H27KONN8,B00JAQX4HQ,4.1046267
A504UK7D094HT,B009JPPQ38,5.812511
ASGBSLP29DQRY,B00XRS6DO4,3.4749012
A1SKQ5W90YXHF4,B016VL0PWE,4.7227426
A33R5UHQ3TKZGY,B01AQNZQD6,3.1656008
AY17DZYGNYJ0L,B00HUXNM6O,5.1673765
A37P6T3YZ8KY2F,B00QJ4TCN2,4.9730268
A26GE9ZG68SKIQ,B0177475MW,4.323507
A10PEXB6XAQ5XF,B01EZ9ZK7O,3.3334079
AE6LJH1MRZVSY,B01ETJABRE,4.29232
A3EJTO1IBULV7T,B014XLV2NA,4.847901
A2QLX4D1B9FERH,B01E2H3M1A,2.295988
A20XM6F911RIDE,B0124PP8D2,2.619913
AY17DZYGNYJ0L,B00RJC1NTY,3.729096
AQR5TV897ZGKZ,B0165WFUKG,4.305158
AY9AIGZKJYC6T,B018CHA2KK,2.7378626
A2FR370CNM7L9,B01AOGSVG4,2.4918294
A3IG9JEJC1T25N,B01CDZAQTY,4.3970184
A3BHXRE0RKF4LK,B00Y9OHN9Y,4.1937346
A267QVSAPZCRT7,B00MTACTLM,4.86604
A9M7TOUJ3N4OE,B00HNYRHSE,4.419733
AL4D6OHMS2Z9P,B01CC5FKXW,3.650342
A424KE9YBR2UA,B00N7K1BB2,5.204354
A31M3IJI2UTC4Z,B00IUL9ALG,4.4925723
A1HWG5486TTBNP,B00TCI48WC,2.2998405
A16TE56LP5NUL5,B00IU19DHM,5.159672
A3SQJOLKQ8X719,B018SCGDWK,4.3766274
A1RN75YVR2O8MQ,B01BXGMTEY,3.738299
A18EEC1ENOT9YN,B00GL27J46,3.5973206
A26J2TRDPZH7RZ,B00N9AVMVY,3.7870378
A2D9S6V1AFXOAO,B01HCNRF14,2.0584745
A216HQMDUH18YD,B0190HN0DM,3.2372665
A3W2VH8BN66IIR,B01ER3O8UI,4.282392
A1WBGIL46NUFFU,B017099OS2,4.165771
A14K6RM80ABFMS,B01ASAVT0G,4.3836403
A3E4H5A1X8NJRR,B0122DECEW,4.3392024
A3H38968JZF6VK,B00PG3NQBQ,4.819619
A3Q4VT0R8O8RSE,B01ERZFFSK,2.7811518
A18EEC1ENOT9YN,B015L2UR1S,4.109323
A2HRM0B3OUUZ28,B01EKIELGG,5.0484786
A3HOXAKC11UEOX,B015L2UR1S,4.281902
A3OY0K6NJ677Z0,B00O8DZMIA,5.000272
A1SXDVX98NJLHZ,B00XABW5ZE,4.2075624
A29V7E1TFYXKJ,B01HFTVMXM,4.155839
A3SMTE1XV2GC78,B015BCX0OO,3.7354627
A272PNE7D26JA7,B01GBW546U,4.529048
A9M7TOUJ3N4OE,B005WKFWRE,5.158199
ATTQEF12BAZNC,B01DL6EQC2,4.0630097
A3RNQ7PNKEU1UI,B016PSBU2M,2.925548
A1RD1NM0602OQO,B01A6B5MFA,4.5426517
AMQ8EI0M0ZMN7,B009YLKRAO,4.41009
A1VEFYYTYHFSVQ,B01FQ57CRC,3.388342
AAXG649HM1S5Q,B00F5FBRD4,4.6617985
A2KE2O5C2XMXGE,B00EPF5LSW,3.7516274
A17H8QA2SBVQQU,B01HC1252A,3.8545232
AQ61HEJLXGXAW,B01CT5K792,4.8327327
A2RYT2UPEQXUAV,B01CMH15IE,3.3984165
A1WPQDW5RGAM9S,B00GEHN8ZW,3.214374
A18APZ96M9FBB0,B014I8OGLS,4.9099126
AM1T5MXP5H5SO,B0065TF8Q6,4.106605
ABGK3RNJSLQ38,B01D2CC1EU,5.0999017
A1ACIK34MC3R7W,B00UT0VAD2,4.3828425
A28U98HYYE5DR1,B00MQ5BIE4,4.1014915
ABGK3RNJSLQ38,B01CT4MKIE,2.5371747
A3KFTHKGVC63SL,B00XIDBLOK,4.592527
AQCR70DXSXMEH,B0130KVNKC,4.66366
A3RR4H0D4L9HYN,B00MDW5UAI,4.3116517
A7GZXYEZ2OMLQ,B00D9CMLNA,4.2868114
A31Z94E63H1N46,B00GSF4Z20,4.337
A2V8X8MTCE868O,B01D1UVNEM,4.25692
AGD9CPEWV61AG,B01FIGE8YE,5.87278
A116K0WNM9HKSX,B00A9FYVXS,3.9908566
A64VNUAXNX8VO,B01B25PWK4,3.4977317
A1MND3QHN446KD,B01DJZ7G5E,3.2232575
A3C713428J4MJ7,B01B43XFKI,4.407475
A2UH7EMPH4GK2L,B006RNBI6O,2.6727781
A2S5EPJ451WL3I,B01DUV1DV0,2.9119143
A3CYA250L0DABZ,B00NEON2WC,3.1681476
A3T7S6BDKHWPJD,B01GF9OSI4,4.046551
A1FI0I69UHS22T,B01AB4CLHY,5.2371764
A12GID1HOOBX8L,B005K4W0QS,3.8235292
A1II0RYMSPUJLK,B00QXFNP62,3.2991724
A1JMSX54DO3LOP,B005IG6488,2.4970846
A2K3C9H73QW8NK,B0050DEY54,4.2995114
A3G7QPDLX3SDV0,B01CPQZSPS,4.5450516
ABZ1AET0LHVQ1,B017JIYTJI,3.6052642
AQ9M23BNJZRK4,B015WV8VMA,4.7501354
A3C713428J4MJ7,B00V8CETHO,4.7782903
A3GEKHTOCDSCBT,B01GF9OQSQ,4.1104617
A18EEC1ENOT9YN,B00LE4Q370,3.7621512
AJAN7T0CSDDZO,B01HE0KTA4,2.757226
AUJKYWUK14BZ2,B006M6XV1Q,1.1724008
A21H10PWSPOB6Y,B004BLJ9IS,4.5263596
A37GCC410JYT17,B010OTOMCS,3.6809916
A2MR87VMPFNFJ5,B00CPV1INK,2.9600587
A2JOW1PW9GRCA3,B011T78JT6,5.115035
AJ571UKWCC3CC,B00G757PB4,3.2097745
A2B9C3FMYW18UN,B019YNUPFI,4.490405
A3T7S6BDKHWPJD,B01GQW4UQ0,4.1098385
AX5NHGPX6G44A,B00CCVVKMW,4.6553617
A2HZ6MGQ6TPNO0,B01AB4CLHY,4.880659
A13QONG1RD57UW,B01CWZH814,3.3457718
A8YJFGILC2W38,B016QTOIWE,1.5334179
A3ALMNUTJS22FZ,B019S2I4HG,4.9863324
A18EEC1ENOT9YN,B00K2BX8WY,4.1589456
AUJKYWUK14BZ2,B01ACP2MSU,1.5660082
ASA5RSXOAVT12,B00WRNKOOU,3.6925058
A1YMQOVJJHYR5P,B00TFKJ4NK,3.8142
AIKGKUGNQ6L2F,B00ON8JVP0,3.3036914
A1NQQU8O1ZYJP3,B0195SJ3MI,3.5884962
A3MOGV0QO66QZD,B01H2II39C,3.5623846
A2MEKYD68X8R8H,B00BFQDDZ2,4.2116675
A386CNLWZUF3EH,B00BMV0FK6,4.809431
AUJKYWUK14BZ2,B019FNOC92,2.1700058
A1Y5FO3ON4WVHS,B01CT5K792,4.8447895
A238ZC3TQJC8V8,B00I48KN16,3.916103
A1HW31KJ9V89CR,B01FG70S4E,4.8547816
A3HEG0QCOK446R,B017ACSD1S,3.1001167
A35SD76E2TSGP9,B018PD0F9E,3.303969
A2C7W167DVNUKH,B017XVQCZU,3.5603766
A3JVZY05VLMYEM,B014B6KG2K,4.698334
A3JONP3MGSSP0F,B0151UPUEY,2.3531475
A2FCH654FN672F,B01GBW546U,1.7700006
A33R5UHQ3TKZGY,B01CYTLPPI,3.1656008
A1B39IGLV2W0GE,B00ING5PN0,4.9439425
A2O8R1A83EROU0,B00LXK4KIO,4.254681
A2F1UD4JDHKMTA,B00XWCHNIU,2.7288709
A2BX79H27KONN8,B01FMTA1WU,4.04353
A3PB5W8OE59743,B016WQR86Y,3.96627
AD9HAE7DPTQDG,B00XTAEA90,4.6280866
A3C713428J4MJ7,B00R7573Y2,4.9551444
A18EEC1ENOT9YN,B019E5Y462,4.502527
A1N3GV7AVOC8VC,B0100BOE7S,4.4743614
AGT5F6R7R53LR,B00CXUDS3G,4.3623366
A244C0ORREA3N5,B018PD0F9E,2.8663774
AWPBNX7NCVR0D,B00JH66D1S,4.8094544
A3PVBW0TN46U8G,B00EC197UC,5.250564
A1LIFH8XF44LMI,B01CYTLPPI,1.4676555
A37D3BRKS7OO2L,B01A5OVNQA,4.2381587
A28U98HYYE5DR1,B01DUV1DV0,4.876002
A19T1A4TS1WHOZ,B013XXGRYI,3.7410545
A1NO01K5S45TUL,B00OTNSM4U,3.9834304
A103KWX1QFCG6I,B00PUS8AEK,3.6454558
A3JTJ1E8NK7DH1,B00AFB685K,4.8582087
A19WZRD3RKFJSO,B01H0IOZM8,3.3947573
AWG9YC0S5ZXRQ,B01GIU443O,4.066714
A1Q3SVFIAWX5YN,B01AW25GRC,2.9908524
A3A44JIMIWYFIE,B0092ML9AC,4.406039
A2B42XZI4MXOLX,B015BH04E8,2.281136
ALOMGLBPLJCW1,B01DR4USYI,4.1423182
A1ZDSAPOGRGBJI,B0135MRXRM,4.305473
A18EEC1ENOT9YN,B00Q6YLPJ4,2.84195
A1PUK8ZJV9IHG6,B014TBNOMQ,5.494314
ATZOHBDX5VNKJ,B00K31DCD8,3.9479122
A3CMIEYL0TJLC2,B017ATNDY8,3.5108953
A2FDUFFMTO735I,B01H4NVSOC,4.676744
AM9YOCRU10IXW,B01FOEQRNA,4.8815503
A2H146VK5MMYIH,B00LS7ST98,4.2623506
A1CLGNWRCE4QKB,B00R7573Y2,2.9370942
A2C3N49XB5K19C,B00UDQTS40,5.1819787
A916DXE9W36GF,B01DRXCPXG,2.2972026
A1VRJKI38G4GOV,B00CGFEIM8,4.076016
A2DD8D4Y1UMJ2C,B00NUMIOY4,5.2578583
A3CJ3VQ76GFU0,B0078S9B6G,4.861687
A23GNQPTX5CJIF,B00M0DQGXU,3.2801857
AL2SKAXGCX01B,B00FCNI42G,4.61993
A2OHRT539LLCUN,B00AB3F2RM,3.805828
A3DVHWX9O27YPI,B00JNU6GLK,2.0165796
A25PLL2FEB615H,B01CT4MKIE,0.3518138
A23B9YR9W29YUQ,B01BHD8WD0,4.233974
A2S5EPJ451WL3I,B01CMN671I,2.7955012
A3FA93L7JWESR,B01C0UBDEO,4.243446
A3ES0XIED7769J,B005UGMC78,4.674989
AJ571UKWCC3CC,B00JRNOW4G,4.6565146
ALGAUZSEQQWI4,B010K7B5E2,4.317131
A202A0SM6MHKMN,B01GOWGKLK,2.9242167
A2HZ6MGQ6TPNO0,B00LDHTZLO,3.8117032
A13C8NG8050JNQ,B00D0VMCXO,4.0168376
A24Z79OS5VQA7Y,B01B25PWK4,5.0228577
A3E9Z09JAP34EB,B01E7VZH6O,4.1017904
A1ZV5XBKG7RVZU,B014C5K4WC,2.8510108
A2LF3KTH2T6RJA,B00M27P9D2,3.9495716
A1F41PH89SL6JB,B014Q6D6E0,3.3693929
A267QVSAPZCRT7,B016G14KMU,4.0799594
A2MK1L1Y74WTWH,B01AJ6SEOS,2.249291
AC10HRTVBXZLI,B008XDGQ2W,4.4101377
A956O72VO20Y,B01GW1BZBI,2.837535
A2U79NOE9VJQSF,B010QZIGBI,5.3555775
A7M73HAH815DM,B01BS4Z7IQ,5.02397
A3N67XHSHB40CQ,B018J24EM0,4.010077
A1DC00T32U26HC,B00BF2APBQ,3.4024925
A38K5A38JROTJD,B01ER3O8UI,3.1324525
A1HW31KJ9V89CR,B010ZFRUQQ,4.748632
AV4HVQ5WUQ1Z1,B00M3GWXHW,4.703118
AW16PJHZIQPA5,B00QXWYEYW,1.6594166
A2E40ZTDDZ2U29,B01DJTWN0S,4.1276536
A1YAIBG1N7N5VV,B01GIU443O,3.6478386
AJAN7T0CSDDZO,B01BJST0FC,2.757226
A73IK4VT0XZS6,B0085MBTVO,4.34368
AN5L4HOQ6ZZOP,B0080D3VPK,4.4585924
AYRSWZILCH4S,B00AMIX8P4,5.6375794
A3FA93L7JWESR,B011Q26IJC,4.1636496
A2O4SN56PNX9YL,B00SXNYCU0,4.874347
A33C93P9RWTQUK,B01BRFLLP4,3.3800797
A1ONF1PVSKH226,B01H0IOZM8,3.263206
A1PA6ZO9892OH3,B00JWTGGVC,4.3678813
A1YMQOVJJHYR5P,B00N9IMHCE,3.541171
A296HV17AZ10V9,B00IZODKWS,4.371238
A2O4SN56PNX9YL,B01BXGMTEY,4.165689
A5CD7EOFVKXD9,B00PYPHS9M,4.7268143
A3HDT8L6DPBZND,B01CEUZT8G,4.217467
A1DJY8WVWPJ2H8,B00TIUEVL2,4.317639
A3NIPJ7WT4LL60,B003KRP2VW,1.235941
A19GA74ZCMMYPM,B00OCZDME0,3.450622
A2BEDL4QXLEE3S,B01FKDKB96,4.3840766
A1KLWQKML2HIXU,B01HEU9EMS,-2.600016
A28KZIYDZQRGGY,B01AQNZQD6,3.5559268
A2PJCE1T0AXDD3,B00HXZTVWS,4.569199
A1KE19CDYIO2YN,B01FWYD956,3.2527294
A15EMPO8TCH2RB,B00PHFL5KM,4.7013965
A2BEDL4QXLEE3S,B00CGFGS3A,5.1558867
A1FUH1O6FCTUYG,B019VJ697I,5.571131
AV6ORIR1JV86P,B00YQBSEKW,3.6094203
AVOPHZPWGEODY,B015QLJJG8,3.0747294
A1SXDVX98NJLHZ,B018SCGDWK,3.4147978
A3PYB2CTKK93MG,B019AJC8DS,3.5645466
A1I96OYAUJ3HQE,B013OHD20A,3.981835
A3E4H5A1X8NJRR,B01D8PYV62,2.1015687
A139GUSKBRWPIT,B01AWX20BG,1.7783264
AQBTNZ9ZD08PD,B00NSAPAQI,2.827137
A3GWE80SUGORJD,B01DRXCPXG,3.2477021
A20FSPQ9ALP9OM,B00M5SZOAQ,4.582248
ACGMOUFXV2VM8,B0130KVNKC,3.9934745
A2VNG16IOTY7N,B00GBIYX8A,2.729463
A3IL7OEY26GURY,B006KWAKDE,5.401899
A2WQZ6RF0O4XER,B00M7E63YO,4.880687
A4KVXNCQI8A5Q,B00ES2P6UK,3.4992027
A10Y597K071WTQ,B00CJV6N0Y,3.8294082
AGA6C1UQDNQ1P,B005CM1S02,3.93815
A37L0HU53PN8DP,B01DI63EEG,4.8195167
A3NU5MG1VOINFB,B00B5W9PWQ,3.5185156
AI38GSFB90M4L,B00DJCFUS8,3.021576
A3JTJ1E8NK7DH1,B00AXLV0CI,4.8441625
A1N5V2UJOC1BY9,B013X96TL8,3.5189095
A1ACUN6A2LYVMW,B00SK8S8KS,3.3309503
A3CBZUOAQ1LBU5,B00M8ERQ0S,5.1861796
A99KVVV7NFPBP,B00HBWQCAC,4.4186625
A2HNNGE6AVYBV8,B00ED4WKKC,4.7286906
A3NLV8K05ZV219,B01CMK5YA6,5.8373246
A2VFV7B57GBZ3J,B01CMK5ZI2,3.9085498
A1FEZ774RWJOU,B00N9IMHCE,4.2539706
A13QTZ8CIMHHG4,B013GZOXPS,4.590152
A31W0R6O8EM6V6,B0157GPPEM,3.4116063
A17IUHX3ADIE9U,B01FWPGSJO,3.6631727
AJJFNI9AK6G1H,B01BU7PHA4,3.6196952
A37D3BRKS7OO2L,B0174PTMU2,3.2203145
A916DXE9W36GF,B00BQMKC5O,4.3242803
AWNYF3812RWNG,B009RPTFIC,2.700653
AVNS35OHR3D76,B01A6OP92S,2.0135698
A1ZDSAPOGRGBJI,B01D6ZVT78,4.969218
A6ZT9EZ49JTEL,B00CGIEP00,2.368744
AOLHNMI8G8R6K,B016XFRQMA,4.0591784
AQR5TV897ZGKZ,B01F2WTGFK,2.9960995
A2KZCKQSFWRJIY,B01FOEQRNA,4.1385155
A3A44JIMIWYFIE,B01BRFLLP4,2.3428512
A3L3T9JRL1GT95,B012YOLAUS,5.005649
A2MEKYD68X8R8H,B00TQ8W4KG,3.2459817
A1XL1A3TCU3Y1I,B00SA5KFM0,4.411861
ALYI8YM90TPD1,B00CJGUHR4,3.1047683
A3SJW9YR903G3,B01CBW4D7A,4.2561994
A3QY3KER34QGCS,B015B839PS,3.843864
A34RWNEJGJFHEV,B014BR4A3A,3.7515326
A16N88TMHMXX1F,B00JJ7LFMM,3.7211628
A2PN1AJYXDU1J0,B01H2AZ9V0,4.3607745
A3ALH6Z83RHTO2,B01GU2RUXQ,3.7390018
AK3LIR1TVZFVZ,B00VKQEDS8,4.3662243
A28U98HYYE5DR1,B018RU9G0O,4.4535356
ALVAFI51NRXZS,B01CWZH814,1.2344774
A3QGQPGW6PSY46,B018QXM6GS,2.883666
A1OZ3R75S8NAYD,B00UXLO4N0,4.465585
A28GRFK2F3TMWE,B00VOYNKM6,4.0440784
AAEIK0DZ1F537,B01GZ7IMJC,3.6892133
A3N6TV5T5JSG7K,B01BC47KBE,5.271078
A23Y4UGTFDMZOP,B00ALG6UW0,3.3872256
AJ80WW1T5KJIC,B00YM0ANQU,4.856754
A35UQMVR4UJS15,B015VKB8KY,4.443535
A1I18OT401WDI,B00T4ZG74K,2.176066
A3BMLG97SSIKN3,B00SC7DK2S,3.9103975
A3T7S6BDKHWPJD,B00SPA1Z5Q,4.4213977
A1H10L6S9KZB2C,B01ECK9V12,5.556777
A2HZ6MGQ6TPNO0,B00QQOX6LY,3.854402
A20YJJIVUMR5J3,B010TYBN4S,4.6323476
AIVY8XUMV5UY7,B016247Y92,3.2050223
A2U79NOE9VJQSF,B01BJ9EFB0,3.929263
A3A44JIMIWYFIE,B01G2U39WC,3.6414518
A197W8MNF706HT,B01CEUZT8G,3.6895404
A2AGAA1B2ORZW0,B00H3HRWDQ,4.6542907
A2VDLDSGSD32FI,B016TG5V3E,1.8337477
A31O3ANLI6CFJ4,B00C41095Y,5.1045585
AC97LVZ0C0TSK,B00L2CNSL8,4.6340137
A2RXWEXESDH2NX,B011G3HJ6C,3.7095332
A1JMSX54DO3LOP,B00X7R3DFM,2.2947984
AN5L4HOQ6ZZOP,B016R0I2WE,4.8797374
A25CQ5UC0CJ44C,B018F6H3U0,4.425315
A360VI7SQP0HYW,B01GT4NXU4,4.0828147
A326085M0DK10B,B015BCVXF2,4.0668902
A7W8CXJOH3UNV,B01GF9OQSQ,3.3696651
AX746FITV1G72,B01DYXP2LQ,2.0681543
A10PEXB6XAQ5XF,B017605TR0,2.1420617
A1FCMIVQTWHYH2,B017733NZ6,3.538302
A7GZXYEZ2OMLQ,B00NOAZJI6,3.531505
A360VI7SQP0HYW,B0165I3WGY,3.0616593
AV6ORIR1JV86P,B00Y228S2O,4.401606
A3CZHTR1QFY285,B01H1I46YE,3.8017926
A14TMD2G1JAUGS,B01FWPZNAE,4.3979015
A1KQJLBDF2OEMD,B005USIO78,3.5561914
A3ALMNUTJS22FZ,B00N00BM2M,3.7169185
A3KFTHKGVC63SL,B010GX3S0Y,4.131302
AYIPGMUURK82V,B019B6WUGU,3.6437793
ALN3RU7X0HJX5,B01964TJZ2,3.7039537
A37G8WNF7DGY6M,B00MQ20P28,3.9710412
AUF0OPKICU6D4,B01DJWPF6Y,3.4764657
A1WHWFGNKP3CIO,B004XW3LLQ,4.2145123
A3PB5W8OE59743,B012U86IBY,3.9996939
A1121LU5RSP5CH,B01CERDE8G,3.1395116
A3KBRXW4PKK2MT,B016R0I2WE,5.228375
A2AGAA1B2ORZW0,B00V50VSUU,4.7537756
A2EVKNQ71UULXI,B01GGW37V4,3.9948153
A1KP314KHCR7AF,B00RY4G3PQ,5.572745
AQFF452SVDF48,B0094B6OLK,1.1115104
A1ACUN6A2LYVMW,B00DRFQRIO,3.1764188
A3JL6LOFVXYCA4,B00NGZOH1E,3.9011579
A1IE93W5OH9MGR,B01CRA0U2S,5.088535
A2JJ1DXY0F6355,B015X67G70,3.331151
A1XJXYKOWCH9XT,B001V5JCTI,2.136477
A219Y76LD1VP4N,B0165I3WGY,2.8488135
A2EAKYR4AEJU69,B00NP45GG6,1.753774
A1ACUN6A2LYVMW,B017GE76EU,3.6870122
A2U72WDAUX5CD8,B01HCB4LAO,5.131618
AX746FITV1G72,B019VJ697I,4.4888153
A2B8C9QHIXJO6N,B01GT4NXU4,4.924993
A1H10L6S9KZB2C,B00MXS70SW,4.931778
AVOPHZPWGEODY,B00UZM2O52,3.9916935
A26GE9ZG68SKIQ,B01CXJDHEQ,2.8861032
A1NE9CRAQ0WUV,B00T4ZG74K,4.0199556
A2U79NOE9VJQSF,B00WTUV8WS,3.9783602
A2CBOVOOK3Q6D4,B01GUHZYPC,3.3639803
A3GWE80SUGORJD,B01BRFLLP4,3.2477021
A1V0IK7DUYIVAC,B017DSORBE,4.031016
A1BOINGLPB5I1M,B00TOZ9EC2,5.113621
A326085M0DK10B,B0160IPNVG,3.7400103
A8Q2ZFOHTVSCV,B00WRP0DHG,4.371255
A2V0EO639QKD2K,B00S4D0PDW,2.9052143
ALUG4B13HWSBF,B00HJE3UES,4.4979835
A39YL17T9LO0SP,B01FDI8UWS,2.7555752
A2FDUFFMTO735I,B00VTY1WNA,4.478549
A12K5Y2SEANYW0,B00IU087O8,3.6938052
AWNYF3812RWNG,B00NLJHSQ6,2.1910338
AGA6C1UQDNQ1P,B00ILYKGW4,4.8699236
A37GCC410JYT17,B0122DECEW,4.5179605
A3A44JIMIWYFIE,B0100BOE7S,4.3727555
A1RVTF261ZMY4M,B01CJ37JJ0,3.616177
A257TD5GO1T81W,B01AL57X94,3.1943455
A320TMDV6KCFU,B01GYPQQRU,3.981927
A1YQ4CZ5XEC11P,B00R1XYQYA,5.299289
A1HWY56BX546T8,B01H0IOZM8,3.2426696
A1NAXYNAOGJIGN,B01FWYD956,4.732137
A1B39IGLV2W0GE,B0153KV24O,3.2773857
A2MR87VMPFNFJ5,B01EO6IIM2,1.8634313
A3YPNGXQCY94U,B0165I3WGY,3.1403217
A10C3068FTNIOC,B007Z4WTBW,5.252817
A2UAPFRQOHUFS4,B0198OKW7Y,4.0793257
A2MX7TA6LI8I4K,B00EN6LQYQ,2.94734
A2ZUMHFY3XJ8DT,B0165I3WGY,3.8141828
A11B4CZH8ZB9QQ,B01CT5K792,5.2006993
A21UH6HJAXW2J8,B004UWPNJM,4.518956
A2LAII96I1O1IY,B00OHZ151W,4.3942494
A24NC3WOFW7LHT,B019YNUQ0M,4.1515956
A2F2878HE7XOM9,B00Q5OG0RM,4.8202286
A3FJ2JGU50THRQ,B01H0IOZM8,0.94176495
ACVNKHUOX3QWU,B01CWZH814,2.8234782
A2N1XSD82O6XTV,B018UYNR5C,4.6477923
A1K69VHP8LH96J,B01CD4OVX2,3.1156044
A36PA4XPATJSKX,B00DJCFUS8,4.648251
A3C2Q11SFBG1ZO,B00FJFV6AY,4.5048513
A3E81XX9ZDNCNO,B00U2R3T2W,4.411362
A34XKT60HI08BV,B00WX7JLGW,4.5457373
A1P44JJW47E6QN,B017GQDZWU,3.2865415
A2HAVS1COIL5Q4,B01HAQ70M2,4.705916
AGIFTDAFJEXVA,B00AD6O6BU,5.74169
A26YRCLOTDIL0P,B00ZAY07OK,5.0613317
A1EPVSC849EI9R,B00RD4J9EE,-2.600016
A2FGLRWU445AQ7,B004BLJ9IS,4.969151
AICEEONZRFNJY,B00O3V6PWY,4.4816923
A1G7VXXXLTJX9R,B016WQR86Y,4.876054
A2R1M0ZIPGN4TW,B0064PJUWY,4.599011
A2FDDTPAER5DBO,B01EKIELGG,3.8875127
ALY4MQYVAEE4U,B01GPCEU6G,4.1725993
A30V9M9DZW8SFU,B011ARRJTG,0.0033370256
A2YJ8VP1SSHJ7,B01BCIZ7UQ,4.5971446
A1QFKWSZFO0AOH,B006R7FXFW,2.5382223
A1XKTJ1XLTWLCQ,B00WYCXDEM,4.3925366
A13J31ZJVVG2GY,B01GYPPMNE,3.8332286
A2735JIVUDTBZ0,B00BUAZL12,4.3949237
A2RWL2UG5PAFAZ,B01B9XNJP4,4.0437474
A2DZUQQXPNUGI7,B010K2B87G,4.454916
A3VSCCW1FN11B7,B0178AU3V0,2.469666
A1IFWIZ62O12OT,B01835JNDI,3.830608
A2XKX5TBB6WV00,B00JG6RZCU,3.9005122
A3GWE80SUGORJD,B00M3GWXHW,4.285765
AYX4FFM42UGTM,B00L0LQCQ4,3.57099
A2B42XZI4MXOLX,B01317ZZLC,1.1049939
A1QJ17BR5K3C8K,B016ZG19KM,3.664586
A1OR7X6Y41D32O,B00T513D4U,4.506346
A3DS9MLHI0EHG6,B00CF9F6G2,4.838226
A1DJY8WVWPJ2H8,B01ATXXTLE,3.9521012
A1YVDKMJY8A76P,B01CPQZSPS,3.056458
A245T0V8KVTV45,B00Z7Z2A6A,3.0975761
AU7WXTKQLFX37,B00Z4EAA5W,3.5606036
A1VYZLUB3UXCR1,B006KZ5M84,4.5959764
A1F41PH89SL6JB,B00AA3P7M8,4.3862085
A3N6TV5T5JSG7K,B01FKDKB96,5.474061
A2C8S6EB6MKYAX,B019YNUPFI,3.7358184
ACOXR0GL8E2Y7,B017WDM2RG,2.7917476
A1F41PH89SL6JB,B018BL1LIY,2.3102775
A1FAJ6G0KD5ASM,B013GZOXPS,4.035815
AYUTCGVSM1H7T,B009621GIS,4.7570596
AX2OKB7GR55FZ,B00IKKZTPI,4.343089
AM1T5MXP5H5SO,B00PKBZW16,4.2571692
A18LI83Q1F5DKU,B017099OS2,5.4795403
A3ESFCDE13IMH4,B01GYPQQRU,2.674985
A2CDMT445133LY,B00U7O4IQ6,3.4559197
A31CZW8SHN9PTX,B01E1RRX66,2.651497
A37GCC410JYT17,B00FZ5H8Q4,4.056448
A2XKX0EWBR2ZT0,B00BGXA7TE,5.93399
A1TR7SQWWLREQR,B0178AU3V0,2.5054593
A3J5XVO97ZC4B2,B012KJXGYA,3.7860532
A6SR7U2PNGN0N,B00N0VI2OM,3.6699286
A3ESFCDE13IMH4,B00R04OXC0,4.457199
A3MJT1B2NVRPDL,B010W9HEUW,4.1655087
A2VTPPOUWOT9AB,B015G747E6,3.538721
A1DUWCXDBM40AO,B017DSORBE,3.5432343
A3HEG0QCOK446R,B01FKDKB96,5.2579317
A2WEE1PU5NZVJQ,B00YAKL5A0,4.575539
AX6RWLTHRQR7,B00IOXX6UQ,5.1182375
A1I18OT401WDI,B00VS2DSR6,1.656617
A2LF3KTH2T6RJA,B00L3LR7VU,4.2671113
A3EJTO1IBULV7T,B00QVNQYIM,4.401897
A3JHMDPDDFUSLV,B0024CEY2C,6.232391
A2CJ33Q2E7PUTQ,B007HS1C4Q,5.2303576
A7GZXYEZ2OMLQ,B00OMG2XSK,4.6021967
A139GUSKBRWPIT,B01A86GURC,2.6311688
A1TUBKEWD01LLS,B017O4W3V8,3.204441
A916DXE9W36GF,B01CMH15IE,2.2972026
ALY4MQYVAEE4U,B00XWCHNIU,4.50182
AWNYF3812RWNG,B0094B6OLK,-2.600016
A1N48Q1NZQ9R2E,B01C8RR9DS,4.399574
ANEZJAUOG31MG,B00UDEVNWM,4.4544826
A2U79NOE9VJQSF,B00VN6WJFO,4.4545026
AHRDOVFRA0KW7,B00UXYQ9LM,4.373842
A3L8F13NKUQHQ1,B01CXJDHEQ,2.5267344
A1DJY8WVWPJ2H8,B016MWT1XQ,2.3877897
A2JPS7EMNFKXOV,B00GNQWYOK,3.0908718
A1AX02Z2IRSAY,B00W5RJ4BC,4.080356
A3A44JIMIWYFIE,B01GW7E18G,2.9314132
A1JLU5H1CCENWX,B00BQMKC5O,4.7664576
A2NC35OEWK4HE9,B00DLSTT9Q,4.975986
AGT5F6R7R53LR,B01D6J793W,3.8987432
A20R37WRPLUM1D,B01G65V1DC,1.8890401
A2G9EAG3T2GCW6,B00G3DC7RW,4.3151236
A3ANLUEKJBC1IZ,B00OYBCSVU,3.7232337
AXVDFGI9OEIVK,B00BF6CA0Q,4.2742076
A3G7QPDLX3SDV0,B01HIZRVFG,3.3257256
A2RQ5IRWRU0TVO,B013YQA2C2,4.631745
APU63TQU832SF,B00CNTSVZM,4.8057094
A18EEC1ENOT9YN,B00GEHN8ZW,3.71035
A37R3BNDHBIZTL,B015VKB8KY,3.9874315
AM1T5MXP5H5SO,B00AM5LHSC,4.781441
A2S5EPJ451WL3I,B00XLUEMYQ,3.7497492
A2QROW66DKI83,B00F5FBRD4,4.861176
A10JAUCIGVRW9F,B00NJ4BB84,5.4629717
A28D20IM3BNAJ1,B00NSAPAQI,4.7336836
A21BTVOIQV3JWU,B005GMUU8O,3.786995
A1JLU5H1CCENWX,B016M8HXW6,4.621642
A1U0RS0JIDAHDM,B01HF6OU70,4.9773088
A1ACUN6A2LYVMW,B00HTJJST4,3.32337
A3CMQYU4YPSAFM,B018H41U7C,4.265308
A3VE7N2XUI8C3K,B01BS4Z7IQ,5.1334043
A3KIA7199DNI2H,B00P6HT5GM,4.696981
A242RIARZU44TF,B0104EOJBM,5.846053
A2AGAA1B2ORZW0,B00MQ00LEM,3.9716382
A219Y76LD1VP4N,B00PHZ3RLC,2.9888415
A2NDDUI5L26D3Q,B00QMGQMOE,2.5249863
A3V9J8I5FHAH19,B018OJZD4Q,3.663947
A3RNQ7PNKEU1UI,B00QIV6JXM,3.503796
A37D3BRKS7OO2L,B01H0IOZM8,3.2203145
A2MR87VMPFNFJ5,B00TJCFIFM,2.3321733
A387F6OFDVEDZT,B015M4PPXK,3.5856109
A26F5B12T242LL,B00ED3FAO6,3.26581
A15VY7B7VJ3UNY,B00ZNE45JA,3.9852152
A2PFNDDKHOOMZU,B015BCX0OO,2.6854715
AJAN7T0CSDDZO,B00TC1JYA0,4.969538
A2DZUQQXPNUGI7,B00KE8RLV4,4.8619137
A1J3WRDIB012CI,B00R4ZHYXK,4.500981
A25PLL2FEB615H,B01BTHWXF2,2.03891
AX59HEWTONQ1M,B01H7J5Z38,-0.039578795
A32A056Q9OYP7D,B00G3W5K9K,4.733052
A3SIBWUE9G31W2,B00UZM2O52,5.147783
A222WQ9VGVPSR5,B01G9QHL8W,4.273724
A1EBA3T5N28PUV,B01HAQ70M2,4.2043533
A2H7AEDMKV11OJ,B00NDEXI0O,3.6129265
A2LMF4HG470CNF,B00S7KU0I2,3.1458087
A64VNUAXNX8VO,B01BRFLLPO,2.22404
A3GEKHTOCDSCBT,B00A8S22OQ,5.05028
A2PFNDDKHOOMZU,B01EQ2S2UM,2.6854715
AQFF452SVDF48,B00CF9F6G2,3.1241703
A9DHG0VJ54YZH,B0057XVAJU,3.7721581
A3K3P9U2AB4P4R,B01A4ATX58,3.4605079
A2SDFM6RV0SQ4,B01GIX5F4I,4.443195
A3CJN2S0XLVVLM,B00NTN7M4C,4.037637
A2RYT2UPEQXUAV,B016YIRT9Q,5.3804607
A2F483MD47JG2T,B0184SY5IM,4.4627233
A2GO4VWZWTL7ZC,B00NWR78L2,4.9801097
A2JPS7EMNFKXOV,B004OA5ZTS,4.097396
AIQWMQ4JWKZ3T,B00P8DE7YY,3.999755
A1IFWIZ62O12OT,B00DRF2602,4.205919
AGA6C1UQDNQ1P,B018PD0F9E,3.2420125
A1DJY8WVWPJ2H8,B0157GPPEM,3.8098865
A2BOKBB1IZA13L,B00HI3MSV6,4.057187
ANKDQ12BPX6Z3,B00ZTMRHQ4,3.732595
A2C7W167DVNUKH,B00F9Z458E,2.1606488
A2N1XSD82O6XTV,B01F688XAY,4.691424
ADUI5YISBG6Z4,B019GLJC5C,4.148616
A1630ADTTI0JLO,B00PHFL5KM,4.282235
A3LXRIY0HE71K,B0191WS0K4,2.9187279
A26V5ROE0OZCDA,B00KFZCAAI,1.5320307
A1VE539RO5061D,B00UZM2O52,3.0144858
A2H7AEDMKV11OJ,B00W22ITCU,3.811891
A2MR87VMPFNFJ5,B00MQF5U02,2.8763561
A31CZW8SHN9PTX,B00AVJUGQI,2.3962116
A23TQDWMUA4F6Y,B00RY4G3PQ,4.9020953
A2Y7B4AASUOXM,B00ZDHZKKA,3.5926642
A1JXLTQ5VWPGGV,B00S5HPW6C,4.744345
A2YJ8VP1SSHJ7,B00ES2GX3O,4.476654
A364KQZL1KNS6Q,B01EKIELGG,5.0379863
A2CZKERY4LUBVI,B00PG3NQBQ,3.408257
A328S9RN3U5M68,B015BH04E8,4.136843
A3M3DF2SPC6P8A,B00HQLQYWY,3.251196
A2WEE1PU5NZVJQ,B00WLQ8QRK,5.043588
A3FOL8CN5A1TFR,B00GCVZEG6,6.3919396
A3W3XC01BFJJMR,B01G0GIXJ2,3.3100052
A3MJT1B2NVRPDL,B018DK6LM4,4.7329125
A23ID71VXIBR8T,B013QFWB7K,5.1743493
A222WQ9VGVPSR5,B016NO06XM,3.0605817
A2RPMPBKX1MWR7,B01D0ZPA60,4.8471494
A1FI0I69UHS22T,B01A4Q26WY,4.5085444
AGIFTDAFJEXVA,B00NTPSMSA,4.5642285
A10ED33F8VY4GU,B00CDA4IQC,4.845638
AYUTCGVSM1H7T,B00RNJLHS0,5.165237
A1F41PH89SL6JB,B01BFYBH24,2.3102775
A3FO728397JFZP,B00WZSQ734,4.4639335
A1D427FYPTSWR0,B01GKU3D1G,5.2686925
AK3LIR1TVZFVZ,B00NOAZJI6,3.7502103
A1E29AF1LT9N6S,B009QSK1GK,3.8051114
A19MQI49YCA5SK,B0143PGMCC,3.9095793
A2ZU73E6RDADJV,B01EMF4FXG,4.800016
ARF6JCH8L8ANV,B00C9L5L52,4.2286773
A3IQ0P3M39IY8U,B00SSS98IQ,2.8730187
A1IE93W5OH9MGR,B01DO75D20,4.8734736
A1KE19CDYIO2YN,B0130KVNKC,2.53545
AX746FITV1G72,B00TWUUBUI,4.0066037
A139GUSKBRWPIT,B00K6ZEK3C,2.7000504
A504UK7D094HT,B0104OFHEK,5.1674347
A2EZZ9UTFNNKRE,B01D9877OQ,5.1139307
A23GRXCXQU3SM8,B019B6WUGU,3.413209
A3EVKU21OXJ242,B015GEUFCW,4.6806674
A190TSUIRJIFUK,B017265T6Y,4.5708995
A1RW0U9YBDZ7UT,B00K2BX8WY,3.4003997
A2HZ6MGQ6TPNO0,B00NY7PPCY,4.077069
A3J9BHGK55ZPJO,B00GXBV0MM,5.3996735
A2WG33SBOT901X,B01D2ZNXWQ,3.0146704
A26KWG162U8VBQ,B01HDF9IKM,3.2046742
A2D9S6V1AFXOAO,B01FOGIV3W,2.9406047
A1K4S4MWXI9E9M,B00TIUEVL2,3.934947
A23GRXCXQU3SM8,B01CWZH814,3.413209
A222WQ9VGVPSR5,B01C25ABTK,2.9009047
A2WEE1PU5NZVJQ,B00RZT2U5W,5.088036
A1LGEZKBNXPUW9,B00ILKTBSI,3.990562
A328S9RN3U5M68,B00VD043F4,4.1895957
A142HAT43L5W4W,B00CK51JT4,3.0800548
A24NC3WOFW7LHT,B005NTW8SU,3.7904716
A1FUH1O6FCTUYG,B00QQOX6LY,5.494209
A1FUH1O6FCTUYG,B00JFLUJ3S,4.0397954
A2Y3ZGVRA3S23L,B00D9CMLNA,3.9165654
A3EONSSI2V1YBC,B01FVFWF3S,4.523388
A12RUNSGFAZFE7,B00WF8YBRS,4.693341
ALGAUZSEQQWI4,B00RFY3KM4,3.6081529
A2989UZHTNXKM9,B00QZCYET0,5.5332694
A2MK1L1Y74WTWH,B019G0SO9S,1.7620858
A916DXE9W36GF,B01GYPPNYC,2.2972026
ANNKJUAQ1268I,B01DLR92DY,4.69818
A2G45Q8V20R779,B00ZEQMP8U,2.0282435
A1HHSUAQDZ1XM6,B00S58YGCC,4.6081467
A2BOKBB1IZA13L,B00NDEXI0O,4.5522475
A3KIA7199DNI2H,B00EVSB3N0,3.8252006
A2V5HEEE7YLXMI,B01BUMJMA0,4.6006875
A19MQI49YCA5SK,B00OGKNBX8,2.8859425
A3NICGO82Z9FI1,B00INYO7MC,3.9318066
A2X6LA6IS2C32K,B00DLSTT9Q,4.429925
A19WWNRLPTXINV,B01H0UI0QS,3.2944221
AOLHNMI8G8R6K,B00G6N3IA4,3.1467838
A1LBXPSSVZVIM0,B01HCB4LFE,5.4607882
A3H1TO48SUIM54,B018RU9G0O,3.7127829
A3KBRXW4PKK2MT,B00NMTN4K4,4.583052
A3UO90FEXQNHRD,B00UCEQTTK,3.5710669
A1K8IDNOJ69AE1,B01BRFLLPO,3.1148229
A7HZKJID44JZ3,B01A1E8WO0,2.897912
A34RWNEJGJFHEV,B00H62TMJA,5.3020105
A1PA6ZO9892OH3,B01HHJZ3EO,5.1372137
A1O96KXOI2UI2N,B01HDF9IKM,2.2801895
A2RQ5IRWRU0TVO,B00VZ3S5SA,2.6459785
A3IZU63H3RBN22,B00TKOT3BO,5.1180844
AZPNSCZH6LW40,B00RWKMS1U,4.122897
A2HX0B5ELOPP5Z,B00P85PU8E,4.9089427
A1ACIK34MC3R7W,B00SJ7LQ9K,3.9392877
AQ5HSBPNASYIG,B015B839PS,3.7377229
A2VCU61TZ2J1FB,B01GYPQQRU,2.6975284
A245T0V8KVTV45,B00YQBSEKW,4.2167397
A01631062UX24GI4LJKF,B00CQUQ1HI,4.851664
A21G2H64TFS4JO,B01FC7VFCM,4.202663
A3DQRNADNQWG6H,B00FP43PP8,4.0504727
A2RWL2UG5PAFAZ,B006HMDJN0,4.865002
A178S00H8B3YWA,B019E8ND52,3.0884151
A3KIA7199DNI2H,B01B2EYBIE,4.91734
A1TWV867HVZ60,B00A3ZA4TO,3.9353838
AWNYF3812RWNG,B01CT2VV90,-2.600016
A245T0V8KVTV45,B00HTJJST4,5.256845
A3OQ0WU2ZHM5J6,B00Q9QAF9A,3.3576994
A2N1XSD82O6XTV,B019GLJC5C,4.284228
A2VTPPOUWOT9AB,B00BYLQP6W,4.1816993
ADUI5YISBG6Z4,B00E6QFG80,4.5585036
AJ80WW1T5KJIC,B006KWAKDE,4.8109746
A3QMGINSU2LNTI,B01AQNZQF4,2.827642
AK56P9TMUDM8F,B01H5MF0JG,4.718294
A2YF0QVNVT7ZI8,B00X4112W2,2.5122051
A1AYACY5KT0YOG,B01FBZXSI4,2.6445704
A2GO4VWZWTL7ZC,B00PG4T6UU,4.2214494
A2D9S6V1AFXOAO,B00U0LF7JS,3.6815124
A3PATLW8T3PQV7,B01CDZAQTY,3.6315207
AHMV0N47XOIMZ,B00KBAYOTM,4.237093
A15EMPO8TCH2RB,B005C5YZ86,4.8942676
A1983ES85GQ6LC,B01BJST0FC,3.5886612
A2N0V6GUH28XMN,B017ACSD1S,3.8188062
A2K0H6HYH8WB5F,B01DAW6WXS,3.059812
A1FREKK8605YKK,B018BL1LIY,3.1663895
AQF3XAFCMORVK,B00JTDZ1YE,4.7570524
A3KIA7199DNI2H,B008E08FCI,2.3281174
A2S5EPJ451WL3I,B00GRAZD3G,3.1619468
A2M1PNKPRUCQYL,B017WLXUQK,5.222556
AX2OKB7GR55FZ,B00IQBLQNU,4.391259
A1RCVV077UAKKV,B013RN2YOG,3.9011636
A8A49ZBLUK9BQ,B00EH2E5IK,5.405252
A8RL5L4BJTEMB,B00ICTUW6I,3.3471951
A2VSCTHLAYR9Y3,B00UPQIY2U,4.822355
AGGDI4VWPPZ6J,B00NTRYYT4,3.9001412
AGIFTDAFJEXVA,B00C2WDD5I,4.1840043
A1TVJ9WDRP0UZS,B01GGW37V4,2.6443515
A3CQLQXVXOKLWL,B013NTIQ28,2.5496616
A1KLWQKML2HIXU,B00R8GVRK6,2.5379586
A2UJTG9XC4KISL,B00T4ZG74K,4.11435
AX59HEWTONQ1M,B00HS8S65I,1.6071464
AZFENNBSMN980,B00RMB80SO,3.7029734
A1TUBKEWD01LLS,B00YM0ANQU,4.1976066
A1E3QC0C1ODF2N,B018OIL6QQ,2.9790478
A30DBF16JX73UA,B00HVFAY1M,4.7158537
AFWKE30TEASMF,B00HLIYVPE,5.070701
AG63N054UPJH2,B00CSBQ5YO,4.086555
A2Z3DQ7P9JYRLG,B00OG62G3S,4.9926763
A3J5Q6XEH3K2TY,B01CN19QHQ,4.5083003
A3RV6L8TB9XZNB,B017FC8DS6,2.5166326
A2U3FVDELHREMI,B01GZ7IMJC,4.841927
A1YZCADBVKWC9X,B00RO7302W,4.152045
A3LR0J8MJ3Q6SI,B019P93A7G,4.340696
AAKO4YAM9BZE5,B0149039F4,2.195294
A38KPXZZ1AXYKR,B01HAGVVYU,2.267861
AUII0MVONK1A1,B01A5OVNQA,5.235142
A3DQRNADNQWG6H,B00TCI48WC,3.4333377
AQ5HSBPNASYIG,B019E9VZG0,3.8580751
A6ZT9EZ49JTEL,B00CL0KG9M,-2.600016
AAADYWOGSQ758,B00BF2APBQ,4.214539
A3RNQ7PNKEU1UI,B00MVK5RIW,3.9896736
A2D9S6V1AFXOAO,B00LKNP8DU,2.4642797
AANI9E9T63MOG,B01BJST0FC,3.118701
AYVJY4Z9CYQWU,B00JCFMXHW,3.4311557
AH62R547L3FQT,B01BJST0FC,2.5410194
A2D9S6V1AFXOAO,B00DRFQRIO,3.158568
A3JVZY05VLMYEM,B00NU3AXHY,3.7805448
A1Z7KHEH5I1LUP,B01D6F5MP8,3.7965589
A8RL5L4BJTEMB,B00OAN88H0,3.3912477
A3KBRXW4PKK2MT,B00OYWP438,4.0023026
A10DX94ATZQEFG,B015DLURNU,5.083058
A2KWQ64TRHB3YH,B015BIHKH6,4.5270348
AHMV0N47XOIMZ,B00EY2UDR0,5.041271
AK3LIR1TVZFVZ,B00M3GWXHW,5.1726217
A267QVSAPZCRT7,B01845NQS0,4.1284337
A2W3RQOSC87P4A,B018WYKTR4,5.0468154
A6SR7U2PNGN0N,B018BL1LIY,2.3751035
A28GRFK2F3TMWE,B01GYQ057Q,4.0440784
A1IFWIZ62O12OT,B01DUO8QXU,2.863521
A36PA4XPATJSKX,B00F8KSVAS,3.7104254
A1TUBKEWD01LLS,B00IWTSKBW,3.374702
A2V5HEEE7YLXMI,B01DGXSHRK,4.8792896
A3JVZY05VLMYEM,B01BEGXPYG,4.0072327
ABTPG9K6K74W,B0153XSCNA,1.8047849
A63YNBWLO7V18,B014BR47MO,3.7826557
A1KLWQKML2HIXU,B01757MBGG,-2.600016
AT2ZB20OCU7X2,B00Q5OG0RM,4.8500276
A23GRXCXQU3SM8,B01AQO16VQ,3.413209
AL4D6OHMS2Z9P,B00JXTNMDG,3.5874262
A360VI7SQP0HYW,B0189RIS40,4.3206506
A1N48Q1NZQ9R2E,B010W9HEUW,3.949654
A3PB5W8OE59743,B01BQ00CAA,3.1356673
ASUZ2V9ZK5DXS,B00JZWDC9K,4.943131
A3PV5FJGYOY5NW,B00G7RANLG,4.791667
A3I4EQ1A96IBG8,B014B6KG2K,4.966116
A3AM47VJNSKWZR,B00R9MUH0A,4.103812
AAZ73E56LMN7V,B015T6EYEW,4.2558503
A2UH7EMPH4GK2L,B0067ZJVK2,1.1727247
A2RU61YN9M0IDQ,B00ON8JVP0,3.113514
A2DZUQQXPNUGI7,B00FIWMMJ2,4.3269076
A10DX94ATZQEFG,B01A1E8WO0,3.7610373
A2F2878HE7XOM9,B00LMIWFUW,3.100566
A1RDYQ3CR9WOBH,B00FD5HCC6,5.409077
ALGAUZSEQQWI4,B00NOAZJI6,4.787369
A26GE9ZG68SKIQ,B00O3V6PWY,3.7851272
A8YJFGILC2W38,B0108J1BVO,1.577027
A3KYYFYZ73WDWV,B010KAVO0Y,3.6491957
ALGAUZSEQQWI4,B00PQV6H78,4.901504
A1N48Q1NZQ9R2E,B01CERDE8G,3.2094216
A1LGEZKBNXPUW9,B01DGXSHRK,3.9068556
A8YJFGILC2W38,B005GI9EXU,2.3076878
A1RUGOMYCF8NF4,B010NQV6I0,3.3297963
A3L8F13NKUQHQ1,B00NS79DMS,3.3883648
A245T0V8KVTV45,B00MQ5BIE4,4.5311036
A1NAXYNAOGJIGN,B00OAN88H0,3.8054395
A1I5JKKMD84DRU,B01FTEBE74,2.414515
A11TXTVCFT246T,B00QG1TRNS,4.2723765
A1DJY8WVWPJ2H8,B00XZJ30FU,2.9648485
A2BOKBB1IZA13L,B00O3V6PWY,4.6658654
A3E4H5A1X8NJRR,B00J98RD4A,3.9799953
A179INWJ0ZLOB4,B016TG5V3E,3.2076497
AMK0DSS0DAP1W,B00VOYNKM6,0.9767271
A2S5EPJ451WL3I,B00TPBIA4S,2.7115154
A37GCC410JYT17,B00MNQH5UC,3.8774037
A10IOT56F4GM85,B00DV7LVP2,3.007831
A2EVKNQ71UULXI,B01F2SCM6Y,3.9948153
A10JAUCIGVRW9F,B01E46BFJU,5.1128106
A13QONG1RD57UW,B018PD0F9E,3.3457718
A296HV17AZ10V9,B00K5D7IAC,3.3659997
A2PBXQTE07LEFY,B014VPZHCU,5.7618113
A244SL0KDS6TL0,B0157RBC16,4.5672555
A1GXJZGFR0BPJH,B00JTS1TPE,3.7260184
A1SKQ5W90YXHF4,B01HDF9IKM,2.530414
A24NC3WOFW7LHT,B00UZSTI28,3.3538675
A3GWE80SUGORJD,B00629WWJ0,4.479381
AZRPAHQG1VHR0,B01DWF3ZHE,2.3319783
A414YEU57FUHJ,B00PBA6QCU,4.210447
A37KLLG8DXL5J7,B01EAYV5P0,4.701284
AXX9S5UGOEZR9,B00KZ41KGY,4.370993
A19GA74ZCMMYPM,B0150GDK5K,3.743391
A272PNE7D26JA7,B01HHJZ3EO,5.2047772
A1CGSOXGAEK30R,B018UQNDOK,4.028499
A1HHSUAQDZ1XM6,B015JQUCU2,4.8423448
A1GXJZGFR0BPJH,B01EIB8K9E,5.015987
A22IR36BR0UCVB,B00DPNS95M,3.8536663
A222WQ9VGVPSR5,B00YT6WRQQ,2.4433703
A36PA4XPATJSKX,B00KQS1DJ8,5.0348253
AA9PKGS1AJS9V,B0100BOE7S,5.3199296
A3FA93L7JWESR,B01A3H9YOC,3.8249116
ADHBG0CRBVUL1,B01E2H3M1A,2.3281212
A2X6LA6IS2C32K,B00F3L4KIE,5.467152
A1HHSUAQDZ1XM6,B00QR33XQ2,5.4308696
A2EVKNQ71UULXI,B01BS4Z7IQ,4.8298516
A26V5ROE0OZCDA,B00ENTIAJM,2.1447268
A69JQYYIUQFQL,B012YHT12E,4.553555
A31G4MNGZNYSZI,B00O4GUH1S,4.0682273
A3DA91KQ8UQ76Q,B01F5KX678,4.0667615
ASZ8NR9HIZGJF,B00QIQNWXW,4.5533023
A83C3F4X0U3ZW,B00HLIYVPE,2.7874994
AYX4FFM42UGTM,B01FOFAVZ4,3.2091079
A2KVGS0V3LJKA3,B00IXYJ0C4,3.0186982
A2KS7XM8Z13Y78,B010189NMG,3.5759406
A2LLWCQVYKYF0F,B01GU8OI8U,1.4336879
AALCQ67H5TY5L,B017QSL2U0,3.338171
A2M1PNKPRUCQYL,B00UI5G3CQ,3.820376
A1FCMIVQTWHYH2,B01HDLC4C0,3.538302
A3SIG6AK2XVJ13,B01DFMO1S6,4.5212445
AIKGKUGNQ6L2F,B00W2TD572,3.966066
A1A085EGL86PB,B01GLZ0V6K,4.4558334
A28GRFK2F3TMWE,B019B6WUGU,4.0440784
A3JONP3MGSSP0F,B00OWIQH5I,3.1677833
A1O206EET8BDM4,B013YR9IFS,5.1960325
A3V9J8I5FHAH19,B01AWPTL0W,3.790934
A2G9YADU04XBHA,B00GQQPU4I,4.202104
A20XM6F911RIDE,B00ABLJ5X6,3.8889337
A30EXJZTDRVDJR,B01CYTLPPI,3.7899852
A10IOT56F4GM85,B0145JMH5M,2.073677
AXVDFGI9OEIVK,B00GRAZD3G,4.2091913
AY9AIGZKJYC6T,B01GYPQQRU,2.7378626
A13QONG1RD57UW,B01ACB72TS,5.014822
A1CLGNWRCE4QKB,B013GZOXPS,2.330793
A3V9J8I5FHAH19,B019VJ697I,3.6980586
A116GL1WSBL31P,B01EKIELGG,4.814983
A2GO4VWZWTL7ZC,B00NS79DMS,3.958674
A35SD76E2TSGP9,B016TG5V3E,3.303969
AW16PJHZIQPA5,B00OECC9VS,0.9959748
A10IXICTN64ZSV,B018FM3E5M,3.2039704
A2LEDCD5NGDPL5,B00LD6IYUS,4.988446
A4YSGLUQJP68Q,B00H8Q5AGI,5.089854
A1NAXYNAOGJIGN,B018RFX3LC,4.6291804
A18EEC1ENOT9YN,B00S58YGCC,3.303061
A1PSGA348YRV67,B00WLQ8QRK,1.7392453
AQR5TV897ZGKZ,B00V8UVHFS,3.5092072
A23Y4UGTFDMZOP,B01FP256UQ,3.7912111
A1Q3SVFIAWX5YN,B00HND2ES8,4.654447
A2B42XZI4MXOLX,B00FA0SCM8,2.0962863
A19T1A4TS1WHOZ,B01EYUE4DK,1.72829
ADT3692HEYU4S,B00Q6Q5ZP2,0.98027396
A31JVB1Y1HXN5I,B01FPJ0DMU,4.3670697
AUII0MVONK1A1,B01DWW6H6I,4.8855405
A3SMTE1XV2GC78,B00HTJJST4,5.5750985
A1ACUN6A2LYVMW,B0149IDQV8,4.242025
A18EEC1ENOT9YN,B00TEB4HAU,4.1771245
AE7Z94S1URTXL,B00NYISFXY,4.2589393
AAADYWOGSQ758,B00XTEMJR6,3.9429946
A1LL39K926QN1V,B00OHNCCYI,5.5099387
A1TR7SQWWLREQR,B01GYPPNYC,2.5054593
A2WQZ6RF0O4XER,B010ZFRUQQ,4.621064
A2AGAA1B2ORZW0,B01GBYFK1C,4.3462753
A16NOA3DB7G1SR,B01EGL8HXA,2.8818216
A2BEDL4QXLEE3S,B0104OFHEK,5.191561
A2Q7R5EUKTKURJ,B00IJ4K752,4.231069
A3CAIZ5D023DAO,B00L6YJ6AE,3.2596045
ASI65UKWLTDJQ,B00OQY2X06,3.7192712
A3LNU5OKNIZV21,B01FDI8UWS,2.9459462
A1QFKWSZFO0AOH,B007SCJ1RG,5.0938687
A225LKCZR6KH1Z,B018JP6WE0,2.162025
A37D3BRKS7OO2L,B01CBM44Q0,3.2203145
A3H7J5POTR9TZW,B00CQUW9YC,2.9953384
A1ZPW21ZBSDZ10,B00O3V6PWY,3.9745274
A2LAII96I1O1IY,B01BO8423M,4.4002852
A1FEZ774RWJOU,B007GSO4XS,5.7480364
A36CNQTLRIL6LM,B01B52FWAY,1.9513224
A1WUV5NNBO97B6,B00NMVS01K,4.3209233
AQFF452SVDF48,B00N05R8GG,3.18825
AGBGV16NY06FW,B00I8PT41A,5.008921
A353K0UEDMX3PH,B00JJUZ1W4,3.1954541
A3E4H5A1X8NJRR,B00VRQNK58,4.010884
AB5DP7AM479QJ,B00G0TI2I2,2.0753694
A2EAKYR4AEJU69,B01835JNDI,2.846952
A3VOJUZV0MRGK,B01DJB7XZG,3.0764413
A2HESNQJZ9OB7H,B015Y80IGS,0.5153087
A287J5FTWL99W6,B00H67YGUK,4.1803803
A1K69VHP8LH96J,B00957XZFG,3.7001653
A2M1QYOWLBGRHT,B01DFVOP74,4.866188
A36I3TGCTO1NHQ,B01DRXCPXG,3.4746242
A1P44JJW47E6QN,B019LOFJE2,5.320855
A15EMPO8TCH2RB,B01GBMRQH0,4.8911037
A1ODI3DRI04JZO,B015BBZB1K,3.9604697
A1FCMIVQTWHYH2,B01HDKFB44,3.538302
A3H1TO48SUIM54,B01HCB4LFE,5.7902055
A2S5EPJ451WL3I,B01G68FXZG,4.2427044
A2C7W167DVNUKH,B01FBZXSI4,0.73244405
A2CZKERY4LUBVI,B00UOFS9QS,4.6136756
A1B5MN8PY0JIJQ,B00XB6M0OY,2.425147
A15Y3Q6XIXTGKU,B01D5CAQ1C,3.6006641
A2RWL2UG5PAFAZ,B00LS610HC,3.657288
A1K5D34E308RSD,B01CXRI0W2,3.3541045
A3QU0T2MAJ2VJM,B01BFF1FOS,3.514636
A1LEP3FM28J5RB,B016M0D3GO,4.7595425
AK3LIR1TVZFVZ,B019G904RE,4.735792
A1ACUN6A2LYVMW,B019YNUQ0M,4.145799
A1YS68EIVIMORY,B00ARFOGQ2,2.6837087
A1E29AF1LT9N6S,B00K1MS0NQ,2.49892
A1P44JJW47E6QN,B01A4ST18E,4.6880155
A31W0R6O8EM6V6,B01FV7OB5G,3.6830812
AYUTCGVSM1H7T,B00AXLV0CI,5.0893674
A2VSI0RDFNNBEU,B01DKRP6RG,5.238992
A3LR0J8MJ3Q6SI,B01BMODWY8,4.8083305
A1PT92FOG5ALFB,B01CWZH814,2.8958526
A1TVJ9WDRP0UZS,B011AKJH0C,2.6443515
AGD9CPEWV61AG,B00JQS5FIO,5.5722737
A3SMTE1XV2GC78,B00I1VX9YO,5.3447933
A253ZKSZTAZ8W7,B0098AUF7G,4.8499517
A1P44JJW47E6QN,B00AXLV0CI,4.5860825
A2PBXQTE07LEFY,B01BHE3H1G,4.522941
A1FWLM5208ESO4,B01D27RNDO,3.5212617
A28U98HYYE5DR1,B00O3V6PWY,5.071529
A3EJDCT3TAEC2,B00TI0T5IQ,4.0935893
A3FA0RACII84DP,B00B3DROPW,4.9504437
A31PEOCXMVP4X4,B00QZHHE7E,4.2676773
A2539ZDDALTYR7,B0050YUL0A,2.3449845
A2OCN5Z5Y8E8XJ,B01ETJABRE,3.4791064
A32TX5VFAQALG5,B018CHA4GM,3.8927245
A2UJTG9XC4KISL,B00HTJJST4,4.7289906
A2C3N49XB5K19C,B01EAYV5P0,3.7670922
A2YJ8VP1SSHJ7,B018P7B0NK,5.319063
A3H1TO48SUIM54,B00O4GUH1S,4.12225
A1NL7G5VN45RDW,B018RU9G0O,5.262753
A1VA2I63CK09BU,B0143PGMCC,4.8173594
A2YJ8VP1SSHJ7,B01DL6EQC2,4.3562417
A2MXJZ75PBWCI9,B015L2UR1S,4.8885455
AV6ORIR1JV86P,B01DJI001S,4.321917
A2PJCE1T0AXDD3,B00XIHMD2K,6.090287
A2RU61YN9M0IDQ,B0161EFLCK,2.936736
A2FR370CNM7L9,B007Z4WSOK,4.761339
A253ZKSZTAZ8W7,B0161EFLCK,4.6351995
A30DBF16JX73UA,B00NEON2WC,4.9567122
A5KRI5P7KR7SK,B00DPNS95M,3.1777873
A3DQRNADNQWG6H,B0100BOE7S,4.5419574
A3OQ0WU2ZHM5J6,B00NLLP3MU,2.2714438
AAO6QIF5RUMS2,B01CNZ73DG,4.5022
A2B9C3FMYW18UN,B018BJKTPC,1.948315
A1K69VHP8LH96J,B00DRFQRIO,4.638965
A21TSBBTF0DMG5,B00BZF0H6G,4.348479
A8YJFGILC2W38,B018BL1LIY,-2.600016
A3KFTHKGVC63SL,B00C44H0OE,4.4373403
A64VNUAXNX8VO,B00VOYNKM6,2.22404
A37P6T3YZ8KY2F,B00MX7NP1Y,4.3348927
A3C713428J4MJ7,B01BU7PHA4,3.4478216
AC10C3YIUN8LO,B00CQWDQA6,4.482888
A2MK1L1Y74WTWH,B00Z7Z2A6A,2.192758
A142HAT43L5W4W,B00I1VXA3O,1.6408883
A3O6Z1T0IZ3NT,B00U9U223Y,4.173967
A1CLGNWRCE4QKB,B01520Y7N8,2.9061427
A32TX5VFAQALG5,B019AJC8DS,4.076548
A3N9UT7F50XA6L,B00WDXUE6W,4.6969504
A1UH603GXL3ER2,B01HCB4LAO,3.1818576
AGBGV16NY06FW,B0150C55HA,4.3921375
A1K3WZMHNUDZ6N,B01C8CLGR8,4.970455
A1A6ADR8JG12KQ,B006Q1V2XQ,3.760003
A35JGHMCMZIMW4,B01DE64GJW,4.2330017
AJ5I39GJSGSZW,B016MWT1XQ,1.6147114
A38TZJEVGI7OJN,B00WCD5GYS,4.952222
A2XKX5TBB6WV00,B00WNCHJF2,4.260072
A1JMSX54DO3LOP,B00UMHJAOS,3.6815333
A3PYB2CTKK93MG,B00D53OFPA,4.3570957
A16E3LZGPATT2,B011TI8CTW,4.3487105
A3P2ROGJMLVZHN,B00RC6JVDC,3.8453088
A3JONP3MGSSP0F,B004UHYPZK,2.718268
A2ESCA4MLAK1QF,B014BR4A3A,2.685369
AYDMB9RBJMTBR,B0096SJLAM,2.7792873
A1DJY8WVWPJ2H8,B01CSNZ15K,3.4832573
ATTQEF12BAZNC,B01FOEQRNA,3.765655
A326085M0DK10B,B00DRFQRIO,4.0933957
A1LEP3FM28J5RB,B00MT3H1VC,4.9541483
AWPBNX7NCVR0D,B00Q5OG0RM,5.0656304
A2BC67IP5E7QC1,B003KRP2VW,4.0707936
A34FGMJ3K5O6GT,B0065KX8P8,3.828668
A69JQYYIUQFQL,B0184I7L1U,5.531006
A23GRXCXQU3SM8,B01EQ2S2UM,3.413209
A1FAJ6G0KD5ASM,B00NXFPENW,4.832868
A2MX7TA6LI8I4K,B018FNBE26,3.0028458
A2RO8I1XUKKUU7,B01DV399Y0,3.0302339
A1FI0I69UHS22T,B01ADL8LZ6,4.5637846
A2GO4VWZWTL7ZC,B017DPEEUG,4.417875
A2EVKNQ71UULXI,B01DYXP2LQ,3.9948153
A2SNF7VCKMYTDF,B00MQHIEKI,4.2031007
A2GO4VWZWTL7ZC,B00X7R3DFM,3.1641912
A2S5EPJ451WL3I,B006PYDFTI,3.1905499
A2WEE1PU5NZVJQ,B019G904RE,5.287597
AK3LIR1TVZFVZ,B00ZYX46P8,5.1201224
A3E4H5A1X8NJRR,B00A9FYVXS,4.375811
A31R64J645RAC6,B01D7GSS70,4.3264136
A2G1P9M0BN9BQJ,B014RCH66M,5.1655526
A3PATLW8T3PQV7,B016G5T1CA,3.6637526
A2AI4R4JQ6Q772,B01AWS518A,4.4968386
A1SH6H9ZY9AJV9,B016PKYGGC,3.5773659
A3CBZUOAQ1LBU5,B00NJ0Q0SY,4.9268475
A1FWLM5208ESO4,B018BL1LIY,2.728603
AH85UZ876V6OW,B00ER8D5U8,-2.600016
A2DEMVB5J42NGI,B01H7HMP1U,5.3295646
AH85UZ876V6OW,B01DTRFUY6,-2.600016
A3AN1E7K5WXIXK,B01EJ2BV0W,5.325288
AYUTCGVSM1H7T,B00MX4LMT4,5.3060155
A1E614LDQVKOYE,B01ECK9V12,3.4847322
A2IUIOTFRZHGLD,B00IBF3PJ4,3.3442054
A18EEC1ENOT9YN,B00D9CMLNA,4.08336
A2G9YADU04XBHA,B00WTCSTKA,2.4521995
A1UH603GXL3ER2,B0100BOE7S,3.8461394
A1RL1Q5LPSFZL6,B00K9W0F9A,3.5718327
A1L6F7EDB5NVUO,B01F5KX678,4.7888746
A1ZDSAPOGRGBJI,B00DRFQRIO,5.003163
A1Q3SVFIAWX5YN,B01AYAD74Q,2.9908524
A2V06QC9Y4ZL0E,B00XCAOXI0,5.0704308
A15EI56DL57DZC,B01DUP0TL6,4.0519147
A2G45Q8V20R779,B00TIUEVL2,3.977511
AFWX7LUD88GFR,B00IXR3JLE,3.9419374
A2BOKBB1IZA13L,B00T6HTQTY,5.874051
ACATGMB8JTGU9,B0165I3VSS,3.1984344
A3H38968JZF6VK,B007BVNF4O,4.4502373
A369BMHORFPL0O,B0190HN0DM,3.091569
AUJKYWUK14BZ2,B01F483E64,0.8328767
A1K3WZMHNUDZ6N,B017DSORBE,4.058782
A3ANLUEKJBC1IZ,B0174PTMU2,1.9475297
A1VA2I63CK09BU,B00K395P12,3.5092754
ALFGUMMTD7M4R,B0165WFX2Q,4.0153704
AUI3XAZ1513SI,B01D2CC1EU,2.9919825
A1DJY8WVWPJ2H8,B007PPJOGO,4.0581303
A1NE9CRAQ0WUV,B01EO6IIM2,1.7334505
AYX4FFM42UGTM,B00XIHMD2K,5.6116147
A3TC60MGLW1I76,B00EHSUFD8,2.7595897
AGE0YGLF7L2ZL,B014LQ18CW,3.408002
AT2ZB20OCU7X2,B00ZRDPPU0,4.859123
A1ACUN6A2LYVMW,B01EKIELGG,3.9679189
A1BOK1EC36Q0WV,B016XBDENO,4.6701665
