ReviewerID,ProductID,Star
A25X28UZCW2J6G,B00K9V6B94,4.432104
A1FUH1O6FCTUYG,B00GZANS6M,4.360029
AAUVEEG5YLZAX,B01864DDVO,3.7530084
A3VQLGTYTL5196,B001BXNQ2O,4.408015
A10JAUCIGVRW9F,B0116MZUS2,1.3712605
A30WJKGX1XG19Q,B00I4KRGPA,4.448202
A2JPS7EMNFKXOV,B00KLO64S2,4.3173466
A1TA5QYECZP1L1,B019LZJ5H8,4.155319
A27OS7Z94VXCYF,B00X2JUCRC,4.3313327
AJNVLN50MZSFU,B01A03HKFE,4.319171
AL2SKAXGCX01B,B00OM12RWM,4.348691
A1RDYQ3CR9WOBH,B00HHGRE22,3.8228393
ASGBSLP29DQRY,B01CBLURCG,1.3712605
A3S3O6L6SZL8KV,B01GKU3D1G,4.6582675
A26V5ROE0OZCDA,B00EAHZR5W,4.0071125
A37G8WNF7DGY6M,B00BF2APBQ,4.5274477
A3GWE80SUGORJD,B01CBM44Q0,1.3712605
A15Q5MVRVBMKW7,B00TC1JYA0,4.7327967
A1O206EET8BDM4,B00QBH0WE0,4.400716
A3CYA250L0DABZ,B00N05R8GG,3.8785396
A31G4MNGZNYSZI,B017S1KRCO,4.581659
A18EEC1ENOT9YN,B007YUYWPS,4.308535
A23TQDWMUA4F6Y,B00NGZOH1E,4.1186876
A1983ES85GQ6LC,B01HFFPC2I,4.196638
A35CC2LV7L5GFE,B00PG4T6UU,4.111025
A2S5EPJ451WL3I,B01H4NVSOC,4.0819902
A2AGAA1B2ORZW0,B00II5I3R6,4.3645496
A3N6TV5T5JSG7K,B011G3HM2S,4.4667444
A2C7W167DVNUKH,B01A3SL1ME,4.747979
A4YSGLUQJP68Q,B00R04OX5C,4.619707
A3E81XX9ZDNCNO,B013X96TL8,4.831496
A2D9S6V1AFXOAO,B00X8SCJCS,3.9242306
A1V9310YS86T7M,B00LAKB87S,1.3712605
A8Q2ZFOHTVSCV,B0143PGMCC,4.322219
A3N9UT7F50XA6L,B00HTJJST4,4.2771235
AEKAL2F7RF7WL,B00BPTTFOW,4.1342797
AQFF452SVDF48,B00YSW6NWU,4.722869
A16XJNGXIVCHE3,B00HWFEVRE,4.330393
A1UH603GXL3ER2,B01D1UVNEM,4.821414
A1W49O3LYZ8GI5,B00ZAY07OK,4.6343837
A3CIIU9YNK53VK,B01BU7PHA4,4.2484283
A3DS9MLHI0EHG6,B015VKB8KY,4.572862
A3JVZY05VLMYEM,B00ZTMRHQ4,3.747467
AXMNLUJHA9RG7,B01E2H3M1A,1.3712605
A1NE9CRAQ0WUV,B01BXGMTEY,3.9589386
A2MX7TA6LI8I4K,B00FY54JYO,4.4909735
A1ZV5XBKG7RVZU,B00DH52R5G,3.8852615
ABRLCS0WRNOKX,B00JJUZ1W4,4.424791
A2W4295H4JSYDD,B01CMH15IE,1.3712605
A28REJAM6899K8,B006PNKS2Q,3.8884935
A2GO4VWZWTL7ZC,B00NW2BZD4,4.5242147
A1NPM2IW3DLO3F,B01CMK63A6,4.7839413
A2BC67IP5E7QC1,B00BVXQS1U,4.340952
A38VSUHB9RAWYT,B01FQ57CRC,1.3712605
AXOY11IDEONHE,B00CLZCRIU,4.5738306
A28Q2RR2DO7NIH,B00G9FC2GA,1.3712605
A26GE9ZG68SKIQ,B01DUO8QXU,1.3712605
A19GA74ZCMMYPM,B0198OKW7Y,3.987506
A3HYB9AL7BZY4,B01BXOWVU8,4.3620877
A31W0R6O8EM6V6,B01B3G5Q8K,3.950177
A2Y7B4AASUOXM,B010MER4EI,4.088194
A2Q8B7JPI4LAKL,B01DH09WVW,1.3712605
A3RS1I72ULUVFC,B01AJCEP0Y,4.2499256
A2PBXQTE07LEFY,B01ERZFFSK,1.3712605
ASR774IIR8VN7,B00UZM2O52,3.7582216
A1ZQGKKF2I7YS0,B00YOAD310,4.6203847
AAADYWOGSQ758,B00PRA4CUM,4.441362
AKWBRE0JKA2A1,B00ENHU966,4.3422523
A1ZOL59JA86C7Y,B01HDNEFGQ,1.3712605
A3N9UT7F50XA6L,B0165I3WGY,1.3712605
A1UH603GXL3ER2,B0150BC7FY,4.396591
A83C3F4X0U3ZW,B01EYUE4DK,1.3712605
A3V9J8I5FHAH19,B016TNH8HE,4.7210917
A36WBGWPPLIQZ9,B00D8GLHYG,4.636624
A1HHSUAQDZ1XM6,B01DUO8QXU,1.3712605
A27FIUTXM6WTIW,B00RW9JGYS,4.0523
A2J8WQHKV75MAS,B00T85IUR8,4.5795746
AZPNSCZH6LW40,B01FKDKB96,4.5540366
A1G7VXXXLTJX9R,B00QVNQYIM,3.9733262
A2C7W167DVNUKH,B00X4112W2,4.354072
A916DXE9W36GF,B018PD0F9E,1.3712605
AVTN1DZPKSY8I,B005NTW8SU,4.423184
A1I96OYAUJ3HQE,B01GEKTEY2,4.5694613
A198VXVTHHIZJ7,B0157RBC16,3.5247183
A1HHSUAQDZ1XM6,B00DV7LVP2,4.4725127
AAIDLB38IY7R6,B011B2C3NW,4.118734
A2HZ6MGQ6TPNO0,B017JRXATE,4.209863
A1PSGA348YRV67,B00U7O4IQ6,4.5289288
ASGBSLP29DQRY,B00K40M50E,4.499365
A326085M0DK10B,B019S2I4HG,4.7534585
A2KWQ64TRHB3YH,B00DU4Y2R0,4.232478
A1NE9CRAQ0WUV,B01BU7PHA4,4.2484283
A14TBDIKFSOIX8,B00L1R3OS6,4.2248178
A3SSNQX72CDVLH,B006A9XGUG,4.6116476
A3CHUCS2CVKGI0,B017RFCQ5C,4.6290855
A27FYZLG2XYSCZ,B00EZGN2VO,3.8547163
A3H38968JZF6VK,B00BBQ2JPQ,4.3273354
A2NDDUI5L26D3Q,B01ACP2MSU,4.118427
A37Q71Z1BE6V9,B00FJFV6AY,4.150913
A245T0V8KVTV45,B00VQJHHRI,4.146441
A1ZQGKKF2I7YS0,B008O58I4S,4.2087264
A3GWE80SUGORJD,B00ES2P6UK,4.2031984
A2LF3KTH2T6RJA,B00L73W2J6,4.507874
A3NVE90M7T4FBT,B01D5CAQ1C,4.622561
A26GE9ZG68SKIQ,B00PG4029Y,4.568033
A36RDF38V9ITAE,B017GGWXNW,4.799643
A1Y5FO3ON4WVHS,B01ERZFFSK,1.3712605
A2US3C9WGWUE66,B00KH3Z53W,4.2988734
A1C7ASZFSTSJMH,B01GZ7IMJC,4.7363143
AD9HAE7DPTQDG,B01A3H9YOC,4.2847986
A3FA93L7JWESR,B01GQW4UQ0,4.6212993
A13QONG1RD57UW,B01AQNZQD6,1.3712605
A2XKX5TBB6WV00,B00N9IMHCE,4.3760514
AKZH6MEXHWGLD,B010MXA96E,4.194868
A2D1LPEUCTNT8X,B00NHVBIF0,1.3712605
A3CYA250L0DABZ,B00II5I3R6,4.3645496
A32TX5VFAQALG5,B011G3HJ6C,3.838478
A1B5MN8PY0JIJQ,B00K1HQWBS,4.560858
A18TN5IRM7LPNK,B00ZYX46P8,4.502054
A1ACUN6A2LYVMW,B016WQR86Y,4.5598874
A16SH2BVYS9FL3,B00MJ2UMIC,4.2532787
A1YUPRU1BVJHQV,B01990D46I,4.3562403
A3LVYVNRDCRYQP,B01ACP2MSU,4.118427
A3RDDEA1NKSMVC,B01C6DZQYS,4.6666274
A33CY1MZDI8944,B0197OZW7A,1.3712605
A2NLY1TJ8TYV6D,B017S1KRCO,4.581659
A2MR87VMPFNFJ5,B00HLUH7BM,3.8222835
A3TYM17FU0FSE8,B01GD3CF5U,5.0403056
A7GZXYEZ2OMLQ,B017733NZ6,1.3712605
A3FOALVTW4NEZI,B00AA3P7M8,4.474161
A35BKLDD2E04E6,B00TZ8TK54,4.1476355
A3A44JIMIWYFIE,B00MAFLX90,4.744426
A30KP3UKCY35YQ,B00LAKB87S,1.3712605
A2I0ZBZOWPP756,B01DABB99G,4.3459473
A1MIXHFSMNEE42,B00HZ3NG74,4.2614946
A345V8Y9YVZEEP,B01D3EKF1I,4.3377047
A16N88TMHMXX1F,B00NLJHSQ6,4.150817
A1SH6H9ZY9AJV9,B00XCLU7Z2,4.466594
A1SBQ0F7FSLWB0,B01GF9OSI4,1.3712605
A1OKS5Q1HD8WQC,B01HHJZ3EO,4.4467325
A2MK1L1Y74WTWH,B00Q6YLPJ4,4.1558776
AGIFTDAFJEXVA,B00Z96Q9U0,4.57293
A245T0V8KVTV45,B00PG4T6UU,4.111025
A1ECVHTU780FYY,B00LU5ORLW,1.3712605
A1F41PH89SL6JB,B00KKTTQZQ,4.310904
A19MQI49YCA5SK,B01914ZZHI,4.42669
A2J7GJWY8O1MDB,B01BN5LB7Q,4.4827394
AIKGKUGNQ6L2F,B00GT4I4L8,4.0296264
A3BMLG97SSIKN3,B01DME2QDY,1.3712605
A1NPM2IW3DLO3F,B01B55MQ5K,4.5950785
A137UEIU93IFEF,B00AA0VB8U,4.1836667
AJQJ9WSUDVQ0C,B015BCX0OO,1.3712605
A3C713428J4MJ7,B00XDAG2TC,4.4179096
A26V5ROE0OZCDA,B00SSS98IQ,4.0296764
A2O4SN56PNX9YL,B01EMF4FXG,4.451413
A10IXICTN64ZSV,B01F0MF6KQ,4.824233
A2LF3KTH2T6RJA,B00I590F8A,4.201408
A2PF014MHWXCT5,B01DME2QDY,1.3712605
AXIO51VZN815F,B00AOS6Y26,4.2612987
A2AH9PUAT0EFCR,B01GSC9QOY,1.3712605
A16SH2BVYS9FL3,B01E1RRX66,4.2669888
A1JMSX54DO3LOP,B005ZUV64E,4.765356
A3JXBWCYZ9HVXL,B01CJ37JJ0,4.5208926
A247M2SSLKTSHY,B006KZ5M84,4.235454
A2C3N49XB5K19C,B01A6B5MFA,5.0589685
A2VSFHELFF7ICE,B01GYPQQRU,1.3712605
A10DX94ATZQEFG,B00WRP0DHG,4.3252163
A2MR87VMPFNFJ5,B009L2X8KM,3.8726578
A3AN1E7K5WXIXK,B00PQV6H78,4.413766
A1CPMEH6MMCRRZ,B01DJI001S,4.33941
ADAJ62S65XLVH,B016JPTGN6,4.3528295
AX5KL9LWC1TG6,B005PII040,4.2572255
A1NPO1UJGN7GVO,B01GZ070A6,4.2293787
AAIDLB38IY7R6,B01HC1252A,1.3712605
A1A6ADR8JG12KQ,B01D0ZPA60,3.9499097
A1BBKKDTH8S00C,B01CX93T44,3.9363272
A2S5EPJ451WL3I,B00MRFP7E0,4.751635
A3E2YW0WOZ9TWL,B01BJ9EFB0,1.3712605
A2RQ5IRWRU0TVO,B01A03HKFE,4.319171
A2M1PNKPRUCQYL,B01HC1252A,1.3712605
AAADYWOGSQ758,B00JFHKEOG,4.2735696
A3K4HYYXZFODU2,B010PHITOQ,1.3712605
A2H7AEDMKV11OJ,B00HCK1TZQ,4.6049933
A2KE2O5C2XMXGE,B007YX9X18,3.9019768
A1E614LDQVKOYE,B00VS1XNS6,3.7441702
A1P5YXP15B13SA,B01FG70S4E,5.0909386
A3CYA250L0DABZ,B00OAGWXDW,4.458524
A1RPQMHJSNR8U8,B01H0UI0QS,1.3712605
A2UJTG9XC4KISL,B00P38D704,4.4814334
A6ZT9EZ49JTEL,B01E1RRX66,4.2669888
A1EHES82IVVS9C,B01GD5E86C,4.30266
A10RH00JS3DUX0,B01DABB99G,4.3459473
A3HOXAKC11UEOX,B00Z7Z2A6A,4.0101867
A1VU7D0OL9GKST,B00OAJUEW6,4.495
A3IQ0P3M39IY8U,B00TPBIA4S,3.9035716
AQFF452SVDF48,B00ILYKGW4,4.413292
A1SXDVX98NJLHZ,B00F8N71PQ,4.9212227
AHR3AU7CPID24,B01H0UI0QS,1.3712605
A2PJCE1T0AXDD3,B00TGC71K0,4.1782513
A37G8WNF7DGY6M,B00NZAPQHE,4.2835627
A288W9MY6EK1P,B010ORALRK,4.3680243
A2RWL2UG5PAFAZ,B018CHA1D8,3.931891
A39N24TTLP6I48,B00NF30KKE,4.7454925
A1ZDSAPOGRGBJI,B00X7R3DFM,4.713936
A2PBXQTE07LEFY,B00L2II2AY,4.3597484
AQR5TV897ZGKZ,B00F64A1YK,4.1446705
A3TC60MGLW1I76,B00Y228S2O,4.6876326
A1SZW98SMUZTQJ,B00WZWMRC0,3.7736154
A26GE9ZG68SKIQ,B00KUJCVLC,4.2429647
A20Y6SVZJNW6U3,B015M5L9A2,4.7868013
A2CJ33Q2E7PUTQ,B00GWF5ETE,4.001355
A26V5ROE0OZCDA,B018BYUPVA,4.3814774
A35M5NTEVHKVB,B005CHQY24,4.250548
A34S7V88FKZ2TA,B01HDLC4C0,1.3712605
A1AFGQGTS66UYY,B0188CT868,1.3712605
A2PZA5XB74EIDB,B00PUS8AEK,4.3998404
A25CQ5UC0CJ44C,B00GNJBFC4,4.4533105
A3K8NPGJOP3QGV,B0122EO4TE,4.525801
A326085M0DK10B,B00FHFODOM,4.7007914
A24NC3WOFW7LHT,B01DN1BLKK,4.436315
A16XJNGXIVCHE3,B01CGBC7D8,1.3712605
A1PMXOPB5EYC54,B01H0UI0QS,1.3712605
A2GO4VWZWTL7ZC,B01GWMFSYM,1.3712605
A1UH603GXL3ER2,B00WNCHJF2,4.550471
A1X6NTLNNGVIAF,B00EH2E5IK,4.543851
AJUCQMDI0QA3I,B019B6WUGU,1.3712605
AXVDFGI9OEIVK,B015ECXJOM,4.727953
A1YMQOVJJHYR5P,B0184BHNIS,4.364112
A2HX0B5ELOPP5Z,B00LKQHZTM,4.524032
A3Q9ZYNO1MXQDW,B01HAQ70M2,4.7427225
A9M7TOUJ3N4OE,B00VO86O7K,4.8595886
A3NW9Y963QZ8WI,B00MD5VDNS,4.468843
A3CYA250L0DABZ,B01EYUE4DK,1.3712605
A2U06P692IZOSF,B016YIRT9Q,4.5018816
A2Z3DQ7P9JYRLG,B01EQ2S2UM,1.3712605
A1NE43T0OM6NNX,B018A097LO,3.9416633
A178S00H8B3YWA,B00ZAJTPB6,4.703615
A26V5ROE0OZCDA,B00VOYNKM6,1.3712605
A2735JIVUDTBZ0,B01FC9OWTI,1.3712605
AMKWIQ2MT2V5R,B01BJST0FC,1.3712605
A3SFE4SWTZ3UIP,B01F2WTGFK,4.529643
A15RKFWXR5W3PP,B01A1E8WO0,4.2843103
A1ACUN6A2LYVMW,B00GG0OZ9A,4.403595
AIW0QH84UBVB2,B00COAKA7C,4.2280974
AAO6QIF5RUMS2,B00S8J54RY,4.6549597
A1ACUN6A2LYVMW,B01AQ14XL4,4.53051
A37Q71Z1BE6V9,B018RKHYMQ,4.366149
A1TVJ9WDRP0UZS,B01FCBU7OU,4.4236813
A39CVMK2ZKEIK2,B00MQHIEKI,4.40977
A3E4H5A1X8NJRR,B01C4IAK5U,4.5435696
AYGI3FN2M078F,B017E1XMPM,4.6644406
A2N1XSD82O6XTV,B00JCAHK6G,4.771511
A2EAKYR4AEJU69,B00CSFDPUM,3.924952
A1JMSX54DO3LOP,B00K6GZJ68,4.4962406
A3KBRXW4PKK2MT,B00ED3FAO6,4.122718
AIW0QH84UBVB2,B00P9QXW1E,4.6213436
AYVJY4Z9CYQWU,B00E7KTERY,4.1894226
A2EGLWRK7PCDYH,B01BJST0FC,1.3712605
A253ZKSZTAZ8W7,B01GCULNK2,1.3712605
A1ZN09YCBHQIFJ,B00MZAS07S,4.2286105
A1XL1A3TCU3Y1I,B01EYW7KHU,4.1964827
A3W4VE2L5G4HN6,B01B0T1HD8,3.9633236
A39CVMK2ZKEIK2,B00BPTTFOW,4.1342797
A1V4LZS4HHHH6K,B01AERZS78,1.3712605
A1FUH1O6FCTUYG,B00SPGA5T2,4.373702
A18EEC1ENOT9YN,B014LZJVAE,4.405812
A26GE9ZG68SKIQ,B00IA4UVPC,4.1547785
A2MR87VMPFNFJ5,B01645ZYZU,4.7208533
A32TX5VFAQALG5,B0165I3VSS,1.3712605
A253ZKSZTAZ8W7,B01835JNDI,4.595737
A13LERNQ8R7267,B01A4ATX4E,1.3712605
A18EEC1ENOT9YN,B00KGK9A5A,4.5070343
ALGAUZSEQQWI4,B0175AQ1S2,4.690098
AA9PKGS1AJS9V,B01G89E5OS,4.787518
A2N58DQ4IL5SHP,B01AKXHWTS,4.104432
A2PG5XA0Q3BEMU,B017KW0G2M,4.437807
A1F41PH89SL6JB,B00NW2BZD4,4.5242147
A2XDIADRDAIZ0M,B01CQ2707K,4.476736
A2Q439D72KOQME,B016HIOV08,4.03397
A1GQ2UI5BKCCRD,B00IJYII4E,4.585164
A1ACUN6A2LYVMW,B01BHE3H1G,4.652619
A3CBZUOAQ1LBU5,B00NOAZJI6,4.412295
A3ULR7XJF3C400,B00VW0OLKM,4.310447
A2S5EPJ451WL3I,B00HTJJST4,4.2771235
A1DF6JO4KFE5X1,B01CFBYXMW,4.6954827
A137UEIU93IFEF,B00FY54JYO,4.4909735
A37BRR2L8PX3R2,B00GVJ4WOY,4.271134
AUQCW3RV8YE2W,B0118DAWR8,4.469868
A3JONP3MGSSP0F,B01EYW7KHU,4.1964827
A10JAUCIGVRW9F,B00R1O4KWW,3.8912172
AG63N054UPJH2,B00LE4Q370,4.352268
AL2SKAXGCX01B,B00PBA6QCU,4.1589212
A3KIA7199DNI2H,B005H8PAQ4,4.475511
A3PVBW0TN46U8G,B01HCB4LFE,4.420326
A1XKTJ1XLTWLCQ,B00S7766OW,3.8920913
A1ZDSAPOGRGBJI,B01DWW6H6I,4.890327
A20ISU7TSX8NIL,B00VQR2NOW,4.0073833
A1H10L6S9KZB2C,B00J9YWGTQ,4.0057178
A29T92HFUVM2NT,B00UT0VAD2,4.3227186
A1SUV0W0CB3KVM,B00RC4MNWK,3.763854
A1EF46YLAZ7MEM,B0182RBPSI,4.8113265
A26OF6WI5RVAR9,B01BJST0FC,1.3712605
A3K9X6KRQCWWKL,B01GQW4UQ0,4.6212993
A1BBKKDTH8S00C,B01EII2PB6,3.9539447
A1ACUN6A2LYVMW,B00IKW40N8,4.114513
A3OQ0WU2ZHM5J6,B00HMXLW9Q,4.5202827
A245T0V8KVTV45,B00NWR78L2,4.107109
A1ACUN6A2LYVMW,B0058OJ8AG,4.054744
AQFF452SVDF48,B00TGC71K0,4.1782513
A3P4PWQ6NZGNFY,B01APIXTJ0,4.596092
A3SXU17Z77R7N,B01416W0C4,4.0360956
A1RPQMHJSNR8U8,B00LDQOZWO,4.378684
A16N88TMHMXX1F,B01FOGIV3W,4.3973966
A2QM4ZF6N1SI4S,B014M089YW,4.763629
A13TLUQKSW123I,B0190HN0DM,1.3712605
AQFF452SVDF48,B01CKEZ4BS,1.3712605
A3BPKT9STRWWQG,B0139HKO3S,4.88481
AUII0MVONK1A1,B01H9ER9R6,4.5074368
A1ZV5XBKG7RVZU,B00GRAZD3G,4.4427557
A3SZPKNV5IU75I,B0157GPPEM,3.9945292
A1P5YXP15B13SA,B011T78JT6,4.8297176
A13QONG1RD57UW,B0174PTMU2,1.3712605
A1JNMSETGHIUZ2,B00GW9K8EG,4.323056
A3AGZMFF5MXXG4,B01HHJZ3EO,4.4467325
A3CYA250L0DABZ,B00NW2BZD4,4.5242147
A326085M0DK10B,B00ENTIAJM,4.4259357
A1QDU32SAI8LO2,B019B6WUGU,1.3712605
A73IK4VT0XZS6,B017V6PZGO,1.3712605
A23Y4UGTFDMZOP,B01FPGWZCE,4.3870125
A3UO90FEXQNHRD,B00KCWO76O,4.689877
A3GWE80SUGORJD,B01GYQ057Q,1.3712605
ACVNKHUOX3QWU,B00OYWP6G8,4.880468
A3SQJOLKQ8X719,B01069Z6TO,3.855297
A3QY3KER34QGCS,B012YHT12E,4.108791
A2O4SN56PNX9YL,B00MX7NP1Y,4.1970167
AXMNLUJHA9RG7,B01BRFLLP4,1.3712605
A3H38968JZF6VK,B00ENW9J9Y,4.4686475
A1M9WKJRA9LA3H,B0172LVWUQ,4.6168013
AQFF452SVDF48,B01A9BTUBY,4.206715
A1HHSUAQDZ1XM6,B00HBWQCAC,4.7584
AQ9EUQMWTPCLP,B01EYUE4DK,1.3712605
A1GXJZGFR0BPJH,B00VGNPU3W,4.4442782
A14R9XMZVJ6INB,B01DQED9F4,4.7245717
APORGO15GFK60,B00BQMKC5O,4.531536
AVAC1JO1AZGAJ,B0173QJGLW,1.3712605
A1YMQOVJJHYR5P,B013GZP3BG,4.495151
A31O3ANLI6CFJ4,B00MSSTC56,3.8037138
A2LFTN6A58XAQV,B00PSEO3XS,4.265661
A2UJTG9XC4KISL,B007YUYWPS,4.308535
A1IFWIZ62O12OT,B00NTRYYT4,4.6379814
A183DRUR0UACQ4,B01783W2SE,4.3709497
A1QXNTUAUWFKP7,B01CDYARAS,3.747048
A1D7CDK7HS68NP,B00SZ35DB0,4.4343996
AKZH6MEXHWGLD,B01ACLW2JS,3.9016485
A36PA4XPATJSKX,B018F3C1KU,4.260555
A2UJTG9XC4KISL,B00MDACG9I,4.3634434
A2HZ6MGQ6TPNO0,B004INHR24,4.349979
A1IE93W5OH9MGR,B00AM4HTEE,4.4881916
A1BQJNUATIXPSS,B00OQI625O,4.769462
A98XBNRFXW0BJ,B01FPGWZCE,4.3870125
AHKB5BOH22L44,B00N7K1BB2,4.3765564
A1E29AF1LT9N6S,B00EJXIO7U,4.031014
A1DJY8WVWPJ2H8,B00DLSTT9Q,4.5296197
A37D3BRKS7OO2L,B01097AOJA,4.899675
A2W4295H4JSYDD,B018CHA2KK,1.3712605
A26V5ROE0OZCDA,B01H173WKO,1.3712605
A198VXVTHHIZJ7,B01GAIHTSQ,4.5319886
AUII0MVONK1A1,B017PH5PXC,3.7164702
ADUI5YISBG6Z4,B00FFLB6MU,3.546154
A3AL7B2RPOAEOB,B00OG62G3S,4.7347145
A18EEC1ENOT9YN,B00GPAH8XQ,1.3712605
A1LMM7FPIC5XMI,B00UZM2O52,3.7582216
A1G9FFD93Z9YNS,B015C6YFGQ,4.1447
A2G45Q8V20R779,B014GFMV4C,4.7346983
A2W31IQMW6TX93,B00NZLNUXA,4.530929
AH5HD9FHUFT9B,B00ED3FAO6,4.122718
A1FYJN76V1V5GX,B00X7R3DFM,4.713936
ADHBG0CRBVUL1,B0174PTMU2,1.3712605
A245T0V8KVTV45,B01BU7PHA4,4.2484283
A3QSRVCKQJ8F6Y,B00XRRAWYM,3.450871
A3T7S6BDKHWPJD,B01GSRNLOK,4.8383393
A253ZKSZTAZ8W7,B01D1ZKSB6,4.4816923
AV6ORIR1JV86P,B016X05QHW,4.0560274
A3E4H5A1X8NJRR,B00YQBSEKW,4.188277
A2EGLWRK7PCDYH,B00AND5YIM,3.6822205
AX2OKB7GR55FZ,B0095LNU3O,1.3712605
A2S5EPJ451WL3I,B01GTFE2BW,3.7946515
A3R74060ZMG3S5,B0192OOXU2,4.6692886
A18EEC1ENOT9YN,B00NJ0Q0SY,4.4759345
A2TX3PH7TXFRE9,B00HBX7DD6,4.2380414
A178S00H8B3YWA,B00FP8QLTG,4.416684
A3G31IWKH9ALT3,B00K1H0H7S,4.161973
AIKGKUGNQ6L2F,B00GT84JJU,4.436058
ABNZCEB0CF7MP,B00GVQOJZ4,4.486939
A2ATPNDTJKBEW5,B010ORALRK,4.3680243
AP0MMULH95T9W,B00S9WR33I,4.408033
A18EEC1ENOT9YN,B00SJ7LQ9K,4.171123
A39BS5Z2VD50RM,B00AOT3UDG,4.230099
A2QJ4TTBMNTY9Q,B00Q28829A,4.1714573
A13LERNQ8R7267,B01EH5IRI0,4.323882
AX746FITV1G72,B00CXX0LOC,1.3712605
A2JPS7EMNFKXOV,B015BH04E8,4.6410136
A3JONP3MGSSP0F,B00ZOL1DRO,4.0070333
A2WI7I8LN4JVRU,B01D3YGQ7U,4.4171076
A3SCI296BEDGUW,B0182RBPSI,4.8113265
A1X6E6VBABKKYB,B017JIYTJI,1.3712605
A1GHGL2CAF09DZ,B0103UGC1C,4.5680265
A2SNF7VCKMYTDF,B01GBMRQH0,4.7126637
A3IQ0P3M39IY8U,B00QGDV9L4,4.423987
A1K4S4MWXI9E9M,B0184J1F4I,4.8019814
A3USZMPTWE7MEM,B010NQV6I0,4.409122
A2XWNFCQ9U8N3S,B00M7JJYIG,5.0759134
A1JMSX54DO3LOP,B00QXFNP62,4.1151896
A1NPM2IW3DLO3F,B00RFY3KM4,3.9775414
AX5KL9LWC1TG6,B00V9525BC,3.9253645
A2VOQ0CRLX2C8X,B01GYQ057Q,1.3712605
A1Y5FO3ON4WVHS,B00QJKV1EY,4.257799
A2PG5XA0Q3BEMU,B010W9HEUW,4.939235
A3DULR7SKCWCJO,B01H0WI9QC,4.705599
A7WOE5BJXO2N5,B00ZYX46P8,4.502054
ABGK3RNJSLQ38,B00IJQCZ2S,3.979786
A1LBXPSSVZVIM0,B0198OKW7Y,3.987506
A2DD8D4Y1UMJ2C,B01GF9OSI4,1.3712605
A1HHSUAQDZ1XM6,B01B9XNJP4,4.567471
A3VOTL1Q5GT7UU,B0150U9Y6A,1.3712605
A3PB5W8OE59743,B01F0MF6KQ,4.824233
A36XTPY9IFYA5R,B00LS6MCMY,4.389395
A2M1PNKPRUCQYL,B01GGQM9AK,1.3712605
A1LGEZKBNXPUW9,B01EO8OL8K,4.3487744
A3V9J8I5FHAH19,B01DV4HTFK,4.7299824
A35SD76E2TSGP9,B011G3HJ6C,3.838478
A3FWAT2EKO9FRE,B01FQ57CRC,1.3712605
A3EJTO1IBULV7T,B015OS4436,4.3721533
A3YPNGXQCY94U,B01EJ2BV0W,4.4651136
AOLHNMI8G8R6K,B00EV9LSJI,4.605283
A1FJ6YD0TL90GN,B01AERZS78,1.3712605
A1UPHTDW5GM12T,B00QL14R88,4.403022
A77Z38ULG98AW,B00DCJJMUA,4.3518057
A30K9MEPFESK61,B01BR1U1WC,4.1573534
A64VNUAXNX8VO,B01AERZS78,1.3712605
AZFENNBSMN980,B019EQUUYQ,4.4950337
A12GID1HOOBX8L,B00KEP7XU6,1.3712605
A11FF0H63VFFMX,B00C5VBBHI,4.882561
A137UEIU93IFEF,B00AXLV0CI,3.912588
A3DA91KQ8UQ76Q,B00LI5X2QA,3.6651068
A2S5EPJ451WL3I,B007Z4D9MA,4.4790816
A103M7E0BSFC83,B00Y6RB1I8,4.5672574
A2DZUQQXPNUGI7,B01DME2QDY,1.3712605
AF4G3KN17ZX41,B00TOZ9EC2,4.6090994
A1RRMF5XW5NZDD,B01H9ER9R6,4.5074368
A1RF70MWVANZCU,B00PCZC7F4,4.248037
A2O37WEGGS6NF,B01CEUZT8G,4.666173
A39BS5Z2VD50RM,B012FAXT0U,4.8298683
A2US3C9WGWUE66,B01GJA450A,1.3712605
A19T1A4TS1WHOZ,B01GQCLA5O,3.8778892
AXVDFGI9OEIVK,B00629WWJ0,4.4508653
A3M3LPTYJWK90W,B00F5FBRD4,4.0121984
A19T1A4TS1WHOZ,B01FVHS6OI,4.3552494
A3GEKHTOCDSCBT,B0068UAZ8I,3.546955
A296HV17AZ10V9,B00CJNDKUS,4.18406
A7M73HAH815DM,B00HMP4JEO,3.8440175
A2K057YIAJJQXS,B00MZB47RE,4.385635
A2TLU5ODLGESZ6,B017OLT0HG,4.4728236
AWNYF3812RWNG,B00629ZTOU,4.412785
A10PIB0GJZQHJA,B009QSK1GK,4.618934
A2WG33SBOT901X,B00XZCYHRW,3.6787586
A956O72VO20Y,B01HDNEFGQ,1.3712605
A20RU9H40EONUN,B00UMODJ4I,4.5423717
A13C53Z3ONTAIS,B00X7R3DFM,4.713936
A3A44JIMIWYFIE,B00YLC03YQ,4.501505
A6SR7U2PNGN0N,B00J9YWGTQ,4.0057178
A14DHYFGHKOYHZ,B01BRFLLP4,1.3712605
AMUH4FGZCFJFF,B017RMOW66,1.3712605
A2GO4VWZWTL7ZC,B00MRFP7E0,4.751635
A20W4WL6TW19KK,B00MIH3P0U,4.367659
A2I4SQOSEF7WH5,B01CBM44Q0,1.3712605
A2A1U239S7ZVL1,B00PUSZDZY,4.0179167
A36HU5U2YI3JHR,B01GYQ057Q,1.3712605
A38KPXZZ1AXYKR,B00I0ZF9VM,4.371143
A1XMFCMIANCQRW,B01HF6OU70,4.9502125
A1X87IHRK15RBU,B017GQDX04,4.6049585
AOLHNMI8G8R6K,B01CYTLPPI,1.3712605
A15RKFWXR5W3PP,B01BJST0FC,1.3712605
A1RDYQ3CR9WOBH,B00S4D0PDW,4.460694
A2BEDL4QXLEE3S,B016R0I2WE,4.1642265
A296HV17AZ10V9,B00C14KSH8,3.6376028
A39N24TTLP6I48,B003JTHMO6,3.8630939
A3FPBNRK04ZSCC,B01A4ATX58,1.3712605
AJJXFL8ZNBC4D,B01DJZ7G5E,1.3712605
A28U98HYYE5DR1,B018OIL6QQ,4.540896
AYUTCGVSM1H7T,B004LB4FBE,4.002174
A3AL7B2RPOAEOB,B00NB3LMEG,4.100997
A7M73HAH815DM,B00YDI7CHO,4.6203556
A1SXDVX98NJLHZ,B01570CO06,4.416675
A296HV17AZ10V9,B01GD96DLQ,1.3712605
A3RTTJWMRCR09S,B00H7K5UB0,4.207393
A2V85U4LG9CNMC,B01FIS2F42,4.3896165
A28KZIYDZQRGGY,B00EGJE43K,4.1909018
AWC38PDUZQ8RJ,B00XNMKN2W,4.455394
A1LGHE86XYGL9U,B00UT0VAD2,4.3227186
AUI3XAZ1513SI,B01FVHS6OI,4.3552494
A16AQ4VKYGFWAA,B00J0PKKUG,4.1790495
A1HNLK1WBP36F9,B01G4TEUUG,1.3712605
AJYEWC922WUNC,B016TG5V3E,1.3712605
AQTXCLZVJ9GBX,B01H62L5GW,4.0854807
A39JEH2M5KY1HX,B018KVO970,4.149828
A2HZ6MGQ6TPNO0,B01CEUZT8G,4.666173
A11S2QYS4HV6SF,B017WTF8TE,4.634597
A3ALH6Z83RHTO2,B004E9U9AY,3.4839816
A2KJ7AGC82GPP1,B015HN8TSY,4.746842
A1R2D0K0S0M30P,B01BXGMTEY,3.9589386
A2UAPFRQOHUFS4,B010ZFRUQQ,4.8307204
A535AAXVRE5VM,B00T3E76II,4.347923
A3RPL8JIS2XMJ3,B014GAK1R6,4.244827
A3QSRVCKQJ8F6Y,B01324YJ8Y,4.2458353
A1CV6PASVMUEE8,B000GCFWXW,2.875884
A7WOE5BJXO2N5,B00JRBN26M,4.571551
A3KMEQP8CSCPC2,B01GYQ057Q,1.3712605
A1ZV5XBKG7RVZU,B00BFQ7AV0,3.8438368
A2EVKNQ71UULXI,B00BF2APBQ,4.5274477
A36D9JIUF8JFQ7,B01FTDR8ZW,4.8116546
A16SH2BVYS9FL3,B0141GRCVS,4.1348796
A2J36T6J3GWT6O,B01FDI8UWS,1.3712605
A19MJXG060UDTA,B01DL6EQC2,4.9779854
A3MTU1QAMYEAX3,B008X7AJX0,4.296779
A1VIR960IWHK07,B01ATF41UA,4.9321933
A2JAQ6H360RV0G,B01EO6IIM2,1.3712605
A1YZCADBVKWC9X,B00UAZ3JVC,4.9825306
A3R74060ZMG3S5,B01BRU6U6O,3.544207
A2PFCU5WLS5UIX,B00W891R26,4.1533127
A251R2KPOLFSYV,B00S5HPW6C,4.260721
A2C8S6EB6MKYAX,B00NDEXI0O,4.304817
A1B39IGLV2W0GE,B017JIYTJI,1.3712605
A31Y6ITN2SGACM,B00UCANMJO,4.1776285
AXIO51VZN815F,B01A03HKFE,4.319171
AH85UZ876V6OW,B00KJ7L30A,4.115886
A3131JEJYVBJO,B00HWFEVRE,4.330393
A3H38968JZF6VK,B011ETZ2WQ,4.2531586
A8RL5L4BJTEMB,B00VW0GK1A,4.323241
A3MN2WTICV7O9H,B000V507D4,4.171216
A3GWE80SUGORJD,B01AERZS78,1.3712605
A1N48Q1NZQ9R2E,B0145VI0G0,4.8901334
A26KPQ82F5SK2D,B01324YJ8Y,4.2458353
ADUI5YISBG6Z4,B00MQNEQ7C,3.858825
A1NL7G5VN45RDW,B018RFX3LC,4.717012
A1V4LZS4HHHH6K,B007Z4WTBW,4.311306
A3HJQAU1O5J9Z4,B0056372HA,3.7078424
A6T098A9B0GZC,B01DTO5J8G,1.3712605
A1KLWQKML2HIXU,B00C6MFLP4,4.430799
A1YK1AM70HDXLE,B011G3HM2S,4.4667444
ACYLW9NAGTBK7,B0165I3WGY,1.3712605
AKK6BPA7HTEKQ,B00XGIEM52,4.3314714
A1MIXHFSMNEE42,B01H62L5GW,4.0854807
ADUI5YISBG6Z4,B006RZNR3Y,3.5735035
A2QLX4D1B9FERH,B01CWZH814,1.3712605
A35M5NTEVHKVB,B014V1Q6SI,1.3712605
A2TLU5ODLGESZ6,B015VKB8KY,4.572862
A2M1QYOWLBGRHT,B01B5BR1KO,4.443578
A2MEKYD68X8R8H,B00Q6Q5ZP2,4.2515864
A1K4G4G02UIVEW,B00G2CXN7C,4.3876834
A1T77WWA0TSSGB,B01BR1U1WC,4.1573534
A1PUZIV4PYY4YM,B00Q7TWVAK,4.3097796
AH85UZ876V6OW,B00RHH7LLU,4.082327
A2MCZ9BUKVPO56,B01GW1BZBI,1.3712605
A6AEJMW6IUOO5,B01G4TEUUG,1.3712605
A1IE93W5OH9MGR,B008XDGQ2W,4.70151
A2RWL2UG5PAFAZ,B00NI4I0GG,4.461587
A2VNG16IOTY7N,B01BN5LB7Q,4.4827394
A2MXJZ75PBWCI9,B00M8ERQ0S,4.346051
A2VSI0RDFNNBEU,B01CYTLPPI,1.3712605
A556L66JGOVPK,B00NZLNUXA,4.530929
AUME0VNK7J2MP,B01E6DT75U,4.540682
A7GZXYEZ2OMLQ,B00JLHHYWA,4.227477
A2JKXT3H0U8NKR,B00N1DVE8U,4.617133
A3BTRKXD03KC4F,B00TYV0WSG,4.7328506
AYUTCGVSM1H7T,B01HCMNEWO,1.3712605
A1LFIFPYMOJ8RV,B00V45ZENI,4.9119205
A23GNQPTX5CJIF,B01B9U2H50,1.3712605
A2TX3PH7TXFRE9,B0151RDU58,3.752462
A3H1TO48SUIM54,B01GBYFK1C,4.385602
A1W48IWJ8A610S,B010WM3TG2,4.7544384
A26V5ROE0OZCDA,B00QJKV1EY,4.257799
A3IQ0P3M39IY8U,B016QTOIWE,4.288449
A3PE4ENWAY4D9O,B01D10TPRE,4.683624
AQ5HSBPNASYIG,B00DVYIQDA,4.3411527
A3AM6MXENFRF3G,B00XIHMD2K,4.830704
AGGDI4VWPPZ6J,B007Z4D9MA,4.4790816
AY5R3F55U7WZ5,B00ET55NGS,4.4261007
A15VZ8KA1KH8ES,B00AQOY5RO,3.7673287
AWNYF3812RWNG,B00JNK590Y,4.2539883
A3AM6MXENFRF3G,B017GQDZWU,4.453128
A6IU02S1EJUS0,B00F3LVB40,4.611645
A29V7E1TFYXKJ,B01CBY47FG,4.26552
A1FJ6YD0TL90GN,B00JHIJD5Y,4.355701
A1GHGL2CAF09DZ,B00P9RVW5G,3.7504401
A2S5EPJ451WL3I,B01GKU3D1G,4.6582675
A2N1XSD82O6XTV,B00OAJUEW6,4.495
ASR774IIR8VN7,B00VO86O7K,4.8595886
A235UMRMGXAS15,B015BCVXF2,4.301379
AP0MMULH95T9W,B00DDU756Q,4.001502
AIKGKUGNQ6L2F,B00ANG0812,4.453032
AV6ORIR1JV86P,B00NMVS01K,3.9624557
A247M2SSLKTSHY,B00CGIEP00,3.9915113
A27OS7Z94VXCYF,B01H4NVSOC,4.0819902
A2PJCE1T0AXDD3,B01FTEBE74,1.3712605
AMK0DSS0DAP1W,B015BCX0OO,1.3712605
AWNYF3812RWNG,B01CT4MKIE,1.3712605
A3RPL8JIS2XMJ3,B015BH04E8,4.6410136
A2PJCE1T0AXDD3,B0116MZUS2,1.3712605
A245T0V8KVTV45,B018F6H3U0,4.7038546
A8YJFGILC2W38,B007GSO4XS,4.7768455
A1ZM0O98T3MNLR,B0193ZSEUU,1.3712605
A11S2QYS4HV6SF,B01CT5K792,4.615276
A3IAAKYJIX44EL,B0145COWD4,4.420984
A3HOXAKC11UEOX,B00N0VI2OM,3.8852262
A7GZXYEZ2OMLQ,B00X8SCJCS,3.9242306
A3VQMP3ACL1KHH,B01B27ZC98,4.4869266
A69JQYYIUQFQL,B01DJWPF6Y,4.4424024
A1FHWVQ0ZMFFQK,B013X96TL8,4.831496
A2F483MD47JG2T,B0073XXOGO,4.9641585
A3GRUTOJXXE8FF,B018COSNP4,4.863002
A1J3WRDIB012CI,B006KD2TP0,4.3494515
A39N24TTLP6I48,B019OYETT0,4.571884
A29KU896QJLUE8,B014I8OGLS,4.000742
A6ZT9EZ49JTEL,B01F998SK0,4.784226
A1G7WM5OV1TKTL,B018RVBW82,3.8720317
A2PF64RBR1G1SZ,B01B0QXBA8,4.8031683
A1Q1PDU91ND28H,B00ZY6REAY,4.452238
A2V5HEEE7YLXMI,B0153KV24O,4.5716085
A2LAII96I1O1IY,B00FR30D16,4.315243
A1N48Q1NZQ9R2E,B01FRQ4Z8E,4.650399
A3H1TO48SUIM54,B00JFLUJ3S,4.6187415
A290WMOZDFOWFY,B01FPS5IQC,4.2600813
A36N7KTS8JMR4L,B00VU0M8JA,4.136637
A1KLWQKML2HIXU,B018SCGDWK,4.5929904
A28MNML6Q383F4,B01CWZH814,1.3712605
AYX4FFM42UGTM,B00UJEGURO,4.4921136
A1NPM2IW3DLO3F,B00KZNW2Y4,4.0457416
A3GEKHTOCDSCBT,B00PPDJ7OW,4.0174217
A3IAJM6F3EBQ5H,B01F5KX678,4.472805
A1KRKONSKSM8FS,B018GVP9PK,4.505095
A1AFGQGTS66UYY,B016MWT1XQ,1.3712605
A37G8WNF7DGY6M,B00O3V6PWY,4.4752207
A00463782V7TKAP9EMNL,B01D6ZVT78,4.4945216
A36D9JIUF8JFQ7,B018NUSVFY,4.279676
A2FSWI7Q6MZ9PX,B01FTEBDDE,4.6940145
A2DD8D4Y1UMJ2C,B0014B5JXW,4.0963583
A25PLL2FEB615H,B01A6OP92S,4.8620815
A2S5EPJ451WL3I,B0141GRCVS,4.1348796
A1XKTJ1XLTWLCQ,B007Z4WTBW,4.311306
A190TSUIRJIFUK,B00D53OFPA,4.587183
A2ZRNAK0Q1FLQU,B00TKP8ZMQ,4.2746387
AQ87G02DO56Z,B00MDW5UAI,4.203079
A1NAXYNAOGJIGN,B00T3E76II,4.347923
A7W8CXJOH3UNV,B01C6DZQYS,4.6666274
A7CZSRM0JJVJP,B00538W83Q,4.2618
A135NSTCX38DEI,B0197OZW7A,1.3712605
A4YSGLUQJP68Q,B019KP81BU,4.9840016
A28JLVMZBALBBL,B01EQ2S2UM,1.3712605
A2C7W167DVNUKH,B012PDB95O,4.7255454
A3MTU1QAMYEAX3,B00ZYX46P8,4.502054
APORGO15GFK60,B01CRYKNNA,4.5391636
A20ISU7TSX8NIL,B0108J1BVO,4.291786
A34XKT60HI08BV,B01DJZ7G5E,1.3712605
A328S9RN3U5M68,B00GNTLLFK,3.8774357
A23GNQPTX5CJIF,B01D6ZVT78,4.4945216
A1NE43T0OM6NNX,B01AW25GRC,1.3712605
A1PA6ZO9892OH3,B00PNU8Z86,4.3064823
A1PSGA348YRV67,B00BMU99HM,4.213074
A1IE93W5OH9MGR,B017OLT0HG,4.4728236
A2SHWMWTXZLIR9,B00JJUZ1W4,4.424791
A235UMRMGXAS15,B01BRFLLP4,1.3712605
A1B5MN8PY0JIJQ,B00NAI85T2,4.729603
A3JVZY05VLMYEM,B00WTUV8WS,1.3712605
AQIA837SENFW2,B01HDNEFGQ,1.3712605
A1TJKEWDZGEUES,B00C7HG9KY,3.7828379
A18S48PUNIR4XH,B01B3LJZAA,4.745905
A1JNMSETGHIUZ2,B015NFAKLK,3.7764292
A37BRR2L8PX3R2,B0090MXP0Q,4.209016
A28D20IM3BNAJ1,B0015DWM3Y,1.3712605
A3Q4VT0R8O8RSE,B015V0AKSK,4.503123
A3PVBW0TN46U8G,B01F9FRYUY,4.334263
A27OS7Z94VXCYF,B00NW2BZD4,4.5242147
A253ZKSZTAZ8W7,B00DNC4BKM,3.7841272
ANNKJUAQ1268I,B01EYQ5ULE,3.8309317
AIKGKUGNQ6L2F,B00ES2P6UK,4.2031984
ALGAUZSEQQWI4,B01ATF41UA,4.9321933
A3DVGQZY2MBA87,B01BRFLLPO,1.3712605
A11N6ZJPEMVHYJ,B016ZEF0VI,4.489171
A1JMSX54DO3LOP,B00VZ3S5SA,3.9091463
A1FWLM5208ESO4,B00TO2TRV8,3.9117641
A3ESFCDE13IMH4,B00G6N3IA4,4.6319675
A2JQN9JI4LBLOW,B00I1VXA3O,4.3176475
A1FYJN76V1V5GX,B00U7SV5O0,4.5802116
A296HV17AZ10V9,B00GTE1BEK,3.780794
A16TE56LP5NUL5,B015UPORGC,4.9846883
A1YK1AM70HDXLE,B00CNTTUWA,4.49933
ADUI5YISBG6Z4,B00AP6YRFS,4.2421384
AVNS35OHR3D76,B00SWMCZWE,1.3712605
A2PF014MHWXCT5,B00WBMKEII,4.2263556
A1NL7G5VN45RDW,B013T8U5O0,4.4382334
A3AL7B2RPOAEOB,B0099LPCWC,3.6972518
A1LEP3FM28J5RB,B01BYT68QA,4.738422
A1SXDVX98NJLHZ,B019E6OLFK,1.3712605
A32TX5VFAQALG5,B01A4ATX4E,1.3712605
A64VNUAXNX8VO,B017RMOW66,1.3712605
A32A056Q9OYP7D,B01GBWT010,3.7379766
APDBYAGNSIIXZ,B01GSRNLOK,4.8383393
A10JAUCIGVRW9F,B014Q6D6E0,4.3409147
A2UNMDJYXPEQZ3,B015GEUFCW,4.56414
A1QJ17BR5K3C8K,B01G68FXZG,4.5045757
A3AM6MXENFRF3G,B006C75IR0,4.122545
A3VE7N2XUI8C3K,B00L2F5P02,4.4447546
A139GUSKBRWPIT,B01888QTL4,4.07593
A2NLY1TJ8TYV6D,B00MZCQERE,4.2167854
A2RU61YN9M0IDQ,B014EKZYE8,4.5419726
AVNS35OHR3D76,B00M5EHGZQ,4.46924
A3AM6MXENFRF3G,B00K4C45PA,4.4627767
A56CO9I4CBYD7,B01FOEQRNA,4.067309
A26V5ROE0OZCDA,B00CLZCRIU,4.5738306
A2G45Q8V20R779,B00PD8LQ6G,4.408365
A2JPS7EMNFKXOV,B00II5I3R6,4.3645496
AMKWIQ2MT2V5R,B019B6WUGU,1.3712605
A2U3FVDELHREMI,B01EKIELGG,4.124364
A6SR7U2PNGN0N,B00K4C45PA,4.4627767
A2MK1L1Y74WTWH,B00S0IR6T2,4.256242
A1NL7G5VN45RDW,B00NQL0LRC,4.0540843
A1CNQTCRQ35IMM,B0151UPUEY,4.3313303
A7GZXYEZ2OMLQ,B00NWR78L2,4.107109
A2KUR0ZBNV17AA,B00O7WX2WA,4.4217243
A3A7FF87LEVCQ1,B003ZUYQE8,4.142582
A1KXFB5X4XZSGB,B017265T6Y,4.312782
A1LFIFPYMOJ8RV,B014XLV2NA,4.4073024
A2BOKBB1IZA13L,B00NS79DMS,4.1336923
AX0ZTNX6KVJ40,B01FBZXSI4,1.3712605
A2VTPPOUWOT9AB,B00NN5ZPOA,4.346527
A39N24TTLP6I48,B006BBLNA8,3.46849
A2H7AEDMKV11OJ,B00IU69PTI,3.8613706
AUI3XAZ1513SI,B01F998SK0,4.784226
AVSG37QWM774V,B014LQ18CW,4.741007
A281NPSIMI1C2R,B00XB81VOW,1.3712605
A2QZVW56O4WSBT,B00YN6XHMU,4.2758093
A1JMSX54DO3LOP,B00OHZ151W,4.1640406
A36N7KTS8JMR4L,B01B76FUMS,1.3712605
A1IOR50CXI3C89,B019B6TWFC,4.489931
A2062SF91Y01U8,B017JIYTJI,1.3712605
A2BOKBB1IZA13L,B00T4ZG2PO,4.2864923
A1PSGA348YRV67,B011M0SQ48,4.563582
A1JMSX54DO3LOP,B019KNRPU0,3.8280492
A31R64J645RAC6,B00E251RHY,4.1486163
A1E1IGWRW974JG,B017RNBS76,4.4620395
A1DLTXPVJ50M4J,B007PPJOGO,4.4874597
AGV7AZJ7ZBLUL,B01GF9OQSQ,1.3712605
A1ACJLREHPPL1P,B00AYO3W2K,3.9549212
A3CMIEYL0TJLC2,B01EJ2BV0W,4.4651136
A2US3C9WGWUE66,B00JDYCHM8,4.331419
A3E81XX9ZDNCNO,B0145VI0G0,4.8901334
A3T7S6BDKHWPJD,B019VJ697I,4.6341205
A1DLTXPVJ50M4J,B009QSK1GK,4.618934
A2KE2O5C2XMXGE,B00XIHMD2K,4.830704
A3IQ0P3M39IY8U,B00Z318GNY,3.734005
A2BEDL4QXLEE3S,B00N0VI2OM,3.8852262
A1YJ6VDWVUHPIL,B00Y6QF06I,4.3866577
A1NL7G5VN45RDW,B010NTY940,4.411706
A2PJCE1T0AXDD3,B017DPEEUG,3.814392
A1SUV0W0CB3KVM,B00Y9M77YC,4.810249
A2VNG16IOTY7N,B00MDW5UAI,4.203079
A28U98HYYE5DR1,B00KLSMCPW,4.084537
ALGAUZSEQQWI4,B00Y9M77YC,4.810249
A2BOKBB1IZA13L,B01E46BFJU,4.391746
A11KZJ5GD1TKC0,B00HBJ693U,3.9515505
A1ZPW21ZBSDZ10,B018RU9G0O,3.9601893
A36I3CE9A5LP9N,B00CG69E0I,3.9468718
A1SZ7SSVVG3VXG,B01HAQ70M2,4.7427225
A10PIB0GJZQHJA,B01BHE3H1G,4.652619
A2UQGGK8VJPUH5,B01AB1EQL6,4.5124655
A2S5EPJ451WL3I,B00SER0484,4.1818614
AA7BT35X9DZY,B01GIX5F4I,4.6319075
AGCQUDUCJRV0B,B00V8UVHFS,4.2329493
A251R2KPOLFSYV,B00V9OH536,4.310238
A2RQ5IRWRU0TVO,B00K4C45PA,4.4627767
A1YMQOVJJHYR5P,B015G747E6,1.3712605
A1GQ2UI5BKCCRD,B00HHXUW9C,4.0244293
A3DQRNADNQWG6H,B017RMOW66,1.3712605
A3GWE80SUGORJD,B01CYTLPPI,1.3712605
A1ZV5XBKG7RVZU,B00BELOQMW,4.251306
A1EC5E7T0YNFOF,B01GYPQQRU,1.3712605
A2FCP7ICZAQGZO,B0165I3WGY,1.3712605
A1FI0I69UHS22T,B01E5S9FUS,1.3712605
AJNW2ORZGUDIE,B01520Y7N8,4.7656736
A1QXNTUAUWFKP7,B01D1UVNEM,4.821414
A3RDDEA1NKSMVC,B01C22CSVW,4.6071115
A1FUH1O6FCTUYG,B01GGLV2IU,4.6438518
A3O24SH2K12EL7,B01HDF9IKM,1.3712605
A2UJTG9XC4KISL,B015CLZ89Y,3.9037542
A1FCMIVQTWHYH2,B01E6BA364,1.3712605
A22GB5JBPTNN3R,B017PH5PXC,3.7164702
A245T0V8KVTV45,B00H67YGUK,4.4562654
ABRLCS0WRNOKX,B00OHZ151W,4.1640406
A356MFRFTA643Z,B01BKVFFLQ,4.5990267
AVNS35OHR3D76,B00DLSTT9Q,4.5296197
ASZ8NR9HIZGJF,B01BJXQMW6,5.024738
A2VNG16IOTY7N,B01B5BR1KO,4.443578
AMUH4FGZCFJFF,B00UIDZVYY,4.4956846
A281NPSIMI1C2R,B00RSHCC5Y,4.899077
A6SR7U2PNGN0N,B00ID2A1PQ,4.470682
A30UMARRRQR1DD,B00KE8RLV4,4.44256
A2PJCE1T0AXDD3,B013KV12YI,3.504191
A31CZW8SHN9PTX,B018A8EDV0,4.3626165
A19T1A4TS1WHOZ,B00VVMC2FW,4.4370008
A3Q4VT0R8O8RSE,B019VCC8P2,4.131862
A2A1U239S7ZVL1,B01FYJYMOQ,4.2394385
A1B871BGSYX0F1,B01GQW4UQ0,4.6212993
A1LFIFPYMOJ8RV,B00WF8YBRS,3.9680676
A2I4SQOSEF7WH5,B0165I3VSS,1.3712605
A2S5EPJ451WL3I,B006I2RQT2,3.5631933
A11PRSJD8V0R2H,B01D2ZNXWQ,1.3712605
A137UEIU93IFEF,B01645ZYZU,4.7208533
A10AWAE0F6CAP1,B01BJST0FC,1.3712605
A31CZW8SHN9PTX,B006VDVWFW,1.3712605
A2UNMDJYXPEQZ3,B01FCBU7OU,4.4236813
A3JVZY05VLMYEM,B00T0WXD8K,3.7496052
A1MND3QHN446KD,B00SSS98IQ,4.0296764
A5UM17P1E7DUQ,B00YZ4W8IO,4.2080736
A2YJ8VP1SSHJ7,B01E5S9FUS,1.3712605
AXVDFGI9OEIVK,B01EKPNQKG,4.0841722
AZRPAHQG1VHR0,B01C0UBDEO,4.6324577
A3A44JIMIWYFIE,B01CRYKNNA,4.5391636
A2PQ680TRW8JFG,B00Q6Q5ZP2,4.2515864
A2B42XZI4MXOLX,B01D9JB7DW,4.3074865
A15EMPO8TCH2RB,B00IT4DH22,4.4772844
A3U6Y3GD1A6PXJ,B00K4C45PA,4.4627767
A3FJ2JGU50THRQ,B018CHA2KK,1.3712605
A3PVBW0TN46U8G,B0104OFHEK,4.094095
A2DD8D4Y1UMJ2C,B01ACLW2JS,3.9016485
A2N0V6GUH28XMN,B00F280LTK,4.237257
A31CZW8SHN9PTX,B00YOAD310,4.6203847
AJ571UKWCC3CC,B00VY7Y67G,4.704204
A326085M0DK10B,B00L1R3OS6,4.2248178
AJ80WW1T5KJIC,B019KP81BU,4.9840016
A32A056Q9OYP7D,B00U1T9OSO,1.3712605
A1GHGL2CAF09DZ,B018HDU9AC,4.99128
A3KIA7199DNI2H,B00B30IW4W,3.9528184
A1V4LZS4HHHH6K,B01EQ2S2UM,1.3712605
A1NE9CRAQ0WUV,B00J3D2JS6,3.9817967
A2I4SQOSEF7WH5,B01DRXCPXG,1.3712605
ARF6JCH8L8ANV,B006CRHK62,3.8093028
A2PCN97H7ORFXL,B005JVSU2U,4.4395447
A35SD76E2TSGP9,B01AQNZQF4,1.3712605
A1G2GYX8B4OH8W,B00B3NX16I,4.255323
A386CNLWZUF3EH,B018A097LO,3.9416633
A1UH21GLZTYYR5,B01FDI8UWS,1.3712605
AYUTCGVSM1H7T,B010KAVO0Y,1.3712605
A13QTZ8CIMHHG4,B00VQJHHRI,4.146441
A2PSERVP2IKZDL,B01HDF9IKM,1.3712605
A2B13DO2A2205G,B00KKXTC2Y,4.5197935
A1QJ17BR5K3C8K,B00QP3ROUA,4.4746323
A4YSGLUQJP68Q,B00M0DQIEC,4.385408
A238ZC3TQJC8V8,B00YFEXKYA,4.3723536
A3BTRKXD03KC4F,B01C8RR9DS,4.354348
A3RDDEA1NKSMVC,B01H2II39C,4.4505873
A1FREKK8605YKK,B01ASAVT0G,3.963729
AB5DP7AM479QJ,B017HX13DU,4.193353
A7WOE5BJXO2N5,B00O4GUH1S,4.4593587
A37VK00KNVVICE,B00XOGY9N6,3.8586278
A3DJ1IVSPDTMW5,B00LOVY2X0,4.1603003
AA1UMDOV44T2Q,B018RFX3I0,4.3950386
A2KJ7AGC82GPP1,B00AJFYCVY,4.124216
A2AGAA1B2ORZW0,B01H173WKO,1.3712605
A2LF3KTH2T6RJA,B01DN1BLKK,4.436315
AUII0MVONK1A1,B00NR5WRLK,4.1069126
A1NE9CRAQ0WUV,B01AO5Q2MA,1.3712605
A16N88TMHMXX1F,B00BR04UE4,4.3500037
A1V4LZS4HHHH6K,B0165I3VSS,1.3712605
A2VXSQHJWZAQGY,B00P9RU6SK,4.436236
ASHX33A1334SS,B01416W0C4,4.0360956
A3J9BHGK55ZPJO,B01E6DT75U,4.540682
A17EGVTXRDFTRS,B01HFUF1GK,4.8456545
A27OS7Z94VXCYF,B00NR5WRLK,4.1069126
A222WQ9VGVPSR5,B00TM7A386,4.446255
AW16PJHZIQPA5,B016XEZDB2,4.185559
A2PG5XA0Q3BEMU,B019E9VZG0,4.7907286
A1IOR50CXI3C89,B004TU3T1Y,4.360412
A2UJTG9XC4KISL,B00RY4ZKZ0,4.026501
A504UK7D094HT,B011T78JT6,4.8297176
AANI9E9T63MOG,B015BCX0OO,1.3712605
ABRLCS0WRNOKX,B00EFKOFLQ,4.3566546
A20MYFNLY6TGNL,B017RMOW66,1.3712605
A320NYVVIZSZGY,B010TZVSTM,4.8985023
A3PV5FJGYOY5NW,B00SER0484,4.1818614
AGCKNLOI57AVQ,B00JT2PXB6,4.4888096
A137UEIU93IFEF,B00SM24ZZO,4.2477474
A7GZXYEZ2OMLQ,B015M4PPXK,4.3999557
A7W8CXJOH3UNV,B00TZ8TK54,4.1476355
A3IAJM6F3EBQ5H,B01GC37X7G,4.8056345
A16XJNGXIVCHE3,B01FVHS6OI,4.3552494
A2HZ6MGQ6TPNO0,B01317ZZLC,3.7718258
A3A44JIMIWYFIE,B00HBJ693U,3.9515505
A3CYA250L0DABZ,B018F6H3U0,4.7038546
A2VSCTHLAYR9Y3,B01CIWXAQI,4.7142377
AC97LVZ0C0TSK,B00ZEHLHM4,4.6633782
A345V8Y9YVZEEP,B01D4RY4B6,4.3191314
A2JJ1DXY0F6355,B01CSNZ15K,4.8354383
A3Q9ZYNO1MXQDW,B019VJ697I,4.6341205
AWNYF3812RWNG,B014C5K4WC,1.3712605
A1D0BC1UP01UH9,B00O2C44EK,3.987995
A1JLU5H1CCENWX,B01DUP0TL6,4.3529596
A3ES0XIED7769J,B0085N6I4Q,3.8368216
A2W4295H4JSYDD,B01BSN14HK,3.8193598
A1P44JJW47E6QN,B00GEHN8ZW,4.3693867
A1AFGQGTS66UYY,B006YZ0OOM,4.633726
AKQ06T21M0V0S,B0127HOQI0,4.641626
A2ND61B6UJGT71,B00OJFOI1O,4.3088684
A1N48Q1NZQ9R2E,B016WK3XZU,4.599206
A1P19MZBCBL5AR,B00DPNS95M,4.4048114
A16TE56LP5NUL5,B018CHA1D8,3.931891
A3ESFCDE13IMH4,B01FB5MIA8,4.8917427
A3SXU17Z77R7N,B00KXM8IP4,4.4492245
A15VZ8KA1KH8ES,B01FPGWZCE,4.3870125
AG63N054UPJH2,B00ICTUW6I,4.493927
A8Q2ZFOHTVSCV,B00HI3MSV6,3.5861049
A2PN1AJYXDU1J0,B016QTOIWE,4.288449
A202A0SM6MHKMN,B017V6PZGO,1.3712605
A1FUH1O6FCTUYG,B004X6R8Y8,4.3419924
A247M2SSLKTSHY,B00MD5VDNS,4.468843
A13LERNQ8R7267,B01BMODWY8,4.569501
A27OS7Z94VXCYF,B01D28JE0I,4.119434
AX2OKB7GR55FZ,B01H49EHGM,1.3712605
AV6ORIR1JV86P,B01DWF3ZHE,4.5355353
A36MPD6ZBXBLUS,B019QTQEOQ,4.896995
A28JLVMZBALBBL,B00TCI48WC,1.3712605
A1X5V3LU8TC8QU,B018CHA2KK,1.3712605
A31PEOCXMVP4X4,B01DO75D20,4.6812553
A1LFIFPYMOJ8RV,B01AQ14XL4,4.53051
A1T5CK8KC56JZ9,B01A16E38C,4.690286
A2ZSLJG2KBCR3E,B00OAN88H0,3.879377
A1N65H0SS5GKVF,B01BCJDSAG,1.3712605
A2LAII96I1O1IY,B00W9YDVPG,4.4404163
A3LXRIY0HE71K,B019B6WUGU,1.3712605
A30DNZQPIYZ6KX,B01DABB99G,4.3459473
AC10HRTVBXZLI,B015BH04E8,4.6410136
A1PSGA348YRV67,B0058TTUFO,4.1637735
A2HZ6MGQ6TPNO0,B00AXLV0CI,3.912588
A1098Z3D7ENJ2F,B00BZY9P0Q,3.9265513
A3TY31K1VXAGSX,B00JZOVYNY,4.011372
A3IQ0P3M39IY8U,B00GOGXV5A,4.5699563
A36XTPY9IFYA5R,B010693VW8,3.8784351
A1ZDSAPOGRGBJI,B01HDLC4C0,1.3712605
A13LERNQ8R7267,B01H2AZ9V0,4.163934
A8RL5L4BJTEMB,B00JNON0LU,4.2283263
A1J3WRDIB012CI,B00JXW6GFE,4.3692307
A3FO728397JFZP,B01A1AWBU0,4.4578457
A1AHCX8ONTKNSG,B01GWMFSYM,1.3712605
A39ZYWIQBFN97Y,B01ACLW2JS,3.9016485
AALCQ67H5TY5L,B016WS5FO4,4.2243657
A39N24TTLP6I48,B017265T6Y,4.312782
A2VSFHELFF7ICE,B0191WS0K4,1.3712605
A235UMRMGXAS15,B00VATFM3A,4.566424
A12E7WMO5NX1Q6,B017DPEEUG,3.814392
A1SHKP1CG58GIG,B00R04OXC0,4.6270437
A3K9X6KRQCWWKL,B00EMG3A00,4.496034
A287J5FTWL99W6,B00P4HX2FO,4.1315846
A99KVVV7NFPBP,B01A16E38C,4.690286
A3DJ1IVSPDTMW5,B00FQAQQ9I,4.0891886
AAKO4YAM9BZE5,B00YG3S9W8,4.0307527
A1J6UA1MD96SKE,B00W7Y9VQG,1.3712605
A2VNG16IOTY7N,B00NS79DMS,4.1336923
A253ZKSZTAZ8W7,B010R623CY,4.530935
A2XACC7E2MTESK,B00VX75TKU,4.3725047
A3IQ0P3M39IY8U,B00OSAWTSO,4.7767596
A2M2F48XEPJ2ST,B005110E0O,4.069907
APORGO15GFK60,B0174PTMU2,1.3712605
AOLHNMI8G8R6K,B017RMOW66,1.3712605
A2D9S6V1AFXOAO,B013XSTZI8,4.5119553
A1XQ9J47ECTZZ0,B0190HN0DM,1.3712605
A3GA4HP7NEL9D9,B01H2II39C,4.4505873
A2MR87VMPFNFJ5,B01DTRFUY6,1.3712605
ABNZCEB0CF7MP,B01GBYFK1C,4.385602
A1RVTF261ZMY4M,B00KK1GLWA,4.6753616
A3IZU63H3RBN22,B01H173RSQ,4.7525277
A2LAII96I1O1IY,B01BXS83ME,4.388836
A1LL39K926QN1V,B00JZ4LMB8,1.3712605
A178S00H8B3YWA,B01B9XNJP4,4.567471
A3A44JIMIWYFIE,B01F998SK0,4.784226
A20MGSYZLH5B8G,B00OCSZSQM,4.5702577
A1YZCADBVKWC9X,B01CIWXAQI,4.7142377
A142HAT43L5W4W,B01G68FXZG,4.5045757
A36XTPY9IFYA5R,B009AR5VAI,3.8652463
AX746FITV1G72,B013YQA2C2,4.7233315
A219Y76LD1VP4N,B0100BOE7S,4.7016296
A2F1UD4JDHKMTA,B00R4Y1MMK,4.3782177
A3UVVHMJT8UCXF,B00OAN88H0,3.879377
A2GWN3X19W2AMH,B00U1ZV63Y,4.2379966
A19LXU1TT72OKX,B00DNMBQDM,4.505003
A1FAJ6G0KD5ASM,B0195SIAG8,4.081556
A369BMHORFPL0O,B00DV7LVP2,4.4725127
A2UNMDJYXPEQZ3,B00TWUUBUI,4.4432883
A1BOK1EC36Q0WV,B00ZOLS5HU,4.1676416
A1FSR426FVMQJI,B00FR30D16,4.315243
AGE0YGLF7L2ZL,B00CJV6N0Y,4.7509255
A2LMF4HG470CNF,B00D9EKPBS,4.0467696
A10JAUCIGVRW9F,B00WX7JLGW,3.9240444
A1K69VHP8LH96J,B01835JNDI,4.595737
A2BCQEGHWRRBE,B01FIGE8YE,4.0732355
A2QQ3NQ70O25EE,B00L8BY5A6,4.2260294
A2M2F48XEPJ2ST,B009YP7HEY,3.5205998
A31CZW8SHN9PTX,B01FVHS6OI,4.3552494
A31R64J645RAC6,B00UOFS9QS,4.258307
AUI3XAZ1513SI,B01FRQ4Z8E,4.650399
A207DSPQQWFW6T,B00NI4I0GG,4.461587
ALCLMO2B8PS7M,B01H1I4H7A,2.8672054
A128W553WN84EW,B01AQNZQF4,1.3712605
A1YMQOVJJHYR5P,B00X8SCJCS,3.9242306
A296HV17AZ10V9,B00MSUCXHS,4.280919
AV8X3WC4XB1WF,B01F2WTGFK,4.529643
A2HESNQJZ9OB7H,B00RIAJ8NA,4.8037114
A3C713428J4MJ7,B00WF8YBRS,3.9680676
A2RU61YN9M0IDQ,B006PYDFTI,3.9989746
A1FREKK8605YKK,B01ES2M9S6,1.3712605
A2EPJ9SL74JD8Z,B00JZWDC9K,4.6792316
A1C7ASZFSTSJMH,B01EB1AHCE,4.5859146
AI38GSFB90M4L,B00BJWZI6E,4.44557
A2Y3ZGVRA3S23L,B00Z318GNY,3.734005
A2QBQRIM4WRRG3,B00HBJ693U,3.9515505
A3G1XMJZC77GDB,B0165I3WGY,1.3712605
AAUVEEG5YLZAX,B00YV666B6,4.5437036
A1YUPRU1BVJHQV,B01CC9UES4,4.4206886
AGT5F6R7R53LR,B01GIX5F4I,4.6319075
APORGO15GFK60,B01BJST0FC,1.3712605
A1GQ2UI5BKCCRD,B00YO2UO9M,1.3712605
A1F41PH89SL6JB,B00YWMK92Q,4.20129
AGIFTDAFJEXVA,B00DB30K30,4.204294
A1DJY8WVWPJ2H8,B00CGFGS3A,4.4144716
AWNYF3812RWNG,B00RD4J9EE,1.3712605
A7GZXYEZ2OMLQ,B014GAK1R6,4.244827
A3K9T5J5GDAZUL,B00QSMWT8A,4.2696147
A3AM6MXENFRF3G,B00FQAQQ9I,4.0891886
A3KYVCILWHV2ST,B00BD2XFU6,4.3373294
A3IAJM6F3EBQ5H,B00Y9M77YC,4.810249
A1O9Y115W48IVW,B01CSOU6S6,1.3712605
A1OXVZAQ7SQB9R,B00HI4V5FU,4.4751415
A23ID71VXIBR8T,B00JFLUJ3S,4.6187415
A73IK4VT0XZS6,B00TT5WAM8,4.0943165
A3DJ1IVSPDTMW5,B01C1VAR5S,3.7872338
A387F6OFDVEDZT,B014GTI1LU,4.1676693
AEO8TLBXYU569,B01DYXP2LQ,1.3712605
A2XKX5TBB6WV00,B00XNLIPOG,4.456613
A1ZPW21ZBSDZ10,B00TEEHIN0,5.0000024
A253ZKSZTAZ8W7,B0051EZBRM,4.443116
ANEZJAUOG31MG,B00IRKQ08Q,4.499282
A2HZ6MGQ6TPNO0,B00TKOT3BO,4.8684673
A3KMEQP8CSCPC2,B01FDI8UWS,1.3712605
A1QDU32SAI8LO2,B00ZAJTPB6,4.703615
A16TE56LP5NUL5,B00GEHN8ZW,4.3693867
A360VI7SQP0HYW,B01AQO16VQ,1.3712605
A1ZPW21ZBSDZ10,B00TEEHDPS,4.9769273
A2PJCE1T0AXDD3,B00PUSKH14,4.7507267
A1Z7KHEH5I1LUP,B01A1DHWK6,4.7440877
A15VY7B7VJ3UNY,B014BR4A3A,1.3712605
A1FAJ6G0KD5ASM,B00XWX139Y,4.2259283
AGCQUDUCJRV0B,B00WGXCP1G,3.7100997
A1NOQ3ZM3QHBI6,B01AERZS78,1.3712605
AF85CAX5BR5IM,B01H173WKO,1.3712605
A3ANLUEKJBC1IZ,B01DGXSHRK,4.340838
A1V8YJ6HU0KUUZ,B00RC7QOP4,4.125534
A2HAVS1COIL5Q4,B00X8YUF6E,4.576348
A1JNMSETGHIUZ2,B00PUSKH14,4.7507267
A3RR4H0D4L9HYN,B00TS3J5GU,3.99625
A2DZUQQXPNUGI7,B00PUSKH14,4.7507267
A1PUZIV4PYY4YM,B00G88MQQY,4.35851
A2LAII96I1O1IY,B00H8TBQCC,4.3402815
A369BMHORFPL0O,B00ICXDRCU,4.0725207
A2DZUQQXPNUGI7,B00IPOCDXU,4.356375
A1KE19CDYIO2YN,B00ZEHLHM4,4.6633782
A2KMV056844YV2,B01AO5Q2MA,1.3712605
A1GQ2UI5BKCCRD,B00SGHURDE,3.9771366
A1LM7SC9WR859I,B01HFFPC2I,4.196638
A1TWV867HVZ60,B00HV3XL2I,4.447391
A16TE56LP5NUL5,B017FRG18A,4.7326903
A1KLWQKML2HIXU,B01FC9OWTI,1.3712605
A1FWLM5208ESO4,B00NW2BZD4,4.5242147
A1E1YE0R2EELCU,B01BU7PHA4,4.2484283
ASR774IIR8VN7,B00WTSHFA4,1.3712605
A33JTEMYGCO69V,B01GW1BZBI,1.3712605
A2JOW1PW9GRCA3,B0135MRXRM,4.831877
A3VSCCW1FN11B7,B00U48LBZQ,4.9643703
A1L9DJQ5BS13S9,B01A5CT9X6,4.570168
A36WBGWPPLIQZ9,B00U9WZPFY,4.5426006
A2MXJZ75PBWCI9,B00SSS98IQ,4.0296764
A2N7O3PNO1OEEL,B0080SA5S6,4.341355
AHMV0N47XOIMZ,B00ZPBVG66,4.285005
A2M1PNKPRUCQYL,B006R7FXFW,4.969921
A2C7W167DVNUKH,B00PG9U2OE,4.5352902
A1EPVSC849EI9R,B0198OKW7Y,3.987506
A6ZT9EZ49JTEL,B009RPTFIC,4.7789702
A3Q4VT0R8O8RSE,B01E46BFJU,4.391746
A1AR6ZVHOTLVK5,B00YQD91RA,4.5940733
A36TDC5SGAN0EP,B018DK6LM4,3.9310093
A3LZG1QQ1KMVX3,B016TG5V3E,1.3712605
A17BTP1QHK2I3I,B00NYISFXY,4.1641417
A1WPQDW5RGAM9S,B00X7R3DFM,4.713936
A13JQT6036JF,B01FMTA1M0,4.7493563
A3QKOFJ91Y3MFI,B01DN9705W,4.8323326
A3N9UT7F50XA6L,B00NCG0LCG,4.614513
A2MHRBM9MKRNTN,B01GW1BZBI,1.3712605
A1XN80Q39TMALE,B014JSBJJ4,4.562207
A7WOE5BJXO2N5,B00S58YGCC,4.3553243
A26KWG162U8VBQ,B01D8PYV62,1.3712605
ANKDQ12BPX6Z3,B00LEUKX6G,4.577966
A1B871BGSYX0F1,B010ZFRUQQ,4.8307204
A1K69VHP8LH96J,B00R334AE4,4.2660923
A2ETTCN0R9DPY1,B019B6WUGU,1.3712605
A27OS7Z94VXCYF,B00CVCGYJQ,3.967052
A1NE43T0OM6NNX,B01HIX8K26,1.3712605
A1SH6H9ZY9AJV9,B011Q26IJC,4.5660143
A35BKLDD2E04E6,B011IXZ6KQ,4.4838204
A2KMV056844YV2,B01AA9K5NC,1.3712605
A2UAPFRQOHUFS4,B01HE0KTA4,1.3712605
ASI65UKWLTDJQ,B01FC9OWTI,1.3712605
AER3NZ1H79LGZ,B0174PTMU2,1.3712605
A3IG9JEJC1T25N,B01BTHWXF2,4.357942
A28U98HYYE5DR1,B00CO6DD4I,3.8627748
A12K5Y2SEANYW0,B01AR7CP80,4.33743
A1NE9CRAQ0WUV,B01DJZ7G5E,1.3712605
A135NSTCX38DEI,B01E3DPA68,4.716256
ABZ1AET0LHVQ1,B01F2EXCF8,3.8789825
A1G7WM5OV1TKTL,B007Z4WSOK,4.5673323
A1OBQ5I31GW1TG,B00VO86O7K,4.8595886
A2MG7L8TYRYCW,B00AXTM8G2,4.4245086
AVNS35OHR3D76,B00J0CAR16,4.512192
A39N24TTLP6I48,B01FODPWPA,4.116044
AH3FT2EU01WP5,B01CBM44Q0,1.3712605
A3PVBW0TN46U8G,B01G2YFYG2,4.7455225
AIH41FDX1K0Z4,B00AR49H2Q,4.530313
A1V4LZS4HHHH6K,B01HCNRF14,1.3712605
AJAN7T0CSDDZO,B00OME9OQQ,4.345802
AC10HRTVBXZLI,B00R5219XI,4.3293934
A8K7ZXXGDS9CU,B00OWIQH5I,4.4090524
A24PEXYGCID15Z,B01BJST0FC,1.3712605
A1B39IGLV2W0GE,B01EKIELGG,4.124364
A21TSBBTF0DMG5,B00OAGWXDW,4.458524
A222WQ9VGVPSR5,B00SICZJ9O,4.3861723
AL92MBJXLPZM,B01CTH5LPA,4.900882
A31CZW8SHN9PTX,B00HDXWN1Q,4.490262
A1FUH1O6FCTUYG,B00PSLJDOU,4.6433935
A1ODI3DRI04JZO,B00JJUZ1W4,4.424791
A3Q9NLTF7JA3ZD,B00CLZCRIU,4.5738306
A15Q5MVRVBMKW7,B00LUC227G,4.353478
A29PFP89U0KCXW,B01GAIHTSQ,4.5319886
A18EEC1ENOT9YN,B00K31DCD8,4.256306
A17DBWBCGJP32S,B00VGNPU3W,4.4442782
A2QEVQMB8B08UQ,B00JNU6GLK,4.0967336
A31VVIXC2P84GG,B0197OZW7A,1.3712605
A3DQRNADNQWG6H,B01AQO16VQ,1.3712605
A30WJKGX1XG19Q,B006DTZ0KC,4.373552
A3E4H5A1X8NJRR,B0177475MW,4.375506
A1I6A0YKY5X9C7,B00OCSZSQM,4.5702577
ASGBSLP29DQRY,B01CD4OVX2,1.3712605
A3H38968JZF6VK,B00CZFBDGI,4.337256
A39QT73HHEF3B,B01CJ37JJ0,4.5208926
A26V5ROE0OZCDA,B01HCB4LAO,4.4503255
A1GL9TYXPNBPGW,B00IKW40N8,4.114513
A2QBQRIM4WRRG3,B00EH2E5IK,4.543851
A1EPVSC849EI9R,B00ND6R1QE,4.8899074
A1JNMSETGHIUZ2,B0165WFUKG,3.7980485
A3B53R6SZY97ZE,B016XEZDB2,4.185559
A37R3BNDHBIZTL,B0130KVNKC,5.032814
A13LERNQ8R7267,B01CC5FKXW,4.691602
A2RWL2UG5PAFAZ,B0103UGC1C,4.5680265
A1D3NWNMDZ5E0E,B01FQ57CRC,1.3712605
A1JMSX54DO3LOP,B013QFWB7K,4.4217815
A2K057YIAJJQXS,B00CMJDOIC,4.487769
AH85UZ876V6OW,B018UQNDOK,1.3712605
A504UK7D094HT,B00OSAWTSO,4.7767596
A3DQRNADNQWG6H,B01E2H3M1A,1.3712605
A3AQZ5F9U6E9ZO,B01FKDKB96,4.5540366
A10JAUCIGVRW9F,B00LMIWFUW,3.6817946
AQ87G02DO56Z,B01H5QZHKY,4.9158535
A3H38968JZF6VK,B00FA11TTU,4.6556783
A11ZZ8P70T11V2,B00OTSKNII,4.306613
A2BRV822DZXG6P,B0157RBC16,3.5247183
A1RN75YVR2O8MQ,B01CV1I7FA,4.324826
A23GNQPTX5CJIF,B01BCLPTNI,4.742107
A32A056Q9OYP7D,B004KZPK6K,4.196375
A2RPZTZP8W80W,B00S5J5ZG2,4.4767385
A16TE56LP5NUL5,B00TEEHDPS,4.9769273
A31G4MNGZNYSZI,B0131OHZF4,4.3206043
A3JASVF01JUMV8,B00U1X88OQ,4.480987
AQBTNZ9ZD08PD,B00GKR2136,4.150223
A1F41PH89SL6JB,B00MQ20P28,4.5633345
A2YF0QVNVT7ZI8,B01GQW4UQ0,4.6212993
A3BYM1C736FCH4,B01FQ57CRC,1.3712605
ASMF7OU99H1RI,B00OZ0TO0S,4.5335393
A3LH8IBNEFV1GZ,B015YGB1SE,4.504902
ATZOHBDX5VNKJ,B00ECBS5OQ,4.3465586
AM1T5MXP5H5SO,B0165RFXBW,4.4936085
A3804PZVOD4N3E,B014I8OGLS,4.000742
A2MEKYD68X8R8H,B00W4LYJ6Y,4.5363855
A7M73HAH815DM,B00N7K1BB2,4.3765564
A2WEE1PU5NZVJQ,B00N7K1BB2,4.3765564
A219Y76LD1VP4N,B01HE0KTA4,1.3712605
A2S5EPJ451WL3I,B00CMU1IN4,4.380009
AY17DZYGNYJ0L,B01BRFLLPO,1.3712605
A3H8FN7ZWKR2H0,B017KRJP7Y,4.7667427
A3ALH6Z83RHTO2,B00G0TI2I2,3.9449825
A2N1XSD82O6XTV,B00VN6WJFO,4.5241265
A1IFWIZ62O12OT,B00TBTC3HO,4.4001145
A2UAPFRQOHUFS4,B01BYEBTAK,4.372963
A1WVQI2RQMCG5A,B01DWW6H6I,4.890327
A1JADDWR1H3M0I,B010ZFRUQQ,4.8307204
A1EPVSC849EI9R,B01GD96DLQ,1.3712605
ADUI5YISBG6Z4,B00SM24ZZO,4.2477474
AGBGV16NY06FW,B00JDY7UO8,3.5205889
A13LERNQ8R7267,B01H173WKO,1.3712605
A1ZDSAPOGRGBJI,B00ILX9WC0,4.3503866
A2DZUQQXPNUGI7,B014VPZHCU,4.4687333
A37D3BRKS7OO2L,B00TEPXICO,4.8968577
A36RDF38V9ITAE,B01EKIELGG,4.124364
A1NO01K5S45TUL,B00CARM81K,4.795123
A1NPM2IW3DLO3F,B016X05QHW,4.0560274
A31Z94E63H1N46,B00PUSKH14,4.7507267
A3S3O6L6SZL8KV,B01GF9OQSQ,1.3712605
A18EEC1ENOT9YN,B00YV666B6,4.5437036
A2B42XZI4MXOLX,B01C8RR9DS,4.354348
A38PZNDNFUW6ZX,B00ZOL1DRO,4.0070333
A253ZKSZTAZ8W7,B00EFKOFLQ,4.3566546
A16TE56LP5NUL5,B00TM1BUBG,4.363982
A3H38968JZF6VK,B00PRA4CUM,4.441362
A216HQMDUH18YD,B01AQNZQD6,1.3712605
A15Q5MVRVBMKW7,B00R298H3O,3.5973496
A1V8YJ6HU0KUUZ,B006KZ5M84,4.235454
A3CYA250L0DABZ,B00IJNDYV2,4.5877905
A2DZUQQXPNUGI7,B00JFLUJ3S,4.6187415
A3VE7N2XUI8C3K,B015X67G70,1.3712605
A3IK83MGX5X0WZ,B01CBM44Q0,1.3712605
A2RPMPBKX1MWR7,B00YJXX484,1.3712605
AZRPAHQG1VHR0,B016ZEF0VI,4.489171
A1HHSUAQDZ1XM6,B00P9RVW5G,3.7504401
A6ZT9EZ49JTEL,B01FRQ4Z8E,4.650399
A3H38968JZF6VK,B01B55MQ5K,4.5950785
A373USXBMRBKIV,B00DXIFORA,4.2161007
A1B39IGLV2W0GE,B01F483E64,4.590703
A2LC2RS0HDY2FB,B0157GPPEM,3.9945292
AM1T5MXP5H5SO,B00T9LB4U6,3.370706
A3LXRIY0HE71K,B01BRFLLPO,1.3712605
A2F2878HE7XOM9,B01GPL2AGE,1.3712605
A3FA93L7JWESR,B01G7Q908I,4.435893
A2JPS7EMNFKXOV,B013UWYDLG,1.3712605
A2F483MD47JG2T,B00MJHKVR4,4.4261956
AQFF452SVDF48,B005CM1S02,4.5620165
A1NL7G5VN45RDW,B00629ZTOU,4.412785
A1RCVV077UAKKV,B01B55MQ5K,4.5950785
A1G7VXXXLTJX9R,B01BM0AHZE,4.620432
ASQNJGXL1BXWV,B00BSW7PU2,4.42309
A39CVMK2ZKEIK2,B00R1TIJT2,3.821916
A3KYVCILWHV2ST,B01ASAVT0G,3.963729
A3330F5DNMO0JJ,B01HCB4LFE,4.420326
A2LC2RS0HDY2FB,B00N48VZZO,4.383654
A2F2878HE7XOM9,B00VU0M8JA,4.136637
A7M73HAH815DM,B014Q6D6E0,4.3409147
A1NE9CRAQ0WUV,B00629ZTOU,4.412785
A16N88TMHMXX1F,B00ZDHZKKA,4.5059276
A1NPM2IW3DLO3F,B00XAGLZWS,4.550901
A2B42XZI4MXOLX,B010C0Y77O,4.5678353
A2GWTB02UN6MTX,B01FDI8UWS,1.3712605
A2PN1AJYXDU1J0,B016YIRT9Q,4.5018816
A1V63EJ1CBG940,B01DIF788U,4.720488
A3H8FN7ZWKR2H0,B010WM3TG2,4.7544384
A1UPHTDW5GM12T,B00PD8LQ6G,4.408365
A2B9C3FMYW18UN,B01BZ5AB16,3.8808832
A10AWAE0F6CAP1,B01CUJYMR0,4.0681887
A1M0H8HM67R9I6,B005C5YZ86,4.321542
A2PG5XA0Q3BEMU,B00QR33XQ2,3.6841173
A2DZUQQXPNUGI7,B00IWYV78U,4.3074026
A39CVMK2ZKEIK2,B011G3HJ6C,3.838478
A1ZOL59JA86C7Y,B01G0NBRC0,1.3712605
A3RTTJWMRCR09S,B01CMH15IE,1.3712605
A23GRXCXQU3SM8,B00LD6IYUS,4.3989787
A2VNG16IOTY7N,B00O55GSW0,4.589778
A3JHMDPDDFUSLV,B010MSAPBI,4.2645574
A1GSPADXH17N25,B00RWKMS1U,4.2848554
A3CIIU9YNK53VK,B012YHT12E,4.108791
A323H7CL7G313K,B00EZRUSOW,4.210236
A1JNMSETGHIUZ2,B00ECBS5OQ,4.3465586
AXVDFGI9OEIVK,B00QJKV1EY,4.257799
A2KL66N2SIKX7A,B018CHA26O,4.409019
A3H1TO48SUIM54,B010R623CY,4.530935
A16N88TMHMXX1F,B00ARFOGQ2,3.974174
A183DRUR0UACQ4,B00SPGA5T2,4.373702
A1DC00T32U26HC,B01AB4CLHY,4.7220993
AY9AIGZKJYC6T,B01BRFLLPO,1.3712605
A21WUFJA7X4UIE,B00GXDQKZW,4.3329086
AF85CAX5BR5IM,B00RFY3KM4,3.9775414
A2O4SN56PNX9YL,B01F2EXCF8,3.8789825
A2C7W167DVNUKH,B00FL3VPD2,3.7811112
A33R5UHQ3TKZGY,B01CBM44Q0,1.3712605
A238ZC3TQJC8V8,B00D5M4PTM,4.4093413
A2062SF91Y01U8,B01G0NBRC0,1.3712605
A2UNMDJYXPEQZ3,B00VW0GK1A,4.323241
A1IRYXDIFSCSEF,B018CHA2KK,1.3712605
A1K4S4MWXI9E9M,B00X625BCG,4.568958
A27OS7Z94VXCYF,B015X7K43W,4.053051
A15Y3Q6XIXTGKU,B00UO6AVJU,4.6181235
A1UH603GXL3ER2,B01DFVOP74,4.8276877
A1FCMIVQTWHYH2,B00C44H0OE,4.5065036
A2MK1L1Y74WTWH,B00AA46Y06,4.2123237
A28V7MR6RKNVUT,B006RNBI6O,4.366068
A1AMO1E4FMSUQA,B01DTE27EA,4.825096
A3QR6ZHD8304K1,B01G89E5OS,4.787518
A18EEC1ENOT9YN,B00RCA1X3E,3.9862595
A3VG0PGN6MNCZY,B00VW2MO8Q,3.883215
A916DXE9W36GF,B0191WS0K4,1.3712605
AGCQUDUCJRV0B,B009CWWFB4,4.2954793
A29V7E1TFYXKJ,B01B3TZYMA,4.3003454
A3ES0XIED7769J,B00ICTKZOM,4.4601016
A1K69VHP8LH96J,B011JD9SYU,1.3712605
A3AM6MXENFRF3G,B015IC42AI,4.9423804
A26V5ROE0OZCDA,B01GAEZJL4,4.1840053
A3RDDEA1NKSMVC,B018YJ0RWY,4.720972
A29EXAHFTXKD7W,B01EKIELGG,4.124364
A3BFYXLSAD5YCL,B017RMOW66,1.3712605
AQ9REGZ6HL9AO,B01G0GIXJ2,1.3712605
A1XJXYKOWCH9XT,B00OHZ151W,4.1640406
A326085M0DK10B,B018QZB1IA,4.2842493
A1NE9CRAQ0WUV,B010MXA96E,4.194868
A2ZDRBQOSAZLER,B012Z54DPK,4.830502
A1PSGA348YRV67,B019YNUQ0M,4.2799067
A10PIB0GJZQHJA,B00T71ALZM,4.5182123
A83C3F4X0U3ZW,B0069INV1W,4.9694967
A1ACUN6A2LYVMW,B016ZG19KM,4.5153446
A1FYJN76V1V5GX,B01EDKULPG,1.3712605
A328S9RN3U5M68,B01BLN6G7U,1.3712605
AF85CAX5BR5IM,B00OAN88H0,3.879377
A1RVTF261ZMY4M,B019DFM1WM,4.2764635
AUII0MVONK1A1,B00PBA6QCU,4.1589212
APSBR4VQNRJ0K,B00R1O4KWW,3.8912172
A1K3WZMHNUDZ6N,B00YOAD310,4.6203847
A504UK7D094HT,B00SK8S8KS,4.529587
A29A1CPI3AOYSD,B000W93A42,4.4804955
A1K3WZMHNUDZ6N,B019LZJ5H8,4.155319
A1LBXPSSVZVIM0,B00YN6XHMU,4.2758093
A1ZDSAPOGRGBJI,B00GCVZEG6,4.448509
A3H1TO48SUIM54,B00IQVA7XK,4.424465
A1VC48UV57XWOH,B01EDDUAFE,4.576811
A2B42XZI4MXOLX,B01F2WTGFK,4.529643
A2O4J6KJ0REPQ,B01FD1Q27U,4.4614787
ANXBIU1HP7BJD,B016TNH8HE,4.7210917
AK3LIR1TVZFVZ,B010CLBCJY,4.6226025
A17EGVTXRDFTRS,B00N57TJZW,4.5097623
A1ONF1PVSKH226,B00JGSH3PM,4.005404
A2FCP7ICZAQGZO,B01F2EXCF8,3.8789825
A1YAIBG1N7N5VV,B01CPON1YU,4.645072
A3DVGQZY2MBA87,B01G0GIXJ2,1.3712605
AWNYF3812RWNG,B00ER8D5U8,1.3712605
A3VSCCW1FN11B7,B00DXIFORA,4.2161007
A7M73HAH815DM,B00VW0GK1A,4.323241
A2VSI0RDFNNBEU,B015WNZ60S,4.180833
A18LI83Q1F5DKU,B01H97YHF0,4.784087
A3EI5NSXXCXQY5,B00KVQQYRG,3.7914672
A5KRI5P7KR7SK,B00NI96R66,4.891034
AL6XJLM76V2VZ,B0142IHZPI,4.5241823
AOLQUKB12FAEE,B01GT44VLO,1.3712605
A2EU9VP0MRMUGE,B00Q5DLY42,4.4753623
A2WEE1PU5NZVJQ,B00ASIP414,4.361032
ALFGUMMTD7M4R,B00BFQDDZ2,4.4976277
A3841R67V0G98O,B00M7N9VBW,1.3712605
A296HV17AZ10V9,B00LS61SL0,4.4188566
AWNYF3812RWNG,B006KZ5M84,4.235454
A2FHBHNKHRDS72,B01E2H3M1A,1.3712605
AFX2KR1VGYWLW,B017RD4GGQ,4.8081026
A1B39IGLV2W0GE,B01EB1AHCE,4.5859146
A3RDDEA1NKSMVC,B01HHJZ3EO,4.4467325
A1AX02Z2IRSAY,B01CUU24PG,4.4440813
A2N1XSD82O6XTV,B010R623CY,4.530935
A1M0H8HM67R9I6,B00HI56L8U,4.160479
A7KETEJDZYJFI,B018PD0F9E,1.3712605
A3BPKT9STRWWQG,B009VRI3UC,4.0769196
APGHVS46EA9C7,B00X6B4MEU,1.3712605
A1LZ8PBGVH7IOM,B00JWTGGVC,4.272657
A916DXE9W36GF,B019QRQZII,4.62955
A139X5E4RN7SUS,B00NUDPR66,4.737915
A3CYA250L0DABZ,B00R7HDLAU,4.5888247
A7KETEJDZYJFI,B0191WS0K4,1.3712605
A36XTPY9IFYA5R,B00XLUEMYQ,4.271489
A3RTTJWMRCR09S,B00FL3VPD2,3.7811112
A3KIA7199DNI2H,B0178AU3V0,1.3712605
A5KRI5P7KR7SK,B00JRNOW4G,4.397239
A2J7GJWY8O1MDB,B01AQNZQF4,1.3712605
A3H1TO48SUIM54,B00S58YGCC,4.3553243
A1OKS5Q1HD8WQC,B00XYR9IE0,4.676263
A2TU13PFAZ7Z1P,B01DH6EQ9O,1.3712605
A2LLWCQVYKYF0F,B01GIM0O86,4.4471145
A2RNQXF81ALMK0,B01E2H3M1A,1.3712605
A1I96OYAUJ3HQE,B018OJZD4Q,4.8033686
A296HV17AZ10V9,B009LNKB4C,4.0617247
ANEZJAUOG31MG,B017GQDX04,4.6049585
AQ87G02DO56Z,B00KKXTC2Y,4.5197935
A1XL1A3TCU3Y1I,B017GGWXNW,4.799643
A1LIFH8XF44LMI,B01BRFLLP4,1.3712605
A1TUBKEWD01LLS,B00O3V6PWY,4.4752207
A19LXU1TT72OKX,B00NY7PPCY,4.35456
A2N7O3PNO1OEEL,B014C5K4WC,1.3712605
A10RH00JS3DUX0,B01H9ER9R6,4.5074368
A1098Z3D7ENJ2F,B01D27RNDO,4.352955
ANKDQ12BPX6Z3,B01FEIRT1K,1.3712605
A2KE2O5C2XMXGE,B01G04HZNE,4.2205215
AYVJY4Z9CYQWU,B00PCZC7F4,4.248037
A1LBXPSSVZVIM0,B01GF9OSI4,1.3712605
A19MQI49YCA5SK,B00WH1K9SS,4.3000937
A2BOKBB1IZA13L,B00PUSKH14,4.7507267
A2R56AF2E63IC1,B00NN5ZPOA,4.346527
A3K9X6KRQCWWKL,B00RD4J9EE,1.3712605
AHRDOVFRA0KW7,B015649FAA,4.425185
A2HX0B5ELOPP5Z,B00TCI48WC,1.3712605
A19Q489ZXGDUJZ,B0192UONPG,4.626513
A2LHUNWCVDEWQ8,B01HCB4LFE,4.420326
A2N1XSD82O6XTV,B00P85PU8E,4.5180106
A1V9310YS86T7M,B00HNWEA9K,4.285747
A14I311IIUMBWC,B0053ZGAW4,4.626198
A3N67XHSHB40CQ,B00FY54JYO,4.4909735
A3NLV8K05ZV219,B0174PTMU2,1.3712605
A2VNG16IOTY7N,B00L7EIGEA,4.4044247
A2S5EPJ451WL3I,B00VC1475K,4.5257087
A1II0RYMSPUJLK,B00K1MS0NQ,4.2944407
A6IU02S1EJUS0,B00VS0WJSM,4.3501587
A15EMPO8TCH2RB,B01D9JB7DW,4.3074865
A2Z3DQ7P9JYRLG,B008H4W11W,4.6166015
A1PA6ZO9892OH3,B007PPJOGO,4.4874597
ALYI8YM90TPD1,B00629ZTOU,4.412785
A2UAPFRQOHUFS4,B01G7RDFGU,4.9024878
A3H38968JZF6VK,B006JDEK0I,4.4078
AAXG649HM1S5Q,B01G7RDFGU,4.9024878
A5UM17P1E7DUQ,B00SJ7LQ9K,4.171123
AHF5R86S1Y6YK,B01AERZS78,1.3712605
AGIFTDAFJEXVA,B00I0FBO2A,3.802023
A8K7ZXXGDS9CU,B00I9J9XAM,4.6109776
A222WQ9VGVPSR5,B017J3TPFQ,4.6330743
A2JOW1PW9GRCA3,B012FAXT0U,4.8298683
A20PTJTS2QJ2VN,B01H8JWYIQ,4.2620544
A1CLGNWRCE4QKB,B00BD63EIK,4.033681
A16TE56LP5NUL5,B00SO0DWK8,4.2270746
A2PQ680TRW8JFG,B00DE85KHI,4.485688
A323H7CL7G313K,B006HCTWVS,4.3235493
AIVY8XUMV5UY7,B001BXNQ2O,4.408015
A2UVR7N8WC5GYY,B01DN9705W,4.8323326
A3747LNB8CNT5J,B0165WFX2Q,4.831053
A556L66JGOVPK,B01FOGIV3W,4.3973966
A3HOXAKC11UEOX,B00VQJHHRI,4.146441
A2XKX5TBB6WV00,B00VS1XNS6,3.7441702
A2QM4ZF6N1SI4S,B00MT3H1VC,4.658161
AQFF452SVDF48,B00D9CMLNA,4.434908
A3IQ0P3M39IY8U,B017DPEEUG,3.814392
A1G2GYX8B4OH8W,B01CT5K792,4.615276
A1JXLTQ5VWPGGV,B01FLHOQ9C,4.346945
ASR774IIR8VN7,B00U48LMGO,3.9620557
A3T5H007CVA99X,B01HIZRVFG,1.3712605
A1ZK3Q2YZMX6CV,B01GJRQKBK,4.624884
A2GF23URLB9BLL,B00BM9A6QQ,4.67446
A31G4MNGZNYSZI,B006EODK6W,4.521404
A2V8X8MTCE868O,B005USIO78,4.4021807
A2G45Q8V20R779,B00UAZ3JVC,4.9825306
A29V7E1TFYXKJ,B01GBMRPZ8,4.174474
A2PJCE1T0AXDD3,B01C1VAR5S,3.7872338
A24YALT0FFYFA8,B01GOWGKLK,4.4033866
A3JVZY05VLMYEM,B01FVFWF3S,4.7333055
A956O72VO20Y,B01CBM44Q0,1.3712605
A3VRSAD9OVAQBF,B01H7HMP1U,4.8032293
A1EHES82IVVS9C,B00VW0OLKM,4.310447
A3SZPKNV5IU75I,B00DNI8RJW,3.7457647
A1NL7G5VN45RDW,B010JA571W,4.2441874
A2F2878HE7XOM9,B01A1AWBU0,4.4578457
A2C7W167DVNUKH,B00LNJ4ABC,4.6280136
A19MQI49YCA5SK,B01645ZYZU,4.7208533
A1IFWIZ62O12OT,B00OYQZYMK,4.410819
A3AN7PKF32XQ4Z,B0094ONQXQ,4.330103
AY17DZYGNYJ0L,B01G0GIXJ2,1.3712605
A1SI4HWV491JQ8,B01DFMO3UM,4.8071012
A3JVZY05VLMYEM,B00FDX59UA,4.1952076
A36XTPY9IFYA5R,B010BDZ9MY,3.7476711
A7HZKJID44JZ3,B01D9JB7DW,4.3074865
A2EU9VP0MRMUGE,B00BT0A4OM,4.37597
A2MK1L1Y74WTWH,B00R8EKHVS,4.0549517
AX5NHGPX6G44A,B00L7EIGEA,4.4044247
A2K0H6HYH8WB5F,B01BHD8WD0,4.4365563
A3KIA7199DNI2H,B00ARFOGQ2,3.974174
A3E2YW0WOZ9TWL,B018HFTRYY,4.308826
A1AHCX8ONTKNSG,B00GW9H8XA,4.2652097
A3CMIEYL0TJLC2,B00VS1XNS6,3.7441702
A7GZXYEZ2OMLQ,B00ZYX46P8,4.502054
A2BRAUQW0M47DQ,B01FTEBE74,1.3712605
A2N0CJ23KSPXU2,B017JIYTJI,1.3712605
A11S2QYS4HV6SF,B00O4GUH1S,4.4593587
AHRDOVFRA0KW7,B00XWCHNIU,4.7676888
A2JPS7EMNFKXOV,B0094B6OLK,1.3712605
A2KL28O67TYMBG,B007V3FLTE,1.3712605
A1FHWVQ0ZMFFQK,B01CPON1YU,4.645072
A3L3T9JRL1GT95,B00XLS3FIW,4.213655
A183DRUR0UACQ4,B00G0TI2I2,3.9449825
A235UMRMGXAS15,B01FWERDYE,1.3712605
A1ZDSAPOGRGBJI,B00OMG2XSK,4.217108
A137UEIU93IFEF,B00EH2N8RO,4.244687
A2DZUQQXPNUGI7,B015HOLMSW,4.4896474
A37GCC410JYT17,B00GUZ195O,4.364843
A3NICGO82Z9FI1,B00L83QEHG,4.4486923
A1CV6PASVMUEE8,B014HI58O8,4.7925844
A2LAII96I1O1IY,B01A4ST18E,4.761826
AMQ8EI0M0ZMN7,B00ANZ1JWA,3.9672456
A30Y1OHPEKHLPU,B00BQMOGKQ,4.040066
A1K69VHP8LH96J,B00NLJHSQ6,4.150817
A2TIJGCDBTTDNW,B00BMTQNQ8,4.4107876
A1L1M693QSBHRV,B01ELQDLKY,4.815164
A2ZJHEB8K8JZR3,B017HMASFK,4.532511
A31CZW8SHN9PTX,B00ARFOGQ2,3.974174
A15Y3Q6XIXTGKU,B00N48VZZO,4.383654
A31M8L26BZM2IY,B00VW0OLKM,4.310447
A222WQ9VGVPSR5,B019AMHWNG,4.420781
ABTPG9K6K74W,B00YASNK8M,4.383467
A2LFTN6A58XAQV,B01GT44VLO,1.3712605
ASHX33A1334SS,B00R67MD3C,4.3740964
A2NC35OEWK4HE9,B00F3L4KIE,4.5834556
A2GO4VWZWTL7ZC,B00EFKOFLQ,4.3566546
A3J9BHGK55ZPJO,B00DRFQRIO,4.327239
A2PQ680TRW8JFG,B0054E7EMO,4.4371166
A1BOK1EC36Q0WV,B00OYWP438,4.428608
A2391DU1LZODF7,B01FIS2F42,4.3896165
A2LLWCQVYKYF0F,B018SCGDWK,4.5929904
AUJKYWUK14BZ2,B00PCUMV6E,4.559224
A414YEU57FUHJ,B004ZZGUAA,4.3714056
A1L1M693QSBHRV,B00OAN88H0,3.879377
A20MGSYZLH5B8G,B00ZTMRHQ4,3.747467
A2UNMDJYXPEQZ3,B014VPZHCU,4.4687333
A1P44JJW47E6QN,B0177475MW,4.375506
A16E3LZGPATT2,B0104OFHEK,4.094095
A1K69VHP8LH96J,B00ILWP2NO,4.4344482
A3OQ0WU2ZHM5J6,B0050YUL0A,4.2807903
A2PG5XA0Q3BEMU,B00LZA6C88,4.6310806
A2BOKBB1IZA13L,B016QTOIWE,4.288449
A1X5V3LU8TC8QU,B01BRFLLPO,1.3712605
A1NE9CRAQ0WUV,B00HVFAY1M,4.7239738
A2BOKBB1IZA13L,B017DPEEUG,3.814392
A2MEKYD68X8R8H,B00KFZCAAI,4.3743453
A3T4U5GR71P4O6,B01GSC9QOY,1.3712605
A27OS7Z94VXCYF,B0104EOJBM,4.280824
A2Q8B7JPI4LAKL,B00C42TWTC,1.3712605
A267QVSAPZCRT7,B00OV9EXLS,4.237132
AHF5R86S1Y6YK,B01BMODWY8,4.569501
A2J7GJWY8O1MDB,B00I9J9XAM,4.6109776
A2VSFHELFF7ICE,B01GW1BZBI,1.3712605
AVNS35OHR3D76,B01A5OVNQA,4.8848886
AW4NFCPN81CS3,B00VOYNKM6,1.3712605
A2BC67IP5E7QC1,B00P9RU6SK,4.436236
A1RCVV077UAKKV,B016VL0PWE,4.347652
AO2JBD7IAH9DT,B01F2EXCF8,3.8789825
A3GEKHTOCDSCBT,B01CSNZ15K,4.8354383
A2LAII96I1O1IY,B01DJZ7G5E,1.3712605
A21G2H64TFS4JO,B019MCXVS4,1.3712605
A1B1NU74O56P7,B01GUHZYPC,4.1230583
A2MR87VMPFNFJ5,B00JDY7RK0,4.0839386
A2V06QC9Y4ZL0E,B00FD5HCC6,4.4071636
A3DQRNADNQWG6H,B00IRKQ08Q,4.499282
AI38GSFB90M4L,B00SRMFZ3A,4.1495295
AK1RGQY22KL4U,B01F483E64,4.590703
A3CAIZ5D023DAO,B00H95FQRG,4.5222683
A8YJFGILC2W38,B018496LH4,4.2926784
AVNS35OHR3D76,B01CCXWP9Q,4.9058576
A8FRLKQLNUKNP,B009DNHHYM,4.4031034
A23Y4UGTFDMZOP,B00KN4TFQ8,4.695591
AK1XM4ZUH58CT,B00B2M3NSG,3.731272
A2MX7TA6LI8I4K,B00NLJHSQ6,4.150817
A6ZT9EZ49JTEL,B00X1DBH3W,1.3712605
A10SXQMQBJ2L,B01AQO16VQ,1.3712605
A2WEE1PU5NZVJQ,B01A4ST18E,4.761826
A2S5EPJ451WL3I,B00OO65H90,4.3638577
A34FGMJ3K5O6GT,B00E3C2O7S,4.4537697
A1ACUN6A2LYVMW,B00U2YDT5W,4.398417
A3T7S6BDKHWPJD,B004X6R8Y8,4.3419924
A2MK1L1Y74WTWH,B00VQ1HJZ6,3.536621
A37D3BRKS7OO2L,B016TG5V3E,1.3712605
A3CLBL9B7WL02W,B01A1E8WO0,4.2843103
A328S9RN3U5M68,B013GZOXPS,4.496104
A3SJW9YR903G3,B016OR83AG,4.0417705
A3H1TO48SUIM54,B00CF9F6G2,4.4399357
A6ZT9EZ49JTEL,B01FEY3ZY4,4.7863693
A2RYT2UPEQXUAV,B00SJPZ4MW,4.379711
A1EPVSC849EI9R,B00XZJ30FU,4.2002053
A708MRPXR6W4W,B00C9L5L52,4.6656437
A2S5EPJ451WL3I,B005OC5QXK,3.725038
AL4D6OHMS2Z9P,B016VIVLJ8,4.224686
A1PSGA348YRV67,B01GT5XDFS,4.2256036
A1FUH1O6FCTUYG,B00N99OHZS,4.345571
A3L1Z0R3ZB2OFU,B018W4GENC,4.3277617
A10JAUCIGVRW9F,B00BF2APBQ,4.5274477
A36WBGWPPLIQZ9,B01CSNZ15K,4.8354383
A387F6OFDVEDZT,B00FBMKRG4,4.421903
AK3LIR1TVZFVZ,B00S5J5ZG2,4.4767385
A3G31IWKH9ALT3,B00ASP8XNS,3.5147042
AWG9YC0S5ZXRQ,B017J3TPFQ,4.6330743
AEY9MGCJSWW9O,B0190HN0DM,1.3712605
A1WPQDW5RGAM9S,B00CF9F6G2,4.4399357
AXOY11IDEONHE,B00VRYHVUA,4.384864
A3J9BHGK55ZPJO,B00ZYX46P8,4.502054
A1V9310YS86T7M,B015BCX0OO,1.3712605
A1PUZIV4PYY4YM,B017IFFPTA,4.5076942
A2N1XSD82O6XTV,B0153XT5HC,3.974678
ADT3692HEYU4S,B00JZ7GMF6,4.047675
A1NAXYNAOGJIGN,B00NQ9O64S,4.282052
A1AMO4S4I575LQ,B00ZEQMP8U,1.3712605
A3UPR43PSDG0TS,B007PR34G8,4.4972754
A1XKTJ1XLTWLCQ,B005G7ZFXY,4.2722654
A38J1EW6EKAV0Z,B00MJOVIDI,4.2950206
A2BOKBB1IZA13L,B011F603YU,4.1689267
A31Z94E63H1N46,B00LJAZ7W6,3.9357
A246GZE5MZKHGL,B01CERDE8G,1.3712605
A1ZK3Q2YZMX6CV,B01AIS80FK,4.726317
A374B6RGLIYWMU,B00HGI16I4,4.4724836
A272PNE7D26JA7,B01FOEQRNA,4.067309
A353K0UEDMX3PH,B0104EOJMQ,4.631336
A3SZPKNV5IU75I,B01BZB7RXA,4.3729234
A3U6Y3GD1A6PXJ,B01B5BR1KO,4.443578
A1E1YE0R2EELCU,B01317ZZLC,3.7718258
AM1T5MXP5H5SO,B00DSPPOX2,3.876796
A36N7KTS8JMR4L,B01BU7PHA4,4.2484283
A3VG0PGN6MNCZY,B00XOGY9N6,3.8586278
A2PCN97H7ORFXL,B01EDDUAFE,4.576811
A7GZXYEZ2OMLQ,B00PG3NQBQ,4.3157315
AM1T5MXP5H5SO,B01FLDUVIG,4.109481
A3CQ5980OVK9GQ,B00TKOT3BO,4.8684673
AFX2KR1VGYWLW,B0157GPPEM,3.9945292
A2BEDL4QXLEE3S,B01BMODWY8,4.569501
A2PF64RBR1G1SZ,B01GOWGKLK,4.4033866
A4YSGLUQJP68Q,B00JTCH5RQ,4.624127
A3JHMDPDDFUSLV,B01C7NYWBK,4.506019
A1DJY8WVWPJ2H8,B00VO86O7K,4.8595886
A1AHCX8ONTKNSG,B011G3HJ6C,3.838478
AZPNSCZH6LW40,B01F2WTGFK,4.529643
A1AHCX8ONTKNSG,B0165WFUKG,3.7980485
AM9YOCRU10IXW,B01H9ER9R6,4.5074368
A2UNMDJYXPEQZ3,B00XIHMD2K,4.830704
A1DC00T32U26HC,B01H45U1IO,1.3712605
A28U98HYYE5DR1,B01A1AWBU0,4.4578457
A328S9RN3U5M68,B01BU7PHA4,4.2484283
A1GSPADXH17N25,B01CF7VQVW,4.559367
A2JPS7EMNFKXOV,B00TSXRDW8,4.351411
AALCQ67H5TY5L,B00BUAZL12,4.4170656
A3V9J8I5FHAH19,B01GF9OQSQ,1.3712605
AG63N054UPJH2,B01GSUTWTA,1.3712605
AQ87G02DO56Z,B00KA0AT06,4.709154
A35RCD7ZMLKPYO,B00W0AL6BK,4.2192044
A19T1A4TS1WHOZ,B019MCXVS4,1.3712605
A370LX2NE2BMXY,B01BE5XO0W,4.581214
A1UH21GLZTYYR5,B01GAIHTSQ,4.5319886
A253ZKSZTAZ8W7,B00JRBN26M,4.571551
A2NDZ5R94H2YQL,B01C22CSVW,4.6071115
A198E18E1LA3BE,B01GANL3SS,4.6765585
A139X5E4RN7SUS,B010MQRGYO,4.443355
A1B871BGSYX0F1,B0165WFX2Q,4.831053
A1GXJZGFR0BPJH,B01AIS80FK,4.726317
A2FOQS9I8RI0V6,B00CNTSVZM,4.491845
A1NE9CRAQ0WUV,B00S1PC9B4,1.3712605
A1F41PH89SL6JB,B00KFZCAAI,4.3743453
A3ANLUEKJBC1IZ,B016JPTGN6,4.3528295
A2I4SQOSEF7WH5,B01BRFLLP4,1.3712605
A3GEKHTOCDSCBT,B013RN2YOG,4.346789
A3NIPJ7WT4LL60,B0057XVAJU,4.42495
A19I68RW4PBT29,B018CHA2KK,1.3712605
A2HHKV9CQ03ZRA,B01GQCLA5O,3.8778892
A2PCN97H7ORFXL,B00PRA4CUM,4.441362
A1VDYWMVS2ILZQ,B00PHZ3RLC,4.421837
A2BOKBB1IZA13L,B00AMIX8P4,4.464454
AY9AIGZKJYC6T,B00H62TMJA,4.638665
A3QY3KER34QGCS,B00NOCBDQG,4.7907276
A288W9MY6EK1P,B00JRBN26M,4.571551
AUJKYWUK14BZ2,B015F1XMS0,4.881937
A2K3C9H73QW8NK,B00YQBSEKW,4.188277
A2EVKNQ71UULXI,B00NWR78L2,4.107109
A3HOXAKC11UEOX,B00FY54JYO,4.4909735
A2S5EPJ451WL3I,B00T4ZG2PO,4.2864923
A135NSTCX38DEI,B00LNJ4ABC,4.6280136
A2G9YADU04XBHA,B00KB2RLKO,1.3712605
AX59HEWTONQ1M,B01EZ9ZK7O,4.596638
A2SNF7VCKMYTDF,B017PXXZV0,4.1246552
A3JTJ1E8NK7DH1,B00JCINDL4,4.5809107
A1BOK1EC36Q0WV,B019D7D3CC,4.526481
A16TE56LP5NUL5,B00F2953OW,4.032655
A3KMEQP8CSCPC2,B00I1VX9YO,4.2917695
AX746FITV1G72,B00Z4EAA5W,4.3025956
A3FA93L7JWESR,B00VTY1WNA,4.234313
A3AEFXIVFIL11Z,B014XLV2NA,4.4073024
A34RWNEJGJFHEV,B0191WS0K4,1.3712605
A1LYT31WSI9NVL,B00IQVA7XK,4.424465
A3V9J8I5FHAH19,B00VO2WDZI,4.5707126
A1V63EJ1CBG940,B01GBYTK36,4.7729483
A3P2ROGJMLVZHN,B00OV9EXLS,4.237132
A267QVSAPZCRT7,B01FQ57CRC,1.3712605
A142HAT43L5W4W,B00TP4X5CM,4.383657
A2RMULV25P85EK,B018CHA4GM,4.434634
A37P6T3YZ8KY2F,B00NEON2WC,4.380668
A7GZXYEZ2OMLQ,B01BFYBH24,1.3712605
A39N24TTLP6I48,B00SW2TWJS,4.568961
A3TY31K1VXAGSX,B00DTTEDM0,4.042454
A1EF46YLAZ7MEM,B00YERIU1G,4.0446596
A3IY9IIH8P3UU0,B00LFNCDOC,4.2632303
A3H7J5POTR9TZW,B00DV7LVP2,4.4725127
A1A085EGL86PB,B00N6PD7CO,4.2730393
A2C7W167DVNUKH,B01GEKTEY2,4.5694613
ABRLCS0WRNOKX,B01FQLZSMM,1.3712605
A10IOT56F4GM85,B01CJ37JJ0,4.5208926
A2O8R1A83EROU0,B018CHA1D8,3.931891
A3PZDL7X0IOCDP,B00CH3NV4U,4.643859
A29EUBSWF1KQJ9,B00C44H0OE,4.5065036
A1RN75YVR2O8MQ,B01H62L5GW,4.0854807
A178S00H8B3YWA,B019S2I4HG,4.7534585
AD95EEXNDJ379,B00MG5IQGW,4.2855043
A1NAXYNAOGJIGN,B00XLS3FIW,4.213655
AF85CAX5BR5IM,B00LE4Q370,4.352268
A3V9J8I5FHAH19,B00PKOJWEG,1.3712605
A1DC00T32U26HC,B0165SOAPG,4.720414
A7AO0PBCKSW82,B017W2XRGM,4.2353187
A3UPR43PSDG0TS,B00QLA3DKC,4.4662066
A2KN1WNA76HQS6,B01DE5JHY2,4.5767736
A3PV5FJGYOY5NW,B00UJEGURO,4.4921136
A2826FTZACYYNO,B01H5QZHKY,4.9158535
A10IOT56F4GM85,B00Q0KG49K,4.5031347
A3J5KG672GNB99,B01GQE49E6,4.61484
ASI65UKWLTDJQ,B01FGRWTGE,3.7463832
A3RR4H0D4L9HYN,B01FOGIV3W,4.3973966
AIVY8XUMV5UY7,B00UB7TF1C,4.601762
A23Y4UGTFDMZOP,B00OJCC440,4.428682
A36RDF38V9ITAE,B01G3UFLMM,4.7710013
A2W4295H4JSYDD,B01A4ATX4E,1.3712605
AKIM9EHK9HMT,B01GYQ057Q,1.3712605
A1O79BLZSTP53I,B00CF6IY50,3.8229747
A1NE9CRAQ0WUV,B00O72888S,4.2203684
A3H1TO48SUIM54,B018RKHYMQ,4.366149
A3IZU63H3RBN22,B01HIZRVFG,1.3712605
A3H7J5POTR9TZW,B007TV0V8Y,4.6022773
ADUI5YISBG6Z4,B00BXGUOU6,4.2153573
AGT5F6R7R53LR,B01A1C7M8Y,4.4745626
A1KE19CDYIO2YN,B01FORFUEY,4.5694547
A26F5B12T242LL,B0188OGJXQ,4.5097065
A1K4S4MWXI9E9M,B00ES2GX3O,4.384177
A2Q7R5EUKTKURJ,B01GGWEF3I,1.3712605
AWNYF3812RWNG,B00IQVA7XK,4.424465
A1P44JJW47E6QN,B00SO0DWK8,4.2270746
A1E1YE0R2EELCU,B016X07L2U,4.8857694
A2JPS7EMNFKXOV,B018BL1LIY,1.3712605
A1WK64OV93G9TA,B00FJNPJMW,4.993747
A166K6TJTPDX8K,B01HHJZ3EO,4.4467325
A2KS7XM8Z13Y78,B0184J1F4I,4.8019814
A135NSTCX38DEI,B015DLURNU,4.3679237
AER3NZ1H79LGZ,B01GYPQQRU,1.3712605
AUI3XAZ1513SI,B01G9F1ED6,4.7647343
A2QEVQMB8B08UQ,B00L2V73GK,4.097126
AHZ63RT78P9U6,B01FDI8UWS,1.3712605
A2O37WEGGS6NF,B00SZDH08Y,4.579111
A2D9OWZ1X0DVEU,B01FV7OB5G,4.492614
A3J6BKNGIMAJQ5,B006OIUEKI,2.9259539
A2TX3PH7TXFRE9,B01CT5K792,4.615276
AGV7AZJ7ZBLUL,B00H8OZW1I,4.200163
A3L8F13NKUQHQ1,B00LXHHBNS,4.151143
ADJDLDM5Y69VJ,B0197OZW7A,1.3712605
A2HZ6MGQ6TPNO0,B01CMN671I,4.4476175
A1CXTYWIRDPOED,B00X2JUCRC,4.3313327
A21G2H64TFS4JO,B00PMH3R3I,4.788945
A1LEP3FM28J5RB,B00M0DQIEC,4.385408
AEY9MGCJSWW9O,B01CMH15IE,1.3712605
A3BTRKXD03KC4F,B01H5QZHKY,4.9158535
A2I4PXYYHQPW2E,B01ATQJ726,1.3712605
A2EVKNQ71UULXI,B014GDO5C0,4.1760488
A3A44JIMIWYFIE,B01H97YHF0,4.784087
A1J6UA1MD96SKE,B01CWZH814,1.3712605
A1AFGQGTS66UYY,B00JUV8JPS,4.481008
A19MQI49YCA5SK,B00PUS8AEK,4.3998404
A2MK1L1Y74WTWH,B00W4LYJ6Y,4.5363855
A384RYAHGEPLJ8,B00AA3P7M8,4.474161
A13C53Z3ONTAIS,B00SK2AQWW,4.3382525
A10PIB0GJZQHJA,B00JRBN26M,4.571551
A1SKQ5W90YXHF4,B01BNWGPRK,4.069527
A3DS9MLHI0EHG6,B01A4ATX58,1.3712605
A2B9C3FMYW18UN,B00EV9LSJI,4.605283
A2G9EAG3T2GCW6,B01C7NYWBK,4.506019
A26V5ROE0OZCDA,B005GI9EXU,4.0841374
A29QO6X2VCR4GZ,B01DFBBF5E,5.014718
A1B871BGSYX0F1,B01DN86K7M,4.4935474
A2VTPPOUWOT9AB,B01A1E8WO0,4.2843103
A31OIXDTDVNVS8,B011ETZ2WQ,4.2531586
A1ZDSAPOGRGBJI,B01B5BR1KO,4.443578
A1K4G4G02UIVEW,B00R5LXZXG,4.2542195
A3OQ0WU2ZHM5J6,B014JSBJJ4,4.562207
A1PIHRVCTCJQFL,B0067LH1QC,4.36531
A2N7O3PNO1OEEL,B00W891R26,4.1533127
A3IL7OEY26GURY,B00LFNCDOC,4.2632303
A69JQYYIUQFQL,B01D9JB7DW,4.3074865
A2CZKERY4LUBVI,B00K6S71RG,3.928506
A3P4PWQ6NZGNFY,B00CCVVKMW,4.423863
A24KZL47I6CH4C,B015M5L9A2,4.7868013
ANKDQ12BPX6Z3,B0091T62FS,4.313011
A1EF46YLAZ7MEM,B01FD1Q27U,4.4614787
A31K93JWWNEMAJ,B017WE2YUU,4.654245
A1TVJ9WDRP0UZS,B008HUP9NI,3.9279408
A1NL7G5VN45RDW,B00X7R3DFM,4.713936
A1H10L6S9KZB2C,B00OJCC440,4.428682
A3VE7N2XUI8C3K,B00X8SCJCS,3.9242306
A15VZ8KA1KH8ES,B00AXTM8G2,4.4245086
A36I3CE9A5LP9N,B00L2X37QS,4.4178357
AZGDIB6UL3QNL,B012C7K7BU,4.63352
A296HV17AZ10V9,B00EZRUSOW,4.210236
A2N1XSD82O6XTV,B010TZVSTM,4.8985023
A1PSGA348YRV67,B006H96RO6,3.928131
A1JMSX54DO3LOP,B00W23WSN0,1.3712605
A1RD05YFMWKM4Y,B017CK0K28,4.649274
A2XKX5TBB6WV00,B00N0VI2OM,3.8852262
AHR3AU7CPID24,B01CIDR8N8,3.8734026
A1G9C5GN1893RY,B0190HN0DM,1.3712605
A3IZU63H3RBN22,B01GP58FSC,4.7532287
A1K3WZMHNUDZ6N,B01EO6IIM2,1.3712605
A2D9S6V1AFXOAO,B014C5K4WC,1.3712605
A1IFWIZ62O12OT,B01E46BFJU,4.391746
A7M73HAH815DM,B00TPBIA4S,3.9035716
A3J9BHGK55ZPJO,B00II5I3R6,4.3645496
A19T1A4TS1WHOZ,B005OY0JFI,4.328006
A137UEIU93IFEF,B00E6QFG80,4.228255
A10JAUCIGVRW9F,B00DE85KHI,4.485688
A37G8WNF7DGY6M,B009JPPQ38,4.272643
A3IAAKYJIX44EL,B00MUW6TF6,4.376797
A2JPS7EMNFKXOV,B00N9RT7RS,4.7036533
A2S5EPJ451WL3I,B01FGHI69S,1.3712605
AWNYF3812RWNG,B0133SO7JK,4.4147525
A37D3BRKS7OO2L,B01GYPPMNE,1.3712605
AGT5F6R7R53LR,B013WQ2VW8,4.85566
A1LL39K926QN1V,B01DFX15NE,4.4453583
AQ5HSBPNASYIG,B016B0FB38,4.7297244
AHNGMRN1V1LPH,B00SA5KFM0,4.4389315
A1EF46YLAZ7MEM,B01DFJLD62,4.5080366
A3DJ1IVSPDTMW5,B00O3V6PWY,4.4752207
A0020356UF96ZV361ST,B00F8KLPEM,4.2804127
A2TX3PH7TXFRE9,B00ON8JVP0,4.1833572
A2W3RQOSC87P4A,B0150C55HA,4.378352
A3N67XHSHB40CQ,B010TZVSTM,4.8985023
AIW0QH84UBVB2,B00E5O6ZJ2,4.2720904
A2W3RQOSC87P4A,B00C4BA6A2,4.261301
A1NE9CRAQ0WUV,B00RP98JVG,1.3712605
AV6ORIR1JV86P,B00OYWP438,4.428608
A197W8MNF706HT,B00JZWDC9K,4.6792316
A7AO0PBCKSW82,B018QZB1IA,4.2842493
A2MEKYD68X8R8H,B00UJEGURO,4.4921136
AJ571UKWCC3CC,B00FW6WKUA,4.4081507
A2MR87VMPFNFJ5,B0099LPCWC,3.6972518
A15EMPO8TCH2RB,B01FQ57CRC,1.3712605
A3UO90FEXQNHRD,B018BL1LIY,1.3712605
A296HV17AZ10V9,B00FQAQQ9I,4.0891886
A1FGDFKCW5LJIJ,B00QOWH556,3.7947097
ALGAUZSEQQWI4,B01C1VAR5S,3.7872338
AAO6QIF5RUMS2,B015P9ZNIO,4.9366865
A2Z3DQ7P9JYRLG,B00W891R26,4.1533127
A1C7ASZFSTSJMH,B01F24RGGO,4.5674405
AGELZO1D6BC0T,B00MK395WO,4.3577995
A1W48IWJ8A610S,B00H0GED9Q,4.3724513
A2S5EPJ451WL3I,B01CT5K792,4.615276
A2735JIVUDTBZ0,B00ZYAZFC4,4.419177
A2FCH654FN672F,B00XIHMD2K,4.830704
A3A7FF87LEVCQ1,B00SER0484,4.1818614
ACSJTKMXKU1M6,B0174PTMU2,1.3712605
AYX4FFM42UGTM,B00MVK5RIW,4.6273293
A2JPS7EMNFKXOV,B018F3C1KU,4.260555
A1FWLM5208ESO4,B01E46BFJU,4.391746
A1RKD07ST2BLOQ,B00VQR2NOW,4.0073833
AI38GSFB90M4L,B00WRNKOOU,4.623434
A1R2D0K0S0M30P,B00QPDKAM4,3.9684377
A73IK4VT0XZS6,B00QXWYEYW,4.482894
A3FWAT2EKO9FRE,B00UZM2O52,3.7582216
A3EJDCT3TAEC2,B01GYQ057Q,1.3712605
A13LERNQ8R7267,B00HT73RHK,4.4778514
A35RMGAUPUQTOG,B01EKIELGG,4.124364
A21UH6HJAXW2J8,B01CX93T44,3.9363272
A2H44WVZS59KKT,B00U77QXI4,4.5523014
ANXBIU1HP7BJD,B01BLSZ09A,4.460151
A2XRKQZA534EWO,B00HTJJST4,4.2771235
A1VA2I63CK09BU,B018IYY2V2,4.254827
A16EVINGPOU4U6,B00OAN88H0,3.879377
A2KMV056844YV2,B00OKM7SVI,4.029035
A23GRXCXQU3SM8,B01GYPQQRU,1.3712605
A387F6OFDVEDZT,B01GKU3D1G,4.6582675
A2B8C9QHIXJO6N,B01GTFE2BW,3.7946515
A18EEC1ENOT9YN,B00F2ZL3W2,4.0893183
A2DZUQQXPNUGI7,B01BFYBH24,1.3712605
A3DIJRAAUVN3HF,B01FEIRT1K,1.3712605
A1B39IGLV2W0GE,B00WZWMRC0,3.7736154
A17DBWBCGJP32S,B00WT7TBTS,4.1044326
A2RPZTZP8W80W,B010ZXKCJU,4.25423
A3OQ0WU2ZHM5J6,B00VBVE7NS,4.4014754
A1E29AF1LT9N6S,B008SGZOL8,4.1960783
AY9AIGZKJYC6T,B01CYTLPPI,1.3712605
A23M3HDG0IWHWB,B01BRFLLP4,1.3712605
A1N3GV7AVOC8VC,B00QQOX6LY,4.729091
A1A6ADR8JG12KQ,B00B3DROPW,4.273072
A3J9BHGK55ZPJO,B0094B6OLK,1.3712605
A36I3CE9A5LP9N,B00RC6JVDC,4.406249
A21G2H64TFS4JO,B00S5JROJ8,4.6146917
A1E29AF1LT9N6S,B00QQ623XY,4.268933
A1ARJBC8VD5P8P,B01BDN5KDO,1.3712605
A2Q439D72KOQME,B018A8EDV0,4.3626165
A2K057YIAJJQXS,B00EZ7VLDY,3.8549118
AV6ORIR1JV86P,B00JCINDL4,4.5809107
A2O4J6KJ0REPQ,B01BR1U1WC,4.1573534
A1QXNTUAUWFKP7,B015XWK88S,1.3712605
A3M3LPTYJWK90W,B00UW9SNEO,5.052489
A2YF0QVNVT7ZI8,B00HP90OBE,4.5679874
A2PF64RBR1G1SZ,B010ORALRK,4.3680243
AHMV0N47XOIMZ,B00NJ0F5Y4,4.494748
A1CLGNWRCE4QKB,B0165WFX2Q,4.831053
A1LZ8PBGVH7IOM,B01C4FP44A,4.797387
A21TSBBTF0DMG5,B00YG3S9W8,4.0307527
A19Q489ZXGDUJZ,B010MX9WVC,4.5151877
A2MR87VMPFNFJ5,B00ZOL1DRO,4.0070333
A2I4SQOSEF7WH5,B018CHA4GM,4.434634
AUME0VNK7J2MP,B00GRAZD3G,4.4427557
A1LGEZKBNXPUW9,B01DCM610A,4.3658185
A1RD1NM0602OQO,B01FWYD956,4.649277
A1YUPRU1BVJHQV,B00OU2E1F4,4.792037
A142HAT43L5W4W,B00L73NIWQ,4.6451864
A2MR87VMPFNFJ5,B0094HZVWC,4.6624937
A3ULR7XJF3C400,B015D43O46,1.3712605
A2PN1AJYXDU1J0,B00MDACG9I,4.3634434
A3HOXAKC11UEOX,B00TQ8W4KG,4.434228
ANEZJAUOG31MG,B01C6DZQYS,4.6666274
A3CP3ADDFF4CLI,B01FD1Q27U,4.4614787
A370LX2NE2BMXY,B0190HN0DM,1.3712605
A3C713428J4MJ7,B00IKME2XG,1.3712605
A1WUV5NNBO97B6,B01DOR1EBO,4.43756
A2C7W167DVNUKH,B00BJCBPIO,4.260926
A2WEE1PU5NZVJQ,B00DK8L8Z0,4.3882957
ABTPG9K6K74W,B00KDJNAIW,4.596656
A1LGZR2O6G85X1,B01HDF9IKM,1.3712605
A2KUR0ZBNV17AA,B01DTRFUY6,1.3712605
A1K4S4MWXI9E9M,B00PE262UG,4.229239
AIKGKUGNQ6L2F,B01645ZYZU,4.7208533
A3QV68AX7YPQA2,B01FIS2F42,4.3896165
A1X87IHRK15RBU,B00IC6TA46,4.5054784
A2ESCA4MLAK1QF,B01AQO16VQ,1.3712605
A25PLL2FEB615H,B01EXPAZSY,4.313921
A1ZDSAPOGRGBJI,B01208O1D6,4.138883
A21G2H64TFS4JO,B013UBALKE,3.5872364
AF7IKL1FN52K7,B01CWZH814,1.3712605
A2N58DQ4IL5SHP,B00LXK4KIO,4.589556
A23Y4UGTFDMZOP,B01HJ7IF8A,1.3712605
A37D3BRKS7OO2L,B017HX13DU,4.193353
A1VE539RO5061D,B00Q4YAJL6,4.6074224
A1W49O3LYZ8GI5,B01A9BTUBY,4.206715
A21BTVOIQV3JWU,B0080SA5S6,4.341355
A369BMHORFPL0O,B015DKD58U,4.5724974
AV6ORIR1JV86P,B00VW9FTLS,1.3712605
A3CIIU9YNK53VK,B00LDUVA4G,4.665383
A1JS39D0NHVT3S,B011T78JT6,4.8297176
A3VE7N2XUI8C3K,B018BL1LIY,1.3712605
A2391DU1LZODF7,B01D1UVNEM,4.821414
A2Y7B4AASUOXM,B00KLSMCPW,4.084537
A1P44JJW47E6QN,B01FWERDYE,1.3712605
A31OIXDTDVNVS8,B00BGY7XX6,3.853796
A2RQ5IRWRU0TVO,B01DTRFUY6,1.3712605
A3MTU1QAMYEAX3,B00GQYIL2I,4.2034082
A23Y4UGTFDMZOP,B007J4A4KQ,4.6777744
AUI3XAZ1513SI,B00HNWEA9K,4.285747
ASHX33A1334SS,B00GH2UEMO,4.144186
A1ZDSAPOGRGBJI,B01H173RSQ,4.7525277
A1R2D0K0S0M30P,B01GF9OSI4,1.3712605
A3G7QPDLX3SDV0,B0186FCA9E,1.3712605
A1XIQBGKVH6G8B,B015NFAKLK,3.7764292
A1LM7SC9WR859I,B00OE67LVW,4.3785224
AYGI3FN2M078F,B017R65QS0,4.4376607
A296HV17AZ10V9,B00LI5X2QA,3.6651068
A2PN92SB2HFRNI,B00V5T9A38,4.2726545
A370VMDK3FZX5X,B017JIYTJI,1.3712605
A2C7W167DVNUKH,B013T97LTQ,4.7280593
ANKDQ12BPX6Z3,B00XGIEM52,4.3314714
A35BKLDD2E04E6,B006MLKZWO,4.4742703
A1ACUN6A2LYVMW,B013KV12YI,3.504191
ADJDLDM5Y69VJ,B0145VI0G0,4.8901334
A245T0V8KVTV45,B00NDEXI0O,4.304817
A29QO6X2VCR4GZ,B00B9I1M5O,4.472547
ASR774IIR8VN7,B01EMF4FXG,4.451413
A3C713428J4MJ7,B0184J1F4I,4.8019814
A1AHCX8ONTKNSG,B01CF7VQVW,4.559367
A15VZ8KA1KH8ES,B01EDDUAFE,4.576811
AQFF452SVDF48,B0152U9LL6,4.2779026
A2WEE1PU5NZVJQ,B00PYPHS9M,4.3122807
A3CMIEYL0TJLC2,B01DCM610A,4.3658185
A3RDDEA1NKSMVC,B00VO2WDZI,4.5707126
ABTPG9K6K74W,B01B6WT11Y,4.302938
ADUI5YISBG6Z4,B00GRGOL3S,3.6331372
A414YEU57FUHJ,B015QBP4XU,4.581439
A1XJZCJTQFEU8D,B01BCLPTNI,4.742107
A2S5EPJ451WL3I,B00Q6YLPJ4,4.1558776
A29QO6X2VCR4GZ,B01BQ00CAA,4.45151
A3IL7OEY26GURY,B017GGWXNW,4.799643
A2LMF4HG470CNF,B01GDRM3XU,3.8747954
APSBR4VQNRJ0K,B00MV4UDTQ,4.459577
AJVQTGMBF8PL1,B015CLZ5RE,4.537577
A3RDDEA1NKSMVC,B01DL6EQC2,4.9779854
A166K6TJTPDX8K,B01AMNC33G,1.3712605
A1F41PH89SL6JB,B00TPBIA4S,3.9035716
AX5KL9LWC1TG6,B00DGYKGQ0,3.9503646
ATQMBEXNQ3XH8,B01H4NVSOC,4.0819902
A2HZ6MGQ6TPNO0,B00NLLP3MU,4.471942
A1NQQU8O1ZYJP3,B01GIM0O86,4.4471145
A2A1U239S7ZVL1,B01AAXMLVW,4.538816
A16N88TMHMXX1F,B0133SO7JK,4.4147525
AER3NZ1H79LGZ,B01CBLURCG,1.3712605
A2EU9VP0MRMUGE,B01CERDE8G,1.3712605
A10AWAE0F6CAP1,B01HCB4LFE,4.420326
AUJKYWUK14BZ2,B01B8MEF9K,4.7207203
A916DXE9W36GF,B01GYQ057Q,1.3712605
A2YJ8VP1SSHJ7,B017ACSD1S,4.4597645
A1SXDVX98NJLHZ,B013HDXSU0,1.3712605
A2091T9SZ5H2P0,B00R1O4KWW,3.8912172
A213J0UJPYFVNC,B00PG3NQBQ,4.3157315
A3AM6MXENFRF3G,B01DJB7XZG,4.9508367
A1HHSUAQDZ1XM6,B01DU7JXPW,4.205409
A1IE93W5OH9MGR,B01GJA450A,1.3712605
A2ZDRBQOSAZLER,B00FP43PP8,3.7303505
A2MD57B122PGJ1,B01GYPQQRU,1.3712605
ALGAUZSEQQWI4,B018COSNP4,4.863002
A26V5ROE0OZCDA,B00XIHMD2K,4.830704
A10PEXB6XAQ5XF,B00531CPHC,3.9287171
A2O4J6KJ0REPQ,B014GMU3LS,4.1117554
AIQWMQ4JWKZ3T,B00N99OHZS,4.345571
AM1T5MXP5H5SO,B0150U9Y6A,1.3712605
A1B871BGSYX0F1,B01HIZRVFG,1.3712605
A1F41PH89SL6JB,B00AV8SY7C,4.4890146
A1JADDWR1H3M0I,B011T78JT6,4.8297176
A1CXGXJZZ3AXR5,B01CYTLPPI,1.3712605
A3KBRXW4PKK2MT,B00UZSTI28,4.3967743
AGSGL6VT17RE0,B00GVJ4WOY,4.271134
A1ZDSAPOGRGBJI,B00CK55QTS,4.3111296
A2XIP6NWN0J2QC,B00ACC2N3I,4.4818797
A2MK1L1Y74WTWH,B017JRXATE,4.209863
A142HAT43L5W4W,B00IGGZ4LU,4.013454
A1NL7G5VN45RDW,B01GAOLAW6,4.3261595
A32TX5VFAQALG5,B010ZXQA7S,4.302866
A2EAKYR4AEJU69,B00QU06V2K,4.094636
AVNDR3UMO7VU5,B00T75VSHI,4.5905633
A3FO728397JFZP,B00L2II2AY,4.3597484
A3NW9Y963QZ8WI,B00WNR92RU,4.19322
A1JMSX54DO3LOP,B00NWR78L2,4.107109
A39CVMK2ZKEIK2,B010JA571W,4.2441874
AER3NZ1H79LGZ,B0165I3WGY,1.3712605
A2CZKERY4LUBVI,B00OO65H90,4.3638577
A1P44JJW47E6QN,B00SM24ZZO,4.2477474
A4YSGLUQJP68Q,B018CHA2KK,1.3712605
A2JOW1PW9GRCA3,B01HHJZ3EO,4.4467325
A3IRQCW03LJA0G,B006MMYSR6,3.950135
A245T0V8KVTV45,B01A9BTUBY,4.206715
A356MFRFTA643Z,B00IU69PTI,3.8613706
ABTPG9K6K74W,B00C9L5L52,4.6656437
A64VNUAXNX8VO,B01BJST0FC,1.3712605
AQ5HSBPNASYIG,B01GAIHTSQ,4.5319886
A222WQ9VGVPSR5,B013HEC16G,4.805328
AKZH6MEXHWGLD,B00TCI48WC,1.3712605
A2S5EPJ451WL3I,B00457VKIA,4.10225
AKIM9EHK9HMT,B014BR4A3A,1.3712605
A1Y3AO9892NNSU,B010NQV6I0,4.409122
AK3LIR1TVZFVZ,B00GEHN4I8,4.0231323
A1UH21GLZTYYR5,B01DGXSHRK,4.340838
A23GRXCXQU3SM8,B01CBLURCG,1.3712605
AK3LIR1TVZFVZ,B00GJMBFS4,4.916851
A3G31IWKH9ALT3,B00UXX3RHC,4.265171
A3QKOFJ91Y3MFI,B016X07L2U,4.8857694
A3Q9NLTF7JA3ZD,B01C8CLGR8,4.5417004
A235UMRMGXAS15,B01AQNZQD6,1.3712605
A2MEKYD68X8R8H,B00DN6QQ3S,4.348928
A2EVKNQ71UULXI,B00699917E,4.274567
A2Z64A0Z98GLS3,B013VDLXY4,4.7149544
A387F6OFDVEDZT,B00TLFMPX0,4.599181
A13QTZ8CIMHHG4,B01ATF41UA,4.9321933
A2VDLDSGSD32FI,B01BM0AHZE,4.620432
AVIN4W1V9M738,B01DQED9F4,4.7245717
A1U37G3A1C7FC6,B01GZ7IMJC,4.7363143
A19MJXG060UDTA,B01BJ9EFB0,1.3712605
A3V9J8I5FHAH19,B01FRK7VO0,4.8993216
A2HZ6MGQ6TPNO0,B00ZDHZKKA,4.5059276
A2UJTG9XC4KISL,B00E6QFG80,4.228255
A3E4H5A1X8NJRR,B0051EZBRM,4.443116
A1EF46YLAZ7MEM,B01BXGMTEY,3.9589386
A2E40ZTDDZ2U29,B00LMGLXUC,4.351141
A1ACJLREHPPL1P,B00AA46Y06,4.2123237
AV8X3WC4XB1WF,B00U48LMGO,3.9620557
ABTPG9K6K74W,B00SPA1Z5Q,4.09826
A2LEDCD5NGDPL5,B017OLT0HG,4.4728236
A23MK6LPFQP21A,B01C6DZQYS,4.6666274
A2LYOOGJLVVM5S,B00T2TSFH0,4.798439
A3AL7B2RPOAEOB,B00D9CMLNA,4.434908
A23ID71VXIBR8T,B00D9CMLNA,4.434908
A19Q489ZXGDUJZ,B01D0Z73QA,4.4819508
AQFF452SVDF48,B017733NZ6,1.3712605
A2B9C3FMYW18UN,B01FTEBE74,1.3712605
A18EEC1ENOT9YN,B00L2F5P02,4.4447546
A3JONP3MGSSP0F,B00T7VC4D4,3.8490586
A31W0R6O8EM6V6,B012YHT12E,4.108791
A2O4J6KJ0REPQ,B013KWCLA6,4.415806
A30DBF16JX73UA,B0100BOE7S,4.7016296
A1B39IGLV2W0GE,B00NTPSMSA,3.966034
A1BOINGLPB5I1M,B00ZOL1DRO,4.0070333
AQA76AX85FU33,B00KE62080,4.1307697
A2391DU1LZODF7,B01EKIELGG,4.124364
A1M0H8HM67R9I6,B00U4NBAPM,4.5768247
AYUTCGVSM1H7T,B018E4EOO6,4.739719
A1D0BC1UP01UH9,B017E1XMPM,4.6644406
A2EGLWRK7PCDYH,B00JO4GO94,4.5865917
A190TSUIRJIFUK,B00UXNLT1I,3.8716688
A1GXJZGFR0BPJH,B014REI880,4.393939
AVTN1DZPKSY8I,B01GP58FSC,4.7532287
A1R2D0K0S0M30P,B00QL14R88,4.403022
AX746FITV1G72,B010189NMG,4.669632
A2WQZ6RF0O4XER,B01G2YFYG2,4.7455225
A1XI8GFCIVWU36,B01FOEQRNA,4.067309
A2MD57B122PGJ1,B00H3I2172,4.2877307
A24NC3WOFW7LHT,B00BFNYG1A,4.729767
A1CL3FS67LX1YW,B0130KVNKC,5.032814
A3IQ0P3M39IY8U,B014C5U6SE,4.5265293
A202A0SM6MHKMN,B00LNJ4ABC,4.6280136
ADAJ62S65XLVH,B01CKWGCKW,1.3712605
A1SXDVX98NJLHZ,B00MEPPIRO,4.9201393
A3E2YW0WOZ9TWL,B01GYPPNYC,1.3712605
ABTPG9K6K74W,B00C4BA44K,4.316412
A2T1T5S6Z14GD1,B00MY6POOK,3.8135185
A2N7O3PNO1OEEL,B00507TKCW,4.2252383
A2LKDS804WDMIR,B00MV3HC5K,4.066059
AXIO51VZN815F,B00LH8I7PE,4.175664
A3FCTV8S9RM34G,B01B43XFKI,4.44965
A1DJY8WVWPJ2H8,B00QQOX6LY,4.729091
A3JXBWCYZ9HVXL,B01EBI1YZG,4.1615396
A1XKTJ1XLTWLCQ,B00W2TD572,4.181235
A1CJOF7UDPZOVR,B01CBW4D7A,4.991616
A1VC48UV57XWOH,B00M0EUU22,4.3785157
A4Z44UOCH73BR,B01D2ZNXWQ,1.3712605
A339JSGXJXHKQE,B019WMKHHC,4.023328
A1FWLM5208ESO4,B00R1O4KWW,3.8912172
ALYI8YM90TPD1,B018BL1LIY,1.3712605
A13LERNQ8R7267,B00T3E76II,4.347923
A3RV6L8TB9XZNB,B01ACB72TS,4.488266
A2DN35SSCO6KE5,B01GOWGKLK,4.4033866
A1ZV5XBKG7RVZU,B00VS1XNS6,3.7441702
A2391DU1LZODF7,B01DN9705W,4.8323326
AJNVLN50MZSFU,B00C7Y0T8A,4.347042
A33R5UHQ3TKZGY,B01AQO16VQ,1.3712605
A2UQGGK8VJPUH5,B00CMJDOIC,4.487769
A1QDU32SAI8LO2,B01FTEBE74,1.3712605
A2TS60D6XB4KBY,B00V2AVVD2,4.316084
A1X87IHRK15RBU,B010ORALRK,4.3680243
AXMNLUJHA9RG7,B00MQ5BIE4,4.1546807
A8Q2ZFOHTVSCV,B01D7GSS70,4.4071174
A1FCMIVQTWHYH2,B015VKB8KY,4.572862
A1Q3SVFIAWX5YN,B01AHFO8ZK,4.4359784
A2XKX5TBB6WV00,B01FCBU7OU,4.4236813
A1CIS4LOWYGZGA,B00XZ94IU6,4.3909426
A2M2F48XEPJ2ST,B00JRDGZN2,1.3712605
A3BHXRE0RKF4LK,B00X2JUCRC,4.3313327
AK56P9TMUDM8F,B01EBI1YZG,4.1615396
A1LGEZKBNXPUW9,B01FDI8UWS,1.3712605
A1HLSH6U9OL29L,B010TYBN4S,4.615448
A2QM4ZF6N1SI4S,B014RVEJ4U,4.327454
A35BKLDD2E04E6,B019JK4HKU,4.367099
A3HN8JIDYGZVVH,B00P86K1J6,4.56607
A1IFWIZ62O12OT,B00N7K1BB2,4.3765564
A1I96OYAUJ3HQE,B00QL65B2Y,4.6739283
A3IQ0P3M39IY8U,B015YGAXHO,4.192954
A3CMIEYL0TJLC2,B01HFTVMXM,4.4001794
AYX4FFM42UGTM,B00ICTUW6I,4.493927
A1XL1A3TCU3Y1I,B00LFW9MQK,3.9544728
A1ZK3Q2YZMX6CV,B01ACB72TS,4.488266
A14I311IIUMBWC,B01BCJDSAG,1.3712605
A2MXJZ75PBWCI9,B013S6IHIY,4.711541
A1OC44Q6V9TT0G,B01BW4490E,3.7695444
A3DS9MLHI0EHG6,B00XGIEM52,4.3314714
A1PUZIV4PYY4YM,B00CUSSKUM,3.7684188
A3ES0XIED7769J,B00P6NDBJI,4.525381
A2KE2O5C2XMXGE,B01HFFPC2I,4.196638
A23MK6LPFQP21A,B01EW6DERI,4.5924025
A1NPM2IW3DLO3F,B01H0UI0QS,1.3712605
A253ZKSZTAZ8W7,B00KBAYOTM,4.4618235
A37QXFDRRQ9M08,B00AGXN8O6,3.7886066
A1P07BQLEBOXT4,B0165I3VSS,1.3712605
ADUI5YISBG6Z4,B00J9YWGTQ,4.0057178
A3NIPJ7WT4LL60,B00O7WX2WA,4.4217243
A1HHSUAQDZ1XM6,B01H0UI0QS,1.3712605
A1IFWIZ62O12OT,B00Q5OG0RM,4.764136
A2VSI0RDFNNBEU,B00Z1UVSK0,3.833436
A2W3RQOSC87P4A,B00F3LVB40,4.611645
A21TSBBTF0DMG5,B01DJZ7G5E,1.3712605
A3T5H007CVA99X,B00CNTSVZM,4.491845
A1B88VE5O3J9CQ,B019B6WUGU,1.3712605
A3KIA7199DNI2H,B00K1MS0NQ,4.2944407
A3L8F13NKUQHQ1,B00YQOPWQS,1.3712605
A26GE9ZG68SKIQ,B00YAKL5A0,4.0721273
AS68HOKD544K6,B00NTPSMSA,3.966034
A2G9YADU04XBHA,B007WQSY44,3.854476
A2GU5CU4OAHS17,B01GET4LIW,4.641567
AJ8NQTWUM8PK4,B01CBLURCG,1.3712605
A4R3X0V1QIJ7K,B00DCD53C2,1.3712605
A3AM6MXENFRF3G,B00P8DE7YY,4.464507
A2IUIOTFRZHGLD,B01E2H3M1A,1.3712605
A1W49O3LYZ8GI5,B01A03HKFE,4.319171
A152EA7ZPCA1Q8,B00VAOBZT0,4.8471117
A387F6OFDVEDZT,B00LE4Q370,4.352268
A1JMSX54DO3LOP,B004W8D9V8,4.9314904
A9M7TOUJ3N4OE,B00DX58XP8,4.190025
A3CJ3VQ76GFU0,B004YDN934,3.7752857
A287J5FTWL99W6,B01C4FP44A,4.797387
A2X3DPREG8BT6B,B01EBI1YZG,4.1615396
A137UEIU93IFEF,B0133SO7JK,4.4147525
A3NU5MG1VOINFB,B019APW4UO,4.5383725
A2U3FVDELHREMI,B00INYO7MC,4.454895
A2PF014MHWXCT5,B015YGB1SE,4.504902
A10IOT56F4GM85,B0103UGC1C,4.5680265
A2MIR34MGFG3EU,B00PQV6H78,4.413766
A19MQI49YCA5SK,B00ON8JVP0,4.1833572
A1ACIK34MC3R7W,B015NNW8CG,4.4282236
A2HX0B5ELOPP5Z,B0100BOE7S,4.7016296
A3H38968JZF6VK,B00ICTUW6I,4.493927
A3DVHWX9O27YPI,B00HLQWVMQ,3.7241516
A1TMY1KQMPEHQ8,B0116LBLKE,4.4831247
A1Z7KHEH5I1LUP,B01AXD0SQO,5.006713
A28V7MR6RKNVUT,B009QSK1GK,4.618934
A31R64J645RAC6,B01HDLC4C0,1.3712605
A2G45Q8V20R779,B005QEA87A,3.7832606
A1NQQU8O1ZYJP3,B00VC1475K,4.5257087
ACATGMB8JTGU9,B00LFNCDOC,4.2632303
A38TZJEVGI7OJN,B00VX75TKU,4.3725047
A183DRUR0UACQ4,B00BN1P6Z4,4.357794
A3FA0RACII84DP,B00FVDMDOC,4.032694
A1ACUN6A2LYVMW,B01CIYUPUK,1.3712605
A1YUPRU1BVJHQV,B00R298H3O,3.5973496
A2Z3DQ7P9JYRLG,B01AATE04M,4.3160596
A1FUH1O6FCTUYG,B01A16E38C,4.690286
A3IQ0P3M39IY8U,B00O72888S,4.2203684
A2F2878HE7XOM9,B00PBA6QCU,4.1589212
A3UO90FEXQNHRD,B00JNK590Y,4.2539883
AHR3AU7CPID24,B00HCK1TZQ,4.6049933
A2Q712D3NT6IPK,B00MD5VDNS,4.468843
A3QV68AX7YPQA2,B016VL0PWE,4.347652
A3CBZUOAQ1LBU5,B015L2UR1S,4.388928
A17EGVTXRDFTRS,B01HBTH0VO,4.668252
A3A7FF87LEVCQ1,B004VF69LY,4.4397545
A1QFKWSZFO0AOH,B01GGQM9AK,1.3712605
A36XTPY9IFYA5R,B006U1N37U,4.162675
AX59HEWTONQ1M,B00JUG8DCC,4.0332575
A1TVJ9WDRP0UZS,B005TUBRW6,4.5796967
AK3LIR1TVZFVZ,B00IPOCDXU,4.356375
A4THCLHUVG5NK,B010JA571W,4.2441874
A3ES0XIED7769J,B01ELQDLKY,4.815164
A2MIR34MGFG3EU,B01A4Q26WY,4.996337
A2FCH654FN672F,B00PD8LQ6G,4.408365
AYVJY4Z9CYQWU,B00838H1OY,4.086231
A7W8CXJOH3UNV,B00ZYX46P8,4.502054
A2NDDUI5L26D3Q,B00V8L0G5O,4.377984
A2KWQ64TRHB3YH,B00UHY9WCG,4.214084
A2JXEE4LIKY4AO,B00PBUEQJK,4.360071
A2PF014MHWXCT5,B0174PTMU2,1.3712605
A3AM6MXENFRF3G,B00BQMOGKQ,4.040066
A2LHUNWCVDEWQ8,B01GEKTEY2,4.5694613
A2D9S6V1AFXOAO,B00A3ZA4TO,4.5976276
A31M8L26BZM2IY,B00XCLU7Z2,4.466594
A2H146VK5MMYIH,B01H7J5Z38,1.3712605
A1NE9CRAQ0WUV,B00EZRUSOW,4.210236
AS09YZV00HGLO,B013KV12YI,3.504191
AWNYF3812RWNG,B00W891R26,4.1533127
A3E1OKXRVUNNU1,B01C7NYWBK,4.506019
A2S5EPJ451WL3I,B00CW44YIQ,4.27572
A387F6OFDVEDZT,B0057QO8Q4,4.124588
A2DZUQQXPNUGI7,B018WYKTR4,4.435268
A3SFE4SWTZ3UIP,B0157GPPEM,3.9945292
A1ACIK34MC3R7W,B01GAIHTSQ,4.5319886
A3HOXAKC11UEOX,B00GXBV0MM,4.3127403
A21G2H64TFS4JO,B00XGIEM52,4.3314714
ATZOHBDX5VNKJ,B0181DH49C,4.278386
A1ZQGKKF2I7YS0,B00QQ623XY,4.268933
AQ9REGZ6HL9AO,B01GYPPMNE,1.3712605
A2PF014MHWXCT5,B01E7HPRT0,1.3712605
A3OQ0WU2ZHM5J6,B00J9YWGTQ,4.0057178
A1P5YXP15B13SA,B01EKIELGG,4.124364
A1FYJN76V1V5GX,B00IB4A7E6,4.742191
A1K69VHP8LH96J,B00FJFV6AY,4.150913
A2Y3ZGVRA3S23L,B0165I3VSS,1.3712605
A1FG2D6NRZD9NF,B00NQL0LRC,4.0540843
A272PNE7D26JA7,B01GGPLQOQ,4.4643307
A2SHWMWTXZLIR9,B0064PJUWY,4.379943
A2LAII96I1O1IY,B00M0DQIEC,4.385408
A3IQ0P3M39IY8U,B00HMUUFJC,4.504596
A19MQI49YCA5SK,B01FORFUEY,4.5694547
A19W1EMTMIQJRT,B01FGRWTGE,3.7463832
A2GCEOF7KVQK1U,B00D25Y2ZY,4.0692663
A1YK1AM70HDXLE,B015BCX0OO,1.3712605
A1AMO4S4I575LQ,B01CX93T44,3.9363272
A1DJY8WVWPJ2H8,B019VJ697I,4.6341205
A2F1UD4JDHKMTA,B00JVX6XZS,4.4048424
A31JVB1Y1HXN5I,B01GSRNLOK,4.8383393
A2826FTZACYYNO,B01CBW4D7A,4.991616
AHMV0N47XOIMZ,B00V0O427M,4.512742
A1RD1NM0602OQO,B00PXGD274,4.6805925
A10DX94ATZQEFG,B00HTJJST4,4.2771235
A2MXJZ75PBWCI9,B00LE4Q370,4.352268
A3E81XX9ZDNCNO,B01CSNZ15K,4.8354383
A37BRR2L8PX3R2,B00QZF4D70,3.637251
A3LZG1QQ1KMVX3,B01BJST0FC,1.3712605
A3O24SH2K12EL7,B01FTEBE74,1.3712605
A1KXFB5X4XZSGB,B01BXS83ME,4.388836
A3QFDDODG2X2HL,B009D628ES,4.913982
A7B9IWPPQJMPO,B00W6WIZC0,4.468024
A3JVZY05VLMYEM,B010ZFRUQQ,4.8307204
A1FHWVQ0ZMFFQK,B0135MRXRM,4.831877
A26V5ROE0OZCDA,B00WZWMRC0,3.7736154
A103M7E0BSFC83,B0138OGR6K,4.132528
A1DJY8WVWPJ2H8,B00NTPSMSA,3.966034
A3CYA250L0DABZ,B01CMN671I,4.4476175
A3JVZY05VLMYEM,B00TJCFIFM,3.752977
A1SZ7SSVVG3VXG,B00VIFP2JA,4.8091927
A1XRE1S3BLHK3X,B00NY7PPCY,4.35456
A2LSU90DNHL9CK,B00BELOQMW,4.251306
A3COJHCMSKHOES,B00VOYNKM6,1.3712605
AJ571UKWCC3CC,B00WGXCP1G,3.7100997
A13QONG1RD57UW,B01DRXCPXG,1.3712605
ADUI5YISBG6Z4,B015799982,4.1474066
A2BEDL4QXLEE3S,B01B0QXBA8,4.8031683
A337FU1WFZDS55,B01CYTLPPI,1.3712605
A31M8L26BZM2IY,B00ND6R1QE,4.8899074
A2MK1L1Y74WTWH,B005NTW8SU,4.423184
A326085M0DK10B,B014GFMV4C,4.7346983
A222WQ9VGVPSR5,B01FZP54SW,4.4378905
A2XKX5TBB6WV00,B01BFYBH24,1.3712605
A1NPM2IW3DLO3F,B00ING5PN0,3.749637
A1KXFB5X4XZSGB,B007WQSY44,3.854476
A1HB17E2WYXZ7J,B0174PTMU2,1.3712605
A3QFDDODG2X2HL,B01HDNEFGQ,1.3712605
AWNYF3812RWNG,B00N7K1BB2,4.3765564
AXVDFGI9OEIVK,B00D2Y3BFC,4.4960093
A369BMHORFPL0O,B00TBO0OLG,4.5301
AXOY11IDEONHE,B00LZXYZK2,4.7382927
A2WEE1PU5NZVJQ,B01CT2VV90,1.3712605
A2CJ33Q2E7PUTQ,B015YGAXHO,4.192954
A2G9YADU04XBHA,B01F0GEP8Q,4.2160225
A1Z7KHEH5I1LUP,B00N47L8XE,4.25963
A1A43F9O4PEBU5,B00N7K1BB2,4.3765564
A2B42XZI4MXOLX,B00CBWM0BW,4.4567103
A2LAII96I1O1IY,B00H3QI9BQ,4.006747
AMK0DSS0DAP1W,B01CWZH814,1.3712605
AZD488SA9QMYF,B018SCGDWK,4.5929904
A1JADDWR1H3M0I,B013X96TL8,4.831496
AAADYWOGSQ758,B004KKY782,4.3765163
AJRYPPA566O8I,B00GU1VZGQ,4.3028154
A387F6OFDVEDZT,B00Z318GNY,3.734005
A1AFGQGTS66UYY,B01AVX32XC,4.6849585
A28V7MR6RKNVUT,B014VPZHCU,4.4687333
A3PB5W8OE59743,B01BA7DLWA,4.5761886
ADHBG0CRBVUL1,B01G0GIXJ2,1.3712605
A22IR36BR0UCVB,B00CXUDS3G,4.3949075
A2FCH654FN672F,B00K9O53UO,4.255233
A2I9AXIKXXMP6C,B01FORFUEY,4.5694547
A30DNZQPIYZ6KX,B00XIHMD2K,4.830704
A3L3T9JRL1GT95,B01A9BTUBY,4.206715
A3FA93L7JWESR,B01EH5IRI0,4.323882
A3K4HYYXZFODU2,B01CMH15IE,1.3712605
A23GNQPTX5CJIF,B01AAXMLVW,4.538816
A1TR7SQWWLREQR,B00SJ7LQ9K,4.171123
A2DZUQQXPNUGI7,B00FJPFGEG,4.3197045
A3E9Z09JAP34EB,B01H2AZ9V0,4.163934
AGIFTDAFJEXVA,B01ETJABRE,1.3712605
AK3LIR1TVZFVZ,B01GBYFK1C,4.385602
A1IFWIZ62O12OT,B00HMUUFJC,4.504596
A36I3CE9A5LP9N,B01FQ57CRC,1.3712605
A1K4S4MWXI9E9M,B00LVG0SNQ,3.9591155
AUJKYWUK14BZ2,B00KA0AT06,4.709154
A1ZM0O98T3MNLR,B00A8RJCO0,4.329983
A3NICGO82Z9FI1,B00J5327X6,4.447562
ABTPG9K6K74W,B00MD4TX68,4.358405
AZRPAHQG1VHR0,B00T2TSFH0,4.798439
A2HZ6MGQ6TPNO0,B00ZAJTPB6,4.703615
A36N7KTS8JMR4L,B01C1VAR5S,3.7872338
AIKGKUGNQ6L2F,B01GPL2AGE,1.3712605
A2IUIOTFRZHGLD,B0103UGC1C,4.5680265
A1L9WQBSQ5SEFE,B01835JNDI,4.595737
A3QY3KER34QGCS,B01F2WTGFK,4.529643
A3G63FLZP880X2,B00N5JBZ5C,4.505986
AKZH6MEXHWGLD,B00VOYNKM6,1.3712605
A2HHKA7X5A68KE,B006MMYSR6,3.950135
A1ACUN6A2LYVMW,B015WV8VMA,3.8282952
A3FDAE7B3PLHNS,B01HAQ70M2,4.7427225
A1DJY8WVWPJ2H8,B01BQ00CAA,4.45151
A3H9ZZD33BVOA4,B00PSLJDOU,4.6433935
AC10C3YIUN8LO,B00JK1ZABE,4.0745974
A31Y6ITN2SGACM,B00MJOVIDI,4.2950206
A26GE9ZG68SKIQ,B015C6YFGQ,4.1447
A3N6TV5T5JSG7K,B01CBW4D7A,4.991616
A2S5EPJ451WL3I,B014HGM9YM,4.472659
A29EXAHFTXKD7W,B01F5SDLVG,1.3712605
A39N24TTLP6I48,B0173QJGLW,1.3712605
AB5DP7AM479QJ,B005LC1NGW,3.5857954
A30DNZQPIYZ6KX,B00IU087O8,4.013276
A1TVJ9WDRP0UZS,B015GB04IK,4.2308474
A1ZOL59JA86C7Y,B01FWPZNAE,4.512589
ACYLW9NAGTBK7,B01HDLC4C0,1.3712605
A2I8LVXZD8SNWC,B00JTIOYOM,4.4490533
A3KIA7199DNI2H,B00RC6JVDC,4.406249
A39N24TTLP6I48,B019MCXVS4,1.3712605
A2PN1AJYXDU1J0,B012U86IBY,4.635636
A1LGHE86XYGL9U,B01FSDI7H6,4.2517653
A23ID71VXIBR8T,B018BL1LIY,1.3712605
A2S3CQ90I4DQVX,B00Z70VJ0S,4.5507965
A19MJXG060UDTA,B01H97YHF0,4.784087
A2989UZHTNXKM9,B00OYWP438,4.428608
A10IXICTN64ZSV,B01FPJ0DMU,4.825455
A2RYT2UPEQXUAV,B018CHA1D8,3.931891
AWC38PDUZQ8RJ,B013R6F8CS,4.418112
A2H7AEDMKV11OJ,B01FJBR8EK,4.8738728
A7WOE5BJXO2N5,B00IKME2XG,1.3712605
A1J3WRDIB012CI,B00T75VSHI,4.5905633
AREE7B8384H0U,B019AJC8DS,4.4168577
A1HWG5486TTBNP,B01BUQM4BU,1.3712605
A2W3RQOSC87P4A,B010MFE616,3.8592849
A137UEIU93IFEF,B015L2UR1S,4.388928
A3J5KG672GNB99,B00EV9LSJI,4.605283
A3BTRKXD03KC4F,B01FK7LI7G,4.734069
A1RD1NM0602OQO,B0150GNAPK,4.8179345
A198E18E1LA3BE,B00IZL6KTG,4.3736434
A2N1XSD82O6XTV,B00LKNP8DU,4.4066744
A10WR0ZWDHWYI4,B01FTEBE74,1.3712605
A287J5FTWL99W6,B01B5FBWR8,3.749217
AL2SKAXGCX01B,B01C1VAR5S,3.7872338
AHNGMRN1V1LPH,B01BS8D2M0,1.3712605
A37D3BRKS7OO2L,B00K1HQWBS,4.560858
A13J31ZJVVG2GY,B01G0NBRC0,1.3712605
AYUTCGVSM1H7T,B00F5CFXSC,3.5228665
A1NPM2IW3DLO3F,B01FOQ1N5K,4.594103
A2B42XZI4MXOLX,B00WZWMRC0,3.7736154
A2LAII96I1O1IY,B018EB8BIE,4.396837
A1YVDKMJY8A76P,B01EIJCBXC,1.3712605
A10IXICTN64ZSV,B00653YZ2A,4.065681
A20MYFNLY6TGNL,B015BCX0OO,1.3712605
A19W1EMTMIQJRT,B01BXS83ME,4.388836
A2F92T7CTWALPR,B013Z5WFGS,1.3712605
AV8X3WC4XB1WF,B00OO65H90,4.3638577
A3JVZY05VLMYEM,B01DL6EQC2,4.9779854
A39CVMK2ZKEIK2,B01HDKFB44,1.3712605
A1630ADTTI0JLO,B018D948JI,4.719825
A2D9S6V1AFXOAO,B017IKQW6K,4.682204
A2K057YIAJJQXS,B00D9EKPBS,4.0467696
AICEEONZRFNJY,B01AQNZQD6,1.3712605
AQFF452SVDF48,B011JD9SYU,1.3712605
A2QC9Q8EVBI6D1,B01AQNZQD6,1.3712605
A3MF7GVY679X21,B01DFMO3UM,4.8071012
A7GZXYEZ2OMLQ,B017WLXUQK,3.788278
A1QDU32SAI8LO2,B01BRFLLPO,1.3712605
A29A1CPI3AOYSD,B00K3698M2,4.4490113
A1EPVSC849EI9R,B01B52FWAY,4.684198
A10AWAE0F6CAP1,B00IMUT71I,4.0570927
A3LVYVNRDCRYQP,B017KQTTIK,4.11737
A21UH6HJAXW2J8,B00U07GL3I,4.124734
ABTPG9K6K74W,B00LUC227G,4.353478
A1PSGA348YRV67,B019YNUPFI,4.278272
A2UNMDJYXPEQZ3,B00K283O3U,4.426612
A1GQ2UI5BKCCRD,B017CK0K28,4.649274
A1RVTF261ZMY4M,B01CMN671I,4.4476175
A21WUFJA7X4UIE,B00QJKV1EY,4.257799
A287J5FTWL99W6,B00L2F5P02,4.4447546
A1T5CK8KC56JZ9,B00V5T9A38,4.2726545
A137UEIU93IFEF,B01F2SCM6Y,1.3712605
A1IGZJIN29DBJQ,B00FFH1QEW,3.5918489
A3FOL8CN5A1TFR,B01BO8423M,4.1874833
A2MIR34MGFG3EU,B01H0UI0QS,1.3712605
A3C713428J4MJ7,B01ADL8LZ6,4.560783
A3L3T9JRL1GT95,B00BF2APBQ,4.5274477
AIKGKUGNQ6L2F,B00IRKQ08Q,4.499282
AH5HD9FHUFT9B,B01DFBBF5E,5.014718
A3H1A2BGPIVA68,B00MDU5OV0,4.6192217
A1RL1Q5LPSFZL6,B015TWRVCS,1.3712605
A3BPKT9STRWWQG,B01B3TZYMA,4.3003454
AWNYF3812RWNG,B00A97JN70,4.1841097
A1D9214V5DYZLO,B00LP2SH6Q,4.427886
A7CZSRM0JJVJP,B01EYUE4DK,1.3712605
A1SHKP1CG58GIG,B01GZ070A6,4.2293787
ANKDQ12BPX6Z3,B00YQOPWQS,1.3712605
AW16PJHZIQPA5,B01835JNDI,4.595737
AUZ96COITGKE3,B01GYPQQRU,1.3712605
A2MK1L1Y74WTWH,B01BS4Z7IQ,4.470969
ASA5RSXOAVT12,B00J5327X6,4.447562
A219Y76LD1VP4N,B010K7B5E2,4.5616355
A1MDO8RZCZ40B0,B00AB1ZGX4,4.1081986
AXOY11IDEONHE,B01GGNXFEW,4.7353272
A290WMOZDFOWFY,B017JIYTJI,1.3712605
A3A44JIMIWYFIE,B018W982F0,4.7219677
A1AFGQGTS66UYY,B018Z0488Q,1.3712605
AUII0MVONK1A1,B01EO8OL8K,4.3487744
A6ZT9EZ49JTEL,B00ZS51IJE,4.216044
A5B4MSJ1Z1IBB,B01FPJ0DMU,4.825455
A3OC8ZG1S3OAVA,B016XEZDB2,4.185559
A2EQL2N9FOBOFS,B01AB4CLHY,4.7220993
A83C3F4X0U3ZW,B00WF8YBRS,3.9680676
A37D3BRKS7OO2L,B01D6PWWLK,4.699174
A1HNLK1WBP36F9,B01AQO16VQ,1.3712605
A2SS0DL9SZ4CKW,B015VKB8KY,4.572862
A2EAKYR4AEJU69,B00D2KTTHK,4.344771
A28L4P8G0WE7FE,B01CT5K792,4.615276
A1PT92FOG5ALFB,B00GLVGWP4,4.1091995
A2LLWCQVYKYF0F,B013Z5WFGS,1.3712605
A1NE43T0OM6NNX,B00LI6CXZA,1.3712605
A2QBQRIM4WRRG3,B00DE3XL4W,4.2051992
A1K69VHP8LH96J,B017733NZ6,1.3712605
A18EEC1ENOT9YN,B00MYRE9ZY,4.8570538
A3ULR7XJF3C400,B0165WFX2Q,4.831053
A1Z7KHEH5I1LUP,B01CNZ73DG,4.694248
A2BU8F7WVY26UA,B00Z4EAA5W,4.3025956
A29EXAHFTXKD7W,B00S77LYBC,4.3613033
A1F5V3LKI7PCUF,B019S2I4HG,4.7534585
A3ALH6Z83RHTO2,B0188OGJXQ,4.5097065
A16TE56LP5NUL5,B00A9FYVXS,4.3518186
A2W3RQOSC87P4A,B018H41U7C,1.3712605
A1DLTXPVJ50M4J,B014Q6D6E0,4.3409147
A2BVUAZRDFWLUG,B016TG5V3E,1.3712605
AKQ06T21M0V0S,B01B54E1HW,1.3712605
A19T1A4TS1WHOZ,B01BA27G4E,3.7073522
A19X580H7R1F8C,B01D6ZVT78,4.4945216
A86KXT0G63WEO,B014RVEJ4U,4.327454
A1SH6H9ZY9AJV9,B00N9RT7RS,4.7036533
A2H8S0GOSMWQX0,B00PGBTRRK,1.3712605
A1LUNML2IDLSLN,B00OTYLXO0,4.7557073
A2JPS7EMNFKXOV,B004EYT0UO,1.3712605
A3GRUTOJXXE8FF,B01DME2QDY,1.3712605
A20I8QOZHH9BRK,B01GF9OSI4,1.3712605
A3A44JIMIWYFIE,B01FPJ0DMU,4.825455
A3KFTHKGVC63SL,B00GXDQKZW,4.3329086
A2A1U239S7ZVL1,B017605TR0,1.3712605
A3330F5DNMO0JJ,B017W2XRGM,4.2353187
A30WJKGX1XG19Q,B00QMGRBDU,4.377771
A1FGDFKCW5LJIJ,B00FTZ8JCM,4.3564653
A1RKD07ST2BLOQ,B00WRP0DHG,4.3252163
AGIFTDAFJEXVA,B00TS3J5GU,3.99625
A2W3RQOSC87P4A,B013NXMMLU,4.6272626
A1LFIFPYMOJ8RV,B01C9B2R5S,4.425305
A29EXAHFTXKD7W,B0149IDQV8,4.352707
A2RQ5IRWRU0TVO,B00NZLNUXA,4.530929
A1I96OYAUJ3HQE,B019VJ697I,4.6341205
A25PLL2FEB615H,B00MY6POOK,3.8135185
A2M1QYOWLBGRHT,B01BP20BU0,4.718172
A21TSBBTF0DMG5,B00NEON2WC,4.380668
A1RKD07ST2BLOQ,B01HJ7IF8A,1.3712605
A916DXE9W36GF,B0104EOJ8U,3.9639509
A2VSI0RDFNNBEU,B00IKKZTPI,4.6166677
A29EUBSWF1KQJ9,B00TIQ3WHA,4.289198
A18EEC1ENOT9YN,B01HDLC4C0,1.3712605
A27YIR2CJAAXBQ,B014GDO5C0,4.1760488
APORGO15GFK60,B01BRFLLPO,1.3712605
A31CZW8SHN9PTX,B00UW9SNEO,5.052489
ADYK7I9HYR2WY,B010KAVO0Y,1.3712605
A1ACUN6A2LYVMW,B01EMF4FXG,4.451413
A2VNG16IOTY7N,B01DJI001S,4.33941
A1NL7G5VN45RDW,B01GYPQQRU,1.3712605
A2LAII96I1O1IY,B015YEH900,3.7166154
A2S5V6QOOK133F,B018SCGDWK,4.5929904
A3DS9MLHI0EHG6,B01D6ZVT78,4.4945216
A1GQ2UI5BKCCRD,B00AO76XI2,4.426971
A3FA93L7JWESR,B01G7RDFGU,4.9024878
A35SD76E2TSGP9,B00ZNE459K,4.43248
A20Y0TCBU79GXU,B017RMOW66,1.3712605
A18EEC1ENOT9YN,B015YEH900,3.7166154
A18EEC1ENOT9YN,B011JD9SYU,1.3712605
A1DC00T32U26HC,B00FP43PP8,3.7303505
A2PN1AJYXDU1J0,B018FNBE26,4.4036164
A3P4PWQ6NZGNFY,B00PSLJDOU,4.6433935
A312JYG424ZA3F,B00838W2H0,4.6825404
A137UEIU93IFEF,B019JNY9GO,3.9796093
A1N5V2UJOC1BY9,B010ZFRUQQ,4.8307204
A3DQRNADNQWG6H,B00VOYNKM6,1.3712605
A3A44JIMIWYFIE,B01F0MF6KQ,4.824233
A1FREKK8605YKK,B019DPEL0W,4.420836
A2UQGX6YMQ5BAL,B01H0IOZM8,1.3712605
A2B9C3FMYW18UN,B0147GF1VU,4.677337
A1FTB3KM7X78OX,B00DGFXDLO,4.4214315
A36CNQTLRIL6LM,B01DN86K7M,4.4935474
ARD4Z4TVFQ84R,B00VPL5I1Y,4.251215
A30DBF16JX73UA,B0149IDQV8,4.352707
A2LSU90DNHL9CK,B018KVO970,4.149828
A16TE56LP5NUL5,B01H173RSQ,4.7525277
A10PEXB6XAQ5XF,B009F19JFM,4.008459
A2H7AEDMKV11OJ,B01FTEBE74,1.3712605
A2826FTZACYYNO,B01G7RDFGU,4.9024878
A3H7J5POTR9TZW,B01B6WT11Y,4.302938
A7HZKJID44JZ3,B014BR4A3A,1.3712605
A1QFKWSZFO0AOH,B00CS5A8K2,4.269947
A3KFTHKGVC63SL,B01D8PYV62,1.3712605
A2ESCA4MLAK1QF,B01AERZS78,1.3712605
A2B42XZI4MXOLX,B01GGNXFEW,4.7353272
A2TX3PH7TXFRE9,B0104OFHEK,4.094095
A3HJQAU1O5J9Z4,B00FRXNHVY,4.532374
A1PMXOPB5EYC54,B00OAN88H0,3.879377
A2F2878HE7XOM9,B016CX2RZO,4.178612
A2DIX1VZU1CNPW,B00GIZYMVY,3.9303632
A3A8C4YUE598A7,B00JNK590Y,4.2539883
A2PN1AJYXDU1J0,B00OYWP438,4.428608
A245T0V8KVTV45,B00VEWTWHK,3.9102445
A238ZC3TQJC8V8,B013968Q7A,4.3196516
A2NLY1TJ8TYV6D,B00SA5KFM0,4.4389315
A1GXJZGFR0BPJH,B00NPOSKX2,4.74543
A1TUBKEWD01LLS,B01DN86K7M,4.4935474
AD31RYVD1EJ2D,B00KX7F73A,1.3712605
AW16PJHZIQPA5,B00DCHAV2K,4.46163
APSBR4VQNRJ0K,B01GPEDC3G,4.3610234
AX746FITV1G72,B018F3C1KU,4.260555
A10DX94ATZQEFG,B015GEUFCW,4.56414
A3H1TO48SUIM54,B006Q648F0,3.9057908
A287J5FTWL99W6,B01BLX4C2Q,4.817035
A1NE9CRAQ0WUV,B01DTRFUY6,1.3712605
A2C7W167DVNUKH,B00KL13WXK,4.2675233
A1IE93W5OH9MGR,B012BO08B8,3.881127
A1CLGNWRCE4QKB,B00CS74GE4,3.8202415
A1RN75YVR2O8MQ,B01AERZS78,1.3712605
A1K3WZMHNUDZ6N,B004EHZUNW,1.3712605
AAIDLB38IY7R6,B01ECK9V12,4.2298346
AVAC1JO1AZGAJ,B01FKDKB96,4.5540366
A36HU5U2YI3JHR,B01CMH15IE,1.3712605
AW16PJHZIQPA5,B00ALG6UW0,4.3391423
A2S5EPJ451WL3I,B00H2ZK6FU,1.3712605
ANS3TWQTZLXGN,B0174PTMU2,1.3712605
A3APN8GPRNA0E0,B00LD1OI5I,4.8627906
A1A4QVX9RTCLVW,B01GBYTK36,4.7729483
A1F5V3LKI7PCUF,B00UGEZ5EQ,4.3714886
AJ8NQTWUM8PK4,B01ADO2UUA,1.3712605
AEBFEWGBBK2C,B00N48VZZO,4.383654
AEY9MGCJSWW9O,B01DRXCPXG,1.3712605
A2062SF91Y01U8,B01FG70S4E,5.0909386
A3I4L8IN38ZGZC,B00EV9LSJI,4.605283
A31K93JWWNEMAJ,B01EO67QES,4.8375764
A2Z3DQ7P9JYRLG,B00AAQVTYU,4.7403755
A13QONG1RD57UW,B01GYPQQRU,1.3712605
A1EPVSC849EI9R,B00LU5ORLW,1.3712605
A2XWK5EHPSBN8V,B01H0IOZM8,1.3712605
A1V9310YS86T7M,B01GQE49E6,4.61484
A18EEC1ENOT9YN,B013XSTZI8,4.5119553
ABCC2RQZKPVTN,B00EAHZR5W,4.0071125
A1F41PH89SL6JB,B018BYUPVA,4.3814774
A3N6TV5T5JSG7K,B00FHFODOM,4.7007914
AAEIK0DZ1F537,B015T6EYEW,4.108702
A7GZXYEZ2OMLQ,B00S4D0PDW,4.460694
A1BOINGLPB5I1M,B01BQ00CAA,4.45151
A20Y6SVZJNW6U3,B007Z4RC8W,4.510213
AXOY11IDEONHE,B007G0Z714,4.6277905
A2S5EPJ451WL3I,B010MXA96E,4.194868
A28U98HYYE5DR1,B00H7K5UB0,4.207393
A253ZKSZTAZ8W7,B00EPPVJM4,4.548896
A3FPBNRK04ZSCC,B01FPWWO1K,4.044386
A1XKTJ1XLTWLCQ,B00BG9Q0BW,4.4884734
A29V7E1TFYXKJ,B018NUSVFY,4.279676
ARWMPJN499ZJ,B01BHE3H1G,4.652619
A1FI0I69UHS22T,B00S776ER6,3.7481375
AZGDIB6UL3QNL,B00L7EIGEA,4.4044247
A1I96OYAUJ3HQE,B015NO4L3O,4.8976736
A3VE7N2XUI8C3K,B0116MZUS2,1.3712605
A1NQQU8O1ZYJP3,B007V680Y4,4.7239494
A1D33G7EWFASGN,B01CGBC7D8,1.3712605
A2KUR0ZBNV17AA,B00B5W9PWQ,1.3712605
A1J3WRDIB012CI,B00SW2TWJS,4.568961
A21YKYI1S8I3Z0,B004AYDJM8,3.7466278
A1UH603GXL3ER2,B01DU7JXPW,4.205409
ASR774IIR8VN7,B01BEGXPYG,3.750576
A3L8F13NKUQHQ1,B015YGAXHO,4.192954
A24NC3WOFW7LHT,B00QPDKAM4,3.9684377
A2LSU90DNHL9CK,B014RCH66M,4.2496543
A39JEH2M5KY1HX,B00OHZ151W,4.1640406
A1XOYBQ8X25P8M,B00X2F7SWI,1.3712605
A2N1XSD82O6XTV,B00R7HDLAU,4.5888247
AAKO4YAM9BZE5,B004IPPKNU,4.3830185
A2IUIOTFRZHGLD,B00UDQTS40,4.4625306
A2VSI0RDFNNBEU,B01BK10C78,4.1913023
A2EGLWRK7PCDYH,B00R7HDLAU,4.5888247
A3V9J8I5FHAH19,B01C7NYWBK,4.506019
A2O8R1A83EROU0,B00SA5KFM0,4.4389315
A11T0SAEGX4ACJ,B01FLDUVIG,4.109481
A1DJY8WVWPJ2H8,B010W9HEUW,4.939235
A1C1TL7Y4D7A9H,B00MZAS07S,4.2286105
A2UJTG9XC4KISL,B0100NP05Q,4.185086
AGTP9IA9HI0LD,B00NK7GDS8,1.3712605
A3JTJ1E8NK7DH1,B00R1O4KWW,3.8912172
A3N67XHSHB40CQ,B012U86IBY,4.635636
A10IOT56F4GM85,B00TYV0WSG,4.7328506
A1POJZWVDNEX2T,B010MSAPBI,4.2645574
A3EMQF7XD7JL3D,B00KC91VDE,3.9184
A1BBKKDTH8S00C,B00P9QXW1E,4.6213436
A3FA0RACII84DP,B00RHH7LLU,4.082327
A2FDDTPAER5DBO,B00NRWI91U,4.441439
A257TD5GO1T81W,B01GAIHTSQ,4.5319886
A1CGOR398UH1IB,B00Q0DGF7I,4.6435165
A296HV17AZ10V9,B01GC0QFGO,4.662068
A3VSFBA4LDH96Z,B01GWMFSYM,1.3712605
A18EEC1ENOT9YN,B01CIYUPUK,1.3712605
A2B42XZI4MXOLX,B01C7NYWBK,4.506019
A3FA93L7JWESR,B008V1UB86,4.37792
A3L3T9JRL1GT95,B0165WFX2Q,4.831053
A1B88VE5O3J9CQ,B00Q5OG0RM,4.764136
A1K4S4MWXI9E9M,B00DU2IYVM,4.106358
A1LGEZKBNXPUW9,B00LXK4KIO,4.589556
A1LEP3FM28J5RB,B00HG5JL34,4.2701263
A1RN75YVR2O8MQ,B01EMF4FXG,4.451413
A1NPM2IW3DLO3F,B00Q6YLPJ4,4.1558776
A1GL9TYXPNBPGW,B01FD1Q27U,4.4614787
A16XJNGXIVCHE3,B00M1BJBF6,5.066209
A2XIP6NWN0J2QC,B01B1VAN9Y,4.788734
A2U06P692IZOSF,B01A12R2PC,4.8025293
A3MHJBXFJX6DU7,B00AA4F7AE,4.356188
A28U98HYYE5DR1,B017DPEEUG,3.814392
A2B42XZI4MXOLX,B0130LQWBG,4.598507
A3V9J8I5FHAH19,B00SW2TWJS,4.568961
A12K5Y2SEANYW0,B00YO2UO9M,1.3712605
AZRPAHQG1VHR0,B01ACB72TS,4.488266
A2Q8NN6SNT3FY0,B00EMHQDJE,4.3362055
A2VDLDSGSD32FI,B016YIRT9Q,4.5018816
A5UM17P1E7DUQ,B01C22CSVW,4.6071115
A1CIS4LOWYGZGA,B006SMMW64,3.7375002
A2D9S6V1AFXOAO,B00RM9EJ22,4.6184998
A37G8WNF7DGY6M,B00IAZX298,4.5178547
A10IXICTN64ZSV,B006MWY93E,3.5659752
A2Y7B4AASUOXM,B00N41UJLC,4.392953
A32TX5VFAQALG5,B00VD043F4,4.212858
A1LL39K926QN1V,B00GL27J46,3.4728785
A3Q4VT0R8O8RSE,B00C44H0OE,4.5065036
A2D9S6V1AFXOAO,B00PCMBFGY,4.26515
A296HV17AZ10V9,B00FR30D16,4.315243
A37GCC410JYT17,B00C8OZB7I,4.835756
A3ALH6Z83RHTO2,B00OGKNBX8,4.0133724
A2GAUP1XJ6S3J,B01C0UBDEO,4.6324577
A1W48IWJ8A610S,B00TWOW2GK,4.5785127
A179INWJ0ZLOB4,B016R0I2WE,4.1642265
A17BTP1QHK2I3I,B014I8OGLS,4.000742
A1K4G4G02UIVEW,B01FB6YRH4,4.8945227
A3H8FN7ZWKR2H0,B00CCVVKMW,4.423863
A3330F5DNMO0JJ,B014I8OGLS,4.000742
A2FDDTPAER5DBO,B011JD9SYU,1.3712605
A1NL7G5VN45RDW,B01GT4NXU4,4.413016
A3M1104X8EN9O,B00V4VO3KW,4.0194354
A10JAUCIGVRW9F,B0058TTUFO,4.1637735
ABTPG9K6K74W,B00AEDDSN4,4.369081
ABCTITSJ5P6T8,B01GPCEU6G,4.347096
A25HWUX0L2DCFM,B0174PTMU2,1.3712605
A1V4LZS4HHHH6K,B016TG5V3E,1.3712605
A1FHORELHKWYF8,B01CMH15IE,1.3712605
A7B9JUULZHQIN,B01BYT68QA,4.738422
AK26023XMWMVW,B01GOXFBBY,4.6957994
A2S5EPJ451WL3I,B0152U9LL6,4.2779026
A19MQI49YCA5SK,B00KVT8U4S,4.375105
A2TS60D6XB4KBY,B0165I3VSS,1.3712605
A1NE9CRAQ0WUV,B017DPEEUG,3.814392
A18EEC1ENOT9YN,B00ES2GX3O,4.384177
A1DUWCXDBM40AO,B01GBYFK1C,4.385602
A3R3Q8YO6VB0N8,B019YNUQ0M,4.2799067
A36WBGWPPLIQZ9,B00HVFAY1M,4.7239738
AJ8NQTWUM8PK4,B00HFENI6W,3.8740356
A1MIXHFSMNEE42,B019B6WUGU,1.3712605
A2W31IQMW6TX93,B00IX0MIAO,4.185197
A35BKLDD2E04E6,B007OALZAI,4.3058157
A37R3BNDHBIZTL,B00EH2E5IK,4.543851
A2A96H9YA1LG7G,B00NXXB4RO,4.4409466
A3OA2NNV9REWOU,B01GM4MH6C,4.549322
A1JADDWR1H3M0I,B013KAXWU6,4.6315994
A31M8L26BZM2IY,B00PXGD274,4.6805925
ADT3692HEYU4S,B014VF8USI,4.1491446
A3FPBNRK04ZSCC,B00K56DJ16,4.559151
A2YF0QVNVT7ZI8,B0073SJELI,3.869841
A1XI8GFCIVWU36,B00FL3VPD2,3.7811112
AHF5R86S1Y6YK,B01GYPPNYC,1.3712605
A1P44JJW47E6QN,B01C8CLGR8,4.5417004
A2FCH654FN672F,B009AR5VAI,3.8652463
A36N7KTS8JMR4L,B00ES2P6UK,4.2031984
A3ULR7XJF3C400,B00II4HX7S,4.432312
AJNVLN50MZSFU,B00DJBJVY8,3.8114057
A1DJY8WVWPJ2H8,B013FJACFU,4.7218523
AT8FSIABOPFMJ,B01EMF4FXG,4.451413
A70C09CWSQ4RZ,B00JTIOYOM,4.4490533
AS09YZV00HGLO,B01D10TPRE,4.683624
A916DXE9W36GF,B018FM3E5M,1.3712605
AGE0YGLF7L2ZL,B00HVFAY1M,4.7239738
A1VIR960IWHK07,B01CERDE8G,1.3712605
A2826FTZACYYNO,B0140BL8G4,4.6602535
A8Q2ZFOHTVSCV,B00H67YGUK,4.4562654
ALOMGLBPLJCW1,B01ACB72TS,4.488266
A2D9S6V1AFXOAO,B00NEON2WC,4.380668
A1N48Q1NZQ9R2E,B01FMTA1M0,4.7493563
A2XKX5TBB6WV00,B00KLO64S2,4.3173466
A1N48Q1NZQ9R2E,B01CBW4D7A,4.991616
A35BKLDD2E04E6,B0104OFHEK,4.094095
A1XJXYKOWCH9XT,B00H4KGODQ,4.424776
A3NW9Y963QZ8WI,B018RVBW82,3.8720317
A1J6MXAQH527O3,B00TCI48WC,1.3712605
A19MQI49YCA5SK,B01G68FXZG,4.5045757
A1ZZFPEKR0ZTYJ,B00EDDC0NK,4.1139956
A1RRMF5XW5NZDD,B00JNON0LU,4.2283263
A30V9M9DZW8SFU,B00BMV0FK6,4.650095
A2HCR9WXEON7K1,B01H4NVSOC,4.0819902
A1NL7G5VN45RDW,B01AXR6KDU,1.3712605
A37P6T3YZ8KY2F,B004A8ZT9A,4.1376233
A1YMQOVJJHYR5P,B01BNWGPRK,4.069527
A238ZC3TQJC8V8,B00YFPORB4,4.1348176
A251R2KPOLFSYV,B01H173WKO,1.3712605
A1ACUN6A2LYVMW,B01EJ2BV0W,4.4651136
A10JAUCIGVRW9F,B01DTBHY46,4.505062
A3AL7B2RPOAEOB,B015IC42AI,4.9423804
A2MX7TA6LI8I4K,B00LXHHBNS,4.151143
A140YR7GSCZG4,B01CT5K792,4.615276
A2BDMQ8NW5O9IX,B00PSLJDOU,4.6433935
A281NPSIMI1C2R,B00R0SMAY4,1.3712605
A7B9JUULZHQIN,B0189LO8KE,1.3712605
A3SZPKNV5IU75I,B01DH8BWLW,4.4612856
A2BOKBB1IZA13L,B00PG4029Y,4.568033
A15EI56DL57DZC,B00MRPKWAY,4.3917747
A3Q9NLTF7JA3ZD,B01FQ57CRC,1.3712605
A2MIR34MGFG3EU,B01FOEQRNA,4.067309
A3K3P9U2AB4P4R,B01AXR6KDU,1.3712605
A504UK7D094HT,B0135MRXRM,4.831877
A2LAII96I1O1IY,B00EZRUSOW,4.210236
A39N24TTLP6I48,B01CKMOKVU,4.748314
A29Z1G9N7ZVFU5,B0118DAWR8,4.469868
A2B42XZI4MXOLX,B019E9VZG0,4.7907286
AAVR3MHZJSTSU,B01GYPQQRU,1.3712605
A1LGS1XSDVXINP,B00ZOL1DRO,4.0070333
A37BRR2L8PX3R2,B018OIL6QQ,4.540896
A504UK7D094HT,B01BJXQMW6,5.024738
A3MOGV0QO66QZD,B01HHJZ3EO,4.4467325
A3E4H5A1X8NJRR,B006JDEK0I,4.4078
A3HOXAKC11UEOX,B01B1VAN9Y,4.788734
A2RMULV25P85EK,B010ZXQA7S,4.302866
A2Z3DQ7P9JYRLG,B0141GRCVS,4.1348796
A7WOE5BJXO2N5,B00UDQTS40,4.4625306
A1B39IGLV2W0GE,B0150U9Y6A,1.3712605
A2QGPLGYWNTU1X,B00ATT6QKK,4.3773794
A244C0ORREA3N5,B01HCNRF14,1.3712605
A244C0ORREA3N5,B014BR4A3A,1.3712605
A28GRFK2F3TMWE,B01EQ2S2UM,1.3712605
A3CYA250L0DABZ,B00CJ3UPTW,4.217243
A1JLU5H1CCENWX,B01GYPPNYC,1.3712605
A3KIA7199DNI2H,B01E0K8M96,1.3712605
A2826FTZACYYNO,B00QQOX6LY,4.729091
A2PFNDDKHOOMZU,B01BRFLLPO,1.3712605
AUII0MVONK1A1,B01606ZZ8E,4.7891593
AXVDFGI9OEIVK,B00GUZ195O,4.364843
A326085M0DK10B,B00T0WXD8K,3.7496052
A13QONG1RD57UW,B019B6WUGU,1.3712605
A26V5ROE0OZCDA,B00K5Y8BCK,4.081505
A2I0ZBZOWPP756,B00PD8LQ6G,4.408365
A23SB7XAREYGF2,B00R0PZEEK,4.4899564
A1B39IGLV2W0GE,B01BQ00CAA,4.45151
A1B5MN8PY0JIJQ,B01CXRI0W2,4.7240343
AW4NFCPN81CS3,B0191WS0K4,1.3712605
A12ED27FNHD0WY,B00HZ3NG74,4.2614946
A3OQWHOUM0U0QH,B019B6TWFC,4.489931
A387F6OFDVEDZT,B00D9CMLNA,4.434908
A2N1XSD82O6XTV,B018P7B0NK,3.9896278
A16E3LZGPATT2,B01CSNZ15K,4.8354383
A36XU39R2X06PX,B01EJ2BV0W,4.4651136
A2U06P692IZOSF,B01EKIELGG,4.124364
A3QGQPGW6PSY46,B019QTQEOQ,4.896995
A1LEP3FM28J5RB,B01HCB4LFE,4.420326
A1YZCADBVKWC9X,B00ZEHLHM4,4.6633782
A10PIB0GJZQHJA,B00CMJDOIC,4.487769
A2DZUQQXPNUGI7,B00L6YJ6AE,4.524433
A2CZKERY4LUBVI,B00KVOCLXE,4.475192
A1JMSX54DO3LOP,B00O2J2PVW,3.984696
A3FA0RACII84DP,B018UQNDOK,1.3712605
A2FR370CNM7L9,B013KUGYO2,4.5146484
A3LR0J8MJ3Q6SI,B00GSF4Z20,4.213921
A1L9DJQ5BS13S9,B01FODPWPA,4.116044
A1E29AF1LT9N6S,B00ICTKZOM,4.4601016
ALPIN1ZX8B41M,B00OU2E1F4,4.792037
AZPNSCZH6LW40,B013R6F8CS,4.418112
A7W8CXJOH3UNV,B00LVG0SNQ,3.9591155
ADHBG0CRBVUL1,B01BJST0FC,1.3712605
A1YAIBG1N7N5VV,B00ETEB5QQ,3.8092852
A00463782V7TKAP9EMNL,B00QMGQMOE,4.3776984
A3HOXAKC11UEOX,B00GU2DJBO,4.1813393
A2F1UD4JDHKMTA,B007Z4WTBW,4.311306
A17EGVTXRDFTRS,B01DWF3ZHE,4.5355353
A3RR4H0D4L9HYN,B006JRO9WS,1.3712605
A2DER7R7N0DL3C,B010ZXKCJU,4.25423
A21G2H64TFS4JO,B01F30KG0U,4.468465
A39CVMK2ZKEIK2,B016QTOIWE,4.288449
A3MOGV0QO66QZD,B01DH8BWLW,4.4612856
A1Q33020JJKDAN,B01D8PYV62,1.3712605
A2XKX5TBB6WV00,B00BF2APBQ,4.5274477
A3C713428J4MJ7,B00MQ20P28,4.5633345
A1GSPADXH17N25,B00OI7NB02,4.2430162
A2UVR7N8WC5GYY,B013KWCLA6,4.415806
A1RD05YFMWKM4Y,B00JCA3F88,4.722707
A3NW9Y963QZ8WI,B006MWY93E,3.5659752
A36PA4XPATJSKX,B00507TKCW,4.2252383
AL6XJLM76V2VZ,B01FBZXSI4,1.3712605
A1K3WZMHNUDZ6N,B00MQNEQ7C,3.858825
A386CNLWZUF3EH,B00V9525BC,3.9253645
A2JQN9JI4LBLOW,B0165I3VSS,1.3712605
A10JAUCIGVRW9F,B00J9YWGTQ,4.0057178
ANKDQ12BPX6Z3,B007J4A4KQ,4.6777744
A12CZBKBM4OZMT,B01A9BTUBY,4.206715
AQFF452SVDF48,B00PG4029Y,4.568033
A3IG9JEJC1T25N,B00CJ3UPTW,4.217243
A24AQDGC3AHPMD,B01GYPQQRU,1.3712605
ANKDQ12BPX6Z3,B00S41EQ9I,4.374672
A29RV43F4GR0GF,B00P2S4YKC,4.472085
A2M1PNKPRUCQYL,B01DYXP2LQ,1.3712605
A1KLWQKML2HIXU,B009BCAT5E,4.5390277
APDBYAGNSIIXZ,B00R6K0JM6,4.375271
AC97LVZ0C0TSK,B01A4Q26WY,4.996337
A3A8C4YUE598A7,B01D3YGQM0,4.2847977
A10IOT56F4GM85,B00STQ6W7W,4.7450047
A21WUFJA7X4UIE,B00NRZAFA0,4.042522
A3LR0J8MJ3Q6SI,B01DJCULZ4,4.3606586
A3HOXAKC11UEOX,B00UXX3RHC,4.265171
AJRYPPA566O8I,B008NNQVQS,4.2005587
A535AAXVRE5VM,B01CC9UES4,4.4206886
A37QXFDRRQ9M08,B01FPGWZCE,4.3870125
A3ULR7XJF3C400,B00ON8JVP0,4.1833572
AUI3XAZ1513SI,B00R1TIJT2,3.821916
A1DC00T32U26HC,B00E6QFG80,4.228255
A3UPR43PSDG0TS,B00SZDH08Y,4.579111
A1U5LDNNN9L892,B01AERZTBI,1.3712605
A1LGHE86XYGL9U,B00WGXCP1G,3.7100997
AUQCW3RV8YE2W,B01GBMRPZ8,4.174474
A2QEVQMB8B08UQ,B01G4TEUUG,1.3712605
AC10C3YIUN8LO,B00WF8YBRS,3.9680676
AW16PJHZIQPA5,B00Q9QAF9A,4.472309
A2B42XZI4MXOLX,B017FRG18A,4.7326903
A2LAII96I1O1IY,B00NJ0Q0SY,4.4759345
A1LGHE86XYGL9U,B00EENEAB4,1.3712605
A3C713428J4MJ7,B012KJXGYA,4.484199
ASHX33A1334SS,B00VQR2NOW,4.0073833
A3SZPKNV5IU75I,B01ERTXXO4,4.2489443
A225LKCZR6KH1Z,B01AHFO8ZK,4.4359784
A18EEC1ENOT9YN,B013GZOXPS,4.496104
A3UPR43PSDG0TS,B01FG70S4E,5.0909386
A1K69VHP8LH96J,B0167SYAQI,1.3712605
A28U98HYYE5DR1,B00NW2BZD4,4.5242147
A3MTU1QAMYEAX3,B00JFLUJ3S,4.6187415
A36N7KTS8JMR4L,B00EV9LSJI,4.605283
A2VNG16IOTY7N,B00772HW1O,4.22786
AX59HEWTONQ1M,B00BGXA7TE,4.19716
AG63N054UPJH2,B00PG4T6UU,4.111025
A11B4CZH8ZB9QQ,B00OM8OBJW,3.7526813
A1TVJ9WDRP0UZS,B00YAKL5A0,4.0721273
A2RWL2UG5PAFAZ,B01FKDKB96,4.5540366
AQTXCLZVJ9GBX,B018CHA4GM,4.434634
AQFF452SVDF48,B00T4ZG74K,4.4256005
AC10C3YIUN8LO,B01GAEZJL4,4.1840053
AGA6C1UQDNQ1P,B00N99OHZS,4.345571
A1EC5E7T0YNFOF,B015BCX0OO,1.3712605
A1K69VHP8LH96J,B018496LH4,4.2926784
AK4UKS22DNJCZ,B01G4TEUUG,1.3712605
A29QO6X2VCR4GZ,B004XW3LLQ,4.3478966
ABNZCEB0CF7MP,B00D2Y3BFC,4.4960093
A1RCVV077UAKKV,B0149IDQV8,4.352707
A10IOT56F4GM85,B00CJGUHR4,4.4355183
A3CP3ADDFF4CLI,B00KVP3042,4.328442
A2YF0QVNVT7ZI8,B00SEFGTYO,4.509238
ABTPG9K6K74W,B00TZ8TK54,4.1476355
A2C7W167DVNUKH,B01G2YFYG2,4.7455225
A11K5MEUOJKTPS,B015WJ16EM,3.924913
A35SD76E2TSGP9,B0174PTMU2,1.3712605
A2Q712D3NT6IPK,B0173QJGLW,1.3712605
A2F2878HE7XOM9,B00TWUUBUI,4.4432883
AV99YEBSGQI7S,B0065KX8P8,4.372154
A2B42XZI4MXOLX,B01EKIELGG,4.124364
A1RD1NM0602OQO,B008E7JZT8,4.3508396
AMK0DSS0DAP1W,B01BYEBTAK,4.372963
A3GWE80SUGORJD,B00AR3O6SM,4.340664
A1ZDSAPOGRGBJI,B012FAXT0U,4.8298683
A1NAXYNAOGJIGN,B00ON8JVP0,4.1833572
A2LSU90DNHL9CK,B01A5CT9X6,4.570168
A139GUSKBRWPIT,B00N47L8XE,4.25963
A2MEKYD68X8R8H,B00GXBV0MM,4.3127403
A1E29AF1LT9N6S,B00HBF56E2,3.905003
A10IXICTN64ZSV,B01F07IBWG,4.7034116
A31R64J645RAC6,B00SPA1Z5Q,4.09826
A2PG5XA0Q3BEMU,B00JZWDC9K,4.6792316
A2NLY1TJ8TYV6D,B019B6TWFC,4.489931
A3L8F13NKUQHQ1,B00YQBSEKW,4.188277
A1P19MZBCBL5AR,B016ZEF0VI,4.489171
A1W49O3LYZ8GI5,B01HDKFB44,1.3712605
A1HW31KJ9V89CR,B01FQ57CRC,1.3712605
A28U98HYYE5DR1,B00GH6X6WK,4.4469047
A3OZX99L2HZQUC,B015BCX0OO,1.3712605
A3AL7B2RPOAEOB,B00Q8N1I7M,4.693531
A1E1IGWRW974JG,B00P9RU6SK,4.436236
A3H7J5POTR9TZW,B00F3L4KIE,4.5834556
A16EVINGPOU4U6,B00ER8D5U8,1.3712605
AHMV0N47XOIMZ,B00LVI1E0K,4.660054
AC10C3YIUN8LO,B00GF4TBR8,4.122971
A1E29AF1LT9N6S,B00D9SRT9U,3.9078622
A1C7ASZFSTSJMH,B01EKIELGG,4.124364
A1CLGNWRCE4QKB,B012BT6N6W,4.44124
AZRPAHQG1VHR0,B017RMOW66,1.3712605
AZRPAHQG1VHR0,B017T8WJO0,4.581009
A31W0R6O8EM6V6,B01A4Q26WY,4.996337
A1L9DJQ5BS13S9,B015B839PS,4.5693927
A2BOKBB1IZA13L,B018QZB1IA,4.2842493
A3BPKT9STRWWQG,B00XJPWWRW,4.885122
A2D9S6V1AFXOAO,B01A9BTUBY,4.206715
A1LL39K926QN1V,B01DH6EQ9O,1.3712605
A10PIB0GJZQHJA,B0116MZUS2,1.3712605
A1OBQ5I31GW1TG,B00ING5PN0,3.749637
A2B9C3FMYW18UN,B00VS2DSR6,4.431926
A26GE9ZG68SKIQ,B01ES2M9S6,1.3712605
A2091T9SZ5H2P0,B018A8EDV0,4.3626165
A1HHSUAQDZ1XM6,B01BP20BU0,4.718172
A28V7MR6RKNVUT,B00D9CMLNA,4.434908
A2QBQRIM4WRRG3,B00PLZR6ZG,3.787754
A2O4J6KJ0REPQ,B01BQ00CAA,4.45151
A36XU39R2X06PX,B00NI4I0GG,4.461587
A2NIO54LQCN932,B0145VI0G0,4.8901334
A3OQWHOUM0U0QH,B00BD2PT8M,4.525895
A2N1XSD82O6XTV,B01B8MEF9K,4.7207203
A3Q6CMXMGESPOG,B014BR4A3A,1.3712605
A2YJ8VP1SSHJ7,B00D5M4PTM,4.4093413
A2N1XSD82O6XTV,B00NAI85T2,4.729603
A2PQ680TRW8JFG,B01GF9OQSQ,1.3712605
A3SJW9YR903G3,B00TEEHDPS,4.9769273
A1K69VHP8LH96J,B016SIV5SS,4.3351603
AXVDFGI9OEIVK,B00ZAJTPB6,4.703615
A26V5ROE0OZCDA,B015NFAKLK,3.7764292
A2XHH5DF8628J8,B00PKKNHKK,4.5026402
A10Y597K071WTQ,B0094HZVWC,4.6624937
A2S5EPJ451WL3I,B00OAGWXDW,4.458524
A28U98HYYE5DR1,B00QU06V2K,4.094636
A1TJKEWDZGEUES,B00AR2RZ36,1.3712605
ASZ8NR9HIZGJF,B018WOR9FO,3.9265194
A1RW0U9YBDZ7UT,B00LI5X2QA,3.6651068
A3CYA250L0DABZ,B00OBRHV3M,4.2400517
A1FI0I69UHS22T,B00LNJ4ABC,4.6280136
A1LEP3FM28J5RB,B00TEB4HAU,4.3631315
A1JLU5H1CCENWX,B015BCX0OO,1.3712605
A3C713428J4MJ7,B01AQNZQD6,1.3712605
A24KZL47I6CH4C,B01CMH15IE,1.3712605
AXX9S5UGOEZR9,B018SPRUME,4.5288534
A14LJ38DVMAW79,B01CBLURCG,1.3712605
A2M1PNKPRUCQYL,B01FPGWZCE,4.3870125
A39BS5Z2VD50RM,B0189PJNM8,4.7432075
A31W0R6O8EM6V6,B00J6GU2AC,4.3438554
A1VA2I63CK09BU,B01CF7VQVW,4.559367
A32TX5VFAQALG5,B00MQHIEKI,4.40977
A12RUNSGFAZFE7,B01D10TPRE,4.683624
A1J3WRDIB012CI,B00KVQQYRG,3.7914672
A1P07BQLEBOXT4,B01GF9OQSQ,1.3712605
A23B9YR9W29YUQ,B01EYXDKGY,4.400147
A1ACUN6A2LYVMW,B00NFS1DDM,4.5946984
A287J5FTWL99W6,B00N1BXC8C,4.7051926
A16E3LZGPATT2,B015B839PS,4.5693927
A2Y3ZGVRA3S23L,B019B6WUGU,1.3712605
A2C7W167DVNUKH,B019HTPG9O,1.3712605
A18EEC1ENOT9YN,B006JDEK0I,4.4078
A3NLV8K05ZV219,B01GYPPNYC,1.3712605
A31CZW8SHN9PTX,B014GDO5C0,4.1760488
APORGO15GFK60,B00TCI48WC,1.3712605
A1OWROUH26FJXV,B01EYXVZAM,4.2378078
A37Q71Z1BE6V9,B00GIZYMVY,3.9303632
A296HV17AZ10V9,B015L2UR1S,4.388928
A18EEC1ENOT9YN,B00DJBJVY8,3.8114057
A387F6OFDVEDZT,B014CR0OKW,4.369955
A6SR7U2PNGN0N,B018496LH4,4.2926784
A2PBXQTE07LEFY,B01C8RR9DS,4.354348
A1V8YJ6HU0KUUZ,B00K0LAH3Y,4.2231903
A29Z1G9N7ZVFU5,B01ATF41UA,4.9321933
A3C4F4VCN8E316,B01AQO16VQ,1.3712605
A2ZSLJG2KBCR3E,B01B43XFKI,4.44965
A2KUR0ZBNV17AA,B007LS3RFE,3.8124652
A2K6LYCNBPLW6D,B0116SLML0,4.1013207
A1E3QC0C1ODF2N,B00W2QDISQ,3.775403
A1CGSOXGAEK30R,B008EJOBH2,3.7784507
A10IXICTN64ZSV,B00KVT8U4S,4.375105
A253ZKSZTAZ8W7,B007PX6I10,4.4226074
A16N88TMHMXX1F,B009DRUP9C,4.423684
A2PQ680TRW8JFG,B00MC0OLBK,4.19938
A25X28UZCW2J6G,B01AQNZQD6,1.3712605
A2KFG7MKA5YNS4,B01AYP3FYI,4.5126066
A1B39IGLV2W0GE,B01AB4CLHY,4.7220993
A2TX3PH7TXFRE9,B00Q94QAAU,3.751472
A2KFG7MKA5YNS4,B01GJRQKBK,4.624884
ABTPG9K6K74W,B01D0HVU76,4.7189994
A3H38968JZF6VK,B00GH4GCQ4,4.1815233
A260QDPOB2XKHP,B00SC7DK2S,4.340835
A3VE7N2XUI8C3K,B00LE4Q370,4.352268
A27FIUTXM6WTIW,B00OZCLRKQ,3.972989
A2S5EPJ451WL3I,B00DRFQRIO,4.327239
A3B53R6SZY97ZE,B00L1HYMJQ,3.9288363
A2BC67IP5E7QC1,B00COMUGY2,4.277636
A1E614LDQVKOYE,B019E5Y462,4.44802
A30DBF16JX73UA,B00N9RT7RS,4.7036533
A3IQ0P3M39IY8U,B00UMHJAOS,3.705275
A1K69VHP8LH96J,B0186KV0ZE,4.4414825
A7WOE5BJXO2N5,B00GIZYMVY,3.9303632
A2PF014MHWXCT5,B00WP6ZKDE,1.3712605
A3VX4YIFSMZ09B,B01HC1252A,1.3712605
A2DURWUJV5HF2H,B00HBJ693U,3.9515505
A2FDDTPAER5DBO,B00XCLU7Z2,4.466594
A3ANLUEKJBC1IZ,B01GEKTEY2,4.5694613
A31CZW8SHN9PTX,B004V49BLU,4.028086
A19MJXG060UDTA,B01B0QXBA8,4.8031683
A21TSBBTF0DMG5,B00JFLUJ3S,4.6187415
A11N6ZJPEMVHYJ,B01BTHWXF2,4.357942
AEBFEWGBBK2C,B013TA3356,4.750508
A213J0UJPYFVNC,B018DIN3JA,4.469471
A1BUA3LAY7A8ZK,B00SW2B8Z4,4.5806675
A3HLUF8W1DCHK9,B01GZ070A6,4.2293787
A1U37G3A1C7FC6,B01ERZFFSK,1.3712605
A2BOKBB1IZA13L,B00HMUUFJC,4.504596
A1NQQU8O1ZYJP3,B015D1E6TQ,4.2438526
A235UMRMGXAS15,B01GYPQQRU,1.3712605
A3MT311233OHMQ,B01ETJABRE,1.3712605
A1V9310YS86T7M,B01GM4MH6C,4.549322
A3E2YW0WOZ9TWL,B00QE1J5HI,4.48279
A2FDDQ5C6BH5C8,B000XPRRXK,4.225702
A222WQ9VGVPSR5,B01CTH5LPA,4.900882
A2B8C9QHIXJO6N,B01HDLC4C0,1.3712605
A3330F5DNMO0JJ,B00QQOX6LY,4.729091
A2DURWUJV5HF2H,B00H62TMJA,4.638665
A1Z7KHEH5I1LUP,B01FTDR8ZW,4.8116546
ALPIN1ZX8B41M,B01EMGTQVG,4.3940563
A3O7EX5CU264Y1,B01520Y7N8,4.7656736
A2QM4ZF6N1SI4S,B00EV9LSJI,4.605283
A137UEIU93IFEF,B00C7W5GXA,4.427991
A3P2ROGJMLVZHN,B00VZ3S5SA,3.9091463
A2HNNGE6AVYBV8,B00IZODKWS,4.3429112
A3J9BHGK55ZPJO,B00YQBSEKW,4.188277
A2VDLDSGSD32FI,B019B6WUGU,1.3712605
A213J0UJPYFVNC,B00M8KMNUK,4.5173984
A3V9J8I5FHAH19,B01BK10C78,4.1913023
ACJS6J7UEXT5,B018CHA2KK,1.3712605
AL4D6OHMS2Z9P,B01GPL2AGE,1.3712605
A325YEZFZEF3HM,B0165I3WGY,1.3712605
A157IALEQ8PJG6,B01FKDKB96,4.5540366
A1TWV867HVZ60,B00W6MDJ1M,3.8218117
A3PAK16C0K8PZ1,B01BSN14HK,3.8193598
A3FA0RACII84DP,B00DVWRDN6,4.377099
A29V7E1TFYXKJ,B00BGF63OK,3.8616147
A2EZRW5DHLCA8Y,B00LP0OAFK,4.416604
A2UNMDJYXPEQZ3,B016ZGXV12,4.479481
A1IFWIZ62O12OT,B00ZYX46P8,4.502054
A25UO1J9IM3R5Q,B00OTOVJ0I,1.3712605
A32TX5VFAQALG5,B0138OGR6K,4.132528
A3MT311233OHMQ,B018QUGRR0,4.423306
A267QVSAPZCRT7,B01DGXSHRK,4.340838
A12CZBKBM4OZMT,B00YFEXKYA,4.3723536
A2S5EPJ451WL3I,B017733NZ6,1.3712605
AAEIK0DZ1F537,B00GVJ4WOY,4.271134
AMUH4FGZCFJFF,B00E3UDI8O,4.356227
A2JFYV4GVIMPCQ,B00NY7PPCY,4.35456
A3EONSSI2V1YBC,B00GH43E1A,4.212157
A1DC00T32U26HC,B01E5S9FUS,1.3712605
A8YJFGILC2W38,B00GIZYMVY,3.9303632
A1K69VHP8LH96J,B00XF4B278,4.467359
AGD9CPEWV61AG,B00KKXTC2Y,4.5197935
A1XOYBQ8X25P8M,B00GFSR48C,1.3712605
A1JMSX54DO3LOP,B00J8UD1OK,4.4164624
AL6XJLM76V2VZ,B01CMK5YA6,4.3393073
AX5KL9LWC1TG6,B00IT6FM7S,4.4328895
AH62R547L3FQT,B01FDI8UWS,1.3712605
AHMV0N47XOIMZ,B00J3GS5O0,4.374217
A10Y597K071WTQ,B006U1N37U,4.162675
A1N48Q1NZQ9R2E,B00TIUEVL2,4.977381
AUJKYWUK14BZ2,B008XLF8SM,4.669308
A2MK1L1Y74WTWH,B013KV12YI,3.504191
A3FA93L7JWESR,B017T8WJO0,4.581009
A2UNMDJYXPEQZ3,B01D05FV5A,4.68478
A1PA6ZO9892OH3,B0149IDQV8,4.352707
A2V8X8MTCE868O,B017RMOW66,1.3712605
A15Q5MVRVBMKW7,B00XIHMD2K,4.830704
A325YEZFZEF3HM,B01BCJDSAG,1.3712605
AAEEW5LOD21R8,B017GE76EU,3.8642173
AMQ8EI0M0ZMN7,B00TFX0HYC,3.9546185
ASZ8NR9HIZGJF,B00IKME2XG,1.3712605
A3KIA7199DNI2H,B00BB2DZOY,1.3712605
A3S3O6L6SZL8KV,B01GM4MH6C,4.549322
A3J9BHGK55ZPJO,B00OJFOI1O,4.3088684
A326085M0DK10B,B017EGZHFA,4.5595555
A2XRKQZA534EWO,B01E46BFJU,4.391746
A1A6ADR8JG12KQ,B01EII2PB6,3.9539447
A2LLWCQVYKYF0F,B00NFLSVYS,1.3712605
A3P4PWQ6NZGNFY,B00X47SFIU,4.314219
A11K5MEUOJKTPS,B01F2WTGFK,4.529643
A1L30W7022M9Q7,B009XN0W4O,3.9122338
A13LERNQ8R7267,B01CMH15IE,1.3712605
A1FWLM5208ESO4,B00JHIJD5Y,4.355701
A2J8WQHKV75MAS,B0065KX8P8,4.372154
A37G8WNF7DGY6M,B014VPZHCU,4.4687333
AKQ06T21M0V0S,B01AW25GRC,1.3712605
A2B9C3FMYW18UN,B00QZHHE7E,4.5081706
A314BTQHA98OGF,B00R9UTWGM,4.106785
A2PRKR6P4ITVP0,B016M8HXW6,4.459896
A1KWNSRAKVXHMS,B00VS1XNS6,3.7441702
A17DBWBCGJP32S,B014GMU3LS,4.1117554
A2QQ3NQ70O25EE,B00QMEK3GE,3.6280456
AC10C3YIUN8LO,B00NO7EREQ,3.5283847
A2MX7TA6LI8I4K,B01GCZXRFG,3.8356938
A253ZKSZTAZ8W7,B00ZDHZKKA,4.5059276
A23GRXCXQU3SM8,B00UBV1LT2,3.8614492
ATZOHBDX5VNKJ,B00MP7GH94,4.4141374
A3A44JIMIWYFIE,B00TYV0WSG,4.7328506
ANEZJAUOG31MG,B00N1BXC8C,4.7051926
A2PF014MHWXCT5,B00GRAZD3G,4.4427557
A3LH8IBNEFV1GZ,B00DE3MJ8G,4.5061793
A216HQMDUH18YD,B01CWZH814,1.3712605
A3G7QPDLX3SDV0,B007OALZAI,4.3058157
A3EVKU21OXJ242,B013GZOXPS,4.496104
A31VHM59CA6VVI,B01GD96DLQ,1.3712605
A1DC00T32U26HC,B013KV12YI,3.504191
A25X28UZCW2J6G,B014BR4A3A,1.3712605
A3GWE80SUGORJD,B01A4ATX4E,1.3712605
A7GZXYEZ2OMLQ,B015IC42AI,4.9423804
A3ES0XIED7769J,B00X41145C,4.394328
A3RX97V4CTXLOQ,B01CBW4D7A,4.991616
A1VE539RO5061D,B00OSAVSDG,4.2187448
A31PEOCXMVP4X4,B00Y9M77YC,4.810249
A1GSPADXH17N25,B00QPD85SK,4.626968
A260QDPOB2XKHP,B01A3SL1ME,4.747979
A29V7E1TFYXKJ,B00ESV9MFG,3.9464536
ANEZJAUOG31MG,B0149IDQV8,4.352707
A1FTB3KM7X78OX,B00PG4029Y,4.568033
ANKDQ12BPX6Z3,B00LS61SL0,4.4188566
A2EVKNQ71UULXI,B016FIYXEE,1.3712605
A2RO8I1XUKKUU7,B01FCBU7OU,4.4236813
A3DQRNADNQWG6H,B01DRXCPXG,1.3712605
AO8U1SQNTNFRI,B019G904RE,3.574106
A3SSNQX72CDVLH,B016LKXO2S,1.3712605
A2VDLDSGSD32FI,B005639YOY,4.1334796
A1XN80Q39TMALE,B00DJCFUS8,4.12636
A377V387HAW1QL,B01AW25GRC,1.3712605
A3OQWHOUM0U0QH,B00EUDOEIC,3.9214935
A1ACUN6A2LYVMW,B00BBQ2JPQ,4.3273354
AM1T5MXP5H5SO,B00IDW1E1Q,4.5803027
A157IALEQ8PJG6,B00EPF5LSW,4.0526223
AMK0DSS0DAP1W,B01GYPQQRU,1.3712605
AC10HRTVBXZLI,B00LVI1E0K,4.660054
A6ZT9EZ49JTEL,B00DB7RV60,4.52591
A1G2GYX8B4OH8W,B0054H1I7S,4.063556
A10PIB0GJZQHJA,B00XIDBLOK,4.4915695
AHMV0N47XOIMZ,B0065KX8P8,4.372154
A15Q5MVRVBMKW7,B00PUSKH14,4.7507267
A17IUHX3ADIE9U,B005S1XTEA,3.8936121
AZRPAHQG1VHR0,B00MZC64MY,4.376143
A1K69VHP8LH96J,B01C4IAK5U,4.5435696
A1P44JJW47E6QN,B00TZ8TK54,4.1476355
A1B5MN8PY0JIJQ,B0184BHNIS,4.364112
A1Z7KHEH5I1LUP,B00JTKZRL4,4.2863364
A2062SF91Y01U8,B01A6B5MFA,5.0589685
AI38GSFB90M4L,B0116MZUS2,1.3712605
A267QVSAPZCRT7,B01EGL8HXA,4.3612595
AC10C3YIUN8LO,B00BBQ2JPQ,4.3273354
A2YJ8VP1SSHJ7,B019LKP17G,4.8034987
A28MNML6Q383F4,B0165I3WGY,1.3712605
A1YAIBG1N7N5VV,B013VDLXY4,4.7149544
A19QLCLVPLZH0B,B00KDPPHVY,4.327587
A13TLUQKSW123I,B017RNBS76,4.4620395
A3B53R6SZY97ZE,B00ZAY07OK,4.6343837
A3JL6LOFVXYCA4,B01AL57X94,4.136544
A18EEC1ENOT9YN,B014X8T898,4.3600035
A3R6PYQRPAZE0K,B01CCVGYOK,1.3712605
AUI3XAZ1513SI,B0197OZW7A,1.3712605
A1A085EGL86PB,B01DCM610A,4.3658185
A31W0R6O8EM6V6,B01GTFE2BW,3.7946515
A13QONG1RD57UW,B01BJST0FC,1.3712605
A157IALEQ8PJG6,B0165RFXBW,4.4936085
A2DZUQQXPNUGI7,B01ATQJ726,1.3712605
A10DX94ATZQEFG,B0189PJNM8,4.7432075
A2B13DO2A2205G,B017RMOW66,1.3712605
A26V5ROE0OZCDA,B017JA1SFO,4.0190945
A6ZT9EZ49JTEL,B01GPDY7C2,4.754914
A14LJ38DVMAW79,B018PD0F9E,1.3712605
A1E5Q7GORGZM01,B01HDNEFGQ,1.3712605
A3QY3KER34QGCS,B0187UX2G8,4.893336
A8K7ZXXGDS9CU,B01G6H3LCY,4.624831
A2VSI0RDFNNBEU,B019DFM1WM,4.2764635
ABRLCS0WRNOKX,B00HJETE70,4.3910465
A2EVKNQ71UULXI,B00U7O4IQ6,4.5289288
AIKIWBAPCRVX0,B014REI880,4.393939
A5YD0QJ0C5MWO,B00IS0WW5A,4.2908354
A1RUGOMYCF8NF4,B01E6BA364,1.3712605
A39JEH2M5KY1HX,B004WXEVOW,4.2983413
A2XKX5TBB6WV00,B00EZRUSOW,4.210236
A1K69VHP8LH96J,B00GRGOL3S,3.6331372
A1CV6PASVMUEE8,B00DNI8RJW,3.7457647
A1B39IGLV2W0GE,B015UPORGC,4.9846883
A2Y7B4AASUOXM,B00NC0LECI,4.301007
A3P2ROGJMLVZHN,B01FBZXSI4,1.3712605
A28U98HYYE5DR1,B00O4GUH1S,4.4593587
A2PN1AJYXDU1J0,B01CT5K792,4.615276
A2MR87VMPFNFJ5,B00MYRE9ZY,4.8570538
A1F41PH89SL6JB,B00ZK2590O,4.4166255
A20YJJIVUMR5J3,B01DN1BLKK,4.436315
A3M1104X8EN9O,B00NI96R66,4.891034
A3R1EB0IGE3CC7,B00TWUUBUI,4.4432883
A3NZ7BJGKLVPF5,B01DFMO1S6,4.8336477
A2W31IQMW6TX93,B01AO5Q2MA,1.3712605
AIKGKUGNQ6L2F,B01BNWGPRK,4.069527
A3VSCCW1FN11B7,B01GF9OQSQ,1.3712605
ABNZCEB0CF7MP,B01DFVOP74,4.8276877
A1BBKKDTH8S00C,B00F3LVB40,4.611645
ASGBSLP29DQRY,B006R7FXFW,4.969921
A128W553WN84EW,B01BJST0FC,1.3712605
ADT3692HEYU4S,B00NR5WRLK,4.1069126
A1EC5E7T0YNFOF,B016TG5V3E,1.3712605
A27OS7Z94VXCYF,B00I513YAY,3.6917696
A1NE9CRAQ0WUV,B00VQJHHRI,4.146441
A3J5Q6XEH3K2TY,B017Y1ZD4A,4.4229174
AP0MMULH95T9W,B00LH8I7PE,4.175664
A1K4S4MWXI9E9M,B00EMHQDJE,4.3362055
A1FUH1O6FCTUYG,B010W9HEUW,4.939235
A1NE9CRAQ0WUV,B00XLUEMYQ,4.271489
ABCTITSJ5P6T8,B00KKXTC2Y,4.5197935
A3C713428J4MJ7,B017DPEEUG,3.814392
A1XJXYKOWCH9XT,B00AWGED8W,4.3497095
A2S5EPJ451WL3I,B00I486F9K,4.272135
A36XTPY9IFYA5R,B00QQOX6LY,4.729091
A2QQ3NQ70O25EE,B01DE5JHY2,4.5767736
A178S00H8B3YWA,B010W9HEUW,4.939235
A2L15MBNQU7O6G,B01FGJ3754,4.7592454
A3H38968JZF6VK,B013GZP3BG,4.495151
AXIO51VZN815F,B00EJUJM3I,4.7221828
A2V8X8MTCE868O,B00MT3H1VC,4.658161
A31Y6ITN2SGACM,B017FRG18A,4.7326903
A3SZPKNV5IU75I,B01DDMGO6K,1.3712605
AM1T5MXP5H5SO,B00NR9Y06Q,4.416304
A2KMV056844YV2,B01CBLURCG,1.3712605
A1NQQU8O1ZYJP3,B019UH78JY,4.3103924
A3KEB381QTO61R,B0190HN0DM,1.3712605
A2ZJHEB8K8JZR3,B00PCUMV6E,4.559224
A1GXJZGFR0BPJH,B018NUSVFY,4.279676
A3A44JIMIWYFIE,B0138OGR3I,4.479085
A1E481YU3ZPK6S,B00V2AYYF4,4.467037
A1ZV5XBKG7RVZU,B00RFY3KM4,3.9775414
A1R0XBTB3SL5GT,B01CIWXAQI,4.7142377
A2POZPGXLYY9HJ,B01C7NYWBK,4.506019
A36XTPY9IFYA5R,B00NJ0Q0SY,4.4759345
A1JKGTL51HHTU1,B00D1F1DNY,4.4375796
A2BOKBB1IZA13L,B00O4GUH1S,4.4593587
A2BOKBB1IZA13L,B018BWI9CY,1.3712605
A20879JNU91OBK,B017PH5PXC,3.7164702
A1P44JJW47E6QN,B00Q5OG0RM,4.764136
A2FSWI7Q6MZ9PX,B00S8U0TT6,4.3938746
A1GSPADXH17N25,B01DRBV052,4.582617
A296HV17AZ10V9,B00PCZC7F4,4.248037
A2UQGX6YMQ5BAL,B012FAXT0U,4.8298683
A1X87IHRK15RBU,B00SPA1Z5Q,4.09826
A25X28UZCW2J6G,B00KAM07RY,4.414996
ASR774IIR8VN7,B00URVL1FU,4.5871344
A1BBKKDTH8S00C,B00XGIEM52,4.3314714
A99KVVV7NFPBP,B00QU3MMZM,4.6829877
A37VK00KNVVICE,B00NRZAFA0,4.042522
A3EVKU21OXJ242,B00E251RHY,4.1486163
A2IDE0ASFGCZ0F,B01B0QXBA8,4.8031683
A1IFWIZ62O12OT,B01DJZ7G5E,1.3712605
A1OZ3R75S8NAYD,B00N6HPK8Q,1.3712605
AV6ORIR1JV86P,B016QYF6PM,4.630076
A6SR7U2PNGN0N,B01A6B5MFA,5.0589685
A3V9J8I5FHAH19,B01AB1EQL6,4.5124655
A3MOGV0QO66QZD,B01DGXSHRK,4.340838
AIKGKUGNQ6L2F,B00MRGW2EC,4.487247
A26V5ROE0OZCDA,B00EC197UC,4.283225
A3H38968JZF6VK,B00ES2GX3O,4.384177
A2H8S0GOSMWQX0,B00DK7EGCI,4.7131906
A26GE9ZG68SKIQ,B004V49FHA,4.4840136
AF5P607TPMGJ9,B01FX8BU0C,4.6368012
A83C3F4X0U3ZW,B00FFS338I,4.0647626
A2K0H6HYH8WB5F,B00EFELXTY,1.3712605
A7GZXYEZ2OMLQ,B00IJFYICO,4.377207
A2G9YADU04XBHA,B010FOJ5UG,1.3712605
A10AWAE0F6CAP1,B00VOYNKM6,1.3712605
AHKB5BOH22L44,B016YIRT9Q,4.5018816
A3Q4O4EID8OQ4,B00OCSZSQM,4.5702577
A1BOINGLPB5I1M,B00MT7UIQI,3.9554644
AST0YDHJJR65Q,B01DH8BWLW,4.4612856
A3GWE80SUGORJD,B01E2H3M1A,1.3712605
A2W3RQOSC87P4A,B00SER0484,4.1818614
A1Q33020JJKDAN,B01BJST0FC,1.3712605
ACSJTKMXKU1M6,B01GYPPMNE,1.3712605
A1G7VXXXLTJX9R,B00JGSH3PM,4.005404
A1FWLM5208ESO4,B01HDLC4C0,1.3712605
A1K4S4MWXI9E9M,B01DJWPF6Y,4.4424024
A1W48IWJ8A610S,B00IMUT71I,4.0570927
A35BKLDD2E04E6,B00H3M921G,4.4669075
A39N24TTLP6I48,B00SO0DWK8,4.2270746
A11P853U6FIKAM,B01ACLW2JS,3.9016485
A1D0BC1UP01UH9,B01HDLC4C0,1.3712605
A1XQ9J47ECTZZ0,B01G0GIXJ2,1.3712605
A956O72VO20Y,B01BJST0FC,1.3712605
AHMV0N47XOIMZ,B007Z4D9MA,4.4790816
A2RQ5IRWRU0TVO,B013XXGRYI,4.6896086
AV6ORIR1JV86P,B01CV5SE40,4.6237116
A1FUH1O6FCTUYG,B00TEU4CQU,4.3715878
A2BEDL4QXLEE3S,B010W9HEUW,4.939235
A1XL1A3TCU3Y1I,B01C8RR9DS,4.354348
A1EPVSC849EI9R,B00UZM2O52,3.7582216
AXOY11IDEONHE,B00Z4EAA5W,4.3025956
A8Q2ZFOHTVSCV,B018HFTRYY,4.308826
A8Q2ZFOHTVSCV,B00NS79DMS,4.1336923
A2F92T7CTWALPR,B00UCKHDOO,4.418795
A2IUIOTFRZHGLD,B01EQ2S2UM,1.3712605
A1ZDSAPOGRGBJI,B00UXX3RHC,4.265171
A328S9RN3U5M68,B01G3UFLMM,4.7710013
A3BNFWL5MVD57S,B00QKVV2FA,1.3712605
A2735JIVUDTBZ0,B00L2X37QS,4.4178357
A26V5ROE0OZCDA,B00QL14R88,4.403022
A2EQL2N9FOBOFS,B00O0CY3LQ,4.5609274
A3IQ0P3M39IY8U,B00TC1W3D0,3.8661685
A1NAXYNAOGJIGN,B018W4GENC,4.3277617
A1L30W7022M9Q7,B00P8DE7YY,4.464507
A1YJWOIR48KYCJ,B00JZOVYNY,4.011372
A3MT311233OHMQ,B00F1R9AWG,4.169795
A19MQI49YCA5SK,B00O0CY3LQ,4.5609274
A1PIHRVCTCJQFL,B00H3HRWDQ,4.2186885
AT2ZB20OCU7X2,B00TMWM816,4.619926
A6ZT9EZ49JTEL,B01G9F1ED6,4.7647343
A2F2878HE7XOM9,B00PG9U2OE,4.5352902
A3P4PWQ6NZGNFY,B01GYPPNYC,1.3712605
A2Z0PQ8HYEQT4V,B01CBLURCG,1.3712605
AJL59IEBNETQ8,B01EQ2S2UM,1.3712605
A1ACJLREHPPL1P,B00APT8BDE,3.7644367
A2D9S6V1AFXOAO,B00LKQHZTM,4.524032
A2U79NOE9VJQSF,B0100V6A6G,4.5288363
A2SRUC3I2U1CAY,B0174PTMU2,1.3712605
AQFF452SVDF48,B00OYWP6G8,4.880468
A2S5EPJ451WL3I,B01BJ9EFB0,1.3712605
AAKO4YAM9BZE5,B000FCKPG2,4.494546
AV6ORIR1JV86P,B00VW0OLKM,4.310447
A30D1QLJZ51Q2S,B01CAOD262,4.7243237
A370VMDK3FZX5X,B019OYETT0,4.571884
A1LFIFPYMOJ8RV,B01DOR1EBO,4.43756
A1C7ASZFSTSJMH,B01EJ2BV0W,4.4651136
A37Q71Z1BE6V9,B00HBWQCAC,4.7584
A2QBQRIM4WRRG3,B00OAN88H0,3.879377
AUJKYWUK14BZ2,B00K0QWZ84,4.5907183
AV8X3WC4XB1WF,B01ECOIDHQ,4.530413
A3G7QPDLX3SDV0,B01GZ7IMJC,4.7363143
AQ87G02DO56Z,B00JAUVINY,4.216784
A2XKX5TBB6WV00,B01FRQ4Z8E,4.650399
A2Z3DQ7P9JYRLG,B01GJA450A,1.3712605
A222WQ9VGVPSR5,B01EFLFK4U,4.893526
A6ZT9EZ49JTEL,B01EZ9ZKII,4.7889905
A1A43F9O4PEBU5,B00Z318GNY,3.734005
A26GE9ZG68SKIQ,B01E6DT75U,4.540682
A1SUV0W0CB3KVM,B00ASP8XNS,3.5147042
A1TVJ9WDRP0UZS,B00QSE28XO,4.242004
A143IV9N6HPKKB,B00TC1JYA0,4.7327967
A26GE9ZG68SKIQ,B018BL1LIY,1.3712605
AE12HJWB5ODOD,B01CMH15IE,1.3712605
ANKDQ12BPX6Z3,B00Q3MQWAQ,4.3278236
A3E81XX9ZDNCNO,B01GYPQQRU,1.3712605
A3J9BHGK55ZPJO,B00QSE28XO,4.242004
A1QSFXF6OOUDJN,B019APW4UO,4.5383725
A296HV17AZ10V9,B0157RBC16,3.5247183
A26V5ROE0OZCDA,B01BM0AHZE,4.620432
A253ZKSZTAZ8W7,B01DTBHY46,4.505062
A3EJDCT3TAEC2,B01AX0BMVC,4.491284
A7GZXYEZ2OMLQ,B00OCSZSQM,4.5702577
A1I18OT401WDI,B018DIN3JA,4.469471
AQA76AX85FU33,B0177475MW,4.375506
A10PIB0GJZQHJA,B00HWKW7K2,4.3149858
A1DC00T32U26HC,B017265T6Y,4.312782
A3S3O6L6SZL8KV,B00ELR01M0,4.05421
A2UAPFRQOHUFS4,B01FK7LI7G,4.734069
A3PATLW8T3PQV7,B00NF30KKE,4.7454925
A1E1YE0R2EELCU,B00WZWMRC0,3.7736154
A245T0V8KVTV45,B00629ZTOU,4.412785
ACJS6J7UEXT5,B00P6P9HHQ,4.466191
A18EEC1ENOT9YN,B00OJFOI1O,4.3088684
A17BTP1QHK2I3I,B00NOAZJI6,4.412295
A1BOK1EC36Q0WV,B00FBK17PQ,4.5296435
A2PCN97H7ORFXL,B007PX6I10,4.4226074
AL2SKAXGCX01B,B00TKOT3BO,4.8684673
A23GRXCXQU3SM8,B016TG5V3E,1.3712605
A23IU4CL27WMHC,B018RSH2FW,4.9992075
A2Q8NN6SNT3FY0,B00K9W0F9A,4.078133
A15EI56DL57DZC,B00JQS5FIO,4.6564794
A37KLLG8DXL5J7,B01DUO8QXU,1.3712605
ACNA2DX8FTGWG,B01CX93T44,3.9363272
A1SH6H9ZY9AJV9,B01AB4CLHY,4.7220993
AYRSWZILCH4S,B01CZCW26K,1.3712605
AUJKYWUK14BZ2,B00ASDEHLM,4.584202
AMUH4FGZCFJFF,B00QR2SCN2,4.390927
A7GZXYEZ2OMLQ,B019G904RE,3.574106
A2CDMT445133LY,B00JCELEZ0,4.3930473
ASQNJGXL1BXWV,B01645ZYZU,4.7208533
A2UNMDJYXPEQZ3,B00QSE28XO,4.242004
A3LR0J8MJ3Q6SI,B00XZJ30FU,4.2002053
A2FJLSKL2IZSHC,B00KVQQYRG,3.7914672
A15VZ8KA1KH8ES,B00FURCF9C,4.3093176
A2FCH654FN672F,B00MZB47RE,4.385635
A2EGLWRK7PCDYH,B01H0IOZM8,1.3712605
A2Y3ZGVRA3S23L,B013968Q7A,4.3196516
A30D1QLJZ51Q2S,B018RSH2FW,4.9992075
AOLHNMI8G8R6K,B015L6BCOA,4.443297
A31M3IJI2UTC4Z,B00Q6Q5ZP2,4.2515864
A3SIZ03ZV5VF1R,B006KD2TP0,4.3494515
A285RQFOK8APPQ,B00M0DQGXU,4.427284
A2LF3KTH2T6RJA,B01F9FRYUY,4.334263
A3S3O6L6SZL8KV,B00OSAWTSO,4.7767596
A1GL9TYXPNBPGW,B00IX56HG0,4.2065024
AGGDI4VWPPZ6J,B005CM1S02,4.5620165
A2PN1AJYXDU1J0,B01CMN671I,4.4476175
A2MEKYD68X8R8H,B014VPZHCU,4.4687333
A3JTJ1E8NK7DH1,B00J98RD4A,4.351272
A2LHUNWCVDEWQ8,B01BCNAO4A,4.7408824
A22B7J3YC4623X,B00W2TD572,4.181235
ASZ8NR9HIZGJF,B013FJACFU,4.7218523
A3PNXQOIMQ8348,B01DFBBF5E,5.014718
AV6ORIR1JV86P,B00IU69PTI,3.8613706
AYRSWZILCH4S,B017IKQW6K,4.682204
ADT3692HEYU4S,B01FMTA1M0,4.7493563
A1CGSOXGAEK30R,B00YLNSKTA,4.1050725
A1TR7SQWWLREQR,B00RD4J9EE,1.3712605
A39CVMK2ZKEIK2,B00IQVXQZQ,4.3932104
A17BTP1QHK2I3I,B013KWCLA6,4.415806
A3EJTO1IBULV7T,B00YFEXKYA,4.3723536
AVAC1JO1AZGAJ,B00MJHKVR4,4.4261956
A33JTEMYGCO69V,B01HDNEFGQ,1.3712605
AOVV02B7EK0C7,B01ASAVT0G,3.963729
A3H7J5POTR9TZW,B01CT2VV90,1.3712605
A2MEKYD68X8R8H,B00N9RT7RS,4.7036533
A2PBXQTE07LEFY,B00PBA6QCU,4.1589212
A1P5YXP15B13SA,B01GGPLQOQ,4.4643307
A1HHSUAQDZ1XM6,B00MJHKVR4,4.4261956
A1OWROUH26FJXV,B00E3UOBG2,4.2767797
ANKDQ12BPX6Z3,B00N47L8ZC,1.3712605
A2W4Z0J9DFZFSR,B00C3ODRTC,1.3712605
A1NOQ3ZM3QHBI6,B019B6WUGU,1.3712605
A3RPL8JIS2XMJ3,B01ELQDLKY,4.815164
A1VE539RO5061D,B01D4RY4B6,4.3191314
A35M5NTEVHKVB,B00EGRZTZY,4.0261
ATZOHBDX5VNKJ,B01B76FUMS,1.3712605
A190TSUIRJIFUK,B013L4T8Y0,4.831022
A3C713428J4MJ7,B01B6WT11Y,4.302938
A7CZSRM0JJVJP,B013XALBB0,4.6573334
A3KEB381QTO61R,B01GYPPMNE,1.3712605
AF7IKL1FN52K7,B0165I3WGY,1.3712605
A1P5YXP15B13SA,B00IS0WW5A,4.2908354
ANKK4K5N7GH9Z,B00MD5VDNS,4.468843
A2KN1WNA76HQS6,B01AWPTL0W,4.574006
AMKWIQ2MT2V5R,B0150C55HA,4.378352
A3ULR7XJF3C400,B01GOXFBBY,4.6957994
A23AL8WF0PJSTS,B01GF9OSI4,1.3712605
A3GWE80SUGORJD,B014BR4A3A,1.3712605
AGELZO1D6BC0T,B015UK1DM8,4.5532737
A30D1QLJZ51Q2S,B00VTFQ8OW,4.722277
A2Q439D72KOQME,B00838H1OY,4.086231
A3HOXAKC11UEOX,B00UJEGURO,4.4921136
AQ87G02DO56Z,B00HSSRCAI,4.1899977
A1QFKWSZFO0AOH,B00IRLFH9S,4.080661
A2B42XZI4MXOLX,B015ECXJOM,4.727953
A10DX94ATZQEFG,B00ZRYDR86,4.890956
A11FF0H63VFFMX,B017I0AB7G,3.9004173
A2DZUQQXPNUGI7,B00H7K5UB0,4.207393
A2UNMDJYXPEQZ3,B00L2F5P02,4.4447546
A1FSR426FVMQJI,B018P7B0NK,3.9896278
A1QJ17BR5K3C8K,B00KUCK4V8,4.218999
A10RH00JS3DUX0,B019VJ697I,4.6341205
A31G4MNGZNYSZI,B01CXJDHEQ,1.3712605
AIVY8XUMV5UY7,B00SJ7LQ9K,4.171123
AC97LVZ0C0TSK,B015NNW8CG,4.4282236
A3MTU1QAMYEAX3,B0058VAORA,3.8214617
A2N1XSD82O6XTV,B00OQEBXUM,4.2681627
A1VIR960IWHK07,B00LFW9MQK,3.9544728
AITGGF9MX4L86,B01F18XC50,4.6880107
A3PB5W8OE59743,B018D948JI,4.719825
A3H38968JZF6VK,B016XPTTUC,4.446639
A23MK6LPFQP21A,B00OAN88H0,3.879377
A2HHKV9CQ03ZRA,B00FR30D16,4.315243
A2XRKQZA534EWO,B018UNRNVM,1.3712605
AJUCQMDI0QA3I,B0198OKW7Y,3.987506
A2F2878HE7XOM9,B016HIOV08,4.03397
AG63N054UPJH2,B00629WWJ0,4.4508653
A3IQ0P3M39IY8U,B01A1AWBU0,4.4578457
ALYI8YM90TPD1,B00HI56L8U,4.160479
A137UEIU93IFEF,B00KE62080,4.1307697
A2V0EO639QKD2K,B01FN4GZG0,1.3712605
A1ZLPE9JPLMTKU,B00WH1K9SS,4.3000937
A1O2LQUYDVPOCJ,B00LBBM60Y,4.2115746
A3H38968JZF6VK,B01691UD4G,3.8303642
A2CCO4HWIFOP5J,B00EJUJM3I,4.7221828
A6SR7U2PNGN0N,B01BP20BU0,4.718172
A1QSFXF6OOUDJN,B01D10TPRE,4.683624
A36WBGWPPLIQZ9,B0177475MW,4.375506
A296HV17AZ10V9,B00AA3P7M8,4.474161
A2VNG16IOTY7N,B00CVCGYJQ,3.967052
A28U98HYYE5DR1,B00JUV8JPS,4.481008
A3DVGQZY2MBA87,B016TG5V3E,1.3712605
A2RU61YN9M0IDQ,B00PD8LQ6G,4.408365
A2C3N49XB5K19C,B015M9I294,4.3640122
A3SQGNV2O7WZEP,B00KE62080,4.1307697
AUJKYWUK14BZ2,B00V3PSE0Y,4.561374
A3S3O6L6SZL8KV,B01783W2SE,4.3709497
A1CIS4LOWYGZGA,B01BM0AHZE,4.620432
A22DD81HWADR6K,B01G0GIXJ2,1.3712605
AFQXMUALNERXZ,B01GF9OQSQ,1.3712605
A1ACUN6A2LYVMW,B00IAZX298,4.5178547
A1JNMSETGHIUZ2,B00SNRG8I0,4.274238
A1EQY74OFGE4NE,B00OKI1JNU,3.9947014
A2V8X8MTCE868O,B01GPL2AGE,1.3712605
A1N48Q1NZQ9R2E,B0168I2UE6,4.7778354
A31CZW8SHN9PTX,B014M089YW,4.763629
A1NPM2IW3DLO3F,B0118DAWR8,4.469868
A139X5E4RN7SUS,B01BMODWY8,4.569501
AVNS35OHR3D76,B015UPORGC,4.9846883
A16TE56LP5NUL5,B014C5U6SE,4.5265293
A37R3BNDHBIZTL,B01C4FP44A,4.797387
A7B9JUULZHQIN,B019HTPG9O,1.3712605
ATZOHBDX5VNKJ,B00T4Y7HGS,4.355852
A1HHSUAQDZ1XM6,B00II4HX7S,4.432312
A3J9BHGK55ZPJO,B016XPTTUC,4.446639
A3DVGQZY2MBA87,B01CYTLPPI,1.3712605
A36CNQTLRIL6LM,B00AA3P7M8,4.474161
A2SHWMWTXZLIR9,B00I8PMB10,4.4796715
ARWMPJN499ZJ,B017JA1SFO,4.0190945
A2F2878HE7XOM9,B00NJ4BB84,4.241152
A2H8S0GOSMWQX0,B00PMH3R3I,4.788945
A2XKX5TBB6WV00,B015GEUFCW,4.56414
A1TVJ9WDRP0UZS,B00GQYIL2I,4.2034082
A1UG6FUC9ZR8VU,B00T0VRT4U,1.3712605
A10JAUCIGVRW9F,B00FFLB6MU,3.546154
A2Y3ZGVRA3S23L,B00NAI85T2,4.729603
A2Z3DQ7P9JYRLG,B01EAYV5P0,4.371727
A1V4LZS4HHHH6K,B01CBM44Q0,1.3712605
A3CYA250L0DABZ,B01FOQ1N5K,4.594103
AUJKYWUK14BZ2,B00KTK56P0,4.456442
A2U3FVDELHREMI,B00IMUT71I,4.0570927
A2RU61YN9M0IDQ,B00586XP5S,4.0815954
A2BEDL4QXLEE3S,B00DZSOC62,4.4454594
A3SE1XKZC0L913,B019OYETT0,4.571884
A2PZA5XB74EIDB,B00MDACG9I,4.3634434
A1O79BLZSTP53I,B00HTJJST4,4.2771235
A190TSUIRJIFUK,B01DI63EEG,4.598712
A257TD5GO1T81W,B01F2WTGFK,4.529643
AVIN4W1V9M738,B0189PJNM8,4.7432075
A1DJY8WVWPJ2H8,B00TEEHDPS,4.9769273
AUFNC2SIHNZUN,B01GYPPMNE,1.3712605
ABVIQ0W19DPSG,B019E9VZG0,4.7907286
ANKDQ12BPX6Z3,B014Q6D6E0,4.3409147
A2G9YADU04XBHA,B00ZK3KUE8,1.3712605
A3K4HYYXZFODU2,B01CWZH814,1.3712605
AX746FITV1G72,B00LW78OS0,4.455518
A245T0V8KVTV45,B017DPEEUG,3.814392
A8A49ZBLUK9BQ,B01G89E5OS,4.787518
A287J5FTWL99W6,B00YQD91RA,4.5940733
A13J31ZJVVG2GY,B00PNU8Z86,4.3064823
A3UO90FEXQNHRD,B01348I31C,1.3712605
A2EVKNQ71UULXI,B00UI5GKQA,4.446141
AF85CAX5BR5IM,B011F603YU,4.1689267
A3EONSSI2V1YBC,B01FWERDYE,1.3712605
A1AFGQGTS66UYY,B00NJ0Q0SY,4.4759345
A384RYAHGEPLJ8,B00ZO50HZO,4.8931937
A143IV9N6HPKKB,B01D27RNDO,4.352955
A1E1IGWRW974JG,B01GYQ057Q,1.3712605
A3DQRNADNQWG6H,B015BCX0OO,1.3712605
A3JISGW1EZMLSU,B00BYLQS3C,4.6442933
A1Z7KHEH5I1LUP,B018QXM6GS,4.745673
AL92MBJXLPZM,B01DJZ5HHI,4.7379103
A2501I5AWRHX8L,B01CC3AJJO,4.7592473
A2RPMPBKX1MWR7,B00XWCHNIU,4.7676888
A1PSGA348YRV67,B00F7CJKAC,4.279939
A22THCLP5J49J4,B01G94M7XI,4.6898417
A1F41PH89SL6JB,B00V5T9A38,4.2726545
A1P44JJW47E6QN,B01BP20BU0,4.718172
A142HAT43L5W4W,B01EYXVZAM,4.2378078
A1UH21GLZTYYR5,B01AVX32XC,4.6849585
A7KETEJDZYJFI,B01E2H3M1A,1.3712605
A384RYAHGEPLJ8,B0110IXWIM,4.749837
A370VMDK3FZX5X,B005UGMC78,3.8320794
A7B9JUULZHQIN,B017SH94ZE,4.524663
A287J5FTWL99W6,B00WDD5IKO,4.256079
A2UAPFRQOHUFS4,B00NAJ7A0Q,4.3489337
A287J5FTWL99W6,B00EH2E5IK,4.543851
A287J5FTWL99W6,B015VKB8KY,4.572862
A24ETSYVDJB5D3,B016VIVLJ8,4.224686
A1DF6JO4KFE5X1,B00JYWX3D6,4.6967897
A13JQT6036JF,B00AGA4UGY,4.341223
A18LI83Q1F5DKU,B01FBIC51W,4.745971
A21H10PWSPOB6Y,B01BCTMJZ6,4.4060183
A3H38968JZF6VK,B005S1XTEA,3.8936121
ADHBG0CRBVUL1,B01A4ATX4E,1.3712605
A3UO90FEXQNHRD,B00E7KTERY,4.1894226
A2B42XZI4MXOLX,B00M7ILTLW,4.532819
A12K5Y2SEANYW0,B00AHRE74G,4.6416497
A1V0IK7DUYIVAC,B01FORFUEY,4.5694547
A15VZ8KA1KH8ES,B01BFZJW70,3.889635
A1I0QNN02SZDOK,B01A4ATX58,1.3712605
A2MIR34MGFG3EU,B00KE62080,4.1307697
A23SB7XAREYGF2,B01835JNDI,4.595737
A287J5FTWL99W6,B0070JOQHM,4.253945
A3H38968JZF6VK,B00MHT0NE0,4.1333475
AWNYF3812RWNG,B01645ZYZU,4.7208533
A3TJOBVQ95HK9Z,B014GAK1R6,4.244827
AZRPAHQG1VHR0,B013ZUHQIK,4.5091333
A3L8F13NKUQHQ1,B00W9YDVPG,4.4404163
A36N7KTS8JMR4L,B00772HJ58,3.9512777
A2AGAA1B2ORZW0,B014C5K4WC,1.3712605
A3SJW9YR903G3,B00KFMRU5Q,4.6745863
A3J6BKNGIMAJQ5,B012HDMV9K,1.3712605
A28GRFK2F3TMWE,B0165I3WGY,1.3712605
A6ZT9EZ49JTEL,B00Z96Q9U0,4.57293
A101S5PLO0VRHQ,B00GLVGWP4,4.1091995
A3T5H007CVA99X,B01GPL2AGE,1.3712605
AE314SIV2QCED,B000W93A42,4.4804955
A37P6T3YZ8KY2F,B00KLO64S2,4.3173466
A2RU61YN9M0IDQ,B00LFW9MQK,3.9544728
A3GWE80SUGORJD,B00QNZGJVA,4.4891076
A1Q33020JJKDAN,B0174PTMU2,1.3712605
A5I6VGSYW7U8L,B01DCM610A,4.3658185
A2684D8X4AUKRB,B00AAQVTYU,4.7403755
A198E18E1LA3BE,B00D5M4PTM,4.4093413
AF7IKL1FN52K7,B01G0GIXJ2,1.3712605
A29FFT26RF63YX,B00UZM2O52,3.7582216
A353K0UEDMX3PH,B01BCJDSAG,1.3712605
A1DYTCBAV5WI2N,B01H45U1IO,1.3712605
AHNGMRN1V1LPH,B01HDF9IKM,1.3712605
A3MF5RTKYLSH60,B0165I3WGY,1.3712605
A2B9C3FMYW18UN,B011CVM1AC,3.874168
A2F483MD47JG2T,B016B0FB38,4.7297244
A25PLL2FEB615H,B00T4Y7HGS,4.355852
A1KXFB5X4XZSGB,B00Q6Q5ZP2,4.2515864
AJNW2ORZGUDIE,B01EYW7KHU,4.1964827
ABCTITSJ5P6T8,B00I44QP80,4.467542
AYUTCGVSM1H7T,B01C25NIMC,4.591746
A1GSPADXH17N25,B00NI7G7AY,4.3233037
A3FLVU1C5385KZ,B01GT44VLO,1.3712605
AHR3AU7CPID24,B01GYPQQRU,1.3712605
A3A44JIMIWYFIE,B01EQ2S2UM,1.3712605
A1DJY8WVWPJ2H8,B00L1R3OS6,4.2248178
A1R0XBTB3SL5GT,B008VKXOIQ,3.6890602
A26KWG162U8VBQ,B01CBLURCG,1.3712605
A1XL1A3TCU3Y1I,B01BUMJMA0,4.803229
A2XKX5TBB6WV00,B00WRP0DHG,4.3252163
A2DZUQQXPNUGI7,B00NN2FDLI,4.4830804
A18EEC1ENOT9YN,B016WS5FO4,4.2243657
AZRPAHQG1VHR0,B011QD8HJ0,4.506074
A1JMSX54DO3LOP,B00FJFV6AY,4.150913
A3DQRNADNQWG6H,B018PD0F9E,1.3712605
A5UM17P1E7DUQ,B00X1AQNKW,4.4985437
A3C713428J4MJ7,B00PBA6QCU,4.1589212
ANEZJAUOG31MG,B01C8RR9DS,4.354348
A2QBQRIM4WRRG3,B01ES2M9S6,1.3712605
A28D20IM3BNAJ1,B01CMK5YA6,4.3393073
A3KBRXW4PKK2MT,B01EKIELGG,4.124364
A1IQ303406GPO8,B0028OLDOI,1.3712605
AGA6C1UQDNQ1P,B00FZ5H8Q4,4.6703916
A3N6TV5T5JSG7K,B01CWZH814,1.3712605
A2G45Q8V20R779,B00NR9Y06Q,4.416304
A1J6MXAQH527O3,B01EYXVZAM,4.2378078
A369BMHORFPL0O,B00P85PU8E,4.5180106
A1VE539RO5061D,B00R298H3O,3.5973496
A2MEKYD68X8R8H,B0157E64K8,4.490638
A3BMLG97SSIKN3,B01BQ00CAA,4.45151
ABTPG9K6K74W,B01F0MF6KQ,4.824233
A2VNG16IOTY7N,B01GD96DLQ,1.3712605
A30JKM2O1SD9R5,B00DQ0LQ9A,4.331102
A2Y7B4AASUOXM,B00NIDWKB8,4.5195003
A1R0XBTB3SL5GT,B00DJK31TK,3.6272063
A2S5EPJ451WL3I,B00IRKQ08Q,4.499282
ACOXR0GL8E2Y7,B015TWRVCS,1.3712605
A3OQ0WU2ZHM5J6,B00QOWH556,3.7947097
A3T5H007CVA99X,B015L2UR1S,4.388928
A2XKX5TBB6WV00,B00629ZTOU,4.412785
A2V5HEEE7YLXMI,B01FPS5IQC,4.2600813
A3NYOQSGWZ0XW2,B00QB28UCQ,4.7616434
A26V5ROE0OZCDA,B012LB9KDI,4.493157
A2RBLZC3MJ5FNM,B009WJWD2S,4.464709
ADZOWSMV1E0PB,B00IH6KA90,4.919946
A1GSPADXH17N25,B00BYKD2UU,4.1908436
A369BMHORFPL0O,B00PD8LQ6G,4.408365
ASA5RSXOAVT12,B00A9FYVXS,4.3518186
AW16PJHZIQPA5,B01FP256UQ,4.52057
A5UM17P1E7DUQ,B00FR30D16,4.315243
A3LBPCVDOP7DPC,B01E5S9FUS,1.3712605
A34DYRZBLSI8R5,B01G0GIXJ2,1.3712605
A198VXVTHHIZJ7,B00FW18W9I,4.353055
A3LNU5OKNIZV21,B01DH6EQ9O,1.3712605
A1EQY74OFGE4NE,B00JTLAJ9S,4.6821704
A3DANGFIJBZP20,B00LOTFY1Q,4.1170464
AGSGL6VT17RE0,B01E22VU46,1.3712605
A1XKTJ1XLTWLCQ,B018SPRUME,4.5288534
A2HESNQJZ9OB7H,B00QSE28XO,4.242004
A3CMIEYL0TJLC2,B01FIGE8YE,4.0732355
A24ETSYVDJB5D3,B00O0CY3LQ,4.5609274
A2M5IRXVOAUZ2,B017JIYTJI,1.3712605
AB7M0MEP43IZZ,B00BUAZL12,4.4170656
A3KIA7199DNI2H,B01GJA450A,1.3712605
A1UPHTDW5GM12T,B007Z4WSOK,4.5673323
AYVJY4Z9CYQWU,B00O3V6PWY,4.4752207
A26V5ROE0OZCDA,B014JSBJJ4,4.562207
A3J9BHGK55ZPJO,B00NC0LECI,4.301007
A2H146VK5MMYIH,B01EYXDKGY,4.400147
A3MT311233OHMQ,B002WWKZM2,3.6932743
AKM9W2IRYH77B,B00ZYX46P8,4.502054
A2XRKQZA534EWO,B00OU2E1F4,4.792037
A36LHP7XLMLJW7,B00VX75TKU,4.3725047
A3O6Z1T0IZ3NT,B00XIHMD2K,4.830704
A2J8WQHKV75MAS,B01CPQZSPS,4.4830546
A1JMSX54DO3LOP,B00VVMC2FW,4.4370008
A3Q6CMXMGESPOG,B00GY9SK4O,4.363254
A3PE4ENWAY4D9O,B00VS99TP4,4.5958853
A2U3FVDELHREMI,B018HFTRYY,4.308826
AC97LVZ0C0TSK,B01EKIELGG,4.124364
A2Q3YUL3Y6TPD3,B01GYPPMNE,1.3712605
A31Z94E63H1N46,B01EMGTQVG,4.3940563
A2UJTG9XC4KISL,B01CMK63A6,4.7839413
A2BEDL4QXLEE3S,B01645ZYZU,4.7208533
A2WDOEHN67OBYH,B01GT5XDFS,4.2256036
AGBGV16NY06FW,B00RMB80SO,4.5459538
A3Q4VT0R8O8RSE,B00QJKV1EY,4.257799
A2QC9Q8EVBI6D1,B019B6XJM4,4.2711744
ALPIN1ZX8B41M,B00Y9M77YC,4.810249
A69JQYYIUQFQL,B011T78JT6,4.8297176
A1JADDWR1H3M0I,B00P32ZUAK,4.534254
A281NPSIMI1C2R,B002RKSMHO,1.3712605
AK3LIR1TVZFVZ,B00UGG43UQ,4.425432
A2MEKYD68X8R8H,B01835JNDI,4.595737
A2Y7B4AASUOXM,B00O72888S,4.2203684
AQ87G02DO56Z,B016KVDM6G,4.8805614
A9DXGM6YGV14D,B00X6K8DKU,4.4348145
AO8U1SQNTNFRI,B00N0VI2OM,3.8852262
A30DBF16JX73UA,B00EH2E5IK,4.543851
A1I0I8PI1DWHBR,B00FNXC8EU,4.636674
A1IE93W5OH9MGR,B00A3ZA4TO,4.5976276
A296HV17AZ10V9,B00629ZTOU,4.412785
A3RTTJWMRCR09S,B0076790LA,4.016362
A3K8NPGJOP3QGV,B019EQUUYQ,4.4950337
A27FIUTXM6WTIW,B01GYQ057Q,1.3712605
A3QZAK4BXJBC2W,B005K4W0QS,4.2298927
A2KJ7AGC82GPP1,B013T8TX4S,4.7277904
A12K5Y2SEANYW0,B00IHQAYYQ,4.2948837
A11FF0H63VFFMX,B01D0ZPA60,3.9499097
A2BOKBB1IZA13L,B00N05R8GG,3.8785396
A35KV8ZNW239TT,B019B6WUGU,1.3712605
A1YK1AM70HDXLE,B00PG4029Y,4.568033
A1H35RNPTPP9RI,B00SA5KFM0,4.4389315
A3E4H5A1X8NJRR,B00K1OAXKM,4.677025
A2J7GJWY8O1MDB,B014RVEJ4U,4.327454
A3P4PWQ6NZGNFY,B00MDACG9I,4.3634434
A3DANGFIJBZP20,B015BCVXF2,4.301379
AVNS35OHR3D76,B00LFNCDOC,4.2632303
A3ESFCDE13IMH4,B00UDQTS40,4.4625306
AXX9S5UGOEZR9,B00F3JBZZC,4.2319126
A1FHWVQ0ZMFFQK,B00U2YDT5W,4.398417
A3FJ2JGU50THRQ,B01DRXCPXG,1.3712605
A219Y76LD1VP4N,B00TC1JYA0,4.7327967
AI38GSFB90M4L,B00GXBV0MM,4.3127403
A2Z3DQ7P9JYRLG,B00N58K6QW,4.0639844
A3FA0RACII84DP,B00G9FC2GA,1.3712605
AKQ06T21M0V0S,B00GBFJ1IA,4.3563523
A1XKTJ1XLTWLCQ,B01FKDKB96,4.5540366
A2I0ZBZOWPP756,B00NYISFXY,4.1641417
A18LI83Q1F5DKU,B00LFW9MQK,3.9544728
A23SB7XAREYGF2,B00CA1SF9U,4.3571153
AD3SVKC2JNHMR,B00CGFEIM8,4.268722
A3B6PBWQBQNHQT,B00LXHHBNS,4.151143
A1F41PH89SL6JB,B00CMU1IN4,4.380009
A3J9BHGK55ZPJO,B00GH6X6WK,4.4469047
A1RF70MWVANZCU,B00K6N75LS,4.3679876
A1YK1AM70HDXLE,B011G3HJ6C,3.838478
A30V9M9DZW8SFU,B00ZAJTPB6,4.703615
A6SR7U2PNGN0N,B00WLQ8QRK,4.252325
A2R56AF2E63IC1,B01DL7LIFE,4.407392
AP6JFTL9C5BK4,B01DDWPAE2,1.3712605
A1JLU5H1CCENWX,B00HTJJST4,4.2771235
A3ANLUEKJBC1IZ,B01B5BR1KO,4.443578
A1JNMSETGHIUZ2,B01H5MF0JG,4.324447
A387F6OFDVEDZT,B01620Y4O4,4.5962615
A17KGW8IYD63JR,B00R7HDLAU,4.5888247
A3QY3KER34QGCS,B01BA8ZTBA,4.88014
AIKGKUGNQ6L2F,B00WT2BNJ4,4.3234735
A1QTTDEVDELZA8,B018CHA26O,4.409019
A24PEXYGCID15Z,B00QVNQYIM,3.9733262
A0099735VDZ3HDCAAYKL,B01C8RR9DS,4.354348
A2PBXQTE07LEFY,B01EW6DERI,4.5924025
A3804PZVOD4N3E,B01H9ER9R6,4.5074368
A2PF014MHWXCT5,B005639YOY,4.1334796
A37R3BNDHBIZTL,B01E2H3M1A,1.3712605
A3VE7N2XUI8C3K,B00TPBIA4S,3.9035716
A20PRICNHQQLJD,B00QIQNWXW,4.3145943
AJX5O8EPN2713,B00GF64L5S,4.5252123
AWG9YC0S5ZXRQ,B00TE8IPHO,4.729396
A1X87IHRK15RBU,B017Y1ZD4A,4.4229174
AF7IKL1FN52K7,B01A4ATX4E,1.3712605
A2B13DO2A2205G,B01BXGMTEY,3.9589386
A2LMF4HG470CNF,B01G4TEUUG,1.3712605
A34RWNEJGJFHEV,B018CHA2KK,1.3712605
A3L3T9JRL1GT95,B01FGHI69S,1.3712605
A16WWBGZHJYJ27,B01D1UVNEM,4.821414
A916DXE9W36GF,B00MBQASMQ,4.4009647
ADUI5YISBG6Z4,B00N9RT7RS,4.7036533
AKZH6MEXHWGLD,B00JTIOYOM,4.4490533
A19W1EMTMIQJRT,B01GSL9C3A,1.3712605
A3C713428J4MJ7,B01GBMRPZ8,4.174474
A3CYA250L0DABZ,B015799982,4.1474066
A1VE539RO5061D,B00JFLUJ3S,4.6187415
A3V9J8I5FHAH19,B01H5QZHKY,4.9158535
A2S5EPJ451WL3I,B00HMUUFJC,4.504596
A37Y75XN6SY5YL,B00S3RA6OC,4.1366177
A1FGDFKCW5LJIJ,B01FP256UQ,4.52057
AKZH6MEXHWGLD,B0165I3WGY,1.3712605
A2KX7G5BC1ALQJ,B01AQO16VQ,1.3712605
A1TYECW2J3TXJ,B00AVQAFKI,3.722427
A2QJ4TTBMNTY9Q,B00ED4WKKC,4.114856
A2ZU73E6RDADJV,B01FTEBE74,1.3712605
A1PSGA348YRV67,B00J0PKKUG,4.1790495
A70C09CWSQ4RZ,B01DUV1DV0,4.479119
A1DUWCXDBM40AO,B01GJA450A,1.3712605
A2HZ6MGQ6TPNO0,B00X625BCG,4.568958
A36N7KTS8JMR4L,B018496LH4,4.2926784
A1NPM2IW3DLO3F,B00BD63EIK,4.033681
AGT5F6R7R53LR,B00UT0VAD2,4.3227186
A13J31ZJVVG2GY,B00HG5JL34,4.2701263
A3T4U5GR71P4O6,B015EL9ZKK,4.3780384
A3V9J8I5FHAH19,B0051EZBRM,4.443116
A3VQMP3ACL1KHH,B00QL14R88,4.403022
A1XQ9J47ECTZZ0,B01AQNZQF4,1.3712605
AMK0DSS0DAP1W,B01CMH15IE,1.3712605
AZGDIB6UL3QNL,B0198OKW7Y,3.987506
AKM9W2IRYH77B,B01EJ2BV0W,4.4651136
A2VNG16IOTY7N,B00LS6MCMY,4.389395
AMUH4FGZCFJFF,B01GDRM3XU,3.8747954
A31CZW8SHN9PTX,B0066B7KGE,3.2817082
A3S3QIR1UTAGY4,B01049Y714,4.4915047
A1XL1A3TCU3Y1I,B01EI9ZED6,4.3352365
AH85UZ876V6OW,B00RC6JVDC,4.406249
ACVNKHUOX3QWU,B00VOYNKM6,1.3712605
A2GO4VWZWTL7ZC,B00T6HTQTY,4.448943
A2GO4VWZWTL7ZC,B005UGMC78,3.8320794
AG63N054UPJH2,B019967OWC,4.231553
A3L8F13NKUQHQ1,B018F3C1KU,4.260555
A2PF014MHWXCT5,B00XWX139Y,4.2259283
A64VNUAXNX8VO,B016TG5V3E,1.3712605
A1R0XBTB3SL5GT,B0069CI5H8,3.8597503
AX2OKB7GR55FZ,B00BGXP1IQ,4.298955
A1ACUN6A2LYVMW,B016XPTTUC,4.446639
AK3LIR1TVZFVZ,B00I28TY2C,4.5453053
A1FHWVQ0ZMFFQK,B012FAXT0U,4.8298683
A16TE56LP5NUL5,B010W9HEUW,4.939235
A2PCN97H7ORFXL,B00IUL9ALG,4.4406734
A2MCZ9BUKVPO56,B00UBV1LT2,3.8614492
A3FA93L7JWESR,B00R8B7ZG6,4.6357474
A3IAAKYJIX44EL,B00ICTUW6I,4.493927
A2FCH654FN672F,B00W891R26,4.1533127
A22DD81HWADR6K,B01AB4CLHY,4.7220993
A3U6Y3GD1A6PXJ,B00OAN88H0,3.879377
AVNS35OHR3D76,B00EH2E5IK,4.543851
AAIDLB38IY7R6,B00INYO7MC,4.454895
AC97LVZ0C0TSK,B01F483E64,4.590703
AUQCW3RV8YE2W,B01EKIELGG,4.124364
A2M1PNKPRUCQYL,B00GU2DJBO,4.1813393
A1FGDFKCW5LJIJ,B00NKQP7VS,4.507082
A3A44JIMIWYFIE,B016VL0PWE,4.347652
A10IOT56F4GM85,B00LZXYZK2,4.7382927
A198E18E1LA3BE,B00540L9II,4.3353558
A1GXJZGFR0BPJH,B00FH4FKZE,4.643813
AF7IKL1FN52K7,B01E2H3M1A,1.3712605
A247M2SSLKTSHY,B01H45U1IO,1.3712605
A27OS7Z94VXCYF,B0073SJELI,3.869841
A3LZG1QQ1KMVX3,B01FTEBE74,1.3712605
A2T843EQCN1QMQ,B01GILL7NI,4.3783364
AXVDFGI9OEIVK,B015RPT6XY,4.469836
A1WVQI2RQMCG5A,B00O4GUH1S,4.4593587
A3MSJA59Y115A,B01FTEBE74,1.3712605
A3G31IWKH9ALT3,B00VU0M8JA,4.136637
A7KETEJDZYJFI,B018FNBE26,4.4036164
A34B6NBZL1IRNX,B00DVYV9HU,4.6806126
A1PSGA348YRV67,B00PCMBFGY,4.26515
A3IQ0P3M39IY8U,B00N7K1BB2,4.3765564
A1NAXYNAOGJIGN,B014I8OGLS,4.000742
AX2OKB7GR55FZ,B00IRKQ08Q,4.499282
A1KECGAMRF6FBP,B015EHPSOG,4.148816
A1F3SNAL50EZ2N,B01F18XC50,4.6880107
A18EEC1ENOT9YN,B00Z318GNY,3.734005
A7GZXYEZ2OMLQ,B00GXDQKZW,4.3329086
A2PBXQTE07LEFY,B01HBTH0VO,4.668252
A2KWQ64TRHB3YH,B00SS39KF2,4.214224
A15EMPO8TCH2RB,B01GZ070A6,4.2293787
AXVDFGI9OEIVK,B018D948JI,4.719825
A2W4295H4JSYDD,B01BJST0FC,1.3712605
A2GWTB02UN6MTX,B01GW1BZBI,1.3712605
A1PA6ZO9892OH3,B01CBW4D7A,4.991616
A3FO728397JFZP,B017RNBS76,4.4620395
A1ERDA4ETW7FP,B01GIU443O,4.340027
A128W553WN84EW,B01DFBBF5E,5.014718
A2S5EPJ451WL3I,B00V9OH536,4.310238
A2HESNQJZ9OB7H,B014TBNOMQ,4.503319
A1XQ9J47ECTZZ0,B01BSN14HK,3.8193598
A3N6TV5T5JSG7K,B016NTKNTO,4.7393584
A2J7GJWY8O1MDB,B00OWIQH5I,4.4090524
ANXBIU1HP7BJD,B01BLVT4BC,4.7272167
AX59HEWTONQ1M,B00KVJK2EO,3.390909
AQA76AX85FU33,B00L2V73GK,4.097126
A10IOT56F4GM85,B01GPDY7C2,4.754914
A3IK83MGX5X0WZ,B0174PTMU2,1.3712605
A2HZ6MGQ6TPNO0,B00GSF4Z20,4.213921
A2FDDTPAER5DBO,B00LXHHBNS,4.151143
A364KQZL1KNS6Q,B00PQV6H78,4.413766
A1BQC6NJDSWR52,B019KP81BU,4.9840016
A26GE9ZG68SKIQ,B00RZT2U5W,4.458128
A3DA91KQ8UQ76Q,B00CCVVKMW,4.423863
A3O6Z1T0IZ3NT,B0145COWD4,4.420984
A1B5MN8PY0JIJQ,B01BXGMTEY,3.9589386
ACVNKHUOX3QWU,B009LNKB4C,4.0617247
A13JQT6036JF,B01EKIELGG,4.124364
A414YEU57FUHJ,B00MUSS2ZA,4.4395857
A3HDT8L6DPBZND,B01HF6OU70,4.9502125
AV6ORIR1JV86P,B0145JMH5M,4.5246797
AM9YOCRU10IXW,B0118DAWR8,4.469868
A2F1UD4JDHKMTA,B00ED4WKKC,4.114856
A3MOGV0QO66QZD,B01HIZRVFG,1.3712605
A2PN1AJYXDU1J0,B00R4Y1Q3U,4.667182
A3PATLW8T3PQV7,B00F3LVB40,4.611645
A3EONSSI2V1YBC,B01D24C6VQ,4.166882
A1AX02Z2IRSAY,B004X6R8Y8,4.3419924
A1I0QNN02SZDOK,B00IU087O8,4.013276
AB7M0MEP43IZZ,B00FJFV6AY,4.150913
A63YNBWLO7V18,B00FD7Z51O,3.9252024
A2CJ33Q2E7PUTQ,B01BWYVZ5G,4.919507
ABRLCS0WRNOKX,B018FM3E5M,1.3712605
A1LFIFPYMOJ8RV,B013XU5A8A,4.4255466
A3JHMDPDDFUSLV,B01HFGNGYI,4.366285
A1XQ9J47ECTZZ0,B01AQO16VQ,1.3712605
A198E18E1LA3BE,B00GZANS6M,4.360029
AS68HOKD544K6,B00W8FRXO6,4.821756
A3131JEJYVBJO,B00I36J0BI,1.3712605
A2S5EPJ451WL3I,B00YV666B6,4.5437036
A16TE56LP5NUL5,B01FBZXSI4,1.3712605
A3A44JIMIWYFIE,B01GGNXFEW,4.7353272
A2TX3PH7TXFRE9,B014GFMV4C,4.7346983
A222WQ9VGVPSR5,B01E3AFUN4,4.8100214
A32TX5VFAQALG5,B0104EOJ8U,3.9639509
A3J9BHGK55ZPJO,B018F3C1KU,4.260555
A0020356UF96ZV361ST,B00HFAGOM6,4.3682437
A1VC48UV57XWOH,B00GQYIL2I,4.2034082
AAIDLB38IY7R6,B00I6MYBSG,4.5155973
A916DXE9W36GF,B01BCTMJZ6,4.4060183
A23GRXCXQU3SM8,B01AQNZQF4,1.3712605
AQ87G02DO56Z,B009AR5VAI,3.8652463
A1I96OYAUJ3HQE,B00UVLQOBC,4.9044
ANEZJAUOG31MG,B01G2YFYG2,4.7455225
AVJ8F6IFNLC4E,B01GBMRPZ8,4.174474
AW16PJHZIQPA5,B00ZDHZKKA,4.5059276
A3JVZY05VLMYEM,B01DFBBF5E,5.014718
A2N0V6GUH28XMN,B00K4C45PA,4.4627767
AFJO0OZZP1C67,B0130KVNKC,5.032814
A3OQ0WU2ZHM5J6,B00MTACTLM,4.51986
A3BTRKXD03KC4F,B01E2NULD6,4.7351665
A10PIB0GJZQHJA,B00U48LBZQ,4.9643703
A1F41PH89SL6JB,B00SIMWOY2,4.2991095
AQR5TV897ZGKZ,B010C3UFXQ,4.328219
A1FWLM5208ESO4,B00J9YWGTQ,4.0057178
A1IFWIZ62O12OT,B00PG4029Y,4.568033
A16N88TMHMXX1F,B018BL1LIY,1.3712605
A1GL9TYXPNBPGW,B00S75OIZ8,4.64314
A35DL4AZVRLAY5,B01GYPQQRU,1.3712605
AG4TROC6HMCRF,B0116SLML0,4.1013207
A3C713428J4MJ7,B014HGM9YM,4.472659
A3COJHCMSKHOES,B01GW1BZBI,1.3712605
AX59HEWTONQ1M,B01DLHCVQE,4.371057
A2PZA5XB74EIDB,B01BMODWY8,4.569501
A3H38968JZF6VK,B00I1GZAU0,4.3572364
AWNYF3812RWNG,B00L8A3BMK,3.9416394
A3C713428J4MJ7,B00JTCH5RQ,4.624127
A2X6O09LVHWKTA,B01DWNFGVE,4.9190226
A5KRI5P7KR7SK,B01GIX5F4I,4.6319075
ANKDQ12BPX6Z3,B00G9FJ6BY,4.403015
AK3LIR1TVZFVZ,B00VW0OLKM,4.310447
A23M3HDG0IWHWB,B01DRXCPXG,1.3712605
AAADYWOGSQ758,B0116MZUS2,1.3712605
A1SZ7SSVVG3VXG,B00CLZCRIU,4.5738306
AUJKYWUK14BZ2,B00OO65H90,4.3638577
A11N6ZJPEMVHYJ,B0073SJELI,3.869841
ADUI5YISBG6Z4,B00XRRAWYM,3.450871
A2YJ8VP1SSHJ7,B01H7HMP1U,4.8032293
ARF6JCH8L8ANV,B01FBIC51W,4.745971
A6AEJMW6IUOO5,B01FGJ3754,4.7592454
AZRPAHQG1VHR0,B017RFCQ5C,4.6290855
A2YJ8VP1SSHJ7,B00N1BXC8C,4.7051926
A1HXF0IBWTAP84,B010WM3TG2,4.7544384
A2MX7TA6LI8I4K,B012D9R9J0,4.447076
ALGAUZSEQQWI4,B01EKIELGG,4.124364
A3L8F13NKUQHQ1,B00OSAWTSO,4.7767596
A1RUGOMYCF8NF4,B01GIRX1MC,1.3712605
A3JVZY05VLMYEM,B010BDZ9MY,3.7476711
A12K5Y2SEANYW0,B01EO6IIM2,1.3712605
ARF6JCH8L8ANV,B016G5T1CA,4.366909
A3L8F13NKUQHQ1,B01AW25GRC,1.3712605
A2WEE1PU5NZVJQ,B00PG4029Y,4.568033
A2S5EPJ451WL3I,B015V0AKSK,4.503123
A28JLVMZBALBBL,B0165I3WGY,1.3712605
A1E614LDQVKOYE,B017W2XRGM,4.2353187
A141H51I3H4B1S,B010NQV6I0,4.409122
A2PJCE1T0AXDD3,B00WT2BNJ4,4.3234735
AGBGV16NY06FW,B01ERZFFSK,1.3712605
A31AABM5YDX347,B00O3R7VE4,4.3161583
A1LZ8PBGVH7IOM,B01BLX4C2Q,4.817035
A31X0GK7XMM59F,B00NMVS01K,3.9624557
A3IQ0P3M39IY8U,B005CM1S02,4.5620165
A3E8BQOX3OOUH2,B01GJA450A,1.3712605
AF7IKL1FN52K7,B010PHITOQ,1.3712605
A1CIS4LOWYGZGA,B00NGA41WO,4.230933
A2DZUQQXPNUGI7,B01BNWGPRK,4.069527
A1ACUN6A2LYVMW,B017EGZHFA,4.5595555
A69JQYYIUQFQL,B01ATXXTLE,4.497745
A1SUV0W0CB3KVM,B01GT5XDFS,4.2256036
A16N88TMHMXX1F,B01BT9OA3I,1.3712605
A1A085EGL86PB,B017E1XMPM,4.6644406
A3JVZY05VLMYEM,B01864DDVO,3.7530084
AVNDR3UMO7VU5,B00HG5JL34,4.2701263
A137UEIU93IFEF,B017H8DIBK,1.3712605
A1PSGA348YRV67,B00KFG51O4,4.2657523
A3JONP3MGSSP0F,B008UYTGSA,4.315375
A3GRUTOJXXE8FF,B01BYGNF64,4.792113
A245T0V8KVTV45,B01E6DT75U,4.540682
A3DQRNADNQWG6H,B01CBM44Q0,1.3712605
A2B42XZI4MXOLX,B01606ZZ8E,4.7891593
A29V7E1TFYXKJ,B00UB7TF1C,4.601762
A1ACUN6A2LYVMW,B01D10TPRE,4.683624
A14R9XMZVJ6INB,B00IDD9V1U,4.627643
A1TWV867HVZ60,B00O0CY3LQ,4.5609274
AKZH6MEXHWGLD,B018CHA2KK,1.3712605
A18OWTDGIZ0W2W,B00FQVMUMY,1.3712605
A1FI0I69UHS22T,B01F0SSM6U,4.6892514
A1K69VHP8LH96J,B006CC6ZTU,4.1738243
A3FA93L7JWESR,B00D5M4PTM,4.4093413
A1FYJN76V1V5GX,B017V6PZGO,1.3712605
A3ALMNUTJS22FZ,B0085WDNMW,4.261814
AX5KL9LWC1TG6,B00GK50H66,3.9461827
A13LERNQ8R7267,B017RMOW66,1.3712605
A3PB5W8OE59743,B012B68T6C,3.6714046
A2PQ680TRW8JFG,B00AB3F2RM,4.415641
A287J5FTWL99W6,B01B5BR1KO,4.443578
A14TBDIKFSOIX8,B01HCB4LFE,4.420326
A296HV17AZ10V9,B01ABDLDMO,4.4657536
A3K4HYYXZFODU2,B01BJST0FC,1.3712605
A3JVZY05VLMYEM,B016XLB9MM,3.8148909
A12RUNSGFAZFE7,B01HFFPC2I,4.196638
A1T77WWA0TSSGB,B01EYXVZAM,4.2378078
A1NPM2IW3DLO3F,B00GRGOL3S,3.6331372
A2VDLDSGSD32FI,B017S1KRCO,4.581659
A28SW1AQI0RADX,B00I9J9XAM,4.6109776
A35UQMVR4UJS15,B01G0NBRC0,1.3712605
AFQXMUALNERXZ,B016WQR86Y,4.5598874
A3747LNB8CNT5J,B00EH2E5IK,4.543851
A20Y0TCBU79GXU,B00UATSSYQ,4.207531
A2EGLWRK7PCDYH,B00RJC1NTY,1.3712605
A33ULGLKE24W5N,B01H0IOZM8,1.3712605
A1JMSX54DO3LOP,B00KQ2G81C,1.3712605
A3ULETCKQMVG7N,B017Y0YYJ6,4.500284
A35BKLDD2E04E6,B00Z4EAA5W,4.3025956
A10JAUCIGVRW9F,B00IZODKWS,4.3429112
AIQWMQ4JWKZ3T,B00ICTUW6I,4.493927
A257TD5GO1T81W,B00XTAEA90,5.0144897
A166K6TJTPDX8K,B01HCB4LFE,4.420326
A2CJ33Q2E7PUTQ,B0092K075C,4.014764
A2UVR7N8WC5GYY,B0135MRXRM,4.831877
A2S5EPJ451WL3I,B01EDDUAFE,4.576811
AL4D6OHMS2Z9P,B01EJ2BV0W,4.4651136
A2QC9Q8EVBI6D1,B01GYPPNYC,1.3712605
A1X2URS71RRMMF,B00BQMKC5O,4.531536
A3P2ROGJMLVZHN,B014LZJVAE,4.405812
A238ZC3TQJC8V8,B00K1HQWBS,4.560858
A3GRUTOJXXE8FF,B01EPCXCU8,4.721759
AIH41FDX1K0Z4,B01B76FUMS,1.3712605
A3LR0J8MJ3Q6SI,B01G264272,4.456704
A1HHSUAQDZ1XM6,B00U2YDT5W,4.398417
A1PUZIV4PYY4YM,B00JI6MP4Q,4.96088
A1RD1NM0602OQO,B006SMMW64,3.7375002
A1UH21GLZTYYR5,B014LRV75O,4.217498
A137UEIU93IFEF,B00OJFOI1O,4.3088684
A2J8WQHKV75MAS,B01B43XFKI,4.44965
A1LL39K926QN1V,B017DSORBE,4.749529
A1AFGQGTS66UYY,B00JI6MP4Q,4.96088
A1TVJ9WDRP0UZS,B017WLXUQK,3.788278
A238ZC3TQJC8V8,B015OS4436,4.3721533
A3HYB9AL7BZY4,B005UA0WOE,3.7219605
A1DJY8WVWPJ2H8,B016TNH8HE,4.7210917
A5KRI5P7KR7SK,B00QBFEV6M,4.419776
A16TE56LP5NUL5,B01G3UFLMM,4.7710013
AJL59IEBNETQ8,B019UHL0G6,4.4507885
ALN3RU7X0HJX5,B00CATSONE,3.740448
AGIFTDAFJEXVA,B00VU4WFLC,4.1616006
AK3LIR1TVZFVZ,B00M9TT8GW,3.521665
A1H10L6S9KZB2C,B00N0VI2OM,3.8852262
A2CZKERY4LUBVI,B00MQ2NPYS,4.4052277
A17IUHX3ADIE9U,B00OM12RWM,4.348691
A2S5EPJ451WL3I,B00IQVA7XK,4.424465
A3IAAKYJIX44EL,B00N992U66,4.3637934
A26GE9ZG68SKIQ,B00M0Y5PZO,4.2577744
A3IAJM6F3EBQ5H,B013XU5A8A,4.4255466
A2GWTB02UN6MTX,B0197OZW7A,1.3712605
A3HTBON5N1JCFE,B01C63GQQU,4.5421886
A1W49O3LYZ8GI5,B018F6H3U0,4.7038546
A15Q5MVRVBMKW7,B01DRBV052,4.582617
A2LF3KTH2T6RJA,B016QYF6PM,4.630076
A1IOR50CXI3C89,B018CHA4GM,4.434634
A387F6OFDVEDZT,B00JH66D1S,4.2837768
A7GZXYEZ2OMLQ,B00XPKE8GY,4.535129
A2AGAA1B2ORZW0,B0152U9LL6,4.2779026
A1EZD7IJOOAF6S,B0051EZBRM,4.443116
AFX2KR1VGYWLW,B00S5HPW6C,4.260721
A23SB7XAREYGF2,B00KQS1DJ8,4.0205317
A26V5ROE0OZCDA,B00EFKOFLQ,4.3566546
AEJ5A6HYUXJ8P,B01GT4NXU4,4.413016
AZPNSCZH6LW40,B01GAIHTSQ,4.5319886
A1XJXYKOWCH9XT,B00C5W2P7C,4.716822
AXVDFGI9OEIVK,B01G6H3LCY,4.624831
A22DD81HWADR6K,B01GPEDC3G,4.3610234
A3HTBON5N1JCFE,B01CSOU6S6,1.3712605
A1EC5E7T0YNFOF,B01CBM44Q0,1.3712605
A3RNQ7PNKEU1UI,B00YDI7CHO,4.6203556
ASR774IIR8VN7,B01914ZZHI,4.42669
AQ9M23BNJZRK4,B01BRFLLPO,1.3712605
A3CYA250L0DABZ,B0051EZBRM,4.443116
A1JXLTQ5VWPGGV,B01G264272,4.456704
A7M73HAH815DM,B017JRXATE,4.209863
AQ5HSBPNASYIG,B01G7RDFGU,4.9024878
A2KUR0ZBNV17AA,B009YLKRAO,3.9466605
A38J1EW6EKAV0Z,B005JT5DP4,3.7387545
A39N24TTLP6I48,B00ZEHLHM4,4.6633782
A1LIRBJD5ELW5Q,B01DTRFUY6,1.3712605
A1G2GYX8B4OH8W,B017WTF8TE,4.634597
ANKDQ12BPX6Z3,B00JHIJD5Y,4.355701
A1JNMSETGHIUZ2,B01A1E8WO0,4.2843103
A35CC2LV7L5GFE,B00ILWP2NO,4.4344482
A2TU13PFAZ7Z1P,B00TS3J5GU,3.99625
AM9YOCRU10IXW,B01HBTH0VO,4.668252
A2RO8I1XUKKUU7,B01GEKTEY2,4.5694613
A2JFYV4GVIMPCQ,B00QQOX6LY,4.729091
A2UJTG9XC4KISL,B01A1AWBU0,4.4578457
A2S5EPJ451WL3I,B00M8ERQ0S,4.346051
A7WOE5BJXO2N5,B00LMIWFUW,3.6817946
A10JAUCIGVRW9F,B0177475MW,4.375506
A2QROW66DKI83,B01540DXZO,4.7551546
A2PSERVP2IKZDL,B01GPEDC3G,4.3610234
A2W3RQOSC87P4A,B00LDQOZWO,4.378684
A1C1TL7Y4D7A9H,B01H5MF0JG,4.324447
A2BOKBB1IZA13L,B00629ZTOU,4.412785
A2FCH654FN672F,B0100NP05Q,4.185086
A3LZG1QQ1KMVX3,B01EQ2S2UM,1.3712605
ASR774IIR8VN7,B01GC37X7G,4.8056345
A1K4G4G02UIVEW,B00RNJLHS0,4.835768
A16N88TMHMXX1F,B00NC0LECI,4.301007
A3J5KG672GNB99,B00DPJ3J1U,4.4368806
AXVDFGI9OEIVK,B018V1TLPE,4.7951427
A1L30W7022M9Q7,B00GRGOL3S,3.6331372
A2ZJHEB8K8JZR3,B00P46P3XY,4.315802
A3R1EB0IGE3CC7,B00BELOQMW,4.251306
A13LERNQ8R7267,B01CIDR8N8,3.8734026
A16TE56LP5NUL5,B014LQ18CW,4.741007
A2ON53GR80JS8S,B00F64A1YK,4.1446705
A3L8F13NKUQHQ1,B00SRMFZ3A,4.1495295
A28SW1AQI0RADX,B01DJTWN0S,4.1751842
A3EI5NSXXCXQY5,B00N05R39I,4.74094
A3IQ0P3M39IY8U,B00PPDJ7OW,4.0174217
A35UQMVR4UJS15,B00LU5ORLW,1.3712605
A3A44JIMIWYFIE,B01EZ9ZKII,4.7889905
A296HV17AZ10V9,B0184SY5IM,4.4696064
A1DJY8WVWPJ2H8,B01EB1AHCE,4.5859146
A1KMD8HMYP57O0,B014BR4A3A,1.3712605
A1JS39D0NHVT3S,B013KAXWU6,4.6315994
A1NL7G5VN45RDW,B00VD0432M,4.4869595
A63YNBWLO7V18,B015D43O46,1.3712605
A296HV17AZ10V9,B0085G0UHE,4.5313725
A37Q71Z1BE6V9,B00H67YGUK,4.4562654
A3RR4H0D4L9HYN,B01FEIRT1K,1.3712605
AAZ73E56LMN7V,B00TUC75T8,4.7161694
A39CVMK2ZKEIK2,B00P6Q9A04,4.429664
A2OHRT539LLCUN,B009SGXWM0,3.8674412
A2D9OWZ1X0DVEU,B00PG4T6UU,4.111025
A24YALT0FFYFA8,B01BJXQMW6,5.024738
AY5R3F55U7WZ5,B00D9CMLNA,4.434908
A3526B1LCK47X9,B00P8F4RL0,4.3422966
A2DZUQQXPNUGI7,B00F50R0H6,4.2074413
A1CLGNWRCE4QKB,B00DE3MJ8G,4.5061793
ACVNKHUOX3QWU,B00Q5OG0RM,4.764136
A1VYZLUB3UXCR1,B0028OLDOI,1.3712605
A2SHWMWTXZLIR9,B01CBLURCG,1.3712605
A2MR87VMPFNFJ5,B015GB04IK,4.2308474
A2S5EPJ451WL3I,B00YQBSEKW,4.188277
A10JAUCIGVRW9F,B01HDKFB44,1.3712605
A31M3IJI2UTC4Z,B01AB1EQL6,4.5124655
A2SRUC3I2U1CAY,B01CBM44Q0,1.3712605
A26YZVV16S83MS,B01DUO8QXU,1.3712605
AXX9S5UGOEZR9,B018BYUPVA,4.3814774
A2BEDL4QXLEE3S,B0149IDQV8,4.352707
A2PJCE1T0AXDD3,B00HTJJST4,4.2771235
A1OZ3R75S8NAYD,B00XK6SIVO,3.9909983
AGIFTDAFJEXVA,B01BFZJW70,3.889635
A2HZ6MGQ6TPNO0,B00JNELJPY,4.2518253
A19MQI49YCA5SK,B01E5S9FUS,1.3712605
A39JEH2M5KY1HX,B015TWRVCS,1.3712605
A3COJHCMSKHOES,B0165I3VSS,1.3712605
AJL59IEBNETQ8,B01G0GIXJ2,1.3712605
A39CVMK2ZKEIK2,B00XZJ30FU,4.2002053
A2FR370CNM7L9,B01EZ9ZKII,4.7889905
A3OQWHOUM0U0QH,B015G747E6,1.3712605
A6SR7U2PNGN0N,B014M089YW,4.763629
A178S00H8B3YWA,B01BUMJMA0,4.803229
AAIDLB38IY7R6,B004V49FHA,4.4840136
A16N88TMHMXX1F,B00TBTC3HO,4.4001145
A2PJCE1T0AXDD3,B00Y9M77YC,4.810249
A2OAWG4ETZ7MQD,B016R0I2WE,4.1642265
A37Q71Z1BE6V9,B00N9RT7RS,4.7036533
A197W8MNF706HT,B01G7RDFGU,4.9024878
A2B9C3FMYW18UN,B017E2DKH6,4.2771473
A31K93JWWNEMAJ,B00V4VO3KW,4.0194354
A1P5YXP15B13SA,B00LAKB87S,1.3712605
A3CAIZ5D023DAO,B00S5HPW6C,4.260721
A1FAJ6G0KD5ASM,B00WBMKEII,4.2263556
A1J3WRDIB012CI,B017GGWXNW,4.799643
ADUI5YISBG6Z4,B00L2F5P02,4.4447546
A63YNBWLO7V18,B00PLZR6ZG,3.787754
A2XRKQZA534EWO,B01D24C6VQ,4.166882
A3V9J8I5FHAH19,B007PX6I10,4.4226074
A3JVZY05VLMYEM,B00TIUEVL2,4.977381
A24PEXYGCID15Z,B01HFFPC2I,4.196638
A183DRUR0UACQ4,B007HU7NXS,4.193822
A3CHUCS2CVKGI0,B00KKXTC2Y,4.5197935
A1MBL6RFT345MS,B00UCANMJO,4.1776285
A2OAWG4ETZ7MQD,B00HHCA47I,4.721791
A3H38968JZF6VK,B00ICTKZOM,4.4601016
AQ5HSBPNASYIG,B00X8YUF6E,4.576348
A26YRCLOTDIL0P,B00R67MD3C,4.3740964
AGTV0GXSP1SLA,B01E46BFJU,4.391746
A2IUIOTFRZHGLD,B01AQO16VQ,1.3712605
A3C713428J4MJ7,B00L2F5P02,4.4447546
A8YJFGILC2W38,B01FIJL2EA,3.6990552
A2EVKNQ71UULXI,B00N7K1BB2,4.3765564
A139X5E4RN7SUS,B01EMF4FXG,4.451413
A2U72WDAUX5CD8,B00SA5KFM0,4.4389315
A24YALT0FFYFA8,B01HFTVMXM,4.4001794
A1D7CDK7HS68NP,B01FPX3VYS,4.0441227
A1FCMIVQTWHYH2,B00DLSTT9Q,4.5296197
AIH41FDX1K0Z4,B00FEPGGJ0,4.432261
A22DD81HWADR6K,B016TG5V3E,1.3712605
A2HX0B5ELOPP5Z,B009DIU4EW,4.567409
A3K4HYYXZFODU2,B00VOYNKM6,1.3712605
A2N1XSD82O6XTV,B006ECFWBA,3.9042647
AV6ORIR1JV86P,B017HX13DU,4.193353
A37R3BNDHBIZTL,B014VPZHCU,4.4687333
A370VMDK3FZX5X,B00HI3MSV6,3.5861049
ASQNJGXL1BXWV,B012B68T6C,3.6714046
A19MXYAHMAC99A,B01EKPNQKG,4.0841722
A2YF0QVNVT7ZI8,B00KYWRUY8,4.9585967
AFC97KDPMJHXG,B01BJST0FC,1.3712605
A2Y7B4AASUOXM,B0098AUF7G,3.7282653
A1H10L6S9KZB2C,B017733NZ6,1.3712605
A9M7TOUJ3N4OE,B00T0WOGTK,3.793405
A2S5EPJ451WL3I,B00K2BX8WY,4.421217
A2B42XZI4MXOLX,B004VF69LY,4.4397545
A2UVR7N8WC5GYY,B01CSNZ15K,4.8354383
A1WQ920S5TIAWQ,B00LERZ5ZI,4.5955944
A16E3LZGPATT2,B00X8YUF6E,4.576348
A1XKTJ1XLTWLCQ,B00IRKQ08Q,4.499282
AX5NHGPX6G44A,B017099OS2,4.3011556
A36XTPY9IFYA5R,B00P8DE7YY,4.464507
A18EEC1ENOT9YN,B00G05X52E,4.214962
A26BT1R57DXMKD,B01FZP54SW,4.4378905
A2H44WVZS59KKT,B00Q102M5Y,4.737628
AUI3XAZ1513SI,B00PUSKH14,4.7507267
A2LSU90DNHL9CK,B00ALG6UW0,4.3391423
A3AQZ5F9U6E9ZO,B00NOCBDQG,4.7907276
A20ISU7TSX8NIL,B01B2EYBIE,4.247549
A3RDDEA1NKSMVC,B01ACLW2JS,3.9016485
A3A44JIMIWYFIE,B015BCX0OO,1.3712605
A2WDOEHN67OBYH,B01GQW4UQ0,4.6212993
A2EGLWRK7PCDYH,B00PBVRFUQ,4.5921273
A1OBQ5I31GW1TG,B017GGWXNW,4.799643
A1IFWIZ62O12OT,B00RZT2U5W,4.458128
APORGO15GFK60,B0165I3WGY,1.3712605
A83C3F4X0U3ZW,B01GJA450A,1.3712605
A2FJLSKL2IZSHC,B00DNI7UE0,3.6285172
A2JJ1DXY0F6355,B01F0MF6KQ,4.824233
A916DXE9W36GF,B01E2H3M1A,1.3712605
A1JLU5H1CCENWX,B01H0IOZM8,1.3712605
A2I0ZBZOWPP756,B017DSORBE,4.749529
A1DJY8WVWPJ2H8,B00LNJ4ABC,4.6280136
A2EGLWRK7PCDYH,B018PD0F9E,1.3712605
A3A44JIMIWYFIE,B01GYPQQRU,1.3712605
A1ZDSAPOGRGBJI,B00MD5VDNS,4.468843
A2FDDTPAER5DBO,B00KSFTUAI,4.6005793
AZPNSCZH6LW40,B017GQDZWU,4.453128
A3G7QPDLX3SDV0,B00KXJ69T4,4.473267
AHNGMRN1V1LPH,B00BQMKC5O,4.531536
A2DIX1VZU1CNPW,B004YTT2OI,4.0821686
A3A44JIMIWYFIE,B01AXR6KDU,1.3712605
ADT3692HEYU4S,B00UAZ3JVC,4.9825306
A16SH2BVYS9FL3,B01C4IAK5U,4.5435696
A2UJTG9XC4KISL,B00JNK590Y,4.2539883
A1NE9CRAQ0WUV,B00VW0GK1A,4.323241
A1HHSUAQDZ1XM6,B00HBJ693U,3.9515505
A2KZCKQSFWRJIY,B0174PTMU2,1.3712605
A2B42XZI4MXOLX,B013FJACFU,4.7218523
A504UK7D094HT,B00HTJJST4,4.2771235
A7GZXYEZ2OMLQ,B005UGMC78,3.8320794
A1SVKXS358TXW2,B0197OZW7A,1.3712605
A13J31ZJVVG2GY,B00V5T9A38,4.2726545
A2KUR0ZBNV17AA,B00T6N60XI,1.3712605
A25RC2LBHICQGV,B01348I31C,1.3712605
A2MK1L1Y74WTWH,B01E6DT75U,4.540682
A1B88VE5O3J9CQ,B01E2H3M1A,1.3712605
A253ZKSZTAZ8W7,B00DCHAV2K,4.46163
A13J31ZJVVG2GY,B00TYER2BI,4.284141
A2B42XZI4MXOLX,B01GBW546U,4.630163
AICEEONZRFNJY,B01E2H3M1A,1.3712605
A3SW80W0MUWHAV,B00UT0VAD2,4.3227186
A1ZDSAPOGRGBJI,B01GDCDGL8,4.7708826
A202A0SM6MHKMN,B01BUMJMA0,4.803229
A1ERDA4ETW7FP,B011K698S2,4.4767833
A245T0V8KVTV45,B00PRA4CUM,4.441362
A3JVZY05VLMYEM,B01GBYFK1C,4.385602
A37D3BRKS7OO2L,B00OYWP438,4.428608
A15EI56DL57DZC,B00XLS3FIW,4.213655
A28JLVMZBALBBL,B01AQO16VQ,1.3712605
A1NE9CRAQ0WUV,B00OYWP6G8,4.880468
A1KE19CDYIO2YN,B00TM8ROUK,4.3788767
A24H5TP8HNEKQZ,B005KV1EHW,4.4403076
A3R3Q8YO6VB0N8,B01EQ2S2UM,1.3712605
A296HV17AZ10V9,B00OV9EXLS,4.237132
A1W48IWJ8A610S,B007I87NW0,1.3712605
A2TX3PH7TXFRE9,B00TO2TRV8,3.9117641
A3A44JIMIWYFIE,B00STQ6W7W,4.7450047
A2NEC2R4PV553,B010PHITOQ,1.3712605
A22FAHV2R6BUVR,B00EWTMO7W,4.221901
A3N6TV5T5JSG7K,B00N00BM2M,4.607712
A1DJY8WVWPJ2H8,B00FP43PP8,3.7303505
A10JAUCIGVRW9F,B00IJFYICO,4.377207
A1CL3FS67LX1YW,B00TSXRDW8,4.351411
A1PMXOPB5EYC54,B016LQPHRM,4.6986046
A2BU8F7WVY26UA,B0104OFHEK,4.094095
A190TSUIRJIFUK,B00ZAQOAXW,4.183399
A137UEIU93IFEF,B009BQN3MQ,3.8336055
A1SH6H9ZY9AJV9,B00FW18W9I,4.353055
A245T0V8KVTV45,B014GAK1R6,4.244827
A2VSFHELFF7ICE,B01CWZH814,1.3712605
A2BOKBB1IZA13L,B00VN6WB66,4.448132
A3OEKEUC8HCZ2I,B00DCBMEQW,4.2181735
A2MR87VMPFNFJ5,B011HC6Y1I,4.3386593
A1JLU5H1CCENWX,B01E2H3M1A,1.3712605
A3526B1LCK47X9,B00JX5YROI,4.457293
AQFF452SVDF48,B00H2ZK6FU,1.3712605
A2F2878HE7XOM9,B00JLHHYWA,4.227477
ADUI5YISBG6Z4,B0177A1OP0,4.7361217
A38J1EW6EKAV0Z,B007Z4WSOK,4.5673323
A10AWAE0F6CAP1,B00O26GDSQ,4.315077
AHMV0N47XOIMZ,B00CGFGS3A,4.4144716
A1W9V4O3GA6996,B015L2UR1S,4.388928
AF85CAX5BR5IM,B00TGC71K0,4.1782513
A39N24TTLP6I48,B00LNJ4ABC,4.6280136
A1DWI3TBD5RZ4J,B00HIVDZK6,4.5590496
A2U79NOE9VJQSF,B01AQ14XL4,4.53051
A2MD57B122PGJ1,B014BR4A3A,1.3712605
A3IQ0P3M39IY8U,B00MUW6TF6,4.376797
A25UO1J9IM3R5Q,B015T6EYEW,4.108702
AOLHNMI8G8R6K,B00JTCH5RQ,4.624127
A1N5V2UJOC1BY9,B01EW6DERI,4.5924025
A2PZA5XB74EIDB,B00VGSN214,4.185317
ATTQEF12BAZNC,B019S2I4HG,4.7534585
AK3LIR1TVZFVZ,B00PPFQK22,4.266211
A2QEVQMB8B08UQ,B013R6F8CS,4.418112
AT8FSIABOPFMJ,B01D28JE0I,4.119434
A3J9BHGK55ZPJO,B00TBTC3HO,4.4001145
A2K3C9H73QW8NK,B01BFYBH24,1.3712605
ACVNKHUOX3QWU,B000JMKRTI,4.649997
A23SB7XAREYGF2,B00Q9QAF9A,4.472309
A3IQ0P3M39IY8U,B00RZT2U5W,4.458128
A1YZCADBVKWC9X,B01C8CLGR8,4.5417004
A2DUM12AUHUHXM,B00VOYNKM6,1.3712605
A2NLY1TJ8TYV6D,B019D7D3CC,4.526481
AA9PKGS1AJS9V,B00RJC1NTY,1.3712605
AK56P9TMUDM8F,B0165WFUKG,3.7980485
A14CRMGM3ZW3SP,B01G94M7XI,4.6898417
A2V85U4LG9CNMC,B00TECTTFC,4.864602
A16N88TMHMXX1F,B00U9I7K6U,3.732534
AXOY11IDEONHE,B01GSRNLOK,4.8383393
A2Z3DQ7P9JYRLG,B00ZNE45BS,4.095746
A1J0R4BQMKXZMF,B00O26GDSQ,4.315077
A1EHES82IVVS9C,B01GBYTK36,4.7729483
A2LAII96I1O1IY,B00UDQTS40,4.4625306
A2PSERVP2IKZDL,B011IXZ6KQ,4.4838204
A3FOL8CN5A1TFR,B00LI485VI,4.736206
A414YEU57FUHJ,B01C8CLGR8,4.5417004
AQ9REGZ6HL9AO,B016TG5V3E,1.3712605
A1W49O3LYZ8GI5,B01CXL5YV8,4.4000826
AM9YOCRU10IXW,B00BOVLVCU,4.354472
AS09YZV00HGLO,B00K0YPPME,4.490982
A2LMF4HG470CNF,B00UZM2O52,3.7582216
A3V9J8I5FHAH19,B012FAXT0U,4.8298683
A2Z3DQ7P9JYRLG,B00LZA6C88,4.6310806
A1FHWVQ0ZMFFQK,B00CP7M572,4.4953594
A2O37WEGGS6NF,B01GZ7IMJC,4.7363143
AEO8TLBXYU569,B00DRFQRIO,4.327239
A3P2ROGJMLVZHN,B01AJ6SEOS,4.032685
A23ID71VXIBR8T,B00W891R26,4.1533127
A2S5EPJ451WL3I,B00L2F5P02,4.4447546
A1LUNML2IDLSLN,B01GJRQKBK,4.624884
A31G4MNGZNYSZI,B013QFWB7K,4.4217815
A2RO8I1XUKKUU7,B01GGNXFEW,4.7353272
A1F41PH89SL6JB,B00PG3NQBQ,4.3157315
A2RD5P62OJNH8C,B01HFTVMXM,4.4001794
A13LERNQ8R7267,B01C9B2R5S,4.425305
AHMV0N47XOIMZ,B011TI8CTW,4.715519
AZPNSCZH6LW40,B01ECOIDHQ,4.530413
AUII0MVONK1A1,B00PMH3R3I,4.788945
A2PJCE1T0AXDD3,B01BHE3H1G,4.652619
A1LL39K926QN1V,B015TWRVCS,1.3712605
A6ZT9EZ49JTEL,B01FLJUZ0E,4.78893
A2LAII96I1O1IY,B00XAGLZWS,4.550901
A202A0SM6MHKMN,B01HF6OU70,4.9502125
A2Y7B4AASUOXM,B01EDDUAFE,4.576811
A3DA91KQ8UQ76Q,B00V8L0G5O,4.377984
A2OAWG4ETZ7MQD,B00PG8UCH2,3.9119601
A12E7WMO5NX1Q6,B01ERZFFSK,1.3712605
A1K69VHP8LH96J,B00JNK590Y,4.2539883
A1W49O3LYZ8GI5,B007PX6I10,4.4226074
A23TQDWMUA4F6Y,B00U48LBZQ,4.9643703
A16N88TMHMXX1F,B019OYETT0,4.571884
A1630ADTTI0JLO,B013FJACFU,4.7218523
AVNS35OHR3D76,B01FRK7VO0,4.8993216
A2S5EPJ451WL3I,B00K395P12,4.2074113
A36XTPY9IFYA5R,B01B6WT11Y,4.302938
A63YNBWLO7V18,B015V0AKSK,4.503123
ANKDQ12BPX6Z3,B00DRF2602,3.803306
ABTPG9K6K74W,B00MIH3P0U,4.367659
A2QROW66DKI83,B01D0HVU76,4.7189994
A3GWE80SUGORJD,B018CHA2KK,1.3712605
A10Y597K071WTQ,B00PQWJQGG,4.832388
A3JVZY05VLMYEM,B010QZIGBI,3.7561903
A1Q8VGN4CN0JHT,B01HBTH0VO,4.668252
A267QVSAPZCRT7,B00N12ERCG,3.6367989
A2V8X8MTCE868O,B00M3GWXHW,4.478401
AVOPHZPWGEODY,B01GM4MH6C,4.549322
A1OKS5Q1HD8WQC,B016WK3XZU,4.599206
A1HHSUAQDZ1XM6,B01EMF4FXG,4.451413
A33JTEMYGCO69V,B00SEFGTYO,4.509238
A3GEKHTOCDSCBT,B00D2Y3BFC,4.4960093
A26V5ROE0OZCDA,B013QFWB7K,4.4217815
A35TIIYV9908KE,B0118DAWR8,4.469868
A3J5KG672GNB99,B00N9RT7RS,4.7036533
A1LFIFPYMOJ8RV,B00JX5YROI,4.457293
ANS3TWQTZLXGN,B01A4ATX4E,1.3712605
A1I96OYAUJ3HQE,B01HCB4LFE,4.420326
AQFF452SVDF48,B014C5K4WC,1.3712605
A2QBQRIM4WRRG3,B01BUQM4BU,1.3712605
A257TD5GO1T81W,B00F64A1YK,4.1446705
A3IQ0P3M39IY8U,B00YQBSEKW,4.188277
A3DVGQZY2MBA87,B01GM4MH6C,4.549322
A3LR0J8MJ3Q6SI,B00O26GDSQ,4.315077
A2539ZDDALTYR7,B007J4A4KQ,4.6777744
AIKGKUGNQ6L2F,B00LKNP8DU,4.4066744
A2MK1L1Y74WTWH,B018F6H3U0,4.7038546
A1E29AF1LT9N6S,B00JUV8JPS,4.481008
A10C3068FTNIOC,B00UDQTS40,4.4625306
A2PQ680TRW8JFG,B00YQBSEKW,4.188277
A2EGLWRK7PCDYH,B00N57TJZW,4.5097623
AX7QPL1UI24F7,B01EMF4FXG,4.451413
A2TWXEO3YM4OAP,B0070JOQHM,4.253945
A36I3CE9A5LP9N,B009YLKRAO,3.9466605
A12RUNSGFAZFE7,B00R1XYQYA,3.8857427
A3CYA250L0DABZ,B01A9BTUBY,4.206715
A1ZDSAPOGRGBJI,B01BA8ZTBA,4.88014
A1121LU5RSP5CH,B0197OZW7A,1.3712605
A2PF014MHWXCT5,B00CS74GE4,3.8202415
A1MIXHFSMNEE42,B00DIJMJKO,4.1467247
ADT3692HEYU4S,B00QOMN6JK,1.3712605
A1YAIBG1N7N5VV,B00HZ3NG74,4.2614946
AQFF452SVDF48,B019B6TWFC,4.489931
A1HHSUAQDZ1XM6,B004YDN934,3.7752857
A3C713428J4MJ7,B019DZKCTQ,4.7821307
A222WQ9VGVPSR5,B01EBXU2TK,4.4406233
A1L9DJQ5BS13S9,B010C0Y77O,4.5678353
A10IXICTN64ZSV,B015B839PS,4.5693927
A2LAII96I1O1IY,B00R6K0JM6,4.375271
A10JAUCIGVRW9F,B00N7K1BB2,4.3765564
A1D427FYPTSWR0,B00SO0DWK8,4.2270746
A2826FTZACYYNO,B017J556C0,4.8610334
A1NAXYNAOGJIGN,B00CCVVKMW,4.423863
A2MK1L1Y74WTWH,B00UGG43UQ,4.425432
A2Q439D72KOQME,B00E42TZQ0,4.1994314
A1FREKK8605YKK,B017RUWG84,1.3712605
A2RBLZC3MJ5FNM,B00TYYW7M2,4.2479258
A2D9S6V1AFXOAO,B00TQ8W4KG,4.434228
A13JQT6036JF,B00UY3LLY2,4.6332226
ABNZCEB0CF7MP,B00KEFZQ14,4.422468
A27OS7Z94VXCYF,B00T6HTTZK,3.8672915
A13J31ZJVVG2GY,B0165I3WGY,1.3712605
A3L1Z0R3ZB2OFU,B00XST7U3U,3.5791967
A3A7FF87LEVCQ1,B00L0LQCQ4,4.437353
A3YPNGXQCY94U,B01CWZH814,1.3712605
ALGAUZSEQQWI4,B015BBZB1K,4.4871264
A3J9BHGK55ZPJO,B005JVSU2U,4.4395447
A296HV17AZ10V9,B00G0TI2I2,3.9449825
A7GZXYEZ2OMLQ,B00GRAZD3G,4.4427557
A37P6T3YZ8KY2F,B016XEZDB2,4.185559
A15Q5MVRVBMKW7,B00F77FFMO,4.42433
ALGAUZSEQQWI4,B00LKRDIUG,4.120418
AL4D6OHMS2Z9P,B014RCH66M,4.2496543
AXX9S5UGOEZR9,B00LS6MCMY,4.389395
A3SMTE1XV2GC78,B01AQO16VQ,1.3712605
ASUZ2V9ZK5DXS,B00NLO7O38,4.0691195
A137UEIU93IFEF,B01CIYUPUK,1.3712605
A2UJTG9XC4KISL,B00TWUUBUI,4.4432883
A3RR4H0D4L9HYN,B0095LNU3O,1.3712605
A19MJXG060UDTA,B01EMF4FXG,4.451413
A1DF6JO4KFE5X1,B01F18XC50,4.6880107
A1JLU5H1CCENWX,B01CBM44Q0,1.3712605
A2MR87VMPFNFJ5,B00EWRZG5Q,3.7687616
A2RBLZC3MJ5FNM,B01F8PWUWW,1.3712605
A23V31AXVPHVJV,B00RUSH6IE,3.9478238
A38TZJEVGI7OJN,B018A097LO,3.9416633
A2PZA5XB74EIDB,B00T8A4H0M,4.1045575
A2RQ5IRWRU0TVO,B00LLSZDOI,4.6865277
A1UH603GXL3ER2,B01B0QXBA8,4.8031683
AZFENNBSMN980,B00KDJNAIW,4.596656
A1AMO1E4FMSUQA,B0104EOJBM,4.280824
A2A1U239S7ZVL1,B00F8KSVAS,1.3712605
A1WKQ3TEEAOTFH,B0189PJNM8,4.7432075
A1DYMH30TSRONY,B00X2FDZKW,1.3712605
A3P43CX5G4GR7U,B01GZ7IMJC,4.7363143
A3VJ8H6PYWOP1C,B01GT44VLO,1.3712605
A16TE56LP5NUL5,B01CBM44Q0,1.3712605
A37KLLG8DXL5J7,B01FQ57CRC,1.3712605
A296HV17AZ10V9,B00TBTC3HO,4.4001145
A1AMO4S4I575LQ,B00L8LCAJY,1.3712605
A17KGW8IYD63JR,B00S5Q1W2G,4.744204
A28KZIYDZQRGGY,B0174PTMU2,1.3712605
A3DJ1IVSPDTMW5,B0150C55HA,4.378352
A2XKX0EWBR2ZT0,B0141FEF1O,1.3712605
A1A43F9O4PEBU5,B0116SLML0,4.1013207
A3MTU1QAMYEAX3,B00NB3LMEG,4.100997
AVNS35OHR3D76,B00RJG95M2,3.8210936
A1JADDWR1H3M0I,B0118DAWR8,4.469868
A24Z79OS5VQA7Y,B01GQE49E6,4.61484
APDBYAGNSIIXZ,B01E2NULD6,4.7351665
ALUG4B13HWSBF,B01DRKRODK,4.5219216
A1GXJZGFR0BPJH,B00T3FLMZU,3.6945324
A326085M0DK10B,B00IU69PTI,3.8613706
A3LK5ALS0KX73V,B00QMXXG3C,4.0808015
A1L30W7022M9Q7,B015BBZB1K,4.4871264
A3FA93L7JWESR,B010ORALRK,4.3680243
A2XRKQZA534EWO,B0184SY5IM,4.4696064
A2KUR0ZBNV17AA,B00DGYKGQ0,3.9503646
A29Z1G9N7ZVFU5,B010W9HEUW,4.939235
A15VZ8KA1KH8ES,B00TBTC3HO,4.4001145
A1ZV5XBKG7RVZU,B00LE4Q370,4.352268
A2S5EPJ451WL3I,B00LS6MCMY,4.389395
A2V5HEEE7YLXMI,B00CIAD6UQ,4.356957
A18LI83Q1F5DKU,B00LAKB87S,1.3712605
A15VY7B7VJ3UNY,B0104EOJBM,4.280824
A1JLU5H1CCENWX,B01CYTLPPI,1.3712605
AV6ORIR1JV86P,B01E7HPRT0,1.3712605
A2L15MBNQU7O6G,B00XWCHNIU,4.7676888
A1D2C0WDCSHUWZ,B015BIHKH6,3.861486
AGCQUDUCJRV0B,B00V50VSUU,4.4729414
A33ULGLKE24W5N,B017RMOW66,1.3712605
ADUI5YISBG6Z4,B00LMIWFUW,3.6817946
A1WK64OV93G9TA,B00O6HCBNW,4.280732
A2PZA5XB74EIDB,B01G3UFLMM,4.7710013
A281NPSIMI1C2R,B00O5KVZEG,1.3712605
AV6ORIR1JV86P,B00YAVNORQ,4.286261
A2FCH654FN672F,B00RY4ZKZ0,4.026501
A1XLO4OQO7SF3Z,B00O8CFKKG,4.355283
A2UNMDJYXPEQZ3,B010GTEQ9K,4.267618
A7GZXYEZ2OMLQ,B00Q5OG0RM,4.764136
A2BOKBB1IZA13L,B00HTJJST4,4.2771235
A10JAUCIGVRW9F,B005CM1S02,4.5620165
A24NC3WOFW7LHT,B00SXNYCU0,4.78549
ADT3692HEYU4S,B00XIHMD2K,4.830704
AZFENNBSMN980,B01BRFLLPO,1.3712605
A369BMHORFPL0O,B018A8EDV0,4.3626165
A16N88TMHMXX1F,B00LHDANFG,4.1012616
A2B9C3FMYW18UN,B01CT5K792,4.615276
AXX9S5UGOEZR9,B01BFYBH24,1.3712605
ASR774IIR8VN7,B00BPTTFOW,4.1342797
A1HHSUAQDZ1XM6,B00K31DCD8,4.256306
A36N7KTS8JMR4L,B00XB6M0OY,4.6196527
A27OS7Z94VXCYF,B00TO2TRV8,3.9117641
AX59HEWTONQ1M,B005GHQ9IY,4.0374165
A1NL7G5VN45RDW,B01B0QXBA8,4.8031683
AZPNSCZH6LW40,B01FQ57CRC,1.3712605
A1XKTJ1XLTWLCQ,B01D2CC1EU,3.747641
A1E1IGWRW974JG,B01AXR6KDU,1.3712605
A3E1OKXRVUNNU1,B01FQ57CRC,1.3712605
A7W8CXJOH3UNV,B010C0Y77O,4.5678353
A1IE93W5OH9MGR,B01F5KX678,4.472805
AQ5HSBPNASYIG,B00TECTTFC,4.864602
A1EPVSC849EI9R,B00P9RVW5G,3.7504401
A326085M0DK10B,B00L2II2AY,4.3597484
A3COJHCMSKHOES,B01AQNZQF4,1.3712605
A1XJXYKOWCH9XT,B00FQAQQ9I,4.0891886
A1LIRBJD5ELW5Q,B01A1WX2ZG,1.3712605
A296HV17AZ10V9,B00AXTM8G2,4.4245086
ARF6JCH8L8ANV,B00Q5IJ55C,3.691904
A3BTRKXD03KC4F,B01B55MQ5K,4.5950785
A2GO4VWZWTL7ZC,B00MQ20P28,4.5633345
A8RL5L4BJTEMB,B00XIHMD2K,4.830704
A3PVBW0TN46U8G,B01B5BR1KO,4.443578
A296HV17AZ10V9,B01HDLC4C0,1.3712605
ARWMPJN499ZJ,B00LZA6C88,4.6310806
A2M1QYOWLBGRHT,B00XLUEMYQ,4.271489
A1E29AF1LT9N6S,B00BWDMEBC,1.3712605
A83C3F4X0U3ZW,B004ZM8O3O,3.836903
A1NE9CRAQ0WUV,B019KNRPU0,3.8280492
A7M73HAH815DM,B01CMYB5CI,4.6198225
A386CNLWZUF3EH,B00YO2UO9M,1.3712605
A2MEKYD68X8R8H,B016XFRQMA,4.0408025
A142HAT43L5W4W,B01GYPQQRU,1.3712605
A202A0SM6MHKMN,B00GUZ195O,4.364843
A219Y76LD1VP4N,B00LOTFY1Q,4.1170464
A22B7J3YC4623X,B01FBZXSI4,1.3712605
AF7IKL1FN52K7,B015BCX0OO,1.3712605
A27OS7Z94VXCYF,B00ICTUW6I,4.493927
A11TXTVCFT246T,B00OGOBL3Q,4.3950005
A1NE43T0OM6NNX,B006RNBI6O,4.366068
A6ZT9EZ49JTEL,B019LZJ5H8,4.155319
A24KZL47I6CH4C,B00QQOX6LY,4.729091
A1LFIFPYMOJ8RV,B00VN6WJFO,4.5241265
AK3LIR1TVZFVZ,B00MQ00LEM,3.9416857
A139GUSKBRWPIT,B01CDN543O,5.064768
A3SJW9YR903G3,B00YN6XHMU,4.2758093
AS68HOKD544K6,B01FB6YRH4,4.8945227
A1UH21GLZTYYR5,B00INIXG66,4.367802
AJ80WW1T5KJIC,B01324YJ8Y,4.2458353
A1LIFH8XF44LMI,B01DFJLD62,4.5080366
A387F6OFDVEDZT,B00CW44YIQ,4.27572
A1F081M2MZFBQ3,B00TYV0WSG,4.7328506
A3AM6MXENFRF3G,B00NLJHSQ6,4.150817
AQ5HSBPNASYIG,B00KVQZSF0,4.5333185
A3LH8IBNEFV1GZ,B01BN5LB7Q,4.4827394
A24PEXYGCID15Z,B00WBMKEII,4.2263556
A1LBXPSSVZVIM0,B00QNZGJVA,4.4891076
A26GE9ZG68SKIQ,B006R7FXFW,4.969921
ALYI8YM90TPD1,B00CJV6N0Y,4.7509255
A17EGVTXRDFTRS,B017ATNDY8,4.5395894
A2989UZHTNXKM9,B00RSQSZVU,4.2032776
A2ZJHEB8K8JZR3,B017ATNDY8,4.5395894
A3BPKT9STRWWQG,B019YNUPFI,4.278272
A1K8LHF6NILUG3,B01GZ7IMJC,4.7363143
A1NE9CRAQ0WUV,B01AAXMLVW,4.538816
AJUCQMDI0QA3I,B01BRFLLPO,1.3712605
AJYEWC922WUNC,B018CHA2KK,1.3712605
A2B42XZI4MXOLX,B015JQUCU2,4.584369
A1VE539RO5061D,B01DN1BLKK,4.436315
A10DX94ATZQEFG,B007PR34G8,4.4972754
AN5L4HOQ6ZZOP,B005G7ZFXY,4.2722654
A26KWG162U8VBQ,B01G5Y6DAA,1.3712605
A399P4ZD91MS1C,B00H62TMJA,4.638665
A3FO728397JFZP,B00SZDH08Y,4.579111
A3VE7N2XUI8C3K,B00UJEGURO,4.4921136
A1DWI3TBD5RZ4J,B01DH6EQ9O,1.3712605
A8A49ZBLUK9BQ,B00LAKB87S,1.3712605
A3DQFF08361SM1,B0192UONPG,4.626513
A1CIS4LOWYGZGA,B007MIITQA,4.2301826
ATZOHBDX5VNKJ,B00PUS8AEK,4.3998404
AUME0VNK7J2MP,B00QXFNP62,4.1151896
A2N0V6GUH28XMN,B00KE8RLV4,4.44256
A37Y75XN6SY5YL,B00BWZAC6E,4.465473
A7HZKJID44JZ3,B01BO68BBI,1.3712605
AX746FITV1G72,B01CERDE8G,1.3712605
A3QU0T2MAJ2VJM,B01CW54QN2,4.43279
A2BU8F7WVY26UA,B01DJWPF6Y,4.4424024
AZD488SA9QMYF,B00P8F4RL0,4.3422966
A2PSERVP2IKZDL,B01HDNEFGQ,1.3712605
A2MR87VMPFNFJ5,B00G8UKDQ2,4.7796106
AQ87G02DO56Z,B00RO7302W,4.222221
AXX9S5UGOEZR9,B00H3HRWDQ,4.2186885
A26GE9ZG68SKIQ,B00LVD00H8,4.575948
A6ZT9EZ49JTEL,B00H86G7JW,1.3712605
A2ESCA4MLAK1QF,B015BCX0OO,1.3712605
AWG9YC0S5ZXRQ,B01H62L5GW,4.0854807
A1V9310YS86T7M,B00TI0T5IQ,4.634064
A30DNZQPIYZ6KX,B019KLR688,4.646324
A3QY3KER34QGCS,B00IKKZTPI,4.6166677
A322AOTMV72JED,B016LOWN3K,1.3712605
A2F63GO7VQCMJ7,B0190HN0DM,1.3712605
A2ZJHEB8K8JZR3,B0165WFUKG,3.7980485
A3G31IWKH9ALT3,B00ZYX46P8,4.502054
AHMV0N47XOIMZ,B00CSBQ5YO,3.8400223
A1NE9CRAQ0WUV,B015AF419U,4.703314
A2H44WVZS59KKT,B00R04OX3E,4.0856957
A6SR7U2PNGN0N,B00U9WZPFY,4.5426006
ASUZ2V9ZK5DXS,B01FOEQRNA,4.067309
A2DIX1VZU1CNPW,B00LYD3TZU,4.371374
AGT5F6R7R53LR,B00JS7CSVA,4.468403
A1V4LZS4HHHH6K,B00VOYNKM6,1.3712605
A26V5ROE0OZCDA,B00H8TBQCC,4.3402815
A1HB17E2WYXZ7J,B01CBM44Q0,1.3712605
A1V4LZS4HHHH6K,B017RMOW66,1.3712605
A134C9GVEU5TQE,B00TOZ9EC2,4.6090994
A2K057YIAJJQXS,B00X8SCJCS,3.9242306
A23SB7XAREYGF2,B00R0SMBXY,4.3566966
A287J5FTWL99W6,B01FKDKB96,4.5540366
A2B9C3FMYW18UN,B00UGEZ5EQ,4.3714886
A2Y7B4AASUOXM,B00AVQAFKI,3.722427
A10AWAE0F6CAP1,B01BRFLLPO,1.3712605
A23GNQPTX5CJIF,B00SWMCZWE,1.3712605
A2OHRT539LLCUN,B00GBFJ1IA,4.3563523
A2RO8I1XUKKUU7,B01C7NYWBK,4.506019
A2XH6KI5ZLRLPS,B01HB97HVC,1.3712605
A3JTJ1E8NK7DH1,B00L0OKIT8,4.5953107
A1KRKONSKSM8FS,B0168RN7ZS,4.355157
A1XKTJ1XLTWLCQ,B00CNVVJ68,4.4310737
A0020356UF96ZV361ST,B00H6VZ0SS,4.8099823
A2B42XZI4MXOLX,B01A5CT9X6,4.570168
A3OA2NNV9REWOU,B00DLSTT9Q,4.5296197
A2EGLWRK7PCDYH,B00HTJJST4,4.2771235
A3T5H007CVA99X,B0122DECEW,4.85631
A3CYA250L0DABZ,B00OJFOI1O,4.3088684
A1I96OYAUJ3HQE,B01F2WTGFK,4.529643
AG63N054UPJH2,B0057QO8Q4,4.124588
A2RWL2UG5PAFAZ,B015BH04E8,4.6410136
A39CVMK2ZKEIK2,B01C1VAR5S,3.7872338
A35M5NTEVHKVB,B00O7WX2WA,4.4217243
AJL59IEBNETQ8,B01A1E8WO0,4.2843103
AST0YDHJJR65Q,B00C0D2MAQ,4.3602934
A17EGVTXRDFTRS,B00J3GS5O0,4.374217
A1KRKONSKSM8FS,B01DH0L20G,4.7856984
A2VTPPOUWOT9AB,B00NZGCO6O,4.2088923
AHF5R86S1Y6YK,B01DRXCPXG,1.3712605
A2AGAA1B2ORZW0,B01DRXCPXG,1.3712605
A3JHMDPDDFUSLV,B00JTDZ1YE,4.1879573
AV6ORIR1JV86P,B00R6K0JM6,4.375271
A3L8F13NKUQHQ1,B01EDDUAFE,4.576811
A1CLGNWRCE4QKB,B00K7T1BW0,4.566071
A3SQGNV2O7WZEP,B00XAGLZWS,4.550901
A26V5ROE0OZCDA,B01HCB4LFE,4.420326
AQ87G02DO56Z,B00CCVVKMW,4.423863
A2KVGS0V3LJKA3,B00XGIEM52,4.3314714
A3ECPZ9TMT03MC,B01AQO16VQ,1.3712605
A1FEZ774RWJOU,B004WSQNBG,3.9566574
A1FAJ6G0KD5ASM,B00V5T9A38,4.2726545
A3QGQPGW6PSY46,B014HMUXUI,5.1081233
A238ZC3TQJC8V8,B01D24C6VQ,4.166882
AXMNLUJHA9RG7,B01BN5LB7Q,4.4827394
A504UK7D094HT,B00NY7PPCY,4.35456
AHFKFSBQJGO0R,B01DP92DG6,4.3820252
A2QM4ZF6N1SI4S,B010W5GLWI,4.4342747
A2JFYV4GVIMPCQ,B00N1BXC8C,4.7051926
AMUH4FGZCFJFF,B00Q6YLPJ4,4.1558776
A23SB7XAREYGF2,B0050YUL0A,4.2807903
A10AWAE0F6CAP1,B014LZJVAE,4.405812
A1Q3SVFIAWX5YN,B018CLWNS0,4.236559
A2HZ6MGQ6TPNO0,B014HI58O8,4.7925844
A2SHWMWTXZLIR9,B01BJXQMW6,5.024738
A29V7E1TFYXKJ,B00L6O5EWI,4.4537945
A1XRE1S3BLHK3X,B01CEUZT8G,4.666173
A3RR4H0D4L9HYN,B01DJZ7G5E,1.3712605
AX0ZTNX6KVJ40,B018KVO970,4.149828
A1LEP3FM28J5RB,B00HVJNAXC,4.2647605
A18EEC1ENOT9YN,B00ZOL1DRO,4.0070333
A31M3IJI2UTC4Z,B00LKNP8DU,4.4066744
A1DM1NR2C770LX,B00NWR78L2,4.107109
A3LNU5OKNIZV21,B0092PUTZK,4.790942
A1FUH1O6FCTUYG,B01H0UI0QS,1.3712605
A2NDDUI5L26D3Q,B00OE67LVW,4.3785224
A2CRXKJCP51LQK,B001BXNQ2O,4.408015
A1UH603GXL3ER2,B007Z4WSOK,4.5673323
A281NPSIMI1C2R,B00SEOFREI,4.954591
ABGK3RNJSLQ38,B004W9BX7Y,4.099609
A2AGAA1B2ORZW0,B00X8SCJCS,3.9242306
A30V9M9DZW8SFU,B01B5BR1KO,4.443578
A2MR87VMPFNFJ5,B00TZ8TK54,4.1476355
A219Y76LD1VP4N,B00LAKB87S,1.3712605
A1DC00T32U26HC,B00JRDGZN2,1.3712605
A2OAWG4ETZ7MQD,B00ROILZ4Q,3.8684726
A2M1PNKPRUCQYL,B019VTO2P4,4.4872513
A3DJ1IVSPDTMW5,B013QFWB7K,4.4217815
A3N9UT7F50XA6L,B01F2EXCF8,3.8789825
A1HLSH6U9OL29L,B013FJACFU,4.7218523
A2RYT2UPEQXUAV,B00ECBS5OQ,4.3465586
A3QMGINSU2LNTI,B016WQR86Y,4.5598874
A1CPMEH6MMCRRZ,B01B3TZYMA,4.3003454
A1II0RYMSPUJLK,B00INIXG66,4.367802
A6ZT9EZ49JTEL,B01A03HKFE,4.319171
A6ZT9EZ49JTEL,B00HWI04XQ,3.9247675
A33R5UHQ3TKZGY,B01CWZH814,1.3712605
A152EA7ZPCA1Q8,B015Y80IGS,4.206177
A1G7VXXXLTJX9R,B00JUENQN0,4.468664
A3KXFW4C4RFNQS,B01864DDVO,3.7530084
A3JVF17MIYLTOO,B01AQO16VQ,1.3712605
A24NC3WOFW7LHT,B00MX7NP1Y,4.1970167
A11N6ZJPEMVHYJ,B01ACB72TS,4.488266
A28U98HYYE5DR1,B00DRFQRIO,4.327239
A3R3Q8YO6VB0N8,B018496LH4,4.2926784
A2VSFHELFF7ICE,B01BRFLLP4,1.3712605
A12RUNSGFAZFE7,B01GF9OSI4,1.3712605
A3A44JIMIWYFIE,B01G9F1ED6,4.7647343
A36I3CE9A5LP9N,B01CRA0U2S,4.4168396
A39ZYWIQBFN97Y,B01FRK7VO0,4.8993216
A2KUR0ZBNV17AA,B00HRGXNQS,3.7064447
A3G7QPDLX3SDV0,B01B3G5Q8K,3.950177
A3UV7BV3U6NA57,B016OR83AG,4.0417705
A26YRCLOTDIL0P,B006JDEK0I,4.4078
A3HTBON5N1JCFE,B007Z4WSOK,4.5673323
AUNHIYLFWWHET,B01GYPQQRU,1.3712605
A1RRMF5XW5NZDD,B00VTY1WNA,4.234313
AJILFNF25WNUQ,B00QIQNWXW,4.3145943
AGMQ9C1XHNL00,B01BJXQMW6,5.024738
A1A085EGL86PB,B016TG5V3E,1.3712605
A2YF0QVNVT7ZI8,B0134EZGY8,4.30452
A3KFTHKGVC63SL,B016YIRT9Q,4.5018816
AX6RWLTHRQR7,B00C2WDD5I,3.7488008
A2MEKYD68X8R8H,B00GJEDKHQ,4.3043194
A1E29AF1LT9N6S,B00QI8BV9W,3.9869828
A238ZC3TQJC8V8,B016L3NOIE,4.3427463
A1CLGNWRCE4QKB,B019YNUQ0M,4.2799067
A2RCOVCHY5RQN,B00TWEMG5M,4.280935
A2BOKBB1IZA13L,B00LE4Q370,4.352268
A1ZV5XBKG7RVZU,B014VPZHCU,4.4687333
A2HZ6MGQ6TPNO0,B00QSE28XO,4.242004
A11TAGIXNN10QJ,B00LEWYNXS,3.772253
A3E4H5A1X8NJRR,B00XLS3FIW,4.213655
A2PFNDDKHOOMZU,B01GYPPMNE,1.3712605
A10AWAE0F6CAP1,B016HFRV3A,4.3845315
ALPIN1ZX8B41M,B00GNQW24W,4.229569
A2FGLRWU445AQ7,B01G5Y6DAA,1.3712605
A2LAII96I1O1IY,B005QYXU1G,4.280068
AUJKYWUK14BZ2,B00OKI1JNU,3.9947014
A2V06QC9Y4ZL0E,B01H5MF0JG,4.324447
A2W4IP12GM8NMS,B00OM8OBJW,3.7526813
A8YJFGILC2W38,B00ON8JVP0,4.1833572
A1XJZCJTQFEU8D,B00MQNEQ7C,3.858825
A1OKS5Q1HD8WQC,B00E5UJAIO,4.457905
A3J5KG672GNB99,B00WP6ZKDE,1.3712605
A369BMHORFPL0O,B00CGIEP00,3.9915113
A296HV17AZ10V9,B00Q6YLPJ4,4.1558776
A3H7J5POTR9TZW,B00JCFMXHW,4.5266066
A2KMV056844YV2,B00SWBZQSA,4.5255632
A3FCTV8S9RM34G,B00R8EKHVS,4.0549517
A1TWV867HVZ60,B00K5YPHDQ,4.469336
A1D7CDK7HS68NP,B00YN6XHMU,4.2758093
A36N7KTS8JMR4L,B00IX2YORW,4.417859
A2XIP6NWN0J2QC,B01EB1AHCE,4.5859146
A3QY3KER34QGCS,B01GGNXFEW,4.7353272
A11B4CZH8ZB9QQ,B00BD63EIK,4.033681
AGGDI4VWPPZ6J,B00L2F5P02,4.4447546
A2XKX5TBB6WV00,B014VPZHCU,4.4687333
A73IK4VT0XZS6,B00E37365C,3.9274611
A2YF0QVNVT7ZI8,B00M3GWXHW,4.478401
A3B6PBWQBQNHQT,B018UQNDOK,1.3712605
ANXBIU1HP7BJD,B00PD8LQ6G,4.408365
A2X6LA6IS2C32K,B016WNZI78,4.2896276
A3CMIEYL0TJLC2,B00VF1NZFU,4.3470955
A2S5EPJ451WL3I,B00UJEGURO,4.4921136
AXVDFGI9OEIVK,B018RKHYMQ,4.366149
A1UH603GXL3ER2,B01HCB4LFE,4.420326
AU6XF9GE5FTWK,B01BQ00CAA,4.45151
A3A44JIMIWYFIE,B00R5219XI,4.3293934
A1YZCADBVKWC9X,B00SJ7LQ9K,4.171123
A1B5MN8PY0JIJQ,B01DJCULZ4,4.3606586
A3IQ0P3M39IY8U,B00YDXJ74K,4.1449814
A1KP314KHCR7AF,B00KNGAX0I,4.903215
A222WQ9VGVPSR5,B00JZWDC9K,4.6792316
A235UMRMGXAS15,B01GLZ0V6K,4.423607
A3BMLG97SSIKN3,B01EJ2BV0W,4.4651136
A1JLU5H1CCENWX,B00VOYNKM6,1.3712605
A3Q9NLTF7JA3ZD,B0104OFHEK,4.094095
A3A44JIMIWYFIE,B00W7Y9VQG,1.3712605
A2JBZWC5IY0AMG,B00OAN88H0,3.879377
AT8UBQ1GJ5TX,B01783W2SE,4.3709497
A3V9J8I5FHAH19,B00XTEMJR6,4.3302617
A31CZW8SHN9PTX,B018DK6LM4,3.9310093
A2UAPFRQOHUFS4,B016XBDENO,3.9661102
A137UEIU93IFEF,B00GIZYMVY,3.9303632
AUJKYWUK14BZ2,B016PKYGGC,4.716672
A1H10L6S9KZB2C,B01BO8423M,4.1874833
A2KVGS0V3LJKA3,B00MT3H1VC,4.658161
A3T5H007CVA99X,B018496LH4,4.2926784
AXOY11IDEONHE,B00N05R39I,4.74094
ATZOHBDX5VNKJ,B01AZQIXWU,4.085306
AMUH4FGZCFJFF,B01H173WKO,1.3712605
ANEZJAUOG31MG,B01FKDKB96,4.5540366
A19T1A4TS1WHOZ,B00CLYSN4I,4.227684
A2MEKYD68X8R8H,B019E5Y462,4.44802
A3G7QPDLX3SDV0,B00K9W0F9A,4.078133
AQR5TV897ZGKZ,B00ZOL1DRO,4.0070333
ABNZCEB0CF7MP,B01BHE3H1G,4.652619
A10JAUCIGVRW9F,B019JNY9GO,3.9796093
A2NC35OEWK4HE9,B00QDHXL5A,3.6127052
A1NE9CRAQ0WUV,B00CRFHJAA,4.207434
A2MEKYD68X8R8H,B014JSBJJ4,4.562207
A1LIRBJD5ELW5Q,B01B9U2H50,1.3712605
A2FGLRWU445AQ7,B01HDF9IKM,1.3712605
A3Q4VT0R8O8RSE,B00XRRAWYM,3.450871
A2LAII96I1O1IY,B00NLJHSQ6,4.150817
A3H1TO48SUIM54,B01GCULNK2,1.3712605
A1LYT31WSI9NVL,B018BYUPVA,4.3814774
AJ571UKWCC3CC,B01H8JWYIQ,4.2620544
A3A7FF87LEVCQ1,B004OA5ZTS,3.9095602
A3S3QIR1UTAGY4,B00LKNP8DU,4.4066744
AF85CAX5BR5IM,B00NXXB4RO,4.4409466
ADJDLDM5Y69VJ,B00VQNZ0JQ,4.532881
A3H38968JZF6VK,B006U1N37U,4.162675
A3ULETCKQMVG7N,B00Y3I7QJS,4.2696023
AAZ73E56LMN7V,B00AR8TPFQ,4.007107
A10PIB0GJZQHJA,B00629ZTOU,4.412785
A2QEVQMB8B08UQ,B00SSEVZBS,4.3848696
A1IE93W5OH9MGR,B01D8PYV62,1.3712605
ASB1KGGZA76LZ,B01AERZS78,1.3712605
A3SSJ2XZACSMA6,B01HCNRF14,1.3712605
A2KX7G5BC1ALQJ,B00VOYNKM6,1.3712605
A2CDMT445133LY,B0153Y1LO6,4.8910236
A253ZKSZTAZ8W7,B00NC0LECI,4.301007
A504UK7D094HT,B00D2Y3BFC,4.4960093
A3FA93L7JWESR,B00NYISFXY,4.1641417
A3SZPKNV5IU75I,B01BCUPTT8,4.462595
A2SHWMWTXZLIR9,B00NDTUAB4,3.8560233
A34R4EEYB1W0DJ,B01H0UI0QS,1.3712605
A12K5Y2SEANYW0,B019KNRPU0,3.8280492
AQ87G02DO56Z,B01GP58FSC,4.7532287
A1B6OVQ8B44NVY,B00CCVVKMW,4.423863
A1II0RYMSPUJLK,B01CMK5ZI2,1.3712605
A1KLWQKML2HIXU,B00MQ2NPYS,4.4052277
A1K4S4MWXI9E9M,B015QX2DZU,1.3712605
ASB1KGGZA76LZ,B00CNTTUWA,4.49933
A2YF0QVNVT7ZI8,B00L2CNSL8,3.8342233
A1KQJLBDF2OEMD,B007YIZ2YA,4.4321356
A2NDDUI5L26D3Q,B01GUHZYPC,4.1230583
A13QONG1RD57UW,B0165I3VSS,1.3712605
A3C713428J4MJ7,B01EYW7KHU,4.1964827
A2UJTG9XC4KISL,B01B3LJZAA,4.745905
A2JXEE4LIKY4AO,B005CM1S02,4.5620165
AH2N51PLM06H5,B00AP6YRFS,4.2421384
A2PJCE1T0AXDD3,B00U1X88OQ,4.480987
A15VZ8KA1KH8ES,B01BXS83ME,4.388836
A3MT311233OHMQ,B005USIO78,4.4021807
A2TLU5ODLGESZ6,B00M8ERQ0S,4.346051
A39JEH2M5KY1HX,B015QW7TZ0,1.3712605
A3FWAT2EKO9FRE,B01CXDL0NW,4.790566
A7GZXYEZ2OMLQ,B00N4Y4726,4.4502068
A1ACUN6A2LYVMW,B0184SY5IM,4.4696064
ALGAUZSEQQWI4,B01GF9OSI4,1.3712605
A10JAUCIGVRW9F,B00C7W5GXA,4.427991
A1TWV867HVZ60,B00P4GJCL8,3.9641943
A11N6ZJPEMVHYJ,B01E4AF6VO,4.382828
A10RH00JS3DUX0,B00ING5PN0,3.749637
A22B7J3YC4623X,B01F0GEP8Q,4.2160225
AHMV0N47XOIMZ,B01835JNDI,4.595737
AL6XJLM76V2VZ,B00B5W9PWQ,1.3712605
A535AAXVRE5VM,B016TG5V3E,1.3712605
A73IK4VT0XZS6,B00N9RT7RS,4.7036533
A7W8CXJOH3UNV,B010W9HEUW,4.939235
A387F6OFDVEDZT,B00L8A3BMK,3.9416394
A2JJ1DXY0F6355,B015WOU89Q,4.899218
AT8FSIABOPFMJ,B01F483E64,4.590703
A1IFWIZ62O12OT,B00BELOQMW,4.251306
A2V5HEEE7YLXMI,B01A3H9YOC,4.2847986
A1O96KXOI2UI2N,B01BCJDSAG,1.3712605
A1B871BGSYX0F1,B00QU63A9Q,4.3049145
A3SSJ2XZACSMA6,B01GCULNK2,1.3712605
A1OC44Q6V9TT0G,B01867IG7W,4.737213
A35SD76E2TSGP9,B018CHA4GM,4.434634
A2I4SQOSEF7WH5,B00TCI48WC,1.3712605
A190TSUIRJIFUK,B01C8RR9DS,4.354348
A39CVMK2ZKEIK2,B01EAYV5P0,4.371727
ANGFLFA0OBKJ4,B01D9JB7DW,4.3074865
A1G7VXXXLTJX9R,B00ILX9WC0,4.3503866
A1LIFH8XF44LMI,B017RMOW66,1.3712605
A1E29AF1LT9N6S,B00D6GDY1W,4.7084017
A3BPKT9STRWWQG,B01ACB72TS,4.488266
A5I6VGSYW7U8L,B01BTHWXF2,4.357942
A3UO57O5VKXMR7,B00CTB6O12,1.3712605
ABNZCEB0CF7MP,B00OO65H90,4.3638577
A2Q7R5EUKTKURJ,B01GFHZZ38,1.3712605
A26V5ROE0OZCDA,B00AN9907W,1.3712605
A13LERNQ8R7267,B01B7AKSOY,4.3504486
A3M1104X8EN9O,B00UC54ACM,4.0179925
AO8U1SQNTNFRI,B013KWCLA6,4.415806
A3J9BHGK55ZPJO,B0161EFLCK,3.721593
ATQMBEXNQ3XH8,B00ASP8XNS,3.5147042
AXMNLUJHA9RG7,B01CMH15IE,1.3712605
A1NQQU8O1ZYJP3,B00ECJ1IKG,4.4732757
A2XPDUGXNGGRAI,B00BLOI13C,3.9411435
A26V5ROE0OZCDA,B0138OGR6K,4.132528
AF85CAX5BR5IM,B00KLGZ27Y,4.5343647
AP0MMULH95T9W,B005SZ171I,4.1693416
A2QROW66DKI83,B01GOXFBBY,4.6957994
A2PF014MHWXCT5,B019LOFJE2,4.1993423
A28GRFK2F3TMWE,B01CWZH814,1.3712605
A3OQ0WU2ZHM5J6,B00LDHTZLO,4.2311
AYUTCGVSM1H7T,B01185671Q,1.3712605
A2LLWCQVYKYF0F,B01BS8D2M0,1.3712605
A3J5KG672GNB99,B015V0AKSK,4.503123
A296HV17AZ10V9,B01EMF4FXG,4.451413
A3MP7EPOWO191I,B01H97YHF0,4.784087
A18DJEO7J45AP8,B004I8WPTY,4.3659353
AM9YOCRU10IXW,B00BEOYH0U,4.3419275
A1H10L6S9KZB2C,B00R0PZEEK,4.4899564
A63YNBWLO7V18,B01DO75D20,4.6812553
ANEZJAUOG31MG,B01HHJZ3EO,4.4467325
A29EXAHFTXKD7W,B01AL57X94,4.136544
AHMV0N47XOIMZ,B008SGZOL8,4.1960783
A1SH6H9ZY9AJV9,B00GJCNLWC,4.3659697
ATQMBEXNQ3XH8,B00QVNQYIM,3.9733262
A1AH7FPROGNXH8,B0165I3WGY,1.3712605
A30V9M9DZW8SFU,B00G3W5K9K,4.350632
A2ESCA4MLAK1QF,B00VOYNKM6,1.3712605
A3TC60MGLW1I76,B00M8QQMC4,4.0969043
A1K4S4MWXI9E9M,B01D1UVNEM,4.821414
A38VSUHB9RAWYT,B00U2R3T2W,4.2852707
A3IY9IIH8P3UU0,B00R1XYQYA,3.8857427
A166K6TJTPDX8K,B01H2II39C,4.4505873
A2F1UD4JDHKMTA,B00PG9DBMO,4.1769967
A3JXBWCYZ9HVXL,B00MP7GH94,4.4141374
A2BOKBB1IZA13L,B00O72888S,4.2203684
A1D9214V5DYZLO,B0165I3WGY,1.3712605
AKM9W2IRYH77B,B017RMOW66,1.3712605
AAIDLB38IY7R6,B005LOPNUW,4.7765827
A1KLWQKML2HIXU,B018E4EOO6,4.739719
A10C3068FTNIOC,B005Y2MYNK,4.245691
A2C7W167DVNUKH,B01767Q4X6,4.1493683
A20YJJIVUMR5J3,B00PCUMV6E,4.559224
A2XRKQZA534EWO,B01E80V4WU,4.447353
A414YEU57FUHJ,B00OGKNBX8,4.0133724
A2F1UD4JDHKMTA,B00Y9M77YC,4.810249
A1F5V3LKI7PCUF,B01GPEDC3G,4.3610234
A1B5MN8PY0JIJQ,B00I1IYKQ8,4.160398
ALPIN1ZX8B41M,B011LZ02Q4,4.4522424
A2Q3YUL3Y6TPD3,B00M3Q6O40,4.312303
A2F1UD4JDHKMTA,B01GW1BZBI,1.3712605
A1DM1NR2C770LX,B00U6GJV3K,4.351077
A35SD76E2TSGP9,B00TCI48WC,1.3712605
A39QT73HHEF3B,B01F2WTGFK,4.529643
A2S5EPJ451WL3I,B00TP4X5CM,4.383657
A3QY3KER34QGCS,B00BH68UCG,4.578603
A2UVR7N8WC5GYY,B01H0WI9QC,4.705599
A8RL5L4BJTEMB,B01B5BR1KO,4.443578
A1IE93W5OH9MGR,B00BMU2VEK,4.4273624
A1NQQU8O1ZYJP3,B00O89MP5M,3.7693715
A1ZDSAPOGRGBJI,B013X96TL8,4.831496
A31CZW8SHN9PTX,B00RNFI81S,4.5604877
A2JPS7EMNFKXOV,B00OV9EXLS,4.237132
A1NE9CRAQ0WUV,B00KABM15Q,3.507388
A3E1OKXRVUNNU1,B01ATXXTLE,4.497745
A31G4MNGZNYSZI,B00IKME2XG,1.3712605
AC0CW3OQUS1ZJ,B00S4D0PDW,4.460694
A23Y4UGTFDMZOP,B00EEPZHI2,4.104157
A3R74060ZMG3S5,B00O26GDSQ,4.315077
A2PN92SB2HFRNI,B01GF9OSI4,1.3712605
AJJXFL8ZNBC4D,B00MEPPIRO,4.9201393
A3GA4HP7NEL9D9,B01DH6EQ9O,1.3712605
A3CYA250L0DABZ,B01E46BFJU,4.391746
ABZ1AET0LHVQ1,B012FAXT0U,4.8298683
A30V9M9DZW8SFU,B00TOZ9EC2,4.6090994
AL4D6OHMS2Z9P,B017EGZHFA,4.5595555
A29QO6X2VCR4GZ,B0188OGJXQ,4.5097065
A26YRCLOTDIL0P,B00507TKCW,4.2252383
A3T5H007CVA99X,B00IKME2XG,1.3712605
A183DRUR0UACQ4,B00HWI04XQ,3.9247675
A3A8C4YUE598A7,B00FITGVIS,4.1069117
A3EI5NSXXCXQY5,B01GQW4UQ0,4.6212993
A2B8C9QHIXJO6N,B01GYQ057Q,1.3712605
A3AM6MXENFRF3G,B016TG5V3E,1.3712605
A3LZG1QQ1KMVX3,B014BR4A3A,1.3712605
A3KIA7199DNI2H,B015AF419U,4.703314
AGIFTDAFJEXVA,B00NYISFXY,4.1641417
AKUUA047BFUA7,B00QU06V2K,4.094636
ACVNKHUOX3QWU,B01BRFLLP4,1.3712605
A2PPU33Y5ZH1XO,B01DUO8QXU,1.3712605
ARD4Z4TVFQ84R,B01F2SCM6Y,1.3712605
A1CLGNWRCE4QKB,B00AXTM8G2,4.4245086
A2VXSQHJWZAQGY,B01BO8423M,4.1874833
A1RD1NM0602OQO,B00GSF4Z20,4.213921
A2PF014MHWXCT5,B01BHE3H1G,4.652619
A2B9C3FMYW18UN,B00ZQMLJMK,3.8726754
AAIDLB38IY7R6,B00G9FJ6BY,4.403015
A2DD8D4Y1UMJ2C,B005NTW8SU,4.423184
A2I0ZBZOWPP756,B01D1UVNEM,4.821414
A24ETSYVDJB5D3,B017TGR4O2,4.5996985
A2C7W167DVNUKH,B00VO2WDZI,4.5707126
A253ZKSZTAZ8W7,B00AVQAFKI,3.722427
A1H35RNPTPP9RI,B00LMGLXUC,4.351141
AHR3AU7CPID24,B01CMH15IE,1.3712605
A2JXEE4LIKY4AO,B013R6F8CS,4.418112
A2JPS7EMNFKXOV,B0149IDQV8,4.352707
A2Y7B4AASUOXM,B00OYWP6G8,4.880468
A3QY3KER34QGCS,B004VF69LY,4.4397545
A31JVB1Y1HXN5I,B01ELQDLKY,4.815164
AQFF452SVDF48,B01DJZ7G5E,1.3712605
AKZH6MEXHWGLD,B019B6WUGU,1.3712605
A30LFCOZC5E2LK,B00K4C45PA,4.4627767
A1E1YE0R2EELCU,B01HCB4LAO,4.4503255
A1F41PH89SL6JB,B015GEUFCW,4.56414
A1LIFH8XF44LMI,B01AX0BMVC,4.491284
AGV7AZJ7ZBLUL,B00BOVLVCU,4.354472
ABNZCEB0CF7MP,B00SJ7LQ9K,4.171123
ASR774IIR8VN7,B00S4D0PDW,4.460694
A19MQI49YCA5SK,B01H4NVSOC,4.0819902
A1WVORERMA7G18,B00DO5DAPK,4.3114624
A1CV6PASVMUEE8,B00F5FBRD4,4.0121984
A2ON53GR80JS8S,B00MVHBCI4,4.197543
A2SHWMWTXZLIR9,B00F3L4KIE,4.5834556
A2K6LYCNBPLW6D,B01C4IAK5U,4.5435696
A1II0RYMSPUJLK,B00CXX0LOC,1.3712605
A287J5FTWL99W6,B005C5YZ86,4.321542
A142HAT43L5W4W,B00V8CETHO,4.2716055
A2YF0QVNVT7ZI8,B00NN2FDLI,4.4830804
A1NPM2IW3DLO3F,B00A8S22OQ,4.2263274
A3JTJ1E8NK7DH1,B00A9FYVXS,4.3518186
AMKWIQ2MT2V5R,B0174PTMU2,1.3712605
A1HJ8XQ8NFBV9Q,B0165I3WGY,1.3712605
A3SZPKNV5IU75I,B012YHT12E,4.108791
A21SKDH9XL76N1,B0165I3WGY,1.3712605
A387F6OFDVEDZT,B00P8DE7YY,4.464507
A3N9UT7F50XA6L,B0184BHNIS,4.364112
AHZ63RT78P9U6,B01HDNEFGQ,1.3712605
A1VDYWMVS2ILZQ,B01DPQ4736,1.3712605
A37P6T3YZ8KY2F,B004EYT0UO,1.3712605
A121YVXK17C1W3,B01DRXCPXG,1.3712605
A3Q6CMXMGESPOG,B01GYQ057Q,1.3712605
AAZ73E56LMN7V,B0127HOQI0,4.641626
A3UPR43PSDG0TS,B00PHV4KM6,4.595972
A1AFGQGTS66UYY,B00CUJ3UTM,1.3712605
A25UO1J9IM3R5Q,B018OIL6QQ,4.540896
A2B42XZI4MXOLX,B00E2PSL7I,4.393861
A3PVBW0TN46U8G,B01B9XNJP4,4.567471
A35SD76E2TSGP9,B01GYPQQRU,1.3712605
A23GRXCXQU3SM8,B018PD0F9E,1.3712605
AJNVLN50MZSFU,B00S5JROJ8,4.6146917
A1KP314KHCR7AF,B018IYY2V2,4.254827
A386CNLWZUF3EH,B0189LO8KE,1.3712605
A2ZUMHFY3XJ8DT,B01CIDR8N8,3.8734026
A17KGW8IYD63JR,B01FDI8UWS,1.3712605
ASBPYQG2VG0BO,B01EVT1E6O,4.7301006
A2OAWG4ETZ7MQD,B00FE69CGI,4.209462
A1VO1ADR2KEWM0,B01E46BFJU,4.391746
A3H1TO48SUIM54,B01B3G5X8I,4.1248074
ANMSDY55VG8UK,B01BUQM4BU,1.3712605
A2ZJHEB8K8JZR3,B01BYGNF64,4.792113
A3QU0T2MAJ2VJM,B01EBXU2TK,4.4406233
A8YJFGILC2W38,B00KW3LLA8,3.8313663
AF85CAX5BR5IM,B00E6QFG80,4.228255
A1J6MXAQH527O3,B01GYPQQRU,1.3712605
AEBFEWGBBK2C,B01EIB8K9E,4.7273397
A1JS39D0NHVT3S,B00P2S4YKC,4.472085
A1ZPW21ZBSDZ10,B01DL6EQC2,4.9779854
AJYEWC922WUNC,B01324YJ8Y,4.2458353
A140YR7GSCZG4,B00IPOCDXU,4.356375
A10ED33F8VY4GU,B00C5HYEY4,3.845448
A3KBRXW4PKK2MT,B00HFUAODQ,4.0463142
A3FOL8CN5A1TFR,B01E6BA364,1.3712605
A37G8WNF7DGY6M,B006R7FXFW,4.969921
ASUZ2V9ZK5DXS,B00U2R3T2W,4.2852707
AH3FT2EU01WP5,B0174PTMU2,1.3712605
A3K9T5J5GDAZUL,B012TE6QVG,4.2123184
A18EEC1ENOT9YN,B00DVWRDN6,4.377099
AX2OKB7GR55FZ,B00AJUVJN8,4.1731706
AHMV0N47XOIMZ,B00SWAXORQ,3.8129137
A3G1XMJZC77GDB,B00BFQ7AV0,3.8438368
APU63TQU832SF,B01EMF4FXG,4.451413
AKUUA047BFUA7,B007PPJOGO,4.4874597
A3H38968JZF6VK,B015GEUFCW,4.56414
A1DJY8WVWPJ2H8,B00BLOI13C,3.9411435
A1DJY8WVWPJ2H8,B019E9VZG0,4.7907286
A2Q439D72KOQME,B00AOS6Y26,4.2612987
A1HHSUAQDZ1XM6,B00XZJ30FU,4.2002053
A20GAMHTCUBCDT,B00FD5HCC6,4.4071636
A296HV17AZ10V9,B00OJCC440,4.428682
A253ZKSZTAZ8W7,B0157GPPEM,3.9945292
A1UPHTDW5GM12T,B016WPT10G,4.7007017
A26GE9ZG68SKIQ,B00VO86O7K,4.8595886
A1DJY8WVWPJ2H8,B01A5CT9X6,4.570168
AQFF452SVDF48,B00Z7Z2A6A,4.0101867
A2K3C9H73QW8NK,B00S5HPW6C,4.260721
A1GJ58TW0XTTVX,B00NYISFXY,4.1641417
A30V9M9DZW8SFU,B010189NMG,4.669632
AK3LIR1TVZFVZ,B019VTO2P4,4.4872513
A10JAUCIGVRW9F,B005TUBRW6,4.5796967
A287J5FTWL99W6,B016X07L2U,4.8857694
A20TNX5CMJI4X1,B008GWOGXG,3.7424812
A18EEC1ENOT9YN,B0088GCUHY,4.6870017
A1RUGOMYCF8NF4,B00MRGW2EC,4.487247
A3JONP3MGSSP0F,B01DGXSHRK,4.340838
A2KMV056844YV2,B01CUOPVZW,1.3712605
A3QKOFJ91Y3MFI,B01GEKTEY2,4.5694613
A2I4SQOSEF7WH5,B0174PRHP4,4.3007064
A1GECJN7XHDKU6,B017RMOW66,1.3712605
A37VK00KNVVICE,B01BZ5AB16,3.8808832
A7GZXYEZ2OMLQ,B009LNKB4C,4.0617247
A5UM17P1E7DUQ,B0073XIROS,4.4901743
A3QU0T2MAJ2VJM,B018COSNP4,4.863002
A37Y75XN6SY5YL,B01FG70S4E,5.0909386
A2PQ680TRW8JFG,B00RZT2U5W,4.458128
A1RF70MWVANZCU,B01CBLURCG,1.3712605
A2I4PXYYHQPW2E,B01FTEBE74,1.3712605
AGA6C1UQDNQ1P,B00GRAZD3G,4.4427557
A2Z3DQ7P9JYRLG,B00IFEMVHI,4.628006
A28MNML6Q383F4,B01GYPQQRU,1.3712605
A29QO6X2VCR4GZ,B010W9HEUW,4.939235
A3U6Y3GD1A6PXJ,B01EW6DERI,4.5924025
A1X87IHRK15RBU,B016G5T1CA,4.366909
A2UAPFRQOHUFS4,B00N05R39I,4.74094
A3RR4H0D4L9HYN,B01D1ZKSB6,4.4816923
A1F41PH89SL6JB,B00VQJHHRI,4.146441
A5UM17P1E7DUQ,B00V30JDQS,1.3712605
A3UO90FEXQNHRD,B00SG0G27G,1.3712605
A2PZA5XB74EIDB,B01GZ070A6,4.2293787
A1PT92FOG5ALFB,B0165I3WGY,1.3712605
A2HHKA7X5A68KE,B01CDQK0CG,4.5934668
A2PF014MHWXCT5,B00J8UD1OK,4.4164624
A2TLU5ODLGESZ6,B018BL1LIY,1.3712605
A207DSPQQWFW6T,B00SPA1Z5Q,4.09826
A1I0I8PI1DWHBR,B01DI63EEG,4.598712
A2EGLWRK7PCDYH,B01AMCFBFY,4.7318935
A2MK1L1Y74WTWH,B01GWMFSYM,1.3712605
A23ID71VXIBR8T,B01G3UFLMM,4.7710013
A312JYG424ZA3F,B01FWERDYE,1.3712605
A1L9DJQ5BS13S9,B019LOFJE2,4.1993423
A2KE2O5C2XMXGE,B00SPVZBL4,3.6981297
A28REJAM6899K8,B00CKAOIRY,4.3737345
A10IOT56F4GM85,B01H173RSQ,4.7525277
A11B4CZH8ZB9QQ,B00TIQ3WHA,4.289198
A2MK1L1Y74WTWH,B01CMK63A6,4.7839413
AH85UZ876V6OW,B00HBJ693U,3.9515505
A3B6PBWQBQNHQT,B00ET7Q4OG,4.1565456
A7B9JUULZHQIN,B017JIYTJI,1.3712605
A3ALH6Z83RHTO2,B01ES2M9S6,1.3712605
A36MPD6ZBXBLUS,B00KXGNK7G,4.7827177
A1FHWVQ0ZMFFQK,B013VDLXY4,4.7149544
A1HWG5486TTBNP,B010K2B87G,4.240445
A2BOKBB1IZA13L,B00TP4X5CM,4.383657
AVTN1DZPKSY8I,B01GDCDGL8,4.7708826
A2YRWWZ73A46MF,B01B3TZYMA,4.3003454
A2B9C3FMYW18UN,B0134EZGY8,4.30452
A1XM0L6XTZQAQ3,B01GBW546U,4.630163
A1PSGA348YRV67,B00R298H3O,3.5973496
A3S3QIR1UTAGY4,B010R623CY,4.530935
A18EEC1ENOT9YN,B00HMXLW9Q,4.5202827
A3BTRKXD03KC4F,B01A5OVNQA,4.8848886
A3JTJ1E8NK7DH1,B00NLZ02Z4,4.602142
ASR774IIR8VN7,B017GQDZWU,4.453128
A73IK4VT0XZS6,B01DJZ7G5E,1.3712605
A1JLU5H1CCENWX,B01H5MF0JG,4.324447
A1K4S4MWXI9E9M,B01645ZYZU,4.7208533
A23B9YR9W29YUQ,B01G7Q908I,4.435893
A1HHSUAQDZ1XM6,B00HBX7DD6,4.2380414
A12UX1CNPEAGRP,B014BR4A3A,1.3712605
ACGMOUFXV2VM8,B01E80V4WU,4.447353
A1GXJZGFR0BPJH,B01GI4BSC0,4.1222463
A245T0V8KVTV45,B005UGMC78,3.8320794
A83C3F4X0U3ZW,B00CO6DD4I,3.8627748
A3SZPKNV5IU75I,B01BW83B72,4.692895
AF85CAX5BR5IM,B0184SY5IM,4.4696064
A19MQI49YCA5SK,B00MXL10A8,4.4628706
A37BRR2L8PX3R2,B0185P6A1O,1.3712605
AITGGF9MX4L86,B01AJCEP0Y,4.2499256
A27OS7Z94VXCYF,B00OAJUEW6,4.495
A5KRI5P7KR7SK,B00FW6WKUA,4.4081507
ANXBIU1HP7BJD,B013KWCLA6,4.415806
ARACFU5SUPKC2,B00QMEK3GE,3.6280456
A6SR7U2PNGN0N,B0104OFHEK,4.094095
A39N24TTLP6I48,B00NLO7O38,4.0691195
A374B6RGLIYWMU,B012LB9KDI,4.493157
A26V5ROE0OZCDA,B0130LQWBG,4.598507
A2O8R1A83EROU0,B00UCANMJO,4.1776285
A2F2878HE7XOM9,B00PG3NQBQ,4.3157315
A22FAHV2R6BUVR,B00OHNCCYI,4.55439
A7GZXYEZ2OMLQ,B00UVPG8F0,4.59921
A15Q5MVRVBMKW7,B00SZ35DB0,4.4343996
AER3NZ1H79LGZ,B01AQNZQD6,1.3712605
A27OS7Z94VXCYF,B00NRZAFA0,4.042522
A3T5H007CVA99X,B00NDEXI0O,4.304817
A3OA2NNV9REWOU,B00NGR7NEK,4.7145596
A1NE9CRAQ0WUV,B005PII040,4.2572255
A1FWLM5208ESO4,B00DCQKH66,4.1334376
A16TE56LP5NUL5,B00ALG6UW0,4.3391423
A10PIB0GJZQHJA,B00W891R26,4.1533127
A2Z0PQ8HYEQT4V,B01FTEBE74,1.3712605
A3J9BHGK55ZPJO,B00IZODKWS,4.3429112
A3CYA250L0DABZ,B00ECBS5OQ,4.3465586
A2RYT2UPEQXUAV,B01A4ATX4E,1.3712605
ASR774IIR8VN7,B01EJ2BV0W,4.4651136
A1JNMSETGHIUZ2,B017RMOW66,1.3712605
A3ULETCKQMVG7N,B01FSDI7H6,4.2517653
A37VK00KNVVICE,B00TO2TRV8,3.9117641
A3AM47VJNSKWZR,B01D7CEGRK,1.3712605
A3L8F13NKUQHQ1,B00ET7Q4OG,4.1565456
AYDMB9RBJMTBR,B00R7HDLAU,4.5888247
AJ80WW1T5KJIC,B018CHA2KK,1.3712605
A3R3Q8YO6VB0N8,B00SEFGTYO,4.509238
A37Q71Z1BE6V9,B018SCGDWK,4.5929904
A3V9J8I5FHAH19,B016APTJ1O,4.4953413
AY17DZYGNYJ0L,B00R1XYQYA,3.8857427
A2WQZ6RF0O4XER,B013L4T8Y0,4.831022
A10PIB0GJZQHJA,B00JGD7SAW,4.718622
A2TX3PH7TXFRE9,B00MTWSA6S,3.7542253
A1B6OVQ8B44NVY,B018UNRNVM,1.3712605
A1GXJZGFR0BPJH,B00DPNS95M,4.4048114
A3J5XVO97ZC4B2,B00M5EHGZQ,4.46924
A3ES0XIED7769J,B00ZJ5YDW2,4.4841547
A1W48IWJ8A610S,B00L6YJ6AE,4.524433
A2R56AF2E63IC1,B00YQBSEKW,4.188277
A18EEC1ENOT9YN,B00T4Y7HGS,4.355852
AK3LIR1TVZFVZ,B00P9QXW1E,4.6213436
A1JMSX54DO3LOP,B010K7B5E2,4.5616355
A1B88VE5O3J9CQ,B014BR4A3A,1.3712605
A31G4MNGZNYSZI,B00TWUUBUI,4.4432883
A3PV5FJGYOY5NW,B01BRFLLP4,1.3712605
AKZH6MEXHWGLD,B00CQYAVRK,4.492685
A139GUSKBRWPIT,B01AYPQCY8,4.2501554
A2QEVQMB8B08UQ,B01AQNZQF4,1.3712605
A3H1TO48SUIM54,B00BFQDDZ2,4.4976277
A3CLBL9B7WL02W,B01BXGMTEY,3.9589386
A2C7W167DVNUKH,B00B9I1M5O,4.472547
A2G1P9M0BN9BQJ,B00ES2GX3O,4.384177
ADUI5YISBG6Z4,B00BLOI13C,3.9411435
A1WHWFGNKP3CIO,B010MFE5YY,4.0986543
A26GE9ZG68SKIQ,B017733NZ6,1.3712605
A3MT311233OHMQ,B00TOZ9EC2,4.6090994
A2B42XZI4MXOLX,B00NOCBDQG,4.7907276
A2PF014MHWXCT5,B013XSTZI8,4.5119553
A137UEIU93IFEF,B018BL1LIY,1.3712605
A1QSFXF6OOUDJN,B01D4RY4B6,4.3191314
A1G9C5GN1893RY,B01GYPPMNE,1.3712605
A2S5V6QOOK133F,B00JJBPSZS,4.6161013
A3MSI4YLWOJNM4,B01BCJDSAG,1.3712605
A2DD8D4Y1UMJ2C,B00DSAJ7JO,3.61478
A242RIARZU44TF,B01GZ070A6,4.2293787
A2FJLSKL2IZSHC,B01DJTWN0S,4.1751842
A2Z3DQ7P9JYRLG,B00JCFMXHW,4.5266066
A31CZW8SHN9PTX,B00GZR2NZC,4.1973305
A1XMFCMIANCQRW,B012FAXT0U,4.8298683
A3VQMP3ACL1KHH,B013Q700KS,4.480207
A2PJCE1T0AXDD3,B00FCNI42G,4.735075
A2RQ5IRWRU0TVO,B01ATF41UA,4.9321933
AQ87G02DO56Z,B01C8RR9DS,4.354348
ANEZJAUOG31MG,B00MJHKVR4,4.4261956
A31R64J645RAC6,B01B5BR1KO,4.443578
A30D1QLJZ51Q2S,B00HQ4UWJW,3.8074431
A15RKFWXR5W3PP,B01FDI8UWS,1.3712605
A3ES0XIED7769J,B01F0MF6KQ,4.824233
A222WQ9VGVPSR5,B01DH0L20G,4.7856984
A3MP7EPOWO191I,B00K5Y8BCK,4.081505
A1XRE1S3BLHK3X,B00CLX3CRC,4.6914406
A7GZXYEZ2OMLQ,B00M0DQIEC,4.385408
A19LXU1TT72OKX,B01EW6DERI,4.5924025
A3M3W5GV0HIQK4,B01BSN14HK,3.8193598
A3MJT1B2NVRPDL,B01D3H7LYO,4.3657875
A3O87C6H0GCWHA,B01DWW6H6I,4.890327
A1CLGNWRCE4QKB,B00WBMKEII,4.2263556
A2Q439D72KOQME,B01CMK5YA6,4.3393073
A2GO4VWZWTL7ZC,B00N7K1BB2,4.3765564
A2BEDL4QXLEE3S,B01EKIELGG,4.124364
A2S5EPJ451WL3I,B00N0VI2OM,3.8852262
A18LI83Q1F5DKU,B01FRQ4Z8E,4.650399
A2XKX5TBB6WV00,B01B6WT11Y,4.302938
A244C0ORREA3N5,B00629ZTOU,4.412785
A2LAII96I1O1IY,B00OAJUEW6,4.495
A2DZUQQXPNUGI7,B00MVK5RIW,4.6273293
A2IUIOTFRZHGLD,B0191WS0K4,1.3712605
A18EEC1ENOT9YN,B01GBYFK1C,4.385602
A1RRMF5XW5NZDD,B013GZOXPS,4.496104
A296HV17AZ10V9,B00L5Q7EB6,3.9658577
A3EMQF7XD7JL3D,B013GZOXPS,4.496104
AHKB5BOH22L44,B015VKB8KY,4.572862
A23GRXCXQU3SM8,B014BR4A3A,1.3712605
A1JXLTQ5VWPGGV,B00DE85KHI,4.485688
A2S5EPJ451WL3I,B01F2WTGFK,4.529643
A3G1XMJZC77GDB,B016TG5V3E,1.3712605
A2V5HEEE7YLXMI,B01ECOIDHQ,4.530413
A1L30W7022M9Q7,B01GC0QFGO,4.662068
A10RH00JS3DUX0,B0052YWZO8,4.70092
A26OF6WI5RVAR9,B01A4ATX4E,1.3712605
A32RAG866FFOYC,B01FG70S4E,5.0909386
A1Q238W8EQU8T4,B01GI4BSC0,4.1222463
A3CHUCS2CVKGI0,B01GAEZJL4,4.1840053
A2FHBHNKHRDS72,B00SSS98IQ,4.0296764
A3J9BHGK55ZPJO,B00HI3MSV6,3.5861049
A1XJZCJTQFEU8D,B01BWMGT3G,4.2726994
A2D1LPEUCTNT8X,B003H4QZOG,3.658694
A3MJT1B2NVRPDL,B01FB6YRH4,4.8945227
A21BTVOIQV3JWU,B00KXM8IP4,4.4492245
A2K0H6HYH8WB5F,B00V30JDQS,1.3712605
AMK0DSS0DAP1W,B0165I3VSS,1.3712605
A13LERNQ8R7267,B01D10TPRE,4.683624
A31W0R6O8EM6V6,B008H4W11W,4.6166015
A1SZW98SMUZTQJ,B01B5BR1KO,4.443578
A3CMIEYL0TJLC2,B00WJ4Y5CE,3.8586235
A18EEC1ENOT9YN,B01ES2M9S6,1.3712605
A1T41R2H7X3ASO,B010MXA96E,4.194868
AFQXMUALNERXZ,B014BR4A3A,1.3712605
AJNVLN50MZSFU,B018BDHGS6,4.1188884
A1K8LHF6NILUG3,B00DLSTT9Q,4.5296197
A1JMSX54DO3LOP,B014Q6D6E0,4.3409147
AGGDI4VWPPZ6J,B006J0BYN2,1.3712605
A2WEE1PU5NZVJQ,B015V0AKSK,4.503123
A2HZ6MGQ6TPNO0,B00RFY3KM4,3.9775414
AALCQ67H5TY5L,B00RC6JVDC,4.406249
A3ULR7XJF3C400,B015BH04E8,4.6410136
A1TUBKEWD01LLS,B01BKVFFLQ,4.5990267
A3LK5ALS0KX73V,B017DPEEUG,3.814392
AZPQ5R8K68IHX,B014LQ18CW,4.741007
A3H1TO48SUIM54,B018RDYO0S,3.685557
ABGK3RNJSLQ38,B00V9N6C68,3.9412193
AX5NHGPX6G44A,B01GZ070A6,4.2293787
AKZH6MEXHWGLD,B00WDXUE6W,4.105532
A3L8F13NKUQHQ1,B00RZT2U5W,4.458128
A3J9BHGK55ZPJO,B00HBWQCAC,4.7584
A1CLGNWRCE4QKB,B00EGMV24G,4.317933
ABNZCEB0CF7MP,B014C5U6SE,4.5265293
A3V9J8I5FHAH19,B00AYO3W2K,3.9549212
A3E8BQOX3OOUH2,B01FBZXSI4,1.3712605
A2QEVQMB8B08UQ,B01DRXCPXG,1.3712605
A1U37G3A1C7FC6,B01DL6EQC2,4.9779854
A1FI0I69UHS22T,B01GSL9C3A,1.3712605
A17EWTSBIHB4QM,B01GPL2AGE,1.3712605
AALCQ67H5TY5L,B016MWT1XQ,1.3712605
AMK0DSS0DAP1W,B016XFRQMA,4.0408025
A26GE9ZG68SKIQ,B0150C55HA,4.378352
AIKGKUGNQ6L2F,B00UAZ3JVC,4.9825306
ATQMBEXNQ3XH8,B003V1WS50,1.3712605
A1IE93W5OH9MGR,B00TOZ9EC2,4.6090994
A369BMHORFPL0O,B01FQ57CRC,1.3712605
A8K7ZXXGDS9CU,B01CPON1YU,4.645072
A1DJY8WVWPJ2H8,B00NYISFXY,4.1641417
A2PBXQTE07LEFY,B01BXS83ME,4.388836
A1YZCADBVKWC9X,B00KW3LLA8,3.8313663
A6SR7U2PNGN0N,B01BUMJMA0,4.803229
A1ACUN6A2LYVMW,B01BNWGPRK,4.069527
A85LSXS3F2GYC,B00TWUUBUI,4.4432883
A36D9JIUF8JFQ7,B00OTYLXO0,4.7557073
A35UQMVR4UJS15,B00UZM2O52,3.7582216
A1TVJ9WDRP0UZS,B00FQQ1A8Y,4.1552153
A1HNLK1WBP36F9,B01H173WKO,1.3712605
AK3LIR1TVZFVZ,B011IXZ6KQ,4.4838204
AHNGMRN1V1LPH,B00L73W2J6,4.507874
A30DNZQPIYZ6KX,B00VH5NX4C,4.2335644
A3DVGQZY2MBA87,B01AQO16VQ,1.3712605
A10JAUCIGVRW9F,B00FQQ1A8Y,4.1552153
AGV7AZJ7ZBLUL,B00COFUBGW,3.7870178
AUME0VNK7J2MP,B013YQA2C2,4.7233315
A1FEZ774RWJOU,B00ZPBVG66,4.285005
AFQXMUALNERXZ,B01CIDR8N8,3.8734026
A1E29AF1LT9N6S,B00H8TBQCC,4.3402815
A25CQ5UC0CJ44C,B015BIHKH6,3.861486
AUI3XAZ1513SI,B00OAN88H0,3.879377
A1X87IHRK15RBU,B01E4AF6VO,4.382828
A2PN1AJYXDU1J0,B00RM9EJ22,4.6184998
A2WG33SBOT901X,B01AW25GRC,1.3712605
A2B42XZI4MXOLX,B00ING5PN0,3.749637
A1GQ2UI5BKCCRD,B00ZEQMP8U,1.3712605
A1MNHB6K35YALY,B01DABB99G,4.3459473
AO8U1SQNTNFRI,B01BO8423M,4.1874833
A11TAGIXNN10QJ,B01A1E8WO0,4.2843103
A1LL39K926QN1V,B00H8TBQCC,4.3402815
A1N5V2UJOC1BY9,B011T78JT6,4.8297176
A39N24TTLP6I48,B01FP256UQ,4.52057
A13LERNQ8R7267,B013R6F84Q,4.3062444
ALGAUZSEQQWI4,B00TEPG4HK,4.456135
A1N48Q1NZQ9R2E,B018WOR9FO,3.9265194
A1C5F13T4XA9MY,B011F603YU,4.1689267
A235UMRMGXAS15,B00R04OX5C,4.619707
A3C4F4VCN8E316,B018CHA26O,4.409019
AXOY11IDEONHE,B01FK7LI7G,4.734069
A3JONP3MGSSP0F,B01GZ7IMJC,4.7363143
A2XKX0EWBR2ZT0,B00JS732BK,4.400446
A1AFGQGTS66UYY,B0163IOC24,1.3712605
A3KF9GEKN2DXTU,B01CKECZQ0,4.152263
AM1T5MXP5H5SO,B00ESJ3S94,4.493485
AFX2KR1VGYWLW,B01G7Q908I,4.435893
A2ND61B6UJGT71,B00LKNP8DU,4.4066744
A37D3BRKS7OO2L,B00T22Y062,4.9037175
A18XA76N0F5DGP,B01GXHP8BY,4.871463
A2MEKYD68X8R8H,B00MD5VDNS,4.468843
A1E1YE0R2EELCU,B01AWPTL0W,4.574006
A11K5MEUOJKTPS,B01HHJZ3EO,4.4467325
A5KRI5P7KR7SK,B01G2IVLEW,4.341631
A183DRUR0UACQ4,B009ZOZLPG,4.038664
A609XZULHDBSQ,B00QMGRBDU,4.377771
A3AM47VJNSKWZR,B013V0D0K2,1.3712605
A198E18E1LA3BE,B00O8CFKKG,4.355283
AK3LIR1TVZFVZ,B00YAKL5A0,4.0721273
AKK6BPA7HTEKQ,B011T78JT6,4.8297176
AS09YZV00HGLO,B00UIDZVYY,4.4956846
ASR774IIR8VN7,B012U86IBY,4.635636
A12K5Y2SEANYW0,B00AB1ZGX4,4.1081986
A7GZXYEZ2OMLQ,B00KB5P1BM,3.701766
A3RR4H0D4L9HYN,B00ZAY07OK,4.6343837
A7GZXYEZ2OMLQ,B00CW44YIQ,4.27572
A1VRJKI38G4GOV,B013RTUH76,4.4824924
A1630ADTTI0JLO,B019VJ697I,4.6341205
A1FUH1O6FCTUYG,B00II3YH8W,3.817018
A2BX79H27KONN8,B00JAQX4HQ,4.4904795
A504UK7D094HT,B009JPPQ38,4.272643
ASGBSLP29DQRY,B00XRS6DO4,4.457079
A1SKQ5W90YXHF4,B016VL0PWE,4.347652
A33R5UHQ3TKZGY,B01AQNZQD6,1.3712605
AY17DZYGNYJ0L,B00HUXNM6O,4.34006
A37P6T3YZ8KY2F,B00QJ4TCN2,4.2003436
A26GE9ZG68SKIQ,B0177475MW,4.375506
A10PEXB6XAQ5XF,B01EZ9ZK7O,4.596638
AE6LJH1MRZVSY,B01ETJABRE,1.3712605
A3EJTO1IBULV7T,B014XLV2NA,4.4073024
A2QLX4D1B9FERH,B01E2H3M1A,1.3712605
A20XM6F911RIDE,B0124PP8D2,1.3712605
AY17DZYGNYJ0L,B00RJC1NTY,1.3712605
AQR5TV897ZGKZ,B0165WFUKG,3.7980485
AY9AIGZKJYC6T,B018CHA2KK,1.3712605
A2FR370CNM7L9,B01AOGSVG4,4.7956877
A3IG9JEJC1T25N,B01CDZAQTY,4.361043
A3BHXRE0RKF4LK,B00Y9OHN9Y,4.646966
A267QVSAPZCRT7,B00MTACTLM,4.51986
A9M7TOUJ3N4OE,B00HNYRHSE,4.673746
AL4D6OHMS2Z9P,B01CC5FKXW,4.691602
A424KE9YBR2UA,B00N7K1BB2,4.3765564
A31M3IJI2UTC4Z,B00IUL9ALG,4.4406734
A1HWG5486TTBNP,B00TCI48WC,1.3712605
A16TE56LP5NUL5,B00IU19DHM,4.3542786
A3SQJOLKQ8X719,B018SCGDWK,4.5929904
A1RN75YVR2O8MQ,B01BXGMTEY,3.9589386
A18EEC1ENOT9YN,B00GL27J46,3.4728785
A26J2TRDPZH7RZ,B00N9AVMVY,3.4134765
A2D9S6V1AFXOAO,B01HCNRF14,1.3712605
A216HQMDUH18YD,B0190HN0DM,1.3712605
A3W2VH8BN66IIR,B01ER3O8UI,5.0375667
A1WBGIL46NUFFU,B017099OS2,4.3011556
A14K6RM80ABFMS,B01ASAVT0G,3.963729
A3E4H5A1X8NJRR,B0122DECEW,4.85631
A3H38968JZF6VK,B00PG3NQBQ,4.3157315
A3Q4VT0R8O8RSE,B01ERZFFSK,1.3712605
A18EEC1ENOT9YN,B015L2UR1S,4.388928
A2HRM0B3OUUZ28,B01EKIELGG,4.124364
A3HOXAKC11UEOX,B015L2UR1S,4.388928
A3OY0K6NJ677Z0,B00O8DZMIA,4.4242983
A1SXDVX98NJLHZ,B00XABW5ZE,4.9189086
A29V7E1TFYXKJ,B01HFTVMXM,4.4001794
A3SMTE1XV2GC78,B015BCX0OO,1.3712605
A272PNE7D26JA7,B01GBW546U,4.630163
A9M7TOUJ3N4OE,B005WKFWRE,4.685283
ATTQEF12BAZNC,B01DL6EQC2,4.9779854
A3RNQ7PNKEU1UI,B016PSBU2M,4.4634476
A1RD1NM0602OQO,B01A6B5MFA,5.0589685
AMQ8EI0M0ZMN7,B009YLKRAO,3.9466605
A1VEFYYTYHFSVQ,B01FQ57CRC,1.3712605
AAXG649HM1S5Q,B00F5FBRD4,4.0121984
A2KE2O5C2XMXGE,B00EPF5LSW,4.0526223
A17H8QA2SBVQQU,B01HC1252A,1.3712605
AQ61HEJLXGXAW,B01CT5K792,4.615276
A2RYT2UPEQXUAV,B01CMH15IE,1.3712605
A1WPQDW5RGAM9S,B00GEHN8ZW,4.3693867
A18APZ96M9FBB0,B014I8OGLS,4.000742
AM1T5MXP5H5SO,B0065TF8Q6,4.5959034
ABGK3RNJSLQ38,B01D2CC1EU,3.747641
A1ACIK34MC3R7W,B00UT0VAD2,4.3227186
A28U98HYYE5DR1,B00MQ5BIE4,4.1546807
ABGK3RNJSLQ38,B01CT4MKIE,1.3712605
A3KFTHKGVC63SL,B00XIDBLOK,4.4915695
AQCR70DXSXMEH,B0130KVNKC,5.032814
A3RR4H0D4L9HYN,B00MDW5UAI,4.203079
A7GZXYEZ2OMLQ,B00D9CMLNA,4.434908
A31Z94E63H1N46,B00GSF4Z20,4.213921
A2V8X8MTCE868O,B01D1UVNEM,4.821414
AGD9CPEWV61AG,B01FIGE8YE,4.0732355
A116K0WNM9HKSX,B00A9FYVXS,4.3518186
A64VNUAXNX8VO,B01B25PWK4,4.6265945
A1MND3QHN446KD,B01DJZ7G5E,1.3712605
A3C713428J4MJ7,B01B43XFKI,4.44965
A2UH7EMPH4GK2L,B006RNBI6O,4.366068
A2S5EPJ451WL3I,B01DUV1DV0,4.479119
A3CYA250L0DABZ,B00NEON2WC,4.380668
A3T7S6BDKHWPJD,B01GF9OSI4,1.3712605
A1FI0I69UHS22T,B01AB4CLHY,4.7220993
A12GID1HOOBX8L,B005K4W0QS,4.2298927
A1II0RYMSPUJLK,B00QXFNP62,4.1151896
A1JMSX54DO3LOP,B005IG6488,4.0755763
A2K3C9H73QW8NK,B0050DEY54,4.6542635
A3G7QPDLX3SDV0,B01CPQZSPS,4.4830546
ABZ1AET0LHVQ1,B017JIYTJI,1.3712605
AQ9M23BNJZRK4,B015WV8VMA,3.8282952
A3C713428J4MJ7,B00V8CETHO,4.2716055
A3GEKHTOCDSCBT,B01GF9OQSQ,1.3712605
A18EEC1ENOT9YN,B00LE4Q370,4.352268
AJAN7T0CSDDZO,B01HE0KTA4,1.3712605
AUJKYWUK14BZ2,B006M6XV1Q,3.6825347
A21H10PWSPOB6Y,B004BLJ9IS,4.050104
A37GCC410JYT17,B010OTOMCS,4.2489414
A2MR87VMPFNFJ5,B00CPV1INK,4.4886346
A2JOW1PW9GRCA3,B011T78JT6,4.8297176
AJ571UKWCC3CC,B00G757PB4,4.706499
A2B9C3FMYW18UN,B019YNUPFI,4.278272
A3T7S6BDKHWPJD,B01GQW4UQ0,4.6212993
AX5NHGPX6G44A,B00CCVVKMW,4.423863
A2HZ6MGQ6TPNO0,B01AB4CLHY,4.7220993
A13QONG1RD57UW,B01CWZH814,1.3712605
A8YJFGILC2W38,B016QTOIWE,4.288449
A3ALMNUTJS22FZ,B019S2I4HG,4.7534585
A18EEC1ENOT9YN,B00K2BX8WY,4.421217
AUJKYWUK14BZ2,B01ACP2MSU,4.118427
ASA5RSXOAVT12,B00WRNKOOU,4.623434
A1YMQOVJJHYR5P,B00TFKJ4NK,4.339265
AIKGKUGNQ6L2F,B00ON8JVP0,4.1833572
A1NQQU8O1ZYJP3,B0195SJ3MI,1.3712605
A3MOGV0QO66QZD,B01H2II39C,4.4505873
A2MEKYD68X8R8H,B00BFQDDZ2,4.4976277
A386CNLWZUF3EH,B00BMV0FK6,4.650095
AUJKYWUK14BZ2,B019FNOC92,4.378228
A1Y5FO3ON4WVHS,B01CT5K792,4.615276
A238ZC3TQJC8V8,B00I48KN16,4.3255944
A1HW31KJ9V89CR,B01FG70S4E,5.0909386
A3HEG0QCOK446R,B017ACSD1S,4.4597645
A35SD76E2TSGP9,B018PD0F9E,1.3712605
A2C7W167DVNUKH,B017XVQCZU,4.5996165
A3JVZY05VLMYEM,B014B6KG2K,4.827201
A3JONP3MGSSP0F,B0151UPUEY,4.3313303
A2FCH654FN672F,B01GBW546U,4.630163
A33R5UHQ3TKZGY,B01CYTLPPI,1.3712605
A1B39IGLV2W0GE,B00ING5PN0,3.749637
A2O8R1A83EROU0,B00LXK4KIO,4.589556
A2F1UD4JDHKMTA,B00XWCHNIU,4.7676888
A2BX79H27KONN8,B01FMTA1WU,4.445785
A3PB5W8OE59743,B016WQR86Y,4.5598874
AD9HAE7DPTQDG,B00XTAEA90,5.0144897
A3C713428J4MJ7,B00R7573Y2,4.5840664
A18EEC1ENOT9YN,B019E5Y462,4.44802
A1N3GV7AVOC8VC,B0100BOE7S,4.7016296
AGT5F6R7R53LR,B00CXUDS3G,4.3949075
A244C0ORREA3N5,B018PD0F9E,1.3712605
AWPBNX7NCVR0D,B00JH66D1S,4.2837768
A3PVBW0TN46U8G,B00EC197UC,4.283225
A1LIFH8XF44LMI,B01CYTLPPI,1.3712605
A37D3BRKS7OO2L,B01A5OVNQA,4.8848886
A28U98HYYE5DR1,B01DUV1DV0,4.479119
A19T1A4TS1WHOZ,B013XXGRYI,4.6896086
A1NO01K5S45TUL,B00OTNSM4U,4.149785
A103KWX1QFCG6I,B00PUS8AEK,4.3998404
A3JTJ1E8NK7DH1,B00AFB685K,4.598985
A19WZRD3RKFJSO,B01H0IOZM8,1.3712605
AWG9YC0S5ZXRQ,B01GIU443O,4.340027
A1Q3SVFIAWX5YN,B01AW25GRC,1.3712605
A3A44JIMIWYFIE,B0092ML9AC,4.5291004
A2B42XZI4MXOLX,B015BH04E8,4.6410136
ALOMGLBPLJCW1,B01DR4USYI,4.5068884
A1ZDSAPOGRGBJI,B0135MRXRM,4.831877
A18EEC1ENOT9YN,B00Q6YLPJ4,4.1558776
A1PUK8ZJV9IHG6,B014TBNOMQ,4.503319
ATZOHBDX5VNKJ,B00K31DCD8,4.256306
A3CMIEYL0TJLC2,B017ATNDY8,4.5395894
A2FDUFFMTO735I,B01H4NVSOC,4.0819902
AM9YOCRU10IXW,B01FOEQRNA,4.067309
A2H146VK5MMYIH,B00LS7ST98,4.460654
A1CLGNWRCE4QKB,B00R7573Y2,4.5840664
A2C3N49XB5K19C,B00UDQTS40,4.4625306
A916DXE9W36GF,B01DRXCPXG,1.3712605
A1VRJKI38G4GOV,B00CGFEIM8,4.268722
A2DD8D4Y1UMJ2C,B00NUMIOY4,4.258192
A3CJ3VQ76GFU0,B0078S9B6G,4.216509
A23GNQPTX5CJIF,B00M0DQGXU,4.427284
AL2SKAXGCX01B,B00FCNI42G,4.735075
A2OHRT539LLCUN,B00AB3F2RM,4.415641
A3DVHWX9O27YPI,B00JNU6GLK,4.0967336
A25PLL2FEB615H,B01CT4MKIE,1.3712605
A23B9YR9W29YUQ,B01BHD8WD0,4.4365563
A2S5EPJ451WL3I,B01CMN671I,4.4476175
A3FA93L7JWESR,B01C0UBDEO,4.6324577
A3ES0XIED7769J,B005UGMC78,3.8320794
AJ571UKWCC3CC,B00JRNOW4G,4.397239
ALGAUZSEQQWI4,B010K7B5E2,4.5616355
A202A0SM6MHKMN,B01GOWGKLK,4.4033866
A2HZ6MGQ6TPNO0,B00LDHTZLO,4.2311
A13C8NG8050JNQ,B00D0VMCXO,3.860591
A24Z79OS5VQA7Y,B01B25PWK4,4.6265945
A3E9Z09JAP34EB,B01E7VZH6O,4.4221544
A1ZV5XBKG7RVZU,B014C5K4WC,1.3712605
A2LF3KTH2T6RJA,B00M27P9D2,4.1829877
A1F41PH89SL6JB,B014Q6D6E0,4.3409147
A267QVSAPZCRT7,B016G14KMU,4.365372
A2MK1L1Y74WTWH,B01AJ6SEOS,4.032685
AC10HRTVBXZLI,B008XDGQ2W,4.70151
A956O72VO20Y,B01GW1BZBI,1.3712605
A2U79NOE9VJQSF,B010QZIGBI,3.7561903
A7M73HAH815DM,B01BS4Z7IQ,4.470969
A3N67XHSHB40CQ,B018J24EM0,4.595711
A1DC00T32U26HC,B00BF2APBQ,4.5274477
A38K5A38JROTJD,B01ER3O8UI,5.0375667
A1HW31KJ9V89CR,B010ZFRUQQ,4.8307204
AV4HVQ5WUQ1Z1,B00M3GWXHW,4.478401
AW16PJHZIQPA5,B00QXWYEYW,4.482894
A2E40ZTDDZ2U29,B01DJTWN0S,4.1751842
A1YAIBG1N7N5VV,B01GIU443O,4.340027
AJAN7T0CSDDZO,B01BJST0FC,1.3712605
A73IK4VT0XZS6,B0085MBTVO,3.7237947
AN5L4HOQ6ZZOP,B0080D3VPK,3.6836972
AYRSWZILCH4S,B00AMIX8P4,4.464454
A3FA93L7JWESR,B011Q26IJC,4.5660143
A2O4SN56PNX9YL,B00SXNYCU0,4.78549
A33C93P9RWTQUK,B01BRFLLP4,1.3712605
A1ONF1PVSKH226,B01H0IOZM8,1.3712605
A1PA6ZO9892OH3,B00JWTGGVC,4.272657
A1YMQOVJJHYR5P,B00N9IMHCE,4.3760514
A296HV17AZ10V9,B00IZODKWS,4.3429112
A2O4SN56PNX9YL,B01BXGMTEY,3.9589386
A5CD7EOFVKXD9,B00PYPHS9M,4.3122807
A3HDT8L6DPBZND,B01CEUZT8G,4.666173
A1DJY8WVWPJ2H8,B00TIUEVL2,4.977381
A3NIPJ7WT4LL60,B003KRP2VW,1.3712605
A19GA74ZCMMYPM,B00OCZDME0,4.6495547
A2BEDL4QXLEE3S,B01FKDKB96,4.5540366
A1KLWQKML2HIXU,B01HEU9EMS,1.3712605
A28KZIYDZQRGGY,B01AQNZQD6,1.3712605
A2PJCE1T0AXDD3,B00HXZTVWS,4.2862463
A1KE19CDYIO2YN,B01FWYD956,4.649277
A15EMPO8TCH2RB,B00PHFL5KM,4.5920124
A2BEDL4QXLEE3S,B00CGFGS3A,4.4144716
A1FUH1O6FCTUYG,B019VJ697I,4.6341205
AV6ORIR1JV86P,B00YQBSEKW,4.188277
AVOPHZPWGEODY,B015QLJJG8,1.3712605
A1SXDVX98NJLHZ,B018SCGDWK,4.5929904
A3PYB2CTKK93MG,B019AJC8DS,4.4168577
A1I96OYAUJ3HQE,B013OHD20A,4.024626
A3E4H5A1X8NJRR,B01D8PYV62,1.3712605
A139GUSKBRWPIT,B01AWX20BG,4.518166
AQBTNZ9ZD08PD,B00NSAPAQI,4.235707
A3GWE80SUGORJD,B01DRXCPXG,1.3712605
A20FSPQ9ALP9OM,B00M5SZOAQ,4.334074
ACGMOUFXV2VM8,B0130KVNKC,5.032814
A2VNG16IOTY7N,B00GBIYX8A,4.374835
A3IL7OEY26GURY,B006KWAKDE,4.064558
A2WQZ6RF0O4XER,B00M7E63YO,4.6360135
A4KVXNCQI8A5Q,B00ES2P6UK,4.2031984
A10Y597K071WTQ,B00CJV6N0Y,4.7509255
AGA6C1UQDNQ1P,B005CM1S02,4.5620165
A37L0HU53PN8DP,B01DI63EEG,4.598712
A3NU5MG1VOINFB,B00B5W9PWQ,1.3712605
AI38GSFB90M4L,B00DJCFUS8,4.12636
A3JTJ1E8NK7DH1,B00AXLV0CI,3.912588
A1N5V2UJOC1BY9,B013X96TL8,4.831496
A1ACUN6A2LYVMW,B00SK8S8KS,4.529587
A3CBZUOAQ1LBU5,B00M8ERQ0S,4.346051
A99KVVV7NFPBP,B00HBWQCAC,4.7584
A2HNNGE6AVYBV8,B00ED4WKKC,4.114856
A3NLV8K05ZV219,B01CMK5YA6,4.3393073
A2VFV7B57GBZ3J,B01CMK5ZI2,1.3712605
A1FEZ774RWJOU,B00N9IMHCE,4.3760514
A13QTZ8CIMHHG4,B013GZOXPS,4.496104
A31W0R6O8EM6V6,B0157GPPEM,3.9945292
A17IUHX3ADIE9U,B01FWPGSJO,1.3712605
AJJFNI9AK6G1H,B01BU7PHA4,4.2484283
A37D3BRKS7OO2L,B0174PTMU2,1.3712605
A916DXE9W36GF,B00BQMKC5O,4.531536
AWNYF3812RWNG,B009RPTFIC,4.7789702
AVNS35OHR3D76,B01A6OP92S,4.8620815
A1ZDSAPOGRGBJI,B01D6ZVT78,4.4945216
A6ZT9EZ49JTEL,B00CGIEP00,3.9915113
AOLHNMI8G8R6K,B016XFRQMA,4.0408025
AQR5TV897ZGKZ,B01F2WTGFK,4.529643
A2KZCKQSFWRJIY,B01FOEQRNA,4.067309
A3A44JIMIWYFIE,B01BRFLLP4,1.3712605
A3L3T9JRL1GT95,B012YOLAUS,4.6660347
A2MEKYD68X8R8H,B00TQ8W4KG,4.434228
A1XL1A3TCU3Y1I,B00SA5KFM0,4.4389315
ALYI8YM90TPD1,B00CJGUHR4,4.4355183
A3SJW9YR903G3,B01CBW4D7A,4.991616
A3QY3KER34QGCS,B015B839PS,4.5693927
A34RWNEJGJFHEV,B014BR4A3A,1.3712605
A16N88TMHMXX1F,B00JJ7LFMM,3.9420404
A2PN1AJYXDU1J0,B01H2AZ9V0,4.163934
A3ALH6Z83RHTO2,B01GU2RUXQ,4.613061
AK3LIR1TVZFVZ,B00VKQEDS8,3.9452763
A28U98HYYE5DR1,B018RU9G0O,3.9601893
ALVAFI51NRXZS,B01CWZH814,1.3712605
A3QGQPGW6PSY46,B018QXM6GS,4.745673
A1OZ3R75S8NAYD,B00UXLO4N0,4.0419016
A28GRFK2F3TMWE,B00VOYNKM6,1.3712605
AAEIK0DZ1F537,B01GZ7IMJC,4.7363143
A3N6TV5T5JSG7K,B01BC47KBE,4.319603
A23Y4UGTFDMZOP,B00ALG6UW0,4.3391423
AJ80WW1T5KJIC,B00YM0ANQU,4.2404723
A35UQMVR4UJS15,B015VKB8KY,4.572862
A1I18OT401WDI,B00T4ZG74K,4.4256005
A3BMLG97SSIKN3,B00SC7DK2S,4.340835
A3T7S6BDKHWPJD,B00SPA1Z5Q,4.09826
A1H10L6S9KZB2C,B01ECK9V12,4.2298346
A2HZ6MGQ6TPNO0,B00QQOX6LY,4.729091
A20YJJIVUMR5J3,B010TYBN4S,4.615448
AIVY8XUMV5UY7,B016247Y92,4.4458065
A2U79NOE9VJQSF,B01BJ9EFB0,1.3712605
A3A44JIMIWYFIE,B01G2U39WC,4.751002
A197W8MNF706HT,B01CEUZT8G,4.666173
A2AGAA1B2ORZW0,B00H3HRWDQ,4.2186885
A2VDLDSGSD32FI,B016TG5V3E,1.3712605
A31O3ANLI6CFJ4,B00C41095Y,4.3096733
AC97LVZ0C0TSK,B00L2CNSL8,3.8342233
A2RXWEXESDH2NX,B011G3HJ6C,3.838478
A1JMSX54DO3LOP,B00X7R3DFM,4.713936
AN5L4HOQ6ZZOP,B016R0I2WE,4.1642265
A25CQ5UC0CJ44C,B018F6H3U0,4.7038546
A360VI7SQP0HYW,B01GT4NXU4,4.413016
A326085M0DK10B,B015BCVXF2,4.301379
A7W8CXJOH3UNV,B01GF9OQSQ,1.3712605
AX746FITV1G72,B01DYXP2LQ,1.3712605
A10PEXB6XAQ5XF,B017605TR0,1.3712605
A1FCMIVQTWHYH2,B017733NZ6,1.3712605
A7GZXYEZ2OMLQ,B00NOAZJI6,4.412295
A360VI7SQP0HYW,B0165I3WGY,1.3712605
AV6ORIR1JV86P,B00Y228S2O,4.6876326
A3CZHTR1QFY285,B01H1I46YE,2.8532066
A14TMD2G1JAUGS,B01FWPZNAE,4.512589
A1KQJLBDF2OEMD,B005USIO78,4.4021807
A3ALMNUTJS22FZ,B00N00BM2M,4.607712
A3KFTHKGVC63SL,B010GX3S0Y,4.190215
AYIPGMUURK82V,B019B6WUGU,1.3712605
ALN3RU7X0HJX5,B01964TJZ2,3.8596416
A37G8WNF7DGY6M,B00MQ20P28,4.5633345
AUF0OPKICU6D4,B01DJWPF6Y,4.4424024
A1WHWFGNKP3CIO,B004XW3LLQ,4.3478966
A3PB5W8OE59743,B012U86IBY,4.635636
A1121LU5RSP5CH,B01CERDE8G,1.3712605
A3KBRXW4PKK2MT,B016R0I2WE,4.1642265
A2AGAA1B2ORZW0,B00V50VSUU,4.4729414
A2EVKNQ71UULXI,B01GGW37V4,1.3712605
A1KP314KHCR7AF,B00RY4G3PQ,4.8163486
AQFF452SVDF48,B0094B6OLK,1.3712605
A1ACUN6A2LYVMW,B00DRFQRIO,4.327239
A3JL6LOFVXYCA4,B00NGZOH1E,4.1186876
A1IE93W5OH9MGR,B01CRA0U2S,4.4168396
A2JJ1DXY0F6355,B015X67G70,1.3712605
A1XJXYKOWCH9XT,B001V5JCTI,4.1993804
A219Y76LD1VP4N,B0165I3WGY,1.3712605
A2EAKYR4AEJU69,B00NP45GG6,4.2151184
A1ACUN6A2LYVMW,B017GE76EU,3.8642173
A2U72WDAUX5CD8,B01HCB4LAO,4.4503255
AX746FITV1G72,B019VJ697I,4.6341205
A2B8C9QHIXJO6N,B01GT4NXU4,4.413016
A1H10L6S9KZB2C,B00MXS70SW,4.454008
AVOPHZPWGEODY,B00UZM2O52,3.7582216
A26GE9ZG68SKIQ,B01CXJDHEQ,1.3712605
A1NE9CRAQ0WUV,B00T4ZG74K,4.4256005
A2U79NOE9VJQSF,B00WTUV8WS,1.3712605
A2CBOVOOK3Q6D4,B01GUHZYPC,4.1230583
A3GWE80SUGORJD,B01BRFLLP4,1.3712605
A1V0IK7DUYIVAC,B017DSORBE,4.749529
A1BOINGLPB5I1M,B00TOZ9EC2,4.6090994
A326085M0DK10B,B0160IPNVG,4.5895004
A8Q2ZFOHTVSCV,B00WRP0DHG,4.3252163
A2V0EO639QKD2K,B00S4D0PDW,4.460694
ALUG4B13HWSBF,B00HJE3UES,4.264914
A39YL17T9LO0SP,B01FDI8UWS,1.3712605
A2FDUFFMTO735I,B00VTY1WNA,4.234313
A12K5Y2SEANYW0,B00IU087O8,4.013276
AWNYF3812RWNG,B00NLJHSQ6,4.150817
AGA6C1UQDNQ1P,B00ILYKGW4,4.413292
A37GCC410JYT17,B0122DECEW,4.85631
A3A44JIMIWYFIE,B0100BOE7S,4.7016296
A1RVTF261ZMY4M,B01CJ37JJ0,4.5208926
A257TD5GO1T81W,B01AL57X94,4.136544
A320TMDV6KCFU,B01GYPQQRU,1.3712605
A1YQ4CZ5XEC11P,B00R1XYQYA,3.8857427
A1HWY56BX546T8,B01H0IOZM8,1.3712605
A1NAXYNAOGJIGN,B01FWYD956,4.649277
A1B39IGLV2W0GE,B0153KV24O,4.5716085
A2MR87VMPFNFJ5,B01EO6IIM2,1.3712605
A3YPNGXQCY94U,B0165I3WGY,1.3712605
A10C3068FTNIOC,B007Z4WTBW,4.311306
A2UAPFRQOHUFS4,B0198OKW7Y,3.987506
A2MX7TA6LI8I4K,B00EN6LQYQ,4.1351542
A2ZUMHFY3XJ8DT,B0165I3WGY,1.3712605
A11B4CZH8ZB9QQ,B01CT5K792,4.615276
A21UH6HJAXW2J8,B004UWPNJM,3.8816152
A2LAII96I1O1IY,B00OHZ151W,4.1640406
A24NC3WOFW7LHT,B019YNUQ0M,4.2799067
A2F2878HE7XOM9,B00Q5OG0RM,4.764136
A3FJ2JGU50THRQ,B01H0IOZM8,1.3712605
ACVNKHUOX3QWU,B01CWZH814,1.3712605
A2N1XSD82O6XTV,B018UYNR5C,4.1223373
A1K69VHP8LH96J,B01CD4OVX2,1.3712605
A36PA4XPATJSKX,B00DJCFUS8,4.12636
A3C2Q11SFBG1ZO,B00FJFV6AY,4.150913
A3E81XX9ZDNCNO,B00U2R3T2W,4.2852707
A34XKT60HI08BV,B00WX7JLGW,3.9240444
A1P44JJW47E6QN,B017GQDZWU,4.453128
A2HAVS1COIL5Q4,B01HAQ70M2,4.7427225
AGIFTDAFJEXVA,B00AD6O6BU,3.532092
A26YRCLOTDIL0P,B00ZAY07OK,4.6343837
A1EPVSC849EI9R,B00RD4J9EE,1.3712605
A2FGLRWU445AQ7,B004BLJ9IS,4.050104
AICEEONZRFNJY,B00O3V6PWY,4.4752207
A1G7VXXXLTJX9R,B016WQR86Y,4.5598874
A2R1M0ZIPGN4TW,B0064PJUWY,4.379943
A2FDDTPAER5DBO,B01EKIELGG,4.124364
ALY4MQYVAEE4U,B01GPCEU6G,4.347096
A30V9M9DZW8SFU,B011ARRJTG,1.3712605
A2YJ8VP1SSHJ7,B01BCIZ7UQ,4.8006988
A1QFKWSZFO0AOH,B006R7FXFW,4.969921
A1XKTJ1XLTWLCQ,B00WYCXDEM,1.3712605
A13J31ZJVVG2GY,B01GYPPMNE,1.3712605
A2735JIVUDTBZ0,B00BUAZL12,4.4170656
A2RWL2UG5PAFAZ,B01B9XNJP4,4.567471
A2DZUQQXPNUGI7,B010K2B87G,4.240445
A3VSCCW1FN11B7,B0178AU3V0,1.3712605
A1IFWIZ62O12OT,B01835JNDI,4.595737
A2XKX5TBB6WV00,B00JG6RZCU,4.4284854
A3GWE80SUGORJD,B00M3GWXHW,4.478401
AYX4FFM42UGTM,B00L0LQCQ4,4.437353
A2B42XZI4MXOLX,B01317ZZLC,3.7718258
A1QJ17BR5K3C8K,B016ZG19KM,4.5153446
A1OR7X6Y41D32O,B00T513D4U,4.133973
A3DS9MLHI0EHG6,B00CF9F6G2,4.4399357
A1DJY8WVWPJ2H8,B01ATXXTLE,4.497745
A1YVDKMJY8A76P,B01CPQZSPS,4.4830546
A245T0V8KVTV45,B00Z7Z2A6A,4.0101867
AU7WXTKQLFX37,B00Z4EAA5W,4.3025956
A1VYZLUB3UXCR1,B006KZ5M84,4.235454
A1F41PH89SL6JB,B00AA3P7M8,4.474161
A3N6TV5T5JSG7K,B01FKDKB96,4.5540366
A2C8S6EB6MKYAX,B019YNUPFI,4.278272
ACOXR0GL8E2Y7,B017WDM2RG,1.3712605
A1F41PH89SL6JB,B018BL1LIY,1.3712605
A1FAJ6G0KD5ASM,B013GZOXPS,4.496104
AYUTCGVSM1H7T,B009621GIS,4.5758104
AX2OKB7GR55FZ,B00IKKZTPI,4.6166677
AM1T5MXP5H5SO,B00PKBZW16,4.381978
A18LI83Q1F5DKU,B017099OS2,4.3011556
A3ESFCDE13IMH4,B01GYPQQRU,1.3712605
A2CDMT445133LY,B00U7O4IQ6,4.5289288
A31CZW8SHN9PTX,B01E1RRX66,4.2669888
A37GCC410JYT17,B00FZ5H8Q4,4.6703916
A2XKX0EWBR2ZT0,B00BGXA7TE,4.19716
A1TR7SQWWLREQR,B0178AU3V0,1.3712605
A3J5XVO97ZC4B2,B012KJXGYA,4.484199
A6SR7U2PNGN0N,B00N0VI2OM,3.8852262
A3ESFCDE13IMH4,B00R04OXC0,4.6270437
A3MJT1B2NVRPDL,B010W9HEUW,4.939235
A2VTPPOUWOT9AB,B015G747E6,1.3712605
A1DUWCXDBM40AO,B017DSORBE,4.749529
A3HEG0QCOK446R,B01FKDKB96,4.5540366
A2WEE1PU5NZVJQ,B00YAKL5A0,4.0721273
AX6RWLTHRQR7,B00IOXX6UQ,4.5277033
A1I18OT401WDI,B00VS2DSR6,4.431926
A2LF3KTH2T6RJA,B00L3LR7VU,3.958384
A3EJTO1IBULV7T,B00QVNQYIM,3.9733262
A3JHMDPDDFUSLV,B0024CEY2C,4.635001
A2CJ33Q2E7PUTQ,B007HS1C4Q,4.009403
A7GZXYEZ2OMLQ,B00OMG2XSK,4.217108
A139GUSKBRWPIT,B01A86GURC,4.494741
A1TUBKEWD01LLS,B017O4W3V8,4.61676
A916DXE9W36GF,B01CMH15IE,1.3712605
ALY4MQYVAEE4U,B00XWCHNIU,4.7676888
AWNYF3812RWNG,B0094B6OLK,1.3712605
A1N48Q1NZQ9R2E,B01C8RR9DS,4.354348
ANEZJAUOG31MG,B00UDEVNWM,4.3177843
A2U79NOE9VJQSF,B00VN6WJFO,4.5241265
AHRDOVFRA0KW7,B00UXYQ9LM,4.4376493
A3L8F13NKUQHQ1,B01CXJDHEQ,1.3712605
A1DJY8WVWPJ2H8,B016MWT1XQ,1.3712605
A2JPS7EMNFKXOV,B00GNQWYOK,4.6142015
A1AX02Z2IRSAY,B00W5RJ4BC,4.5197062
A3A44JIMIWYFIE,B01GW7E18G,4.762469
A1JLU5H1CCENWX,B00BQMKC5O,4.531536
A2NC35OEWK4HE9,B00DLSTT9Q,4.5296197
AGT5F6R7R53LR,B01D6J793W,4.2822394
A20R37WRPLUM1D,B01G65V1DC,4.159002
A2G9EAG3T2GCW6,B00G3DC7RW,4.6601596
A3ANLUEKJBC1IZ,B00OYBCSVU,4.1860456
AXVDFGI9OEIVK,B00BF6CA0Q,4.2428083
A3G7QPDLX3SDV0,B01HIZRVFG,1.3712605
A2RQ5IRWRU0TVO,B013YQA2C2,4.7233315
APU63TQU832SF,B00CNTSVZM,4.491845
A18EEC1ENOT9YN,B00GEHN8ZW,4.3693867
A37R3BNDHBIZTL,B015VKB8KY,4.572862
AM1T5MXP5H5SO,B00AM5LHSC,4.059247
A2S5EPJ451WL3I,B00XLUEMYQ,4.271489
A2QROW66DKI83,B00F5FBRD4,4.0121984
A10JAUCIGVRW9F,B00NJ4BB84,4.241152
A28D20IM3BNAJ1,B00NSAPAQI,4.235707
A21BTVOIQV3JWU,B005GMUU8O,4.013345
A1JLU5H1CCENWX,B016M8HXW6,4.459896
A1U0RS0JIDAHDM,B01HF6OU70,4.9502125
A1ACUN6A2LYVMW,B00HTJJST4,4.2771235
A3CMQYU4YPSAFM,B018H41U7C,1.3712605
A3VE7N2XUI8C3K,B01BS4Z7IQ,4.470969
A3KIA7199DNI2H,B00P6HT5GM,4.323988
A242RIARZU44TF,B0104EOJBM,4.280824
A2AGAA1B2ORZW0,B00MQ00LEM,3.9416857
A219Y76LD1VP4N,B00PHZ3RLC,4.421837
A2NDDUI5L26D3Q,B00QMGQMOE,4.3776984
A3V9J8I5FHAH19,B018OJZD4Q,4.8033686
A3RNQ7PNKEU1UI,B00QIV6JXM,4.6487446
A37D3BRKS7OO2L,B01H0IOZM8,1.3712605
A2MR87VMPFNFJ5,B00TJCFIFM,3.752977
A387F6OFDVEDZT,B015M4PPXK,4.3999557
A26F5B12T242LL,B00ED3FAO6,4.122718
A15VY7B7VJ3UNY,B00ZNE45JA,4.268881
A2PFNDDKHOOMZU,B015BCX0OO,1.3712605
AJAN7T0CSDDZO,B00TC1JYA0,4.7327967
A2DZUQQXPNUGI7,B00KE8RLV4,4.44256
A1J3WRDIB012CI,B00R4ZHYXK,4.5660853
A25PLL2FEB615H,B01BTHWXF2,4.357942
AX59HEWTONQ1M,B01H7J5Z38,1.3712605
A32A056Q9OYP7D,B00G3W5K9K,4.350632
A3SIBWUE9G31W2,B00UZM2O52,3.7582216
A222WQ9VGVPSR5,B01G9QHL8W,4.810425
A1EBA3T5N28PUV,B01HAQ70M2,4.7427225
A2H7AEDMKV11OJ,B00NDEXI0O,4.304817
A2LMF4HG470CNF,B00S7KU0I2,5.0140667
A64VNUAXNX8VO,B01BRFLLPO,1.3712605
A3GEKHTOCDSCBT,B00A8S22OQ,4.2263274
A2PFNDDKHOOMZU,B01EQ2S2UM,1.3712605
AQFF452SVDF48,B00CF9F6G2,4.4399357
A9DHG0VJ54YZH,B0057XVAJU,4.42495
A3K3P9U2AB4P4R,B01A4ATX58,1.3712605
A2SDFM6RV0SQ4,B01GIX5F4I,4.6319075
A3CJN2S0XLVVLM,B00NTN7M4C,4.931575
A2RYT2UPEQXUAV,B016YIRT9Q,4.5018816
A2F483MD47JG2T,B0184SY5IM,4.4696064
A2GO4VWZWTL7ZC,B00NWR78L2,4.107109
A2JPS7EMNFKXOV,B004OA5ZTS,3.9095602
AIQWMQ4JWKZ3T,B00P8DE7YY,4.464507
A1IFWIZ62O12OT,B00DRF2602,3.803306
AGA6C1UQDNQ1P,B018PD0F9E,1.3712605
A1DJY8WVWPJ2H8,B0157GPPEM,3.9945292
A2BOKBB1IZA13L,B00HI3MSV6,3.5861049
ANKDQ12BPX6Z3,B00ZTMRHQ4,3.747467
A2C7W167DVNUKH,B00F9Z458E,3.783342
A2N1XSD82O6XTV,B01F688XAY,4.2807655
ADUI5YISBG6Z4,B019GLJC5C,4.6330986
A1630ADTTI0JLO,B00PHFL5KM,4.5920124
A3LXRIY0HE71K,B0191WS0K4,1.3712605
A26V5ROE0OZCDA,B00KFZCAAI,4.3743453
A1VE539RO5061D,B00UZM2O52,3.7582216
A2H7AEDMKV11OJ,B00W22ITCU,4.740203
A2MR87VMPFNFJ5,B00MQF5U02,3.899848
A31CZW8SHN9PTX,B00AVJUGQI,4.3124795
A23TQDWMUA4F6Y,B00RY4G3PQ,4.8163486
A2Y7B4AASUOXM,B00ZDHZKKA,4.5059276
A1JXLTQ5VWPGGV,B00S5HPW6C,4.260721
A2YJ8VP1SSHJ7,B00ES2GX3O,4.384177
A364KQZL1KNS6Q,B01EKIELGG,4.124364
A2CZKERY4LUBVI,B00PG3NQBQ,4.3157315
A328S9RN3U5M68,B015BH04E8,4.6410136
A3M3DF2SPC6P8A,B00HQLQYWY,4.261114
A2WEE1PU5NZVJQ,B00WLQ8QRK,4.252325
A3FOL8CN5A1TFR,B00GCVZEG6,4.448509
A3W3XC01BFJJMR,B01G0GIXJ2,1.3712605
A3MJT1B2NVRPDL,B018DK6LM4,3.9310093
A23ID71VXIBR8T,B013QFWB7K,4.4217815
A222WQ9VGVPSR5,B016NO06XM,4.8082733
A2RPMPBKX1MWR7,B01D0ZPA60,3.9499097
A1FI0I69UHS22T,B01A4Q26WY,4.996337
AGIFTDAFJEXVA,B00NTPSMSA,3.966034
A10ED33F8VY4GU,B00CDA4IQC,4.3518634
AYUTCGVSM1H7T,B00RNJLHS0,4.835768
A1F41PH89SL6JB,B01BFYBH24,1.3712605
A3FO728397JFZP,B00WZSQ734,4.21441
A1D427FYPTSWR0,B01GKU3D1G,4.6582675
AK3LIR1TVZFVZ,B00NOAZJI6,4.412295
A1E29AF1LT9N6S,B009QSK1GK,4.618934
A19MQI49YCA5SK,B0143PGMCC,4.322219
A2ZU73E6RDADJV,B01EMF4FXG,4.451413
ARF6JCH8L8ANV,B00C9L5L52,4.6656437
A3IQ0P3M39IY8U,B00SSS98IQ,4.0296764
A1IE93W5OH9MGR,B01DO75D20,4.6812553
A1KE19CDYIO2YN,B0130KVNKC,5.032814
AX746FITV1G72,B00TWUUBUI,4.4432883
A139GUSKBRWPIT,B00K6ZEK3C,3.4959083
A504UK7D094HT,B0104OFHEK,4.094095
A2EZZ9UTFNNKRE,B01D9877OQ,4.5119085
A23GRXCXQU3SM8,B019B6WUGU,1.3712605
A3EVKU21OXJ242,B015GEUFCW,4.56414
A190TSUIRJIFUK,B017265T6Y,4.312782
A1RW0U9YBDZ7UT,B00K2BX8WY,4.421217
A2HZ6MGQ6TPNO0,B00NY7PPCY,4.35456
A3J9BHGK55ZPJO,B00GXBV0MM,4.3127403
A2WG33SBOT901X,B01D2ZNXWQ,1.3712605
A26KWG162U8VBQ,B01HDF9IKM,1.3712605
A2D9S6V1AFXOAO,B01FOGIV3W,4.3973966
A1K4S4MWXI9E9M,B00TIUEVL2,4.977381
A23GRXCXQU3SM8,B01CWZH814,1.3712605
A222WQ9VGVPSR5,B01C25ABTK,4.803519
A2WEE1PU5NZVJQ,B00RZT2U5W,4.458128
A1LGEZKBNXPUW9,B00ILKTBSI,4.5671167
A328S9RN3U5M68,B00VD043F4,4.212858
A142HAT43L5W4W,B00CK51JT4,4.392974
A24NC3WOFW7LHT,B005NTW8SU,4.423184
A1FUH1O6FCTUYG,B00QQOX6LY,4.729091
A1FUH1O6FCTUYG,B00JFLUJ3S,4.6187415
A2Y3ZGVRA3S23L,B00D9CMLNA,4.434908
A3EONSSI2V1YBC,B01FVFWF3S,4.7333055
A12RUNSGFAZFE7,B00WF8YBRS,3.9680676
ALGAUZSEQQWI4,B00RFY3KM4,3.9775414
A2989UZHTNXKM9,B00QZCYET0,4.489372
A2MK1L1Y74WTWH,B019G0SO9S,4.2873397
A916DXE9W36GF,B01GYPPNYC,1.3712605
ANNKJUAQ1268I,B01DLR92DY,4.493495
A2G45Q8V20R779,B00ZEQMP8U,1.3712605
A1HHSUAQDZ1XM6,B00S58YGCC,4.3553243
A2BOKBB1IZA13L,B00NDEXI0O,4.304817
A3KIA7199DNI2H,B00EVSB3N0,4.178564
A2V5HEEE7YLXMI,B01BUMJMA0,4.803229
A19MQI49YCA5SK,B00OGKNBX8,4.0133724
A3NICGO82Z9FI1,B00INYO7MC,4.454895
A2X6LA6IS2C32K,B00DLSTT9Q,4.5296197
A19WWNRLPTXINV,B01H0UI0QS,1.3712605
AOLHNMI8G8R6K,B00G6N3IA4,4.6319675
A1LBXPSSVZVIM0,B01HCB4LFE,4.420326
A3H1TO48SUIM54,B018RU9G0O,3.9601893
A3KBRXW4PKK2MT,B00NMTN4K4,4.5402064
A3UO90FEXQNHRD,B00UCEQTTK,4.67789
A1K8IDNOJ69AE1,B01BRFLLPO,1.3712605
A7HZKJID44JZ3,B01A1E8WO0,4.2843103
A34RWNEJGJFHEV,B00H62TMJA,4.638665
A1PA6ZO9892OH3,B01HHJZ3EO,4.4467325
A1O96KXOI2UI2N,B01HDF9IKM,1.3712605
A2RQ5IRWRU0TVO,B00VZ3S5SA,3.9091463
A3IZU63H3RBN22,B00TKOT3BO,4.8684673
AZPNSCZH6LW40,B00RWKMS1U,4.2848554
A2HX0B5ELOPP5Z,B00P85PU8E,4.5180106
A1ACIK34MC3R7W,B00SJ7LQ9K,4.171123
AQ5HSBPNASYIG,B015B839PS,4.5693927
A2VCU61TZ2J1FB,B01GYPQQRU,1.3712605
A245T0V8KVTV45,B00YQBSEKW,4.188277
A01631062UX24GI4LJKF,B00CQUQ1HI,4.128251
A21G2H64TFS4JO,B01FC7VFCM,1.3712605
A3DQRNADNQWG6H,B00FP43PP8,3.7303505
A2RWL2UG5PAFAZ,B006HMDJN0,4.140813
A178S00H8B3YWA,B019E8ND52,4.1713862
A3KIA7199DNI2H,B01B2EYBIE,4.247549
A1TWV867HVZ60,B00A3ZA4TO,4.5976276
AWNYF3812RWNG,B01CT2VV90,1.3712605
A245T0V8KVTV45,B00HTJJST4,4.2771235
A3OQ0WU2ZHM5J6,B00Q9QAF9A,4.472309
A2N1XSD82O6XTV,B019GLJC5C,4.6330986
A2VTPPOUWOT9AB,B00BYLQP6W,4.4908257
ADUI5YISBG6Z4,B00E6QFG80,4.228255
AJ80WW1T5KJIC,B006KWAKDE,4.064558
A3QMGINSU2LNTI,B01AQNZQF4,1.3712605
AK56P9TMUDM8F,B01H5MF0JG,4.324447
A2YF0QVNVT7ZI8,B00X4112W2,4.354072
A1AYACY5KT0YOG,B01FBZXSI4,1.3712605
A2GO4VWZWTL7ZC,B00PG4T6UU,4.111025
A2D9S6V1AFXOAO,B00U0LF7JS,4.487249
A3PATLW8T3PQV7,B01CDZAQTY,4.361043
AHMV0N47XOIMZ,B00KBAYOTM,4.4618235
A15EMPO8TCH2RB,B005C5YZ86,4.321542
A1983ES85GQ6LC,B01BJST0FC,1.3712605
A2N0V6GUH28XMN,B017ACSD1S,4.4597645
A2K0H6HYH8WB5F,B01DAW6WXS,4.457635
A1FREKK8605YKK,B018BL1LIY,1.3712605
AQF3XAFCMORVK,B00JTDZ1YE,4.1879573
A3KIA7199DNI2H,B008E08FCI,1.3712605
A2S5EPJ451WL3I,B00GRAZD3G,4.4427557
A2M1PNKPRUCQYL,B017WLXUQK,3.788278
AX2OKB7GR55FZ,B00IQBLQNU,4.233328
A1RCVV077UAKKV,B013RN2YOG,4.346789
A8A49ZBLUK9BQ,B00EH2E5IK,4.543851
A8RL5L4BJTEMB,B00ICTUW6I,4.493927
A2VSCTHLAYR9Y3,B00UPQIY2U,4.5275936
AGGDI4VWPPZ6J,B00NTRYYT4,4.6379814
AGIFTDAFJEXVA,B00C2WDD5I,3.7488008
A1TVJ9WDRP0UZS,B01GGW37V4,1.3712605
A3CQLQXVXOKLWL,B013NTIQ28,4.1943345
A1KLWQKML2HIXU,B00R8GVRK6,4.4185047
A2UJTG9XC4KISL,B00T4ZG74K,4.4256005
AX59HEWTONQ1M,B00HS8S65I,4.2665114
AZFENNBSMN980,B00RMB80SO,4.5459538
A1TUBKEWD01LLS,B00YM0ANQU,4.2404723
A1E3QC0C1ODF2N,B018OIL6QQ,4.540896
A30DBF16JX73UA,B00HVFAY1M,4.7239738
AFWKE30TEASMF,B00HLIYVPE,4.255791
AG63N054UPJH2,B00CSBQ5YO,3.8400223
A2Z3DQ7P9JYRLG,B00OG62G3S,4.7347145
A3J5Q6XEH3K2TY,B01CN19QHQ,4.387653
A3RV6L8TB9XZNB,B017FC8DS6,4.5875163
A2U3FVDELHREMI,B01GZ7IMJC,4.7363143
A1YZCADBVKWC9X,B00RO7302W,4.222221
A3LR0J8MJ3Q6SI,B019P93A7G,4.656228
AAKO4YAM9BZE5,B0149039F4,1.3712605
A38KPXZZ1AXYKR,B01HAGVVYU,4.488304
AUII0MVONK1A1,B01A5OVNQA,4.8848886
A3DQRNADNQWG6H,B00TCI48WC,1.3712605
AQ5HSBPNASYIG,B019E9VZG0,4.7907286
A6ZT9EZ49JTEL,B00CL0KG9M,1.3712605
AAADYWOGSQ758,B00BF2APBQ,4.5274477
A3RNQ7PNKEU1UI,B00MVK5RIW,4.6273293
A2D9S6V1AFXOAO,B00LKNP8DU,4.4066744
AANI9E9T63MOG,B01BJST0FC,1.3712605
AYVJY4Z9CYQWU,B00JCFMXHW,4.5266066
AH62R547L3FQT,B01BJST0FC,1.3712605
A2D9S6V1AFXOAO,B00DRFQRIO,4.327239
A3JVZY05VLMYEM,B00NU3AXHY,3.8485708
A1Z7KHEH5I1LUP,B01D6F5MP8,5.2842565
A8RL5L4BJTEMB,B00OAN88H0,3.879377
A3KBRXW4PKK2MT,B00OYWP438,4.428608
A10DX94ATZQEFG,B015DLURNU,4.3679237
A2KWQ64TRHB3YH,B015BIHKH6,3.861486
AHMV0N47XOIMZ,B00EY2UDR0,4.487229
AK3LIR1TVZFVZ,B00M3GWXHW,4.478401
A267QVSAPZCRT7,B01845NQS0,4.3651056
A2W3RQOSC87P4A,B018WYKTR4,4.435268
A6SR7U2PNGN0N,B018BL1LIY,1.3712605
A28GRFK2F3TMWE,B01GYQ057Q,1.3712605
A1IFWIZ62O12OT,B01DUO8QXU,1.3712605
A36PA4XPATJSKX,B00F8KSVAS,1.3712605
A1TUBKEWD01LLS,B00IWTSKBW,4.4959707
A2V5HEEE7YLXMI,B01DGXSHRK,4.340838
A3JVZY05VLMYEM,B01BEGXPYG,3.750576
ABTPG9K6K74W,B0153XSCNA,4.717246
A63YNBWLO7V18,B014BR47MO,4.166586
A1KLWQKML2HIXU,B01757MBGG,1.3712605
AT2ZB20OCU7X2,B00Q5OG0RM,4.764136
A23GRXCXQU3SM8,B01AQO16VQ,1.3712605
AL4D6OHMS2Z9P,B00JXTNMDG,4.487296
A360VI7SQP0HYW,B0189RIS40,4.429427
A1N48Q1NZQ9R2E,B010W9HEUW,4.939235
A3PB5W8OE59743,B01BQ00CAA,4.45151
ASUZ2V9ZK5DXS,B00JZWDC9K,4.6792316
A3PV5FJGYOY5NW,B00G7RANLG,4.0926228
A3I4EQ1A96IBG8,B014B6KG2K,4.827201
A3AM47VJNSKWZR,B00R9MUH0A,4.941325
AAZ73E56LMN7V,B015T6EYEW,4.108702
A2UH7EMPH4GK2L,B0067ZJVK2,1.3712605
A2RU61YN9M0IDQ,B00ON8JVP0,4.1833572
A2DZUQQXPNUGI7,B00FIWMMJ2,4.4264536
A10DX94ATZQEFG,B01A1E8WO0,4.2843103
A2F2878HE7XOM9,B00LMIWFUW,3.6817946
A1RDYQ3CR9WOBH,B00FD5HCC6,4.4071636
ALGAUZSEQQWI4,B00NOAZJI6,4.412295
A26GE9ZG68SKIQ,B00O3V6PWY,4.4752207
A8YJFGILC2W38,B0108J1BVO,4.291786
A3KYYFYZ73WDWV,B010KAVO0Y,1.3712605
ALGAUZSEQQWI4,B00PQV6H78,4.413766
A1N48Q1NZQ9R2E,B01CERDE8G,1.3712605
A1LGEZKBNXPUW9,B01DGXSHRK,4.340838
A8YJFGILC2W38,B005GI9EXU,4.0841374
A1RUGOMYCF8NF4,B010NQV6I0,4.409122
A3L8F13NKUQHQ1,B00NS79DMS,4.1336923
A245T0V8KVTV45,B00MQ5BIE4,4.1546807
A1NAXYNAOGJIGN,B00OAN88H0,3.879377
A1I5JKKMD84DRU,B01FTEBE74,1.3712605
A11TXTVCFT246T,B00QG1TRNS,4.172649
A1DJY8WVWPJ2H8,B00XZJ30FU,4.2002053
A2BOKBB1IZA13L,B00O3V6PWY,4.4752207
A3E4H5A1X8NJRR,B00J98RD4A,4.351272
A179INWJ0ZLOB4,B016TG5V3E,1.3712605
AMK0DSS0DAP1W,B00VOYNKM6,1.3712605
A2S5EPJ451WL3I,B00TPBIA4S,3.9035716
A37GCC410JYT17,B00MNQH5UC,4.1431856
A10IOT56F4GM85,B00DV7LVP2,4.4725127
A2EVKNQ71UULXI,B01F2SCM6Y,1.3712605
A10JAUCIGVRW9F,B01E46BFJU,4.391746
A13QONG1RD57UW,B018PD0F9E,1.3712605
A296HV17AZ10V9,B00K5D7IAC,4.086414
A2PBXQTE07LEFY,B014VPZHCU,4.4687333
A244SL0KDS6TL0,B0157RBC16,3.5247183
A1GXJZGFR0BPJH,B00JTS1TPE,4.7520285
A1SKQ5W90YXHF4,B01HDF9IKM,1.3712605
A24NC3WOFW7LHT,B00UZSTI28,4.3967743
A3GWE80SUGORJD,B00629WWJ0,4.4508653
AZRPAHQG1VHR0,B01DWF3ZHE,4.5355353
A414YEU57FUHJ,B00PBA6QCU,4.1589212
A37KLLG8DXL5J7,B01EAYV5P0,4.371727
AXX9S5UGOEZR9,B00KZ41KGY,4.755686
A19GA74ZCMMYPM,B0150GDK5K,4.5046864
A272PNE7D26JA7,B01HHJZ3EO,4.4467325
A1CGSOXGAEK30R,B018UQNDOK,1.3712605
A1HHSUAQDZ1XM6,B015JQUCU2,4.584369
A1GXJZGFR0BPJH,B01EIB8K9E,4.7273397
A22IR36BR0UCVB,B00DPNS95M,4.4048114
A222WQ9VGVPSR5,B00YT6WRQQ,4.783396
A36PA4XPATJSKX,B00KQS1DJ8,4.0205317
AA9PKGS1AJS9V,B0100BOE7S,4.7016296
A3FA93L7JWESR,B01A3H9YOC,4.2847986
ADHBG0CRBVUL1,B01E2H3M1A,1.3712605
A2X6LA6IS2C32K,B00F3L4KIE,4.5834556
A1HHSUAQDZ1XM6,B00QR33XQ2,3.6841173
A2EVKNQ71UULXI,B01BS4Z7IQ,4.470969
A26V5ROE0OZCDA,B00ENTIAJM,4.4259357
A69JQYYIUQFQL,B012YHT12E,4.108791
A31G4MNGZNYSZI,B00O4GUH1S,4.4593587
A3DA91KQ8UQ76Q,B01F5KX678,4.472805
ASZ8NR9HIZGJF,B00QIQNWXW,4.3145943
A83C3F4X0U3ZW,B00HLIYVPE,4.255791
AYX4FFM42UGTM,B01FOFAVZ4,1.3712605
A2KVGS0V3LJKA3,B00IXYJ0C4,1.3712605
A2KS7XM8Z13Y78,B010189NMG,4.669632
A2LLWCQVYKYF0F,B01GU8OI8U,1.3712605
AALCQ67H5TY5L,B017QSL2U0,1.3712605
A2M1PNKPRUCQYL,B00UI5G3CQ,4.433202
A1FCMIVQTWHYH2,B01HDLC4C0,1.3712605
A3SIG6AK2XVJ13,B01DFMO1S6,4.8336477
AIKGKUGNQ6L2F,B00W2TD572,4.181235
A1A085EGL86PB,B01GLZ0V6K,4.423607
A28GRFK2F3TMWE,B019B6WUGU,1.3712605
A3JONP3MGSSP0F,B00OWIQH5I,4.4090524
A1O206EET8BDM4,B013YR9IFS,4.3287635
A3V9J8I5FHAH19,B01AWPTL0W,4.574006
A2G9YADU04XBHA,B00GQQPU4I,4.0059133
A20XM6F911RIDE,B00ABLJ5X6,3.927188
A30EXJZTDRVDJR,B01CYTLPPI,1.3712605
A10IOT56F4GM85,B0145JMH5M,4.5246797
AXVDFGI9OEIVK,B00GRAZD3G,4.4427557
AY9AIGZKJYC6T,B01GYPQQRU,1.3712605
A13QONG1RD57UW,B01ACB72TS,4.488266
A1CLGNWRCE4QKB,B013GZOXPS,4.496104
A3V9J8I5FHAH19,B019VJ697I,4.6341205
A116GL1WSBL31P,B01EKIELGG,4.124364
A2GO4VWZWTL7ZC,B00NS79DMS,4.1336923
A35SD76E2TSGP9,B016TG5V3E,1.3712605
AW16PJHZIQPA5,B00OECC9VS,3.5611434
A10IXICTN64ZSV,B018FM3E5M,1.3712605
A2LEDCD5NGDPL5,B00LD6IYUS,4.3989787
A4YSGLUQJP68Q,B00H8Q5AGI,4.1971984
A1NAXYNAOGJIGN,B018RFX3LC,4.717012
A18EEC1ENOT9YN,B00S58YGCC,4.3553243
A1PSGA348YRV67,B00WLQ8QRK,4.252325
AQR5TV897ZGKZ,B00V8UVHFS,4.2329493
A23Y4UGTFDMZOP,B01FP256UQ,4.52057
A1Q3SVFIAWX5YN,B00HND2ES8,4.422564
A2B42XZI4MXOLX,B00FA0SCM8,4.3679123
A19T1A4TS1WHOZ,B01EYUE4DK,1.3712605
ADT3692HEYU4S,B00Q6Q5ZP2,4.2515864
A31JVB1Y1HXN5I,B01FPJ0DMU,4.825455
AUII0MVONK1A1,B01DWW6H6I,4.890327
A3SMTE1XV2GC78,B00HTJJST4,4.2771235
A1ACUN6A2LYVMW,B0149IDQV8,4.352707
A18EEC1ENOT9YN,B00TEB4HAU,4.3631315
AE7Z94S1URTXL,B00NYISFXY,4.1641417
AAADYWOGSQ758,B00XTEMJR6,4.3302617
A1LL39K926QN1V,B00OHNCCYI,4.55439
A1TR7SQWWLREQR,B01GYPPNYC,1.3712605
A2WQZ6RF0O4XER,B010ZFRUQQ,4.8307204
A2AGAA1B2ORZW0,B01GBYFK1C,4.385602
A16NOA3DB7G1SR,B01EGL8HXA,4.3612595
A2BEDL4QXLEE3S,B0104OFHEK,4.094095
A2Q7R5EUKTKURJ,B00IJ4K752,4.7268395
A3CAIZ5D023DAO,B00L6YJ6AE,4.524433
ASI65UKWLTDJQ,B00OQY2X06,4.623485
A3LNU5OKNIZV21,B01FDI8UWS,1.3712605
A1QFKWSZFO0AOH,B007SCJ1RG,4.6962585
A225LKCZR6KH1Z,B018JP6WE0,1.3712605
A37D3BRKS7OO2L,B01CBM44Q0,1.3712605
A3H7J5POTR9TZW,B00CQUW9YC,3.5831738
A1ZPW21ZBSDZ10,B00O3V6PWY,4.4752207
A2LAII96I1O1IY,B01BO8423M,4.1874833
A1FEZ774RWJOU,B007GSO4XS,4.7768455
A36CNQTLRIL6LM,B01B52FWAY,4.684198
A1WUV5NNBO97B6,B00NMVS01K,3.9624557
AQFF452SVDF48,B00N05R8GG,3.8785396
AGBGV16NY06FW,B00I8PT41A,4.4273896
A353K0UEDMX3PH,B00JJUZ1W4,4.424791
A3E4H5A1X8NJRR,B00VRQNK58,4.3311777
AB5DP7AM479QJ,B00G0TI2I2,3.9449825
A2EAKYR4AEJU69,B01835JNDI,4.595737
A3VOJUZV0MRGK,B01DJB7XZG,4.9508367
A2HESNQJZ9OB7H,B015Y80IGS,4.206177
A287J5FTWL99W6,B00H67YGUK,4.4562654
A1K69VHP8LH96J,B00957XZFG,4.53136
A2M1QYOWLBGRHT,B01DFVOP74,4.8276877
A36I3TGCTO1NHQ,B01DRXCPXG,1.3712605
A1P44JJW47E6QN,B019LOFJE2,4.1993423
A15EMPO8TCH2RB,B01GBMRQH0,4.7126637
A1ODI3DRI04JZO,B015BBZB1K,4.4871264
A1FCMIVQTWHYH2,B01HDKFB44,1.3712605
A3H1TO48SUIM54,B01HCB4LFE,4.420326
A2S5EPJ451WL3I,B01G68FXZG,4.5045757
A2C7W167DVNUKH,B01FBZXSI4,1.3712605
A2CZKERY4LUBVI,B00UOFS9QS,4.258307
A1B5MN8PY0JIJQ,B00XB6M0OY,4.6196527
A15Y3Q6XIXTGKU,B01D5CAQ1C,4.622561
A2RWL2UG5PAFAZ,B00LS610HC,3.9138207
A1K5D34E308RSD,B01CXRI0W2,4.7240343
A3QU0T2MAJ2VJM,B01BFF1FOS,4.4349933
A1LEP3FM28J5RB,B016M0D3GO,4.367864
AK3LIR1TVZFVZ,B019G904RE,3.574106
A1ACUN6A2LYVMW,B019YNUQ0M,4.2799067
A1YS68EIVIMORY,B00ARFOGQ2,3.974174
A1E29AF1LT9N6S,B00K1MS0NQ,4.2944407
A1P44JJW47E6QN,B01A4ST18E,4.761826
A31W0R6O8EM6V6,B01FV7OB5G,4.492614
AYUTCGVSM1H7T,B00AXLV0CI,3.912588
A2VSI0RDFNNBEU,B01DKRP6RG,4.0932517
A3LR0J8MJ3Q6SI,B01BMODWY8,4.569501
A1PT92FOG5ALFB,B01CWZH814,1.3712605
A1TVJ9WDRP0UZS,B011AKJH0C,1.3712605
AGD9CPEWV61AG,B00JQS5FIO,4.6564794
A3SMTE1XV2GC78,B00I1VX9YO,4.2917695
A253ZKSZTAZ8W7,B0098AUF7G,3.7282653
A1P44JJW47E6QN,B00AXLV0CI,3.912588
A2PBXQTE07LEFY,B01BHE3H1G,4.652619
A1FWLM5208ESO4,B01D27RNDO,4.352955
A28U98HYYE5DR1,B00O3V6PWY,4.4752207
A3EJDCT3TAEC2,B00TI0T5IQ,4.634064
A3FA0RACII84DP,B00B3DROPW,4.273072
A31PEOCXMVP4X4,B00QZHHE7E,4.5081706
A2539ZDDALTYR7,B0050YUL0A,4.2807903
A2OCN5Z5Y8E8XJ,B01ETJABRE,1.3712605
A32TX5VFAQALG5,B018CHA4GM,4.434634
A2UJTG9XC4KISL,B00HTJJST4,4.2771235
A2C3N49XB5K19C,B01EAYV5P0,4.371727
A2YJ8VP1SSHJ7,B018P7B0NK,3.9896278
A3H1TO48SUIM54,B00O4GUH1S,4.4593587
A1NL7G5VN45RDW,B018RU9G0O,3.9601893
A1VA2I63CK09BU,B0143PGMCC,4.322219
A2YJ8VP1SSHJ7,B01DL6EQC2,4.9779854
A2MXJZ75PBWCI9,B015L2UR1S,4.388928
AV6ORIR1JV86P,B01DJI001S,4.33941
A2PJCE1T0AXDD3,B00XIHMD2K,4.830704
A2RU61YN9M0IDQ,B0161EFLCK,3.721593
A2FR370CNM7L9,B007Z4WSOK,4.5673323
A253ZKSZTAZ8W7,B0161EFLCK,3.721593
A30DBF16JX73UA,B00NEON2WC,4.380668
A5KRI5P7KR7SK,B00DPNS95M,4.4048114
A3DQRNADNQWG6H,B0100BOE7S,4.7016296
A3OQ0WU2ZHM5J6,B00NLLP3MU,4.471942
AAO6QIF5RUMS2,B01CNZ73DG,4.694248
A2B9C3FMYW18UN,B018BJKTPC,3.8860743
A1K69VHP8LH96J,B00DRFQRIO,4.327239
A21TSBBTF0DMG5,B00BZF0H6G,4.2922873
A8YJFGILC2W38,B018BL1LIY,1.3712605
A3KFTHKGVC63SL,B00C44H0OE,4.5065036
A64VNUAXNX8VO,B00VOYNKM6,1.3712605
A37P6T3YZ8KY2F,B00MX7NP1Y,4.1970167
A3C713428J4MJ7,B01BU7PHA4,4.2484283
AC10C3YIUN8LO,B00CQWDQA6,4.1045947
A2MK1L1Y74WTWH,B00Z7Z2A6A,4.0101867
A142HAT43L5W4W,B00I1VXA3O,4.3176475
A3O6Z1T0IZ3NT,B00U9U223Y,4.4289913
A1CLGNWRCE4QKB,B01520Y7N8,4.7656736
A32TX5VFAQALG5,B019AJC8DS,4.4168577
A3N9UT7F50XA6L,B00WDXUE6W,4.105532
A1UH603GXL3ER2,B01HCB4LAO,4.4503255
AGBGV16NY06FW,B0150C55HA,4.378352
A1K3WZMHNUDZ6N,B01C8CLGR8,4.5417004
A1A6ADR8JG12KQ,B006Q1V2XQ,3.9000359
A35JGHMCMZIMW4,B01DE64GJW,4.3822527
AJ5I39GJSGSZW,B016MWT1XQ,1.3712605
A38TZJEVGI7OJN,B00WCD5GYS,3.9821267
A2XKX5TBB6WV00,B00WNCHJF2,4.550471
A1JMSX54DO3LOP,B00UMHJAOS,3.705275
A3PYB2CTKK93MG,B00D53OFPA,4.587183
A16E3LZGPATT2,B011TI8CTW,4.715519
A3P2ROGJMLVZHN,B00RC6JVDC,4.406249
A3JONP3MGSSP0F,B004UHYPZK,3.9520683
A2ESCA4MLAK1QF,B014BR4A3A,1.3712605
AYDMB9RBJMTBR,B0096SJLAM,4.0557914
A1DJY8WVWPJ2H8,B01CSNZ15K,4.8354383
ATTQEF12BAZNC,B01FOEQRNA,4.067309
A326085M0DK10B,B00DRFQRIO,4.327239
A1LEP3FM28J5RB,B00MT3H1VC,4.658161
AWPBNX7NCVR0D,B00Q5OG0RM,4.764136
A2BC67IP5E7QC1,B003KRP2VW,1.3712605
A34FGMJ3K5O6GT,B0065KX8P8,4.372154
A69JQYYIUQFQL,B0184I7L1U,4.861608
A23GRXCXQU3SM8,B01EQ2S2UM,1.3712605
A1FAJ6G0KD5ASM,B00NXFPENW,3.9469817
A2MX7TA6LI8I4K,B018FNBE26,4.4036164
A2RO8I1XUKKUU7,B01DV399Y0,4.5912447
A1FI0I69UHS22T,B01ADL8LZ6,4.560783
A2GO4VWZWTL7ZC,B017DPEEUG,3.814392
A2EVKNQ71UULXI,B01DYXP2LQ,1.3712605
A2SNF7VCKMYTDF,B00MQHIEKI,4.40977
A2GO4VWZWTL7ZC,B00X7R3DFM,4.713936
A2S5EPJ451WL3I,B006PYDFTI,3.9989746
A2WEE1PU5NZVJQ,B019G904RE,3.574106
AK3LIR1TVZFVZ,B00ZYX46P8,4.502054
A3E4H5A1X8NJRR,B00A9FYVXS,4.3518186
A31R64J645RAC6,B01D7GSS70,4.4071174
A2G1P9M0BN9BQJ,B014RCH66M,4.2496543
A3PATLW8T3PQV7,B016G5T1CA,4.366909
A2AI4R4JQ6Q772,B01AWS518A,4.514261
A1SH6H9ZY9AJV9,B016PKYGGC,4.716672
A3CBZUOAQ1LBU5,B00NJ0Q0SY,4.4759345
A1FWLM5208ESO4,B018BL1LIY,1.3712605
AH85UZ876V6OW,B00ER8D5U8,1.3712605
A2DEMVB5J42NGI,B01H7HMP1U,4.8032293
AH85UZ876V6OW,B01DTRFUY6,1.3712605
A3AN1E7K5WXIXK,B01EJ2BV0W,4.4651136
AYUTCGVSM1H7T,B00MX4LMT4,4.6063647
A1E614LDQVKOYE,B01ECK9V12,4.2298346
A2IUIOTFRZHGLD,B00IBF3PJ4,4.384209
A18EEC1ENOT9YN,B00D9CMLNA,4.434908
A2G9YADU04XBHA,B00WTCSTKA,1.3712605
A1UH603GXL3ER2,B0100BOE7S,4.7016296
A1RL1Q5LPSFZL6,B00K9W0F9A,4.078133
A1L6F7EDB5NVUO,B01F5KX678,4.472805
A1ZDSAPOGRGBJI,B00DRFQRIO,4.327239
A1Q3SVFIAWX5YN,B01AYAD74Q,1.3712605
A2V06QC9Y4ZL0E,B00XCAOXI0,4.595831
A15EI56DL57DZC,B01DUP0TL6,4.3529596
A2G45Q8V20R779,B00TIUEVL2,4.977381
AFWX7LUD88GFR,B00IXR3JLE,4.288237
A2BOKBB1IZA13L,B00T6HTQTY,4.448943
ACATGMB8JTGU9,B0165I3VSS,1.3712605
A3H38968JZF6VK,B007BVNF4O,3.7532592
A369BMHORFPL0O,B0190HN0DM,1.3712605
AUJKYWUK14BZ2,B01F483E64,4.590703
A1K3WZMHNUDZ6N,B017DSORBE,4.749529
A3ANLUEKJBC1IZ,B0174PTMU2,1.3712605
A1VA2I63CK09BU,B00K395P12,4.2074113
ALFGUMMTD7M4R,B0165WFX2Q,4.831053
AUI3XAZ1513SI,B01D2CC1EU,3.747641
A1DJY8WVWPJ2H8,B007PPJOGO,4.4874597
A1NE9CRAQ0WUV,B01EO6IIM2,1.3712605
AYX4FFM42UGTM,B00XIHMD2K,4.830704
A3TC60MGLW1I76,B00EHSUFD8,3.6626933
AGE0YGLF7L2ZL,B014LQ18CW,4.741007
AT2ZB20OCU7X2,B00ZRDPPU0,4.1076713
A1ACUN6A2LYVMW,B01EKIELGG,4.124364
A1BOK1EC36Q0WV,B016XBDENO,3.9661102
