ReviewerID,ProductID,Star
A25X28UZCW2J6G,B00K9V6B94,3.1455407
A1FUH1O6FCTUYG,B00GZANS6M,4.459816
AAUVEEG5YLZAX,B01864DDVO,4.8597574
A3VQLGTYTL5196,B001BXNQ2O,4.8358154
A10JAUCIGVRW9F,B0116MZUS2,3.260626
A30WJKGX1XG19Q,B00I4KRGPA,2.584823
A2JPS7EMNFKXOV,B00KLO64S2,4.3972955
A1TA5QYECZP1L1,B019LZJ5H8,2.6936991
A27OS7Z94VXCYF,B00X2JUCRC,5.5505595
AJNVLN50MZSFU,B01A03HKFE,3.919144
AL2SKAXGCX01B,B00OM12RWM,4.4823985
A1RDYQ3CR9WOBH,B00HHGRE22,4.881764
ASGBSLP29DQRY,B01CBLURCG,1.3022918
A3S3O6L6SZL8KV,B01GKU3D1G,6.1397977
A26V5ROE0OZCDA,B00EAHZR5W,1.4340559
A37G8WNF7DGY6M,B00BF2APBQ,3.2529974
A3GWE80SUGORJD,B01CBM44Q0,3.7606754
A15Q5MVRVBMKW7,B00TC1JYA0,4.7118154
A1O206EET8BDM4,B00QBH0WE0,3.8126276
A3CYA250L0DABZ,B00N05R8GG,2.8705294
A31G4MNGZNYSZI,B017S1KRCO,3.2805476
A18EEC1ENOT9YN,B007YUYWPS,2.9867005
A23TQDWMUA4F6Y,B00NGZOH1E,3.8254762
A1983ES85GQ6LC,B01HFFPC2I,4.131447
A35CC2LV7L5GFE,B00PG4T6UU,3.8102665
A2S5EPJ451WL3I,B01H4NVSOC,3.9738386
A2AGAA1B2ORZW0,B00II5I3R6,4.6983056
A3N6TV5T5JSG7K,B011G3HM2S,5.4286036
A2C7W167DVNUKH,B01A3SL1ME,2.1107824
A4YSGLUQJP68Q,B00R04OX5C,5.189574
A3E81XX9ZDNCNO,B013X96TL8,4.607096
A2D9S6V1AFXOAO,B00X8SCJCS,3.7302196
A1V9310YS86T7M,B00LAKB87S,2.5755625
A8Q2ZFOHTVSCV,B0143PGMCC,3.4289503
A3N9UT7F50XA6L,B00HTJJST4,4.3276815
AEKAL2F7RF7WL,B00BPTTFOW,4.792299
AQFF452SVDF48,B00YSW6NWU,2.656655
A16XJNGXIVCHE3,B00HWFEVRE,5.1398273
A1UH603GXL3ER2,B01D1UVNEM,2.9797108
A1W49O3LYZ8GI5,B00ZAY07OK,5.055423
A3CIIU9YNK53VK,B01BU7PHA4,4.703627
A3DS9MLHI0EHG6,B015VKB8KY,4.809841
A3JVZY05VLMYEM,B00ZTMRHQ4,5.181831
AXMNLUJHA9RG7,B01E2H3M1A,3.4601974
A1NE9CRAQ0WUV,B01BXGMTEY,2.8654885
A2MX7TA6LI8I4K,B00FY54JYO,4.55396
A1ZV5XBKG7RVZU,B00DH52R5G,3.5228004
ABRLCS0WRNOKX,B00JJUZ1W4,4.282538
A2W4295H4JSYDD,B01CMH15IE,2.9434075
A28REJAM6899K8,B006PNKS2Q,2.8555164
A2GO4VWZWTL7ZC,B00NW2BZD4,3.841435
A1NPM2IW3DLO3F,B01CMK63A6,5.267612
A2BC67IP5E7QC1,B00BVXQS1U,5.805448
A38VSUHB9RAWYT,B01FQ57CRC,3.988672
AXOY11IDEONHE,B00CLZCRIU,3.0382936
A28Q2RR2DO7NIH,B00G9FC2GA,3.6199484
A26GE9ZG68SKIQ,B01DUO8QXU,2.8541424
A19GA74ZCMMYPM,B0198OKW7Y,5.0704827
A3HYB9AL7BZY4,B01BXOWVU8,5.177597
A31W0R6O8EM6V6,B01B3G5Q8K,4.7213035
A2Y7B4AASUOXM,B010MER4EI,3.1637955
A2Q8B7JPI4LAKL,B01DH09WVW,2.8221633
A3RS1I72ULUVFC,B01AJCEP0Y,4.503424
A2PBXQTE07LEFY,B01ERZFFSK,2.6584935
ASR774IIR8VN7,B00UZM2O52,4.0122285
A1ZQGKKF2I7YS0,B00YOAD310,2.6338558
AAADYWOGSQ758,B00PRA4CUM,3.491184
AKWBRE0JKA2A1,B00ENHU966,3.63178
A1ZOL59JA86C7Y,B01HDNEFGQ,3.1109145
A3N9UT7F50XA6L,B0165I3WGY,1.8392036
A1UH603GXL3ER2,B0150BC7FY,3.7585533
A83C3F4X0U3ZW,B01EYUE4DK,1.6135112
A3V9J8I5FHAH19,B016TNH8HE,4.000865
A36WBGWPPLIQZ9,B00D8GLHYG,4.3213367
A1HHSUAQDZ1XM6,B01DUO8QXU,4.3099217
A27FIUTXM6WTIW,B00RW9JGYS,3.8493087
A2J8WQHKV75MAS,B00T85IUR8,3.6140378
AZPNSCZH6LW40,B01FKDKB96,2.8120859
A1G7VXXXLTJX9R,B00QVNQYIM,3.7956889
A2C7W167DVNUKH,B00X4112W2,2.6691518
A916DXE9W36GF,B018PD0F9E,2.5689516
AVTN1DZPKSY8I,B005NTW8SU,3.5170248
A1I96OYAUJ3HQE,B01GEKTEY2,3.297024
A198VXVTHHIZJ7,B0157RBC16,3.7849705
A1HHSUAQDZ1XM6,B00DV7LVP2,6.2349095
AAIDLB38IY7R6,B011B2C3NW,2.4269426
A2HZ6MGQ6TPNO0,B017JRXATE,2.7051086
A1PSGA348YRV67,B00U7O4IQ6,1.6675408
ASGBSLP29DQRY,B00K40M50E,2.9350965
A326085M0DK10B,B019S2I4HG,4.1620555
A2KWQ64TRHB3YH,B00DU4Y2R0,3.4254591
A1NE9CRAQ0WUV,B01BU7PHA4,4.2762027
A14TBDIKFSOIX8,B00L1R3OS6,3.8750904
A3SSNQX72CDVLH,B006A9XGUG,4.9835343
A3CHUCS2CVKGI0,B017RFCQ5C,4.496451
A27FYZLG2XYSCZ,B00EZGN2VO,4.5245967
A3H38968JZF6VK,B00BBQ2JPQ,4.8371625
A2NDDUI5L26D3Q,B01ACP2MSU,0.33228943
A37Q71Z1BE6V9,B00FJFV6AY,2.6215532
A245T0V8KVTV45,B00VQJHHRI,4.915621
A1ZQGKKF2I7YS0,B008O58I4S,4.0634713
A3GWE80SUGORJD,B00ES2P6UK,4.226545
A2LF3KTH2T6RJA,B00L73W2J6,5.47542
A3NVE90M7T4FBT,B01D5CAQ1C,4.48785
A26GE9ZG68SKIQ,B00PG4029Y,4.1645894
A36RDF38V9ITAE,B017GGWXNW,5.112833
A1Y5FO3ON4WVHS,B01ERZFFSK,4.154657
A2US3C9WGWUE66,B00KH3Z53W,4.3240085
A1C7ASZFSTSJMH,B01GZ7IMJC,4.267671
AD9HAE7DPTQDG,B01A3H9YOC,2.7455652
A3FA93L7JWESR,B01GQW4UQ0,4.232129
A13QONG1RD57UW,B01AQNZQD6,2.9629388
A2XKX5TBB6WV00,B00N9IMHCE,5.1904273
AKZH6MEXHWGLD,B010MXA96E,5.3204064
A2D1LPEUCTNT8X,B00NHVBIF0,-4.4914556
A3CYA250L0DABZ,B00II5I3R6,4.511049
A32TX5VFAQALG5,B011G3HJ6C,3.301833
A1B5MN8PY0JIJQ,B00K1HQWBS,1.6350441
A18TN5IRM7LPNK,B00ZYX46P8,4.152292
A1ACUN6A2LYVMW,B016WQR86Y,3.0895867
A16SH2BVYS9FL3,B00MJ2UMIC,1.2242724
A1YUPRU1BVJHQV,B01990D46I,1.6260804
A3LVYVNRDCRYQP,B01ACP2MSU,2.732304
A3RDDEA1NKSMVC,B01C6DZQYS,3.7539585
A33CY1MZDI8944,B0197OZW7A,2.899358
A2NLY1TJ8TYV6D,B017S1KRCO,3.9013581
A2MR87VMPFNFJ5,B00HLUH7BM,3.4604373
A3TYM17FU0FSE8,B01GD3CF5U,5.639995
A7GZXYEZ2OMLQ,B017733NZ6,2.8522518
A3FOALVTW4NEZI,B00AA3P7M8,4.3695
A35BKLDD2E04E6,B00TZ8TK54,4.733955
A3A44JIMIWYFIE,B00MAFLX90,4.520335
A30KP3UKCY35YQ,B00LAKB87S,3.1835332
A2I0ZBZOWPP756,B01DABB99G,2.772796
A1MIXHFSMNEE42,B00HZ3NG74,3.4498343
A345V8Y9YVZEEP,B01D3EKF1I,3.7734163
A16N88TMHMXX1F,B00NLJHSQ6,5.362107
A1SH6H9ZY9AJV9,B00XCLU7Z2,3.7716522
A1SBQ0F7FSLWB0,B01GF9OSI4,3.7908845
A1OKS5Q1HD8WQC,B01HHJZ3EO,3.2476773
A2MK1L1Y74WTWH,B00Q6YLPJ4,1.6225945
AGIFTDAFJEXVA,B00Z96Q9U0,6.0405965
A245T0V8KVTV45,B00PG4T6UU,4.2082663
A1ECVHTU780FYY,B00LU5ORLW,2.839134
A1F41PH89SL6JB,B00KKTTQZQ,3.553786
A19MQI49YCA5SK,B01914ZZHI,3.605443
A2J7GJWY8O1MDB,B01BN5LB7Q,4.7153964
AIKGKUGNQ6L2F,B00GT4I4L8,4.139513
A3BMLG97SSIKN3,B01DME2QDY,2.4031289
A1NPM2IW3DLO3F,B01B55MQ5K,4.7516932
A137UEIU93IFEF,B00AA0VB8U,1.6188195
AJQJ9WSUDVQ0C,B015BCX0OO,3.4775622
A3C713428J4MJ7,B00XDAG2TC,3.6882603
A26V5ROE0OZCDA,B00SSS98IQ,2.1652355
A2O4SN56PNX9YL,B01EMF4FXG,4.5435567
A10IXICTN64ZSV,B01F0MF6KQ,5.1677337
A2LF3KTH2T6RJA,B00I590F8A,5.0022087
A2PF014MHWXCT5,B01DME2QDY,-4.4914556
AXIO51VZN815F,B00AOS6Y26,4.1162515
A2AH9PUAT0EFCR,B01GSC9QOY,3.6444278
A16SH2BVYS9FL3,B01E1RRX66,1.1816807
A1JMSX54DO3LOP,B005ZUV64E,3.612231
A3JXBWCYZ9HVXL,B01CJ37JJ0,3.6250608
A247M2SSLKTSHY,B006KZ5M84,3.1284785
A2C3N49XB5K19C,B01A6B5MFA,5.178351
A2VSFHELFF7ICE,B01GYPQQRU,2.9756546
A10DX94ATZQEFG,B00WRP0DHG,3.719319
A2MR87VMPFNFJ5,B009L2X8KM,3.2197664
A3AN1E7K5WXIXK,B00PQV6H78,5.6238165
A1CPMEH6MMCRRZ,B01DJI001S,4.0970216
ADAJ62S65XLVH,B016JPTGN6,3.4768662
AX5KL9LWC1TG6,B005PII040,4.272809
A1NPO1UJGN7GVO,B01GZ070A6,4.240825
AAIDLB38IY7R6,B01HC1252A,1.5735604
A1A6ADR8JG12KQ,B01D0ZPA60,4.661432
A1BBKKDTH8S00C,B01CX93T44,4.8268723
A2S5EPJ451WL3I,B00MRFP7E0,4.863081
A3E2YW0WOZ9TWL,B01BJ9EFB0,1.8440877
A2RQ5IRWRU0TVO,B01A03HKFE,2.418976
A2M1PNKPRUCQYL,B01HC1252A,3.0561156
AAADYWOGSQ758,B00JFHKEOG,4.3684154
A3K4HYYXZFODU2,B010PHITOQ,3.4908261
A2H7AEDMKV11OJ,B00HCK1TZQ,2.0629487
A2KE2O5C2XMXGE,B007YX9X18,3.3688715
A1E614LDQVKOYE,B00VS1XNS6,4.501149
A1P5YXP15B13SA,B01FG70S4E,3.827647
A3CYA250L0DABZ,B00OAGWXDW,3.4789722
A1RPQMHJSNR8U8,B01H0UI0QS,2.4211817
A2UJTG9XC4KISL,B00P38D704,5.441183
A6ZT9EZ49JTEL,B01E1RRX66,1.1816807
A1EHES82IVVS9C,B01GD5E86C,4.733661
A10RH00JS3DUX0,B01DABB99G,3.8262599
A3HOXAKC11UEOX,B00Z7Z2A6A,2.787326
A1VU7D0OL9GKST,B00OAJUEW6,4.8237534
A3IQ0P3M39IY8U,B00TPBIA4S,3.0406733
AQFF452SVDF48,B00ILYKGW4,3.079173
A1SXDVX98NJLHZ,B00F8N71PQ,4.2776623
AHR3AU7CPID24,B01H0UI0QS,1.9137303
A2PJCE1T0AXDD3,B00TGC71K0,5.104381
A37G8WNF7DGY6M,B00NZAPQHE,3.2234766
A288W9MY6EK1P,B010ORALRK,3.5450087
A2RWL2UG5PAFAZ,B018CHA1D8,3.1423905
A39N24TTLP6I48,B00NF30KKE,4.8956537
A1ZDSAPOGRGBJI,B00X7R3DFM,4.141772
A2PBXQTE07LEFY,B00L2II2AY,3.9088318
AQR5TV897ZGKZ,B00F64A1YK,3.7390015
A3TC60MGLW1I76,B00Y228S2O,3.41091
A1SZW98SMUZTQJ,B00WZWMRC0,5.1447253
A26GE9ZG68SKIQ,B00KUJCVLC,3.7645187
A20Y6SVZJNW6U3,B015M5L9A2,4.4433627
A2CJ33Q2E7PUTQ,B00GWF5ETE,5.314523
A26V5ROE0OZCDA,B018BYUPVA,3.2733052
A35M5NTEVHKVB,B005CHQY24,4.8405423
A34S7V88FKZ2TA,B01HDLC4C0,3.2915802
A1AFGQGTS66UYY,B0188CT868,1.8085327
A2PZA5XB74EIDB,B00PUS8AEK,4.5846524
A25CQ5UC0CJ44C,B00GNJBFC4,3.6456895
A3K8NPGJOP3QGV,B0122EO4TE,5.270546
A326085M0DK10B,B00FHFODOM,4.103964
A24NC3WOFW7LHT,B01DN1BLKK,3.1589658
A16XJNGXIVCHE3,B01CGBC7D8,2.7264788
A1PMXOPB5EYC54,B01H0UI0QS,3.5372498
A2GO4VWZWTL7ZC,B01GWMFSYM,2.2872496
A1UH603GXL3ER2,B00WNCHJF2,3.4647653
A1X6NTLNNGVIAF,B00EH2E5IK,5.2258506
AJUCQMDI0QA3I,B019B6WUGU,3.5807605
AXVDFGI9OEIVK,B015ECXJOM,3.9680912
A1YMQOVJJHYR5P,B0184BHNIS,3.0307114
A2HX0B5ELOPP5Z,B00LKQHZTM,3.5158274
A3Q9ZYNO1MXQDW,B01HAQ70M2,4.637444
A9M7TOUJ3N4OE,B00VO86O7K,5.238396
A3NW9Y963QZ8WI,B00MD5VDNS,2.805565
A3CYA250L0DABZ,B01EYUE4DK,-0.10707709
A2U06P692IZOSF,B016YIRT9Q,4.746445
A2Z3DQ7P9JYRLG,B01EQ2S2UM,3.762201
A1NE43T0OM6NNX,B018A097LO,2.9775946
A178S00H8B3YWA,B00ZAJTPB6,3.5949924
A26V5ROE0OZCDA,B00VOYNKM6,-4.4914556
A2735JIVUDTBZ0,B01FC9OWTI,3.1748838
AMKWIQ2MT2V5R,B01BJST0FC,3.0705407
A3SFE4SWTZ3UIP,B01F2WTGFK,4.403361
A15RKFWXR5W3PP,B01A1E8WO0,4.746364
A1ACUN6A2LYVMW,B00GG0OZ9A,3.1928828
AIW0QH84UBVB2,B00COAKA7C,3.0321026
AAO6QIF5RUMS2,B00S8J54RY,4.486463
A1ACUN6A2LYVMW,B01AQ14XL4,3.5775635
A37Q71Z1BE6V9,B018RKHYMQ,3.0959795
A1TVJ9WDRP0UZS,B01FCBU7OU,3.4044309
A39CVMK2ZKEIK2,B00MQHIEKI,2.379868
A3E4H5A1X8NJRR,B01C4IAK5U,4.659518
AYGI3FN2M078F,B017E1XMPM,4.4834266
A2N1XSD82O6XTV,B00JCAHK6G,5.4121757
A2EAKYR4AEJU69,B00CSFDPUM,1.282714
A1JMSX54DO3LOP,B00K6GZJ68,2.7551792
A3KBRXW4PKK2MT,B00ED3FAO6,4.484862
AIW0QH84UBVB2,B00P9QXW1E,3.5305495
AYVJY4Z9CYQWU,B00E7KTERY,4.706191
A2EGLWRK7PCDYH,B01BJST0FC,2.6147282
A253ZKSZTAZ8W7,B01GCULNK2,2.7183633
A1ZN09YCBHQIFJ,B00MZAS07S,3.7393649
A1XL1A3TCU3Y1I,B01EYW7KHU,4.465013
A3W4VE2L5G4HN6,B01B0T1HD8,1.7414376
A39CVMK2ZKEIK2,B00BPTTFOW,0.90604436
A1V4LZS4HHHH6K,B01AERZS78,3.041125
A1FUH1O6FCTUYG,B00SPGA5T2,4.3617854
A18EEC1ENOT9YN,B014LZJVAE,4.074882
A26GE9ZG68SKIQ,B00IA4UVPC,4.254272
A2MR87VMPFNFJ5,B01645ZYZU,2.9448793
A32TX5VFAQALG5,B0165I3VSS,2.4651957
A253ZKSZTAZ8W7,B01835JNDI,5.2166686
A13LERNQ8R7267,B01A4ATX4E,2.8502533
A18EEC1ENOT9YN,B00KGK9A5A,4.296403
ALGAUZSEQQWI4,B0175AQ1S2,4.087502
AA9PKGS1AJS9V,B01G89E5OS,5.015308
A2N58DQ4IL5SHP,B01AKXHWTS,5.406075
A2PG5XA0Q3BEMU,B017KW0G2M,3.991441
A1F41PH89SL6JB,B00NW2BZD4,3.6501653
A2XDIADRDAIZ0M,B01CQ2707K,5.2166896
A2Q439D72KOQME,B016HIOV08,4.330504
A1GQ2UI5BKCCRD,B00IJYII4E,3.5814254
A1ACUN6A2LYVMW,B01BHE3H1G,3.3573425
A3CBZUOAQ1LBU5,B00NOAZJI6,5.442137
A3ULR7XJF3C400,B00VW0OLKM,3.6934721
A2S5EPJ451WL3I,B00HTJJST4,4.180174
A1DF6JO4KFE5X1,B01CFBYXMW,4.751197
A137UEIU93IFEF,B00FY54JYO,2.6868055
A37BRR2L8PX3R2,B00GVJ4WOY,3.7497382
AUQCW3RV8YE2W,B0118DAWR8,4.1729574
A3JONP3MGSSP0F,B01EYW7KHU,2.7911136
A10JAUCIGVRW9F,B00R1O4KWW,4.768025
AG63N054UPJH2,B00LE4Q370,5.6604695
AL2SKAXGCX01B,B00PBA6QCU,5.356497
A3KIA7199DNI2H,B005H8PAQ4,3.614592
A3PVBW0TN46U8G,B01HCB4LFE,5.1211963
A1XKTJ1XLTWLCQ,B00S7766OW,4.320172
A1ZDSAPOGRGBJI,B01DWW6H6I,4.68008
A20ISU7TSX8NIL,B00VQR2NOW,2.587765
A1H10L6S9KZB2C,B00J9YWGTQ,4.5310025
A29T92HFUVM2NT,B00UT0VAD2,4.082065
A1SUV0W0CB3KVM,B00RC4MNWK,4.0756273
A1EF46YLAZ7MEM,B0182RBPSI,4.9204736
A26OF6WI5RVAR9,B01BJST0FC,3.253555
A3K9X6KRQCWWKL,B01GQW4UQ0,3.0408666
A1BBKKDTH8S00C,B01EII2PB6,4.7506332
A1ACUN6A2LYVMW,B00IKW40N8,3.4881961
A3OQ0WU2ZHM5J6,B00HMXLW9Q,2.407399
A245T0V8KVTV45,B00NWR78L2,5.588596
A1ACUN6A2LYVMW,B0058OJ8AG,3.753194
AQFF452SVDF48,B00TGC71K0,3.1969802
A3P4PWQ6NZGNFY,B01APIXTJ0,4.6621966
A3SXU17Z77R7N,B01416W0C4,4.0869184
A1RPQMHJSNR8U8,B00LDQOZWO,5.549959
A16N88TMHMXX1F,B01FOGIV3W,4.2336135
A2QM4ZF6N1SI4S,B014M089YW,1.7900475
A13TLUQKSW123I,B0190HN0DM,1.277036
AQFF452SVDF48,B01CKEZ4BS,1.0784634
A3BPKT9STRWWQG,B0139HKO3S,3.7827728
AUII0MVONK1A1,B01H9ER9R6,3.8148115
A1ZV5XBKG7RVZU,B00GRAZD3G,4.8324165
A3SZPKNV5IU75I,B0157GPPEM,4.82328
A1P5YXP15B13SA,B011T78JT6,3.570257
A13QONG1RD57UW,B0174PTMU2,2.9629388
A1JNMSETGHIUZ2,B00GW9K8EG,4.7973375
A3AGZMFF5MXXG4,B01HHJZ3EO,3.3047159
A3CYA250L0DABZ,B00NW2BZD4,2.1517947
A326085M0DK10B,B00ENTIAJM,4.6173043
A1QDU32SAI8LO2,B019B6WUGU,3.5248597
A73IK4VT0XZS6,B017V6PZGO,2.8272164
A23Y4UGTFDMZOP,B01FPGWZCE,3.9335907
A3UO90FEXQNHRD,B00KCWO76O,3.7981703
A3GWE80SUGORJD,B01GYQ057Q,3.7606754
ACVNKHUOX3QWU,B00OYWP6G8,3.6860795
A3SQJOLKQ8X719,B01069Z6TO,3.705573
A3QY3KER34QGCS,B012YHT12E,4.2390456
A2O4SN56PNX9YL,B00MX7NP1Y,4.5740285
AXMNLUJHA9RG7,B01BRFLLP4,3.4601974
A3H38968JZF6VK,B00ENW9J9Y,4.7349744
A1M9WKJRA9LA3H,B0172LVWUQ,4.094389
AQFF452SVDF48,B01A9BTUBY,2.8511372
A1HHSUAQDZ1XM6,B00HBWQCAC,5.6890903
AQ9EUQMWTPCLP,B01EYUE4DK,3.784485
A1GXJZGFR0BPJH,B00VGNPU3W,5.6267085
A14R9XMZVJ6INB,B01DQED9F4,3.5888524
APORGO15GFK60,B00BQMKC5O,3.5003216
AVAC1JO1AZGAJ,B0173QJGLW,2.5889614
A1YMQOVJJHYR5P,B013GZP3BG,4.0518675
A31O3ANLI6CFJ4,B00MSSTC56,5.5092087
A2LFTN6A58XAQV,B00PSEO3XS,3.9754374
A2UJTG9XC4KISL,B007YUYWPS,3.7045844
A1IFWIZ62O12OT,B00NTRYYT4,5.5329595
A183DRUR0UACQ4,B01783W2SE,3.622788
A1QXNTUAUWFKP7,B01CDYARAS,4.7495384
A1D7CDK7HS68NP,B00SZ35DB0,4.5189204
AKZH6MEXHWGLD,B01ACLW2JS,3.6063502
A36PA4XPATJSKX,B018F3C1KU,4.293316
A2UJTG9XC4KISL,B00MDACG9I,4.5374527
A2HZ6MGQ6TPNO0,B004INHR24,3.0292888
A1IE93W5OH9MGR,B00AM4HTEE,5.370342
A1BQJNUATIXPSS,B00OQI625O,4.9990544
A98XBNRFXW0BJ,B01FPGWZCE,4.616104
AHKB5BOH22L44,B00N7K1BB2,3.9381125
A1E29AF1LT9N6S,B00EJXIO7U,4.275064
A1DJY8WVWPJ2H8,B00DLSTT9Q,4.209563
A37D3BRKS7OO2L,B01097AOJA,4.7916064
A2W4295H4JSYDD,B018CHA2KK,2.9434075
A26V5ROE0OZCDA,B01H173WKO,-4.4914556
A198VXVTHHIZJ7,B01GAIHTSQ,5.150344
AUII0MVONK1A1,B017PH5PXC,5.3277726
ADUI5YISBG6Z4,B00FFLB6MU,5.311747
A3AL7B2RPOAEOB,B00OG62G3S,3.5952535
A18EEC1ENOT9YN,B00GPAH8XQ,1.9734713
A1LMM7FPIC5XMI,B00UZM2O52,4.998232
A1G9FFD93Z9YNS,B015C6YFGQ,5.137852
A2G45Q8V20R779,B014GFMV4C,4.427792
A2W31IQMW6TX93,B00NZLNUXA,5.3178644
AH5HD9FHUFT9B,B00ED3FAO6,4.3932242
A1FYJN76V1V5GX,B00X7R3DFM,3.4920778
ADHBG0CRBVUL1,B0174PTMU2,2.336424
A245T0V8KVTV45,B01BU7PHA4,4.9147277
A3QSRVCKQJ8F6Y,B00XRRAWYM,4.909304
A3T7S6BDKHWPJD,B01GSRNLOK,4.0326614
A253ZKSZTAZ8W7,B01D1ZKSB6,4.196156
AV6ORIR1JV86P,B016X05QHW,4.1736255
A3E4H5A1X8NJRR,B00YQBSEKW,3.560594
A2EGLWRK7PCDYH,B00AND5YIM,3.7657347
AX2OKB7GR55FZ,B0095LNU3O,3.5624137
A2S5EPJ451WL3I,B01GTFE2BW,4.479494
A3R74060ZMG3S5,B0192OOXU2,4.266271
A18EEC1ENOT9YN,B00NJ0Q0SY,4.7533064
A2TX3PH7TXFRE9,B00HBX7DD6,0.105936855
A178S00H8B3YWA,B00FP8QLTG,4.606318
A3G31IWKH9ALT3,B00K1H0H7S,4.6551676
AIKGKUGNQ6L2F,B00GT84JJU,4.0629587
ABNZCEB0CF7MP,B00GVQOJZ4,4.980306
A2ATPNDTJKBEW5,B010ORALRK,3.8806407
AP0MMULH95T9W,B00S9WR33I,4.0492296
A18EEC1ENOT9YN,B00SJ7LQ9K,2.560185
A39BS5Z2VD50RM,B00AOT3UDG,4.8914604
A2QJ4TTBMNTY9Q,B00Q28829A,5.782809
A13LERNQ8R7267,B01EH5IRI0,4.466483
AX746FITV1G72,B00CXX0LOC,1.5529219
A2JPS7EMNFKXOV,B015BH04E8,3.1278827
A3JONP3MGSSP0F,B00ZOL1DRO,3.5854309
A2WI7I8LN4JVRU,B01D3YGQ7U,4.148872
A3SCI296BEDGUW,B0182RBPSI,4.6097865
A1X6E6VBABKKYB,B017JIYTJI,1.9089726
A1GHGL2CAF09DZ,B0103UGC1C,4.737971
A2SNF7VCKMYTDF,B01GBMRQH0,4.683295
A3IQ0P3M39IY8U,B00QGDV9L4,3.7569788
A1K4S4MWXI9E9M,B0184J1F4I,3.6653903
A3USZMPTWE7MEM,B010NQV6I0,5.5537915
A2XWNFCQ9U8N3S,B00M7JJYIG,5.990807
A1JMSX54DO3LOP,B00QXFNP62,2.7917213
A1NPM2IW3DLO3F,B00RFY3KM4,4.2893896
AX5KL9LWC1TG6,B00V9525BC,4.7683234
A2VOQ0CRLX2C8X,B01GYQ057Q,3.0318978
A1Y5FO3ON4WVHS,B00QJKV1EY,5.3807187
A2PG5XA0Q3BEMU,B010W9HEUW,5.4098945
A3DULR7SKCWCJO,B01H0WI9QC,3.7200596
A7WOE5BJXO2N5,B00ZYX46P8,5.751088
ABGK3RNJSLQ38,B00IJQCZ2S,3.5181606
A1LBXPSSVZVIM0,B0198OKW7Y,5.878876
A2DD8D4Y1UMJ2C,B01GF9OSI4,3.3225718
A1HHSUAQDZ1XM6,B01B9XNJP4,5.1180687
A3VOTL1Q5GT7UU,B0150U9Y6A,-4.4914556
A3PB5W8OE59743,B01F0MF6KQ,3.1893501
A36XTPY9IFYA5R,B00LS6MCMY,4.899588
A2M1PNKPRUCQYL,B01GGQM9AK,3.0561156
A1LGEZKBNXPUW9,B01EO8OL8K,4.20429
A3V9J8I5FHAH19,B01DV4HTFK,3.0277815
A35SD76E2TSGP9,B011G3HJ6C,2.8611841
A3FWAT2EKO9FRE,B01FQ57CRC,2.2082121
A3EJTO1IBULV7T,B015OS4436,3.844899
A3YPNGXQCY94U,B01EJ2BV0W,5.2558928
AOLHNMI8G8R6K,B00EV9LSJI,4.757087
A1FJ6YD0TL90GN,B01AERZS78,3.587472
A1UPHTDW5GM12T,B00QL14R88,4.897595
A77Z38ULG98AW,B00DCJJMUA,4.1403728
A30K9MEPFESK61,B01BR1U1WC,3.6790287
A64VNUAXNX8VO,B01AERZS78,2.195315
AZFENNBSMN980,B019EQUUYQ,4.015331
A12GID1HOOBX8L,B00KEP7XU6,2.8926013
A11FF0H63VFFMX,B00C5VBBHI,4.312057
A137UEIU93IFEF,B00AXLV0CI,2.3241396
A3DA91KQ8UQ76Q,B00LI5X2QA,4.288166
A2S5EPJ451WL3I,B007Z4D9MA,2.715114
A103M7E0BSFC83,B00Y6RB1I8,4.6631923
A2DZUQQXPNUGI7,B01DME2QDY,3.0394788
AF4G3KN17ZX41,B00TOZ9EC2,4.540572
A1RRMF5XW5NZDD,B01H9ER9R6,3.2862186
A1RF70MWVANZCU,B00PCZC7F4,4.839536
A2O37WEGGS6NF,B01CEUZT8G,3.2322009
A39BS5Z2VD50RM,B012FAXT0U,4.545989
A2US3C9WGWUE66,B01GJA450A,3.1983867
A19T1A4TS1WHOZ,B01GQCLA5O,3.348094
AXVDFGI9OEIVK,B00629WWJ0,3.2429912
A3M3LPTYJWK90W,B00F5FBRD4,4.288489
A19T1A4TS1WHOZ,B01FVHS6OI,3.0232823
A3GEKHTOCDSCBT,B0068UAZ8I,5.197206
A296HV17AZ10V9,B00CJNDKUS,4.040047
A7M73HAH815DM,B00HMP4JEO,3.2973983
A2K057YIAJJQXS,B00MZB47RE,4.5300264
A2TLU5ODLGESZ6,B017OLT0HG,4.8676467
AWNYF3812RWNG,B00629ZTOU,2.7862818
A10PIB0GJZQHJA,B009QSK1GK,5.5743976
A2WG33SBOT901X,B00XZCYHRW,3.8071053
A956O72VO20Y,B01HDNEFGQ,3.1601565
A20RU9H40EONUN,B00UMODJ4I,5.3005176
A13C53Z3ONTAIS,B00X7R3DFM,4.2632017
A3A44JIMIWYFIE,B00YLC03YQ,4.298305
A6SR7U2PNGN0N,B00J9YWGTQ,3.3782027
A14DHYFGHKOYHZ,B01BRFLLP4,4.024737
AMUH4FGZCFJFF,B017RMOW66,3.2961555
A2GO4VWZWTL7ZC,B00MRFP7E0,5.313741
A20W4WL6TW19KK,B00MIH3P0U,4.984269
A2I4SQOSEF7WH5,B01CBM44Q0,2.1802094
A2A1U239S7ZVL1,B00PUSZDZY,4.2350354
A36HU5U2YI3JHR,B01GYQ057Q,2.5070496
A38KPXZZ1AXYKR,B00I0ZF9VM,2.7953813
A1XMFCMIANCQRW,B01HF6OU70,5.691919
A1X87IHRK15RBU,B017GQDX04,2.9804277
AOLHNMI8G8R6K,B01CYTLPPI,3.2645931
A15RKFWXR5W3PP,B01BJST0FC,3.3375156
A1RDYQ3CR9WOBH,B00S4D0PDW,4.369354
A2BEDL4QXLEE3S,B016R0I2WE,4.5975447
A296HV17AZ10V9,B00C14KSH8,2.4764302
A39N24TTLP6I48,B003JTHMO6,4.862465
A3FPBNRK04ZSCC,B01A4ATX58,2.9151857
AJJXFL8ZNBC4D,B01DJZ7G5E,3.0998945
A28U98HYYE5DR1,B018OIL6QQ,5.280398
AYUTCGVSM1H7T,B004LB4FBE,4.4677234
A3AL7B2RPOAEOB,B00NB3LMEG,3.5649636
A7M73HAH815DM,B00YDI7CHO,5.197327
A1SXDVX98NJLHZ,B01570CO06,4.0250564
A296HV17AZ10V9,B01GD96DLQ,2.1662734
A3RTTJWMRCR09S,B00H7K5UB0,3.4175637
A2V85U4LG9CNMC,B01FIS2F42,5.0480185
A28KZIYDZQRGGY,B00EGJE43K,5.1496596
AWC38PDUZQ8RJ,B00XNMKN2W,4.564165
A1LGHE86XYGL9U,B00UT0VAD2,4.688604
AUI3XAZ1513SI,B01FVHS6OI,1.986209
A16AQ4VKYGFWAA,B00J0PKKUG,4.3274846
A1HNLK1WBP36F9,B01G4TEUUG,3.2244956
AJYEWC922WUNC,B016TG5V3E,3.6897066
AQTXCLZVJ9GBX,B01H62L5GW,4.5482793
A39JEH2M5KY1HX,B018KVO970,4.7816153
A2HZ6MGQ6TPNO0,B01CEUZT8G,3.9406092
A11S2QYS4HV6SF,B017WTF8TE,4.4491334
A3ALH6Z83RHTO2,B004E9U9AY,3.342574
A2KJ7AGC82GPP1,B015HN8TSY,5.2147293
A1R2D0K0S0M30P,B01BXGMTEY,2.794616
A2UAPFRQOHUFS4,B010ZFRUQQ,4.9735703
A535AAXVRE5VM,B00T3E76II,4.4404793
A3RPL8JIS2XMJ3,B014GAK1R6,5.7341447
A3QSRVCKQJ8F6Y,B01324YJ8Y,5.3417573
A1CV6PASVMUEE8,B000GCFWXW,4.9660344
A7WOE5BJXO2N5,B00JRBN26M,5.5551543
A3KMEQP8CSCPC2,B01GYQ057Q,3.7634594
A1ZV5XBKG7RVZU,B00BFQ7AV0,3.7066302
A2EVKNQ71UULXI,B00BF2APBQ,5.318512
A36D9JIUF8JFQ7,B01FTDR8ZW,4.9967556
A16SH2BVYS9FL3,B0141GRCVS,1.4590563
A2J36T6J3GWT6O,B01FDI8UWS,3.3202171
A19MJXG060UDTA,B01DL6EQC2,5.166302
A3MTU1QAMYEAX3,B008X7AJX0,5.035398
A1VIR960IWHK07,B01ATF41UA,4.2960935
A2JAQ6H360RV0G,B01EO6IIM2,2.714578
A1YZCADBVKWC9X,B00UAZ3JVC,4.083839
A3R74060ZMG3S5,B01BRU6U6O,3.990122
A2PFCU5WLS5UIX,B00W891R26,3.810585
A251R2KPOLFSYV,B00S5HPW6C,5.731439
A2C8S6EB6MKYAX,B00NDEXI0O,3.7754855
A1B39IGLV2W0GE,B017JIYTJI,3.0744991
A31Y6ITN2SGACM,B00UCANMJO,3.4052227
AXIO51VZN815F,B01A03HKFE,4.2724457
AH85UZ876V6OW,B00KJ7L30A,2.38184
A3131JEJYVBJO,B00HWFEVRE,4.092608
A3H38968JZF6VK,B011ETZ2WQ,5.2127466
A8RL5L4BJTEMB,B00VW0GK1A,3.6547964
A3MN2WTICV7O9H,B000V507D4,3.9530442
A3GWE80SUGORJD,B01AERZS78,3.7606754
A1N48Q1NZQ9R2E,B0145VI0G0,5.140099
A26KPQ82F5SK2D,B01324YJ8Y,4.7932396
ADUI5YISBG6Z4,B00MQNEQ7C,5.0378222
A1NL7G5VN45RDW,B018RFX3LC,5.3092036
A1V4LZS4HHHH6K,B007Z4WTBW,4.238939
A3HJQAU1O5J9Z4,B0056372HA,3.0994036
A6T098A9B0GZC,B01DTO5J8G,-0.2814977
A1KLWQKML2HIXU,B00C6MFLP4,2.043596
A1YK1AM70HDXLE,B011G3HM2S,4.02015
ACYLW9NAGTBK7,B0165I3WGY,3.0703893
AKK6BPA7HTEKQ,B00XGIEM52,5.1763916
A1MIXHFSMNEE42,B01H62L5GW,2.8258483
ADUI5YISBG6Z4,B006RZNR3Y,3.8498604
A2QLX4D1B9FERH,B01CWZH814,2.9639907
A35M5NTEVHKVB,B014V1Q6SI,3.157872
A2TLU5ODLGESZ6,B015VKB8KY,4.9555697
A2M1QYOWLBGRHT,B01B5BR1KO,4.054376
A2MEKYD68X8R8H,B00Q6Q5ZP2,3.821572
A1K4G4G02UIVEW,B00G2CXN7C,4.7343225
A1T77WWA0TSSGB,B01BR1U1WC,4.1650834
A1PUZIV4PYY4YM,B00Q7TWVAK,4.903274
AH85UZ876V6OW,B00RHH7LLU,2.3150315
A2MCZ9BUKVPO56,B01GW1BZBI,1.1143588
A6AEJMW6IUOO5,B01G4TEUUG,2.8704612
A1IE93W5OH9MGR,B008XDGQ2W,3.754618
A2RWL2UG5PAFAZ,B00NI4I0GG,3.823943
A2VNG16IOTY7N,B01BN5LB7Q,2.2472014
A2MXJZ75PBWCI9,B00M8ERQ0S,4.380322
A2VSI0RDFNNBEU,B01CYTLPPI,3.2204862
A556L66JGOVPK,B00NZLNUXA,3.7924068
AUME0VNK7J2MP,B01E6DT75U,3.1637561
A7GZXYEZ2OMLQ,B00JLHHYWA,4.0436325
A2JKXT3H0U8NKR,B00N1DVE8U,4.7802367
A3BTRKXD03KC4F,B00TYV0WSG,6.249765
AYUTCGVSM1H7T,B01HCMNEWO,3.7333217
A1LFIFPYMOJ8RV,B00V45ZENI,5.5634103
A23GNQPTX5CJIF,B01B9U2H50,-4.4914556
A2TX3PH7TXFRE9,B0151RDU58,1.9413723
A3H1TO48SUIM54,B01GBYFK1C,3.3299923
A1W48IWJ8A610S,B010WM3TG2,2.9685252
A26V5ROE0OZCDA,B00QJKV1EY,2.2846866
A3IQ0P3M39IY8U,B016QTOIWE,3.9881732
A3PE4ENWAY4D9O,B01D10TPRE,4.851235
AQ5HSBPNASYIG,B00DVYIQDA,4.495595
A3AM6MXENFRF3G,B00XIHMD2K,3.1089516
AGGDI4VWPPZ6J,B007Z4D9MA,3.5028012
AY5R3F55U7WZ5,B00ET55NGS,4.97501
A15VZ8KA1KH8ES,B00AQOY5RO,3.530616
AWNYF3812RWNG,B00JNK590Y,2.6043026
A3AM6MXENFRF3G,B017GQDZWU,1.7371964
A6IU02S1EJUS0,B00F3LVB40,5.3205166
A29V7E1TFYXKJ,B01CBY47FG,3.5495899
A1FJ6YD0TL90GN,B00JHIJD5Y,4.281833
A1GHGL2CAF09DZ,B00P9RVW5G,4.905822
A2S5EPJ451WL3I,B01GKU3D1G,4.4119525
A2N1XSD82O6XTV,B00OAJUEW6,5.2882557
ASR774IIR8VN7,B00VO86O7K,4.2066
A235UMRMGXAS15,B015BCVXF2,5.907579
AP0MMULH95T9W,B00DDU756Q,2.887697
AIKGKUGNQ6L2F,B00ANG0812,4.150849
AV6ORIR1JV86P,B00NMVS01K,2.75753
A247M2SSLKTSHY,B00CGIEP00,3.287775
A27OS7Z94VXCYF,B01H4NVSOC,4.1108055
A2PJCE1T0AXDD3,B01FTEBE74,3.9163444
AMK0DSS0DAP1W,B015BCX0OO,0.9444525
AWNYF3812RWNG,B01CT4MKIE,-4.4914556
A3RPL8JIS2XMJ3,B015BH04E8,5.735189
A2PJCE1T0AXDD3,B0116MZUS2,3.9163444
A245T0V8KVTV45,B018F6H3U0,4.907639
A8YJFGILC2W38,B007GSO4XS,3.4388926
A1ZM0O98T3MNLR,B0193ZSEUU,3.7899406
A11S2QYS4HV6SF,B01CT5K792,5.771302
A3IAAKYJIX44EL,B0145COWD4,5.7699475
A3HOXAKC11UEOX,B00N0VI2OM,2.8169787
A7GZXYEZ2OMLQ,B00X8SCJCS,3.9473855
A3VQMP3ACL1KHH,B01B27ZC98,3.8723912
A69JQYYIUQFQL,B01DJWPF6Y,4.9462075
A1FHWVQ0ZMFFQK,B013X96TL8,4.6388545
A2F483MD47JG2T,B0073XXOGO,5.9875264
A3GRUTOJXXE8FF,B018COSNP4,4.517667
A1J3WRDIB012CI,B006KD2TP0,3.7866232
A39N24TTLP6I48,B019OYETT0,4.8847966
A29KU896QJLUE8,B014I8OGLS,4.5377975
A6ZT9EZ49JTEL,B01F998SK0,2.6239119
A1G7WM5OV1TKTL,B018RVBW82,2.7166915
A2PF64RBR1G1SZ,B01B0QXBA8,2.5759854
A1Q1PDU91ND28H,B00ZY6REAY,4.177345
A2V5HEEE7YLXMI,B0153KV24O,4.7765217
A2LAII96I1O1IY,B00FR30D16,4.3154235
A1N48Q1NZQ9R2E,B01FRQ4Z8E,5.221675
A3H1TO48SUIM54,B00JFLUJ3S,4.930857
A290WMOZDFOWFY,B01FPS5IQC,4.1514235
A36N7KTS8JMR4L,B00VU0M8JA,3.7039793
A1KLWQKML2HIXU,B018SCGDWK,1.4643296
A28MNML6Q383F4,B01CWZH814,2.6682522
AYX4FFM42UGTM,B00UJEGURO,4.826688
A1NPM2IW3DLO3F,B00KZNW2Y4,4.8561645
A3GEKHTOCDSCBT,B00PPDJ7OW,4.5434756
A3IAJM6F3EBQ5H,B01F5KX678,4.826816
A1KRKONSKSM8FS,B018GVP9PK,3.933489
A1AFGQGTS66UYY,B016MWT1XQ,1.8085327
A37G8WNF7DGY6M,B00O3V6PWY,2.682596
A00463782V7TKAP9EMNL,B01D6ZVT78,2.6263378
A36D9JIUF8JFQ7,B018NUSVFY,5.6721206
A2FSWI7Q6MZ9PX,B01FTEBDDE,4.090894
A2DD8D4Y1UMJ2C,B0014B5JXW,3.5395906
A25PLL2FEB615H,B01A6OP92S,1.6338304
A2S5EPJ451WL3I,B0141GRCVS,1.9001822
A1XKTJ1XLTWLCQ,B007Z4WTBW,4.067582
A190TSUIRJIFUK,B00D53OFPA,4.89324
A2ZRNAK0Q1FLQU,B00TKP8ZMQ,5.083821
AQ87G02DO56Z,B00MDW5UAI,4.6463466
A1NAXYNAOGJIGN,B00T3E76II,4.5767217
A7W8CXJOH3UNV,B01C6DZQYS,4.5870786
A7CZSRM0JJVJP,B00538W83Q,5.1822314
A135NSTCX38DEI,B0197OZW7A,1.867576
A4YSGLUQJP68Q,B019KP81BU,3.7652547
A28JLVMZBALBBL,B01EQ2S2UM,3.702266
A2C7W167DVNUKH,B012PDB95O,3.4204626
A3MTU1QAMYEAX3,B00ZYX46P8,4.532401
APORGO15GFK60,B01CRYKNNA,3.2184052
A20ISU7TSX8NIL,B0108J1BVO,2.3937256
A34XKT60HI08BV,B01DJZ7G5E,4.1427703
A328S9RN3U5M68,B00GNTLLFK,4.153789
A23GNQPTX5CJIF,B01D6ZVT78,1.9271249
A1NE43T0OM6NNX,B01AW25GRC,1.2417182
A1PA6ZO9892OH3,B00PNU8Z86,5.538251
A1PSGA348YRV67,B00BMU99HM,1.0744703
A1IE93W5OH9MGR,B017OLT0HG,4.674042
A2SHWMWTXZLIR9,B00JJUZ1W4,2.430659
A235UMRMGXAS15,B01BRFLLP4,3.3647578
A1B5MN8PY0JIJQ,B00NAI85T2,1.5795373
A3JVZY05VLMYEM,B00WTUV8WS,3.8049867
AQIA837SENFW2,B01HDNEFGQ,2.3796005
A1TJKEWDZGEUES,B00C7HG9KY,4.4039645
A18S48PUNIR4XH,B01B3LJZAA,3.298498
A1JNMSETGHIUZ2,B015NFAKLK,3.6128385
A37BRR2L8PX3R2,B0090MXP0Q,3.9720838
A28D20IM3BNAJ1,B0015DWM3Y,3.043875
A3Q4VT0R8O8RSE,B015V0AKSK,4.8666124
A3PVBW0TN46U8G,B01F9FRYUY,4.835933
A27OS7Z94VXCYF,B00NW2BZD4,4.465958
A253ZKSZTAZ8W7,B00DNC4BKM,4.8037643
ANNKJUAQ1268I,B01EYQ5ULE,5.132349
AIKGKUGNQ6L2F,B00ES2P6UK,4.3282986
ALGAUZSEQQWI4,B01ATF41UA,5.572901
A3DVGQZY2MBA87,B01BRFLLPO,2.127685
A11N6ZJPEMVHYJ,B016ZEF0VI,4.395057
A1JMSX54DO3LOP,B00VZ3S5SA,3.600179
A1FWLM5208ESO4,B00TO2TRV8,3.7209003
A3ESFCDE13IMH4,B00G6N3IA4,3.727444
A2JQN9JI4LBLOW,B00I1VXA3O,3.6904638
A1FYJN76V1V5GX,B00U7SV5O0,3.9725235
A296HV17AZ10V9,B00GTE1BEK,4.0794845
A16TE56LP5NUL5,B015UPORGC,4.3446302
A1YK1AM70HDXLE,B00CNTTUWA,4.4772534
ADUI5YISBG6Z4,B00AP6YRFS,5.076043
AVNS35OHR3D76,B00SWMCZWE,-4.4914556
A2PF014MHWXCT5,B00WBMKEII,2.799019
A1NL7G5VN45RDW,B013T8U5O0,5.494384
A3AL7B2RPOAEOB,B0099LPCWC,3.7964327
A1LEP3FM28J5RB,B01BYT68QA,5.399207
A1SXDVX98NJLHZ,B019E6OLFK,3.0898829
A32TX5VFAQALG5,B01A4ATX4E,2.4651957
A64VNUAXNX8VO,B017RMOW66,2.195315
A32A056Q9OYP7D,B01GBWT010,4.2970457
APDBYAGNSIIXZ,B01GSRNLOK,4.4822426
A10JAUCIGVRW9F,B014Q6D6E0,4.9572644
A2UNMDJYXPEQZ3,B015GEUFCW,3.297849
A1QJ17BR5K3C8K,B01G68FXZG,4.7826385
A3AM6MXENFRF3G,B006C75IR0,2.6439245
A3VE7N2XUI8C3K,B00L2F5P02,4.1863694
A139GUSKBRWPIT,B01888QTL4,0.9255363
A2NLY1TJ8TYV6D,B00MZCQERE,4.5540376
A2RU61YN9M0IDQ,B014EKZYE8,4.510698
AVNS35OHR3D76,B00M5EHGZQ,2.4904344
A3AM6MXENFRF3G,B00K4C45PA,2.6924837
A56CO9I4CBYD7,B01FOEQRNA,3.8769677
A26V5ROE0OZCDA,B00CLZCRIU,2.1515603
A2G45Q8V20R779,B00PD8LQ6G,3.5138447
A2JPS7EMNFKXOV,B00II5I3R6,5.501806
AMKWIQ2MT2V5R,B019B6WUGU,3.0705407
A2U3FVDELHREMI,B01EKIELGG,4.782601
A6SR7U2PNGN0N,B00K4C45PA,3.4817793
A2MK1L1Y74WTWH,B00S0IR6T2,2.3776515
A1NL7G5VN45RDW,B00NQL0LRC,5.2229834
A1CNQTCRQ35IMM,B0151UPUEY,2.534112
A7GZXYEZ2OMLQ,B00NWR78L2,3.5653257
A2KUR0ZBNV17AA,B00O7WX2WA,4.783798
A3A7FF87LEVCQ1,B003ZUYQE8,2.0082288
A1KXFB5X4XZSGB,B017265T6Y,5.254066
A1LFIFPYMOJ8RV,B014XLV2NA,3.5931165
A2BOKBB1IZA13L,B00NS79DMS,4.916258
AX0ZTNX6KVJ40,B01FBZXSI4,2.432556
A2VTPPOUWOT9AB,B00NN5ZPOA,5.649445
A39N24TTLP6I48,B006BBLNA8,4.0461917
A2H7AEDMKV11OJ,B00IU69PTI,1.8702134
AUI3XAZ1513SI,B01F998SK0,2.6239119
AVSG37QWM774V,B014LQ18CW,4.2458563
A281NPSIMI1C2R,B00XB81VOW,2.580284
A2QZVW56O4WSBT,B00YN6XHMU,4.8701763
A1JMSX54DO3LOP,B00OHZ151W,2.861496
A36N7KTS8JMR4L,B01B76FUMS,2.5788014
A1IOR50CXI3C89,B019B6TWFC,3.7379646
A2062SF91Y01U8,B017JIYTJI,3.5377574
A2BOKBB1IZA13L,B00T4ZG2PO,4.728085
A1PSGA348YRV67,B011M0SQ48,2.3485827
A1JMSX54DO3LOP,B019KNRPU0,3.1566498
A31R64J645RAC6,B00E251RHY,3.7039602
A1E1IGWRW974JG,B017RNBS76,4.774747
A1DLTXPVJ50M4J,B007PPJOGO,4.1427126
AGV7AZJ7ZBLUL,B01GF9OQSQ,-4.4914556
A1ACJLREHPPL1P,B00AYO3W2K,4.719485
A3CMIEYL0TJLC2,B01EJ2BV0W,4.8193364
A2US3C9WGWUE66,B00JDYCHM8,5.4208465
A3E81XX9ZDNCNO,B0145VI0G0,5.096569
A3T7S6BDKHWPJD,B019VJ697I,4.7198234
A1DLTXPVJ50M4J,B009QSK1GK,4.4938807
A2KE2O5C2XMXGE,B00XIHMD2K,4.901893
A3IQ0P3M39IY8U,B00Z318GNY,3.6016054
A2BEDL4QXLEE3S,B00N0VI2OM,3.8710942
A1YJ6VDWVUHPIL,B00Y6QF06I,4.36511
A1NL7G5VN45RDW,B010NTY940,6.476105
A2PJCE1T0AXDD3,B017DPEEUG,4.315248
A1SUV0W0CB3KVM,B00Y9M77YC,5.2793803
A2VNG16IOTY7N,B00MDW5UAI,2.8919249
A28U98HYYE5DR1,B00KLSMCPW,4.504929
ALGAUZSEQQWI4,B00Y9M77YC,5.171708
A2BOKBB1IZA13L,B01E46BFJU,5.366085
A11KZJ5GD1TKC0,B00HBJ693U,4.1272044
A1ZPW21ZBSDZ10,B018RU9G0O,4.039649
A36I3CE9A5LP9N,B00CG69E0I,4.4251924
A1SZ7SSVVG3VXG,B01HAQ70M2,4.5799155
A10PIB0GJZQHJA,B01BHE3H1G,5.329251
A2UQGGK8VJPUH5,B01AB1EQL6,3.9519107
A2S5EPJ451WL3I,B00SER0484,3.313021
AA7BT35X9DZY,B01GIX5F4I,5.004731
AGCQUDUCJRV0B,B00V8UVHFS,3.0199234
A251R2KPOLFSYV,B00V9OH536,4.6592803
A2RQ5IRWRU0TVO,B00K4C45PA,3.0338302
A1YMQOVJJHYR5P,B015G747E6,1.2901472
A1GQ2UI5BKCCRD,B00HHXUW9C,4.2805495
A3DQRNADNQWG6H,B017RMOW66,3.3382535
A3GWE80SUGORJD,B01CYTLPPI,3.7606754
A1ZV5XBKG7RVZU,B00BELOQMW,4.347346
A1EC5E7T0YNFOF,B01GYPQQRU,2.7222197
A2FCP7ICZAQGZO,B0165I3WGY,3.6885746
A1FI0I69UHS22T,B01E5S9FUS,3.501873
AJNW2ORZGUDIE,B01520Y7N8,5.2938867
A1QXNTUAUWFKP7,B01D1UVNEM,4.705588
A3RDDEA1NKSMVC,B01C22CSVW,3.7018855
A1FUH1O6FCTUYG,B01GGLV2IU,4.5286446
A3O24SH2K12EL7,B01HDF9IKM,2.829774
A2UJTG9XC4KISL,B015CLZ89Y,2.6548316
A1FCMIVQTWHYH2,B01E6BA364,4.143144
A22GB5JBPTNN3R,B017PH5PXC,5.345233
A245T0V8KVTV45,B00H67YGUK,4.502175
ABRLCS0WRNOKX,B00OHZ151W,5.757226
A356MFRFTA643Z,B01BKVFFLQ,5.556106
AVNS35OHR3D76,B00DLSTT9Q,2.5388393
ASZ8NR9HIZGJF,B01BJXQMW6,5.159982
A2VNG16IOTY7N,B01B5BR1KO,2.702541
AMUH4FGZCFJFF,B00UIDZVYY,5.1564846
A281NPSIMI1C2R,B00RSHCC5Y,3.9566576
A6SR7U2PNGN0N,B00ID2A1PQ,3.972535
A30UMARRRQR1DD,B00KE8RLV4,6.2317266
A2PJCE1T0AXDD3,B013KV12YI,4.3201127
A31CZW8SHN9PTX,B018A8EDV0,2.8238523
A19T1A4TS1WHOZ,B00VVMC2FW,2.3295226
A3Q4VT0R8O8RSE,B019VCC8P2,3.81974
A2A1U239S7ZVL1,B01FYJYMOQ,4.518353
A1B871BGSYX0F1,B01GQW4UQ0,4.6841764
A1LFIFPYMOJ8RV,B00WF8YBRS,5.1369476
A2I4SQOSEF7WH5,B0165I3VSS,2.1802094
A2S5EPJ451WL3I,B006I2RQT2,3.2734916
A11PRSJD8V0R2H,B01D2ZNXWQ,3.3982823
A137UEIU93IFEF,B01645ZYZU,2.5089047
A10AWAE0F6CAP1,B01BJST0FC,3.6595132
A31CZW8SHN9PTX,B006VDVWFW,-4.4914556
A2UNMDJYXPEQZ3,B01FCBU7OU,3.911774
A3JVZY05VLMYEM,B00T0WXD8K,4.880409
A1MND3QHN446KD,B00SSS98IQ,3.762087
A5UM17P1E7DUQ,B00YZ4W8IO,3.8494942
A2YJ8VP1SSHJ7,B01E5S9FUS,3.959749
AXVDFGI9OEIVK,B01EKPNQKG,3.6837955
AZRPAHQG1VHR0,B01C0UBDEO,3.4465516
A3A44JIMIWYFIE,B01CRYKNNA,3.844209
A2PQ680TRW8JFG,B00Q6Q5ZP2,4.2885637
A2B42XZI4MXOLX,B01D9JB7DW,2.7775712
A15EMPO8TCH2RB,B00IT4DH22,4.228209
A3U6Y3GD1A6PXJ,B00K4C45PA,4.9187436
A3FJ2JGU50THRQ,B018CHA2KK,1.228331
A3PVBW0TN46U8G,B0104OFHEK,4.7681527
A2DD8D4Y1UMJ2C,B01ACLW2JS,4.141068
A2N0V6GUH28XMN,B00F280LTK,4.311969
A31CZW8SHN9PTX,B00YOAD310,1.6235632
AJ571UKWCC3CC,B00VY7Y67G,4.7608037
A326085M0DK10B,B00L1R3OS6,3.7870822
AJ80WW1T5KJIC,B019KP81BU,4.6227574
A32A056Q9OYP7D,B00U1T9OSO,3.2439024
A1GHGL2CAF09DZ,B018HDU9AC,5.5162683
A3KIA7199DNI2H,B00B30IW4W,3.2955935
A1V4LZS4HHHH6K,B01EQ2S2UM,3.041125
A1NE9CRAQ0WUV,B00J3D2JS6,5.019997
A2I4SQOSEF7WH5,B01DRXCPXG,2.1802094
ARF6JCH8L8ANV,B006CRHK62,3.8147104
A2PCN97H7ORFXL,B005JVSU2U,4.452471
A35SD76E2TSGP9,B01AQNZQF4,2.1797063
A1G2GYX8B4OH8W,B00B3NX16I,3.9659526
A386CNLWZUF3EH,B018A097LO,4.6135345
A1UH21GLZTYYR5,B01FDI8UWS,2.9741745
AYUTCGVSM1H7T,B010KAVO0Y,3.7333217
A13QTZ8CIMHHG4,B00VQJHHRI,4.043244
A2PSERVP2IKZDL,B01HDF9IKM,2.9348521
A2B13DO2A2205G,B00KKXTC2Y,3.9373648
A1QJ17BR5K3C8K,B00QP3ROUA,4.559808
A4YSGLUQJP68Q,B00M0DQIEC,4.7703934
A238ZC3TQJC8V8,B00YFEXKYA,4.654524
A3BTRKXD03KC4F,B01C8RR9DS,5.591649
A3RDDEA1NKSMVC,B01H2II39C,3.9300425
A1FREKK8605YKK,B01ASAVT0G,4.585934
AB5DP7AM479QJ,B017HX13DU,2.8562849
A7WOE5BJXO2N5,B00O4GUH1S,5.30487
A37VK00KNVVICE,B00XOGY9N6,4.525299
A3DJ1IVSPDTMW5,B00LOVY2X0,4.551581
AA1UMDOV44T2Q,B018RFX3I0,2.7211967
A2KJ7AGC82GPP1,B00AJFYCVY,5.0820107
A2AGAA1B2ORZW0,B01H173WKO,3.0517683
A2LF3KTH2T6RJA,B01DN1BLKK,4.0944095
AUII0MVONK1A1,B00NR5WRLK,5.041918
A1NE9CRAQ0WUV,B01AO5Q2MA,2.0306818
A16N88TMHMXX1F,B00BR04UE4,5.134181
A1V4LZS4HHHH6K,B0165I3VSS,3.041125
A2VXSQHJWZAQGY,B00P9RU6SK,2.569035
ASHX33A1334SS,B01416W0C4,4.137015
A3J9BHGK55ZPJO,B01E6DT75U,5.840105
A17EGVTXRDFTRS,B01HFUF1GK,4.615094
A27OS7Z94VXCYF,B00NR5WRLK,4.8572745
A222WQ9VGVPSR5,B00TM7A386,2.9285753
AW16PJHZIQPA5,B016XEZDB2,2.3674877
A2PG5XA0Q3BEMU,B019E9VZG0,4.577063
A1IOR50CXI3C89,B004TU3T1Y,2.6343653
A2UJTG9XC4KISL,B00RY4ZKZ0,3.6139133
A504UK7D094HT,B011T78JT6,4.856741
AANI9E9T63MOG,B015BCX0OO,3.0297496
ABRLCS0WRNOKX,B00EFKOFLQ,6.321449
A20MYFNLY6TGNL,B017RMOW66,3.566086
A320NYVVIZSZGY,B010TZVSTM,4.6193533
A3PV5FJGYOY5NW,B00SER0484,3.8631237
AGCKNLOI57AVQ,B00JT2PXB6,4.880877
A137UEIU93IFEF,B00SM24ZZO,2.9496086
A7GZXYEZ2OMLQ,B015M4PPXK,4.5251575
A7W8CXJOH3UNV,B00TZ8TK54,5.5519395
A3IAJM6F3EBQ5H,B01GC37X7G,5.0680823
A16XJNGXIVCHE3,B01FVHS6OI,4.373463
A2HZ6MGQ6TPNO0,B01317ZZLC,3.2823064
A3A44JIMIWYFIE,B00HBJ693U,3.2602088
A3CYA250L0DABZ,B018F6H3U0,3.2517388
A2VSCTHLAYR9Y3,B01CIWXAQI,4.33131
AC97LVZ0C0TSK,B00ZEHLHM4,4.5734773
A345V8Y9YVZEEP,B01D4RY4B6,4.1005683
A2JJ1DXY0F6355,B01CSNZ15K,4.1645813
A3Q9ZYNO1MXQDW,B019VJ697I,4.485574
AWNYF3812RWNG,B014C5K4WC,-4.4914556
A1D0BC1UP01UH9,B00O2C44EK,2.6007624
A1JLU5H1CCENWX,B01DUP0TL6,5.0446606
A3ES0XIED7769J,B0085N6I4Q,4.186839
A2W4295H4JSYDD,B01BSN14HK,4.4453483
A1P44JJW47E6QN,B00GEHN8ZW,4.5722284
A1AFGQGTS66UYY,B006YZ0OOM,3.9976318
AKQ06T21M0V0S,B0127HOQI0,2.57316
A2ND61B6UJGT71,B00OJFOI1O,5.668897
A1N48Q1NZQ9R2E,B016WK3XZU,4.6056457
A1P19MZBCBL5AR,B00DPNS95M,4.0551314
A16TE56LP5NUL5,B018CHA1D8,3.630675
A3ESFCDE13IMH4,B01FB5MIA8,4.224012
A3SXU17Z77R7N,B00KXM8IP4,4.341044
A15VZ8KA1KH8ES,B01FPGWZCE,3.4387739
AG63N054UPJH2,B00ICTUW6I,5.3174176
A8Q2ZFOHTVSCV,B00HI3MSV6,3.8973672
A2PN1AJYXDU1J0,B016QTOIWE,3.9969304
A202A0SM6MHKMN,B017V6PZGO,1.706474
A1FUH1O6FCTUYG,B004X6R8Y8,5.022594
A247M2SSLKTSHY,B00MD5VDNS,2.503331
A13LERNQ8R7267,B01BMODWY8,4.7391753
A27OS7Z94VXCYF,B01D28JE0I,3.526031
AX2OKB7GR55FZ,B01H49EHGM,3.5624137
AV6ORIR1JV86P,B01DWF3ZHE,3.6293283
A36MPD6ZBXBLUS,B019QTQEOQ,4.5766225
A28JLVMZBALBBL,B00TCI48WC,3.702266
A1X5V3LU8TC8QU,B018CHA2KK,3.4493113
A31PEOCXMVP4X4,B01DO75D20,4.440446
A1LFIFPYMOJ8RV,B01AQ14XL4,4.0543613
A1T5CK8KC56JZ9,B01A16E38C,5.177774
A2ZSLJG2KBCR3E,B00OAN88H0,4.201335
A1N65H0SS5GKVF,B01BCJDSAG,3.4661348
A2LAII96I1O1IY,B00W9YDVPG,4.872167
A3LXRIY0HE71K,B019B6WUGU,2.7921581
A30DNZQPIYZ6KX,B01DABB99G,3.6883743
AC10HRTVBXZLI,B015BH04E8,4.16774
A1PSGA348YRV67,B0058TTUFO,1.8898026
A2HZ6MGQ6TPNO0,B00AXLV0CI,3.0934818
A1098Z3D7ENJ2F,B00BZY9P0Q,5.5457826
A3TY31K1VXAGSX,B00JZOVYNY,1.8295813
A3IQ0P3M39IY8U,B00GOGXV5A,3.8115866
A36XTPY9IFYA5R,B010693VW8,4.109739
A1ZDSAPOGRGBJI,B01HDLC4C0,3.271518
A13LERNQ8R7267,B01H2AZ9V0,4.3958807
A8RL5L4BJTEMB,B00JNON0LU,3.7773736
A1J3WRDIB012CI,B00JXW6GFE,4.48397
A3FO728397JFZP,B01A1AWBU0,3.8424711
A1AHCX8ONTKNSG,B01GWMFSYM,2.832619
A39ZYWIQBFN97Y,B01ACLW2JS,4.385248
AALCQ67H5TY5L,B016WS5FO4,5.476093
A39N24TTLP6I48,B017265T6Y,4.7475047
A2VSFHELFF7ICE,B0191WS0K4,2.9756546
A235UMRMGXAS15,B00VATFM3A,4.5671945
A12E7WMO5NX1Q6,B017DPEEUG,4.446191
A1SHKP1CG58GIG,B00R04OXC0,5.6043787
A3K9X6KRQCWWKL,B00EMG3A00,3.0169454
A287J5FTWL99W6,B00P4HX2FO,4.1472135
A99KVVV7NFPBP,B01A16E38C,4.8103833
A3DJ1IVSPDTMW5,B00FQAQQ9I,4.414659
AAKO4YAM9BZE5,B00YG3S9W8,4.144059
A1J6UA1MD96SKE,B00W7Y9VQG,2.856162
A2VNG16IOTY7N,B00NS79DMS,2.3273966
A253ZKSZTAZ8W7,B010R623CY,3.3215082
A2XACC7E2MTESK,B00VX75TKU,2.692475
A3IQ0P3M39IY8U,B00OSAWTSO,4.757536
A2M2F48XEPJ2ST,B005110E0O,2.4493134
APORGO15GFK60,B0174PTMU2,1.0180137
AOLHNMI8G8R6K,B017RMOW66,3.2645931
A2D9S6V1AFXOAO,B013XSTZI8,4.0907607
A1XQ9J47ECTZZ0,B0190HN0DM,3.5881002
A3GA4HP7NEL9D9,B01H2II39C,2.7696714
A2MR87VMPFNFJ5,B01DTRFUY6,1.1149598
ABNZCEB0CF7MP,B01GBYFK1C,5.0117803
A1RVTF261ZMY4M,B00KK1GLWA,4.7229986
A3IZU63H3RBN22,B01H173RSQ,5.3576255
A2LAII96I1O1IY,B01BXS83ME,5.217395
A1LL39K926QN1V,B00JZ4LMB8,3.7851508
A178S00H8B3YWA,B01B9XNJP4,4.7764916
A3A44JIMIWYFIE,B01F998SK0,4.8569098
A20MGSYZLH5B8G,B00OCSZSQM,4.4361424
A1YZCADBVKWC9X,B01CIWXAQI,4.589173
A142HAT43L5W4W,B01G68FXZG,3.1995423
A36XTPY9IFYA5R,B009AR5VAI,4.500069
AX746FITV1G72,B013YQA2C2,3.0429957
A219Y76LD1VP4N,B0100BOE7S,4.95003
A2F1UD4JDHKMTA,B00R4Y1MMK,4.501398
A3UVVHMJT8UCXF,B00OAN88H0,3.5222921
A2GWN3X19W2AMH,B00U1ZV63Y,3.6459503
A19LXU1TT72OKX,B00DNMBQDM,5.2352014
A1FAJ6G0KD5ASM,B0195SIAG8,4.1199813
A369BMHORFPL0O,B00DV7LVP2,4.417021
A2UNMDJYXPEQZ3,B00TWUUBUI,4.795278
A1BOK1EC36Q0WV,B00ZOLS5HU,4.2260337
A1FSR426FVMQJI,B00FR30D16,4.1623564
AGE0YGLF7L2ZL,B00CJV6N0Y,5.197409
A2LMF4HG470CNF,B00D9EKPBS,2.9940221
A10JAUCIGVRW9F,B00WX7JLGW,4.7493453
A1K69VHP8LH96J,B01835JNDI,5.6877637
A2BCQEGHWRRBE,B01FIGE8YE,4.658727
A2QQ3NQ70O25EE,B00L8BY5A6,3.0610874
A2M2F48XEPJ2ST,B009YP7HEY,2.4215987
A31CZW8SHN9PTX,B01FVHS6OI,1.986209
A31R64J645RAC6,B00UOFS9QS,3.6211755
AUI3XAZ1513SI,B01FRQ4Z8E,2.8112388
A207DSPQQWFW6T,B00NI4I0GG,5.0125566
ALCLMO2B8PS7M,B01H1I4H7A,3.3988698
A128W553WN84EW,B01AQNZQF4,2.7155106
A1YMQOVJJHYR5P,B00X8SCJCS,3.1954238
A296HV17AZ10V9,B00MSUCXHS,4.2643266
AV8X3WC4XB1WF,B01F2WTGFK,4.3680806
A2HESNQJZ9OB7H,B00RIAJ8NA,2.2811184
A3C713428J4MJ7,B00WF8YBRS,4.653067
A2RU61YN9M0IDQ,B006PYDFTI,3.3668315
A1FREKK8605YKK,B01ES2M9S6,2.7421446
A2EPJ9SL74JD8Z,B00JZWDC9K,4.939794
A1C7ASZFSTSJMH,B01EB1AHCE,3.091979
AI38GSFB90M4L,B00BJWZI6E,2.7675447
A2Y3ZGVRA3S23L,B00Z318GNY,2.5500658
A2QBQRIM4WRRG3,B00HBJ693U,3.0503445
A3G1XMJZC77GDB,B0165I3WGY,3.9624789
AAUVEEG5YLZAX,B00YV666B6,5.0787835
A1YUPRU1BVJHQV,B01CC9UES4,2.1569886
AGT5F6R7R53LR,B01GIX5F4I,4.5185018
APORGO15GFK60,B01BJST0FC,1.0180137
A1GQ2UI5BKCCRD,B00YO2UO9M,3.5352814
A1F41PH89SL6JB,B00YWMK92Q,3.126192
AGIFTDAFJEXVA,B00DB30K30,6.2846622
A1DJY8WVWPJ2H8,B00CGFGS3A,5.2659883
AWNYF3812RWNG,B00RD4J9EE,-4.4914556
A7GZXYEZ2OMLQ,B014GAK1R6,4.265531
A3K9T5J5GDAZUL,B00QSMWT8A,1.9931198
A3AM6MXENFRF3G,B00FQAQQ9I,2.36871
A3KYVCILWHV2ST,B00BD2XFU6,4.1060834
A3IAJM6F3EBQ5H,B00Y9M77YC,4.8722005
A1O9Y115W48IVW,B01CSOU6S6,-4.4914556
A1OXVZAQ7SQB9R,B00HI4V5FU,3.7445002
A23ID71VXIBR8T,B00JFLUJ3S,5.303057
A73IK4VT0XZS6,B00TT5WAM8,4.964106
A3DJ1IVSPDTMW5,B01C1VAR5S,4.8956723
A387F6OFDVEDZT,B014GTI1LU,4.785401
AEO8TLBXYU569,B01DYXP2LQ,3.7121215
A2XKX5TBB6WV00,B00XNLIPOG,4.8660154
A1ZPW21ZBSDZ10,B00TEEHIN0,4.846859
A253ZKSZTAZ8W7,B0051EZBRM,4.175281
ANEZJAUOG31MG,B00IRKQ08Q,3.6016753
A2HZ6MGQ6TPNO0,B00TKOT3BO,3.971876
A3KMEQP8CSCPC2,B01FDI8UWS,3.7634594
A1QDU32SAI8LO2,B00ZAJTPB6,4.468491
A16TE56LP5NUL5,B00GEHN8ZW,4.680481
A360VI7SQP0HYW,B01AQO16VQ,3.1603155
A1ZPW21ZBSDZ10,B00TEEHDPS,4.8481383
A2PJCE1T0AXDD3,B00PUSKH14,4.124382
A1Z7KHEH5I1LUP,B01A1DHWK6,4.594606
A15VY7B7VJ3UNY,B014BR4A3A,3.0904303
A1FAJ6G0KD5ASM,B00XWX139Y,4.3269687
AGCQUDUCJRV0B,B00WGXCP1G,2.5023859
A1NOQ3ZM3QHBI6,B01AERZS78,2.892481
AF85CAX5BR5IM,B01H173WKO,4.120285
A3ANLUEKJBC1IZ,B01DGXSHRK,3.981313
A1V8YJ6HU0KUUZ,B00RC7QOP4,5.0393357
A2HAVS1COIL5Q4,B00X8YUF6E,4.4717193
A1JNMSETGHIUZ2,B00PUSKH14,5.2155547
A3RR4H0D4L9HYN,B00TS3J5GU,5.0332136
A2DZUQQXPNUGI7,B00PUSKH14,5.2280974
A1PUZIV4PYY4YM,B00G88MQQY,4.5819335
A2LAII96I1O1IY,B00H8TBQCC,5.2036514
A369BMHORFPL0O,B00ICXDRCU,3.5898666
A2DZUQQXPNUGI7,B00IPOCDXU,3.834617
A1KE19CDYIO2YN,B00ZEHLHM4,3.6082454
A2KMV056844YV2,B01AO5Q2MA,3.10381
A1GQ2UI5BKCCRD,B00SGHURDE,4.48694
A1LM7SC9WR859I,B01HFFPC2I,4.9716716
A1TWV867HVZ60,B00HV3XL2I,3.3226626
A16TE56LP5NUL5,B017FRG18A,4.639986
A1KLWQKML2HIXU,B01FC9OWTI,-4.4914556
A1FWLM5208ESO4,B00NW2BZD4,4.250427
A1E1YE0R2EELCU,B01BU7PHA4,3.6237082
ASR774IIR8VN7,B00WTSHFA4,2.3421752
A33JTEMYGCO69V,B01GW1BZBI,1.9418467
A2JOW1PW9GRCA3,B0135MRXRM,5.0479646
A3VSCCW1FN11B7,B00U48LBZQ,4.1854405
A1L9DJQ5BS13S9,B01A5CT9X6,4.3760333
A36WBGWPPLIQZ9,B00U9WZPFY,4.725188
A2MXJZ75PBWCI9,B00SSS98IQ,3.651167
A2N7O3PNO1OEEL,B0080SA5S6,3.7126079
AHMV0N47XOIMZ,B00ZPBVG66,5.7467623
A2M1PNKPRUCQYL,B006R7FXFW,4.717753
A2C7W167DVNUKH,B00PG9U2OE,3.316788
A1EPVSC849EI9R,B0198OKW7Y,3.4002287
A6ZT9EZ49JTEL,B009RPTFIC,1.7541448
A3Q4VT0R8O8RSE,B01E46BFJU,2.9716752
A1AR6ZVHOTLVK5,B00YQD91RA,4.1319656
A36TDC5SGAN0EP,B018DK6LM4,5.1925464
A3LZG1QQ1KMVX3,B016TG5V3E,2.5477707
A17BTP1QHK2I3I,B00NYISFXY,3.0279033
A1WPQDW5RGAM9S,B00X7R3DFM,2.6085372
A13JQT6036JF,B01FMTA1M0,4.518604
A3QKOFJ91Y3MFI,B01DN9705W,5.091603
A3N9UT7F50XA6L,B00NCG0LCG,3.4823759
A2MHRBM9MKRNTN,B01GW1BZBI,3.0709636
A1XN80Q39TMALE,B014JSBJJ4,5.2127156
A7WOE5BJXO2N5,B00S58YGCC,4.4486413
A26KWG162U8VBQ,B01D8PYV62,3.3319545
ANKDQ12BPX6Z3,B00LEUKX6G,4.7818637
A1B871BGSYX0F1,B010ZFRUQQ,5.920978
A1K69VHP8LH96J,B00R334AE4,5.2581787
A2ETTCN0R9DPY1,B019B6WUGU,3.0151107
A27OS7Z94VXCYF,B00CVCGYJQ,3.6726043
A1NE43T0OM6NNX,B01HIX8K26,1.2417182
A1SH6H9ZY9AJV9,B011Q26IJC,3.595533
A35BKLDD2E04E6,B011IXZ6KQ,5.345896
A2KMV056844YV2,B01AA9K5NC,3.10381
A2UAPFRQOHUFS4,B01HE0KTA4,3.4043086
ASI65UKWLTDJQ,B01FC9OWTI,0.805784
AER3NZ1H79LGZ,B0174PTMU2,3.847469
A3IG9JEJC1T25N,B01BTHWXF2,4.1324787
A28U98HYYE5DR1,B00CO6DD4I,5.188413
A12K5Y2SEANYW0,B01AR7CP80,4.117143
A1NE9CRAQ0WUV,B01DJZ7G5E,2.0306818
A135NSTCX38DEI,B01E3DPA68,3.9144976
ABZ1AET0LHVQ1,B01F2EXCF8,5.436567
A1G7WM5OV1TKTL,B007Z4WSOK,1.159559
A1OBQ5I31GW1TG,B00VO86O7K,5.1349487
A2MG7L8TYRYCW,B00AXTM8G2,3.6380565
AVNS35OHR3D76,B00J0CAR16,2.1329
A39N24TTLP6I48,B01FODPWPA,6.098287
AH3FT2EU01WP5,B01CBM44Q0,2.7593806
A3PVBW0TN46U8G,B01G2YFYG2,5.105393
AIH41FDX1K0Z4,B00AR49H2Q,3.7838993
A1V4LZS4HHHH6K,B01HCNRF14,3.041125
AJAN7T0CSDDZO,B00OME9OQQ,3.379645
AC10HRTVBXZLI,B00R5219XI,5.4708014
A8K7ZXXGDS9CU,B00OWIQH5I,2.8148925
A24PEXYGCID15Z,B01BJST0FC,3.5178258
A1B39IGLV2W0GE,B01EKIELGG,3.6940749
A21TSBBTF0DMG5,B00OAGWXDW,4.5819254
A222WQ9VGVPSR5,B00SICZJ9O,3.3028789
AL92MBJXLPZM,B01CTH5LPA,3.2442896
A31CZW8SHN9PTX,B00HDXWN1Q,2.765044
A1FUH1O6FCTUYG,B00PSLJDOU,5.178053
A1ODI3DRI04JZO,B00JJUZ1W4,4.92692
A3Q9NLTF7JA3ZD,B00CLZCRIU,5.009724
A15Q5MVRVBMKW7,B00LUC227G,4.699593
A29PFP89U0KCXW,B01GAIHTSQ,4.966634
A18EEC1ENOT9YN,B00K31DCD8,3.0662925
A17DBWBCGJP32S,B00VGNPU3W,4.174052
A2QEVQMB8B08UQ,B00JNU6GLK,4.126886
A31VVIXC2P84GG,B0197OZW7A,1.9682137
A3DQRNADNQWG6H,B01AQO16VQ,3.3382535
A30WJKGX1XG19Q,B006DTZ0KC,2.9617078
A3E4H5A1X8NJRR,B0177475MW,3.4871254
A1I6A0YKY5X9C7,B00OCSZSQM,3.8695433
ASGBSLP29DQRY,B01CD4OVX2,1.3022918
A3H38968JZF6VK,B00CZFBDGI,4.7563024
A39QT73HHEF3B,B01CJ37JJ0,4.3038583
A26V5ROE0OZCDA,B01HCB4LAO,1.5754385
A1GL9TYXPNBPGW,B00IKW40N8,4.3562694
A2QBQRIM4WRRG3,B00EH2E5IK,3.828349
A1EPVSC849EI9R,B00ND6R1QE,3.5236056
A1JNMSETGHIUZ2,B0165WFUKG,3.7990243
A3B53R6SZY97ZE,B016XEZDB2,4.4439425
A37R3BNDHBIZTL,B0130KVNKC,5.021856
A13LERNQ8R7267,B01CC5FKXW,3.6883965
A2RWL2UG5PAFAZ,B0103UGC1C,4.285649
A1D3NWNMDZ5E0E,B01FQ57CRC,3.2468514
A1JMSX54DO3LOP,B013QFWB7K,3.5367308
A2K057YIAJJQXS,B00CMJDOIC,4.7488213
AH85UZ876V6OW,B018UQNDOK,-4.4914556
A504UK7D094HT,B00OSAWTSO,5.7044816
A3DQRNADNQWG6H,B01E2H3M1A,3.3382535
A3AQZ5F9U6E9ZO,B01FKDKB96,4.192293
A10JAUCIGVRW9F,B00LMIWFUW,4.117032
AQ87G02DO56Z,B01H5QZHKY,4.5288987
A3H38968JZF6VK,B00FA11TTU,5.2411304
A11ZZ8P70T11V2,B00OTSKNII,4.464016
A2BRV822DZXG6P,B0157RBC16,4.642683
A1RN75YVR2O8MQ,B01CV1I7FA,2.6392167
A23GNQPTX5CJIF,B01BCLPTNI,2.220783
A32A056Q9OYP7D,B004KZPK6K,4.450571
A2RPZTZP8W80W,B00S5J5ZG2,4.230513
A16TE56LP5NUL5,B00TEEHDPS,3.679171
A31G4MNGZNYSZI,B0131OHZF4,3.9805148
A3JASVF01JUMV8,B00U1X88OQ,4.096636
AQBTNZ9ZD08PD,B00GKR2136,2.0899367
A1F41PH89SL6JB,B00MQ20P28,3.950619
A2YF0QVNVT7ZI8,B01GQW4UQ0,0.23673609
A3BYM1C736FCH4,B01FQ57CRC,3.8028512
ASMF7OU99H1RI,B00OZ0TO0S,4.7015023
A3LH8IBNEFV1GZ,B015YGB1SE,4.466228
ATZOHBDX5VNKJ,B00ECBS5OQ,4.5301714
AM1T5MXP5H5SO,B0165RFXBW,4.6077366
A3804PZVOD4N3E,B014I8OGLS,4.386019
A2MEKYD68X8R8H,B00W4LYJ6Y,4.956464
A7M73HAH815DM,B00N7K1BB2,4.51133
A2WEE1PU5NZVJQ,B00N7K1BB2,4.1035347
A219Y76LD1VP4N,B01HE0KTA4,3.127551
A2S5EPJ451WL3I,B00CMU1IN4,4.3420496
AY17DZYGNYJ0L,B01BRFLLPO,3.5896459
A3H8FN7ZWKR2H0,B017KRJP7Y,4.28742
A3ALH6Z83RHTO2,B00G0TI2I2,4.153754
A2N1XSD82O6XTV,B00VN6WJFO,5.2297263
A1IFWIZ62O12OT,B00TBTC3HO,3.7437124
A2UAPFRQOHUFS4,B01BYEBTAK,4.041188
A1WVQI2RQMCG5A,B01DWW6H6I,4.428692
A1JADDWR1H3M0I,B010ZFRUQQ,4.889633
A1EPVSC849EI9R,B01GD96DLQ,-4.4914556
ADUI5YISBG6Z4,B00SM24ZZO,5.50668
AGBGV16NY06FW,B00JDY7UO8,4.2164183
A13LERNQ8R7267,B01H173WKO,2.8502533
A1ZDSAPOGRGBJI,B00ILX9WC0,5.0317836
A2DZUQQXPNUGI7,B014VPZHCU,4.852033
A37D3BRKS7OO2L,B00TEPXICO,4.713717
A36RDF38V9ITAE,B01EKIELGG,3.8578284
A1NO01K5S45TUL,B00CARM81K,4.325671
A1NPM2IW3DLO3F,B016X05QHW,5.1977563
A31Z94E63H1N46,B00PUSKH14,5.776672
A3S3O6L6SZL8KV,B01GF9OQSQ,3.5322704
A18EEC1ENOT9YN,B00YV666B6,3.0161016
A2B42XZI4MXOLX,B01C8RR9DS,1.4443535
A38PZNDNFUW6ZX,B00ZOL1DRO,4.9153585
A253ZKSZTAZ8W7,B00EFKOFLQ,5.0938697
A16TE56LP5NUL5,B00TM1BUBG,4.253315
A3H38968JZF6VK,B00PRA4CUM,4.385361
A216HQMDUH18YD,B01AQNZQD6,2.7430656
A15Q5MVRVBMKW7,B00R298H3O,3.5529869
A1V8YJ6HU0KUUZ,B006KZ5M84,5.4552617
A3CYA250L0DABZ,B00IJNDYV2,3.0782216
A2DZUQQXPNUGI7,B00JFLUJ3S,4.757729
A3VE7N2XUI8C3K,B015X67G70,2.5655723
A3IK83MGX5X0WZ,B01CBM44Q0,3.4613976
A2RPMPBKX1MWR7,B00YJXX484,3.6831996
AZRPAHQG1VHR0,B016ZEF0VI,3.9151285
A1HHSUAQDZ1XM6,B00P9RVW5G,3.8217678
A6ZT9EZ49JTEL,B01FRQ4Z8E,2.8112388
A3H38968JZF6VK,B01B55MQ5K,5.1168184
A373USXBMRBKIV,B00DXIFORA,4.453118
A1B39IGLV2W0GE,B01F483E64,3.1788452
A2LC2RS0HDY2FB,B0157GPPEM,3.7227945
AM1T5MXP5H5SO,B00T9LB4U6,3.5684958
A3LXRIY0HE71K,B01BRFLLPO,2.7921581
A2F2878HE7XOM9,B01GPL2AGE,1.9905993
A3FA93L7JWESR,B01G7Q908I,4.006798
A2JPS7EMNFKXOV,B013UWYDLG,2.6258767
A2F483MD47JG2T,B00MJHKVR4,5.82144
AQFF452SVDF48,B005CM1S02,2.0504034
A1NL7G5VN45RDW,B00629ZTOU,5.2806473
A1RCVV077UAKKV,B01B55MQ5K,4.682873
A1G7VXXXLTJX9R,B01BM0AHZE,4.456118
ASQNJGXL1BXWV,B00BSW7PU2,4.0793724
A39CVMK2ZKEIK2,B00R1TIJT2,1.7667443
A3KYVCILWHV2ST,B01ASAVT0G,4.6052613
A3330F5DNMO0JJ,B01HCB4LFE,3.6790183
A2LC2RS0HDY2FB,B00N48VZZO,4.2702646
A2F2878HE7XOM9,B00VU0M8JA,4.3626633
A7M73HAH815DM,B014Q6D6E0,4.741711
A1NE9CRAQ0WUV,B00629ZTOU,4.873274
A16N88TMHMXX1F,B00ZDHZKKA,4.729531
A1NPM2IW3DLO3F,B00XAGLZWS,5.2921576
A2B42XZI4MXOLX,B010C0Y77O,2.8151278
A2GWTB02UN6MTX,B01FDI8UWS,2.5957274
A2PN1AJYXDU1J0,B016YIRT9Q,2.9890811
A1V63EJ1CBG940,B01DIF788U,4.926657
A3H8FN7ZWKR2H0,B010WM3TG2,4.858461
A1UPHTDW5GM12T,B00PD8LQ6G,5.0163894
A2B9C3FMYW18UN,B01BZ5AB16,2.081782
A10AWAE0F6CAP1,B01CUJYMR0,4.8592257
A1M0H8HM67R9I6,B005C5YZ86,3.8972723
A2PG5XA0Q3BEMU,B00QR33XQ2,4.16073
A2DZUQQXPNUGI7,B00IWYV78U,5.207628
A39CVMK2ZKEIK2,B011G3HJ6C,0.822597
A1ZOL59JA86C7Y,B01G0NBRC0,3.1109145
A3RTTJWMRCR09S,B01CMH15IE,2.337991
A23GRXCXQU3SM8,B00LD6IYUS,4.0031724
A2VNG16IOTY7N,B00O55GSW0,4.074152
A3JHMDPDDFUSLV,B010MSAPBI,5.191089
A1GSPADXH17N25,B00RWKMS1U,4.31383
A3CIIU9YNK53VK,B012YHT12E,4.4238873
A323H7CL7G313K,B00EZRUSOW,4.611539
A1JNMSETGHIUZ2,B00ECBS5OQ,4.474268
AXVDFGI9OEIVK,B00QJKV1EY,4.713052
A2KL66N2SIKX7A,B018CHA26O,4.549461
A3H1TO48SUIM54,B010R623CY,3.3412971
A16N88TMHMXX1F,B00ARFOGQ2,4.285378
A183DRUR0UACQ4,B00SPGA5T2,3.4736354
A1DC00T32U26HC,B01AB4CLHY,3.7216275
AY9AIGZKJYC6T,B01BRFLLPO,2.7091556
A21WUFJA7X4UIE,B00GXDQKZW,5.326467
AF85CAX5BR5IM,B00RFY3KM4,4.443454
A2O4SN56PNX9YL,B01F2EXCF8,4.687371
A2C7W167DVNUKH,B00FL3VPD2,1.8498241
A33R5UHQ3TKZGY,B01CBM44Q0,2.8989117
A238ZC3TQJC8V8,B00D5M4PTM,4.6592026
A2062SF91Y01U8,B01G0NBRC0,3.5377574
A2UNMDJYXPEQZ3,B00VW0GK1A,4.4301577
A1IRYXDIFSCSEF,B018CHA2KK,3.6503015
A1K4S4MWXI9E9M,B00X625BCG,3.9506114
A27OS7Z94VXCYF,B015X7K43W,4.776474
A15Y3Q6XIXTGKU,B00UO6AVJU,4.438107
A1UH603GXL3ER2,B01DFVOP74,3.4390075
A1FCMIVQTWHYH2,B00C44H0OE,4.506805
A2MK1L1Y74WTWH,B00AA46Y06,2.5592358
A28V7MR6RKNVUT,B006RNBI6O,4.2903447
A1AMO1E4FMSUQA,B01DTE27EA,3.2255242
A3QR6ZHD8304K1,B01G89E5OS,4.667439
A18EEC1ENOT9YN,B00RCA1X3E,2.5946016
A3VG0PGN6MNCZY,B00VW2MO8Q,4.33388
A916DXE9W36GF,B0191WS0K4,2.5689516
AGCQUDUCJRV0B,B009CWWFB4,2.8944657
A29V7E1TFYXKJ,B01B3TZYMA,4.210089
A3ES0XIED7769J,B00ICTKZOM,4.19425
A1K69VHP8LH96J,B011JD9SYU,3.486564
A3AM6MXENFRF3G,B015IC42AI,2.7712562
A26V5ROE0OZCDA,B01GAEZJL4,1.6381372
A3RDDEA1NKSMVC,B018YJ0RWY,3.8377004
A29EXAHFTXKD7W,B01EKIELGG,2.1318016
A3BFYXLSAD5YCL,B017RMOW66,3.5168972
AQ9REGZ6HL9AO,B01G0GIXJ2,3.3122432
A1XJXYKOWCH9XT,B00OHZ151W,2.2819104
A326085M0DK10B,B018QZB1IA,4.5180774
A1NE9CRAQ0WUV,B010MXA96E,4.2865996
A2ZDRBQOSAZLER,B012Z54DPK,3.1340165
A1PSGA348YRV67,B019YNUQ0M,2.8141708
A10PIB0GJZQHJA,B00T71ALZM,4.823049
A83C3F4X0U3ZW,B0069INV1W,2.2720804
A1ACUN6A2LYVMW,B016ZG19KM,3.7974927
A1FYJN76V1V5GX,B01EDKULPG,3.3562114
A328S9RN3U5M68,B01BLN6G7U,3.067148
AF85CAX5BR5IM,B00OAN88H0,5.0547514
A1RVTF261ZMY4M,B019DFM1WM,4.0523257
AUII0MVONK1A1,B00PBA6QCU,4.0137854
APSBR4VQNRJ0K,B00R1O4KWW,3.3377464
A1K3WZMHNUDZ6N,B00YOAD310,3.1400814
A504UK7D094HT,B00SK8S8KS,4.439344
A29A1CPI3AOYSD,B000W93A42,4.2476563
A1K3WZMHNUDZ6N,B019LZJ5H8,4.9251137
A1LBXPSSVZVIM0,B00YN6XHMU,4.314078
A1ZDSAPOGRGBJI,B00GCVZEG6,4.425551
A3H1TO48SUIM54,B00IQVA7XK,4.0824466
A1VC48UV57XWOH,B01EDDUAFE,3.7691655
A2B42XZI4MXOLX,B01F2WTGFK,1.7285942
A2O4J6KJ0REPQ,B01FD1Q27U,3.282923
ANXBIU1HP7BJD,B016TNH8HE,5.352301
AK3LIR1TVZFVZ,B010CLBCJY,3.7511544
A17EGVTXRDFTRS,B00N57TJZW,6.2555
A1ONF1PVSKH226,B00JGSH3PM,4.991211
A2FCP7ICZAQGZO,B01F2EXCF8,5.389315
A1YAIBG1N7N5VV,B01CPON1YU,4.267927
A3DVGQZY2MBA87,B01G0GIXJ2,2.127685
AWNYF3812RWNG,B00ER8D5U8,-4.4914556
A3VSCCW1FN11B7,B00DXIFORA,5.3217664
A7M73HAH815DM,B00VW0GK1A,4.891883
A2VSI0RDFNNBEU,B015WNZ60S,3.5420797
A18LI83Q1F5DKU,B01H97YHF0,3.3961978
A3EI5NSXXCXQY5,B00KVQQYRG,4.3733535
A5KRI5P7KR7SK,B00NI96R66,4.671437
AL6XJLM76V2VZ,B0142IHZPI,5.028812
AOLQUKB12FAEE,B01GT44VLO,2.7310145
A2EU9VP0MRMUGE,B00Q5DLY42,4.2700686
A2WEE1PU5NZVJQ,B00ASIP414,4.023301
ALFGUMMTD7M4R,B00BFQDDZ2,4.634626
A3841R67V0G98O,B00M7N9VBW,3.0233548
A296HV17AZ10V9,B00LS61SL0,3.590918
AWNYF3812RWNG,B006KZ5M84,2.3206491
A2FHBHNKHRDS72,B01E2H3M1A,3.1320498
AFX2KR1VGYWLW,B017RD4GGQ,2.8398285
A1B39IGLV2W0GE,B01EB1AHCE,5.248468
A3RDDEA1NKSMVC,B01HHJZ3EO,3.8164508
A1AX02Z2IRSAY,B01CUU24PG,3.280003
A2N1XSD82O6XTV,B010R623CY,4.1557803
A1M0H8HM67R9I6,B00HI56L8U,4.115632
A7KETEJDZYJFI,B018PD0F9E,2.8526742
A3BPKT9STRWWQG,B009VRI3UC,4.466487
APGHVS46EA9C7,B00X6B4MEU,2.9726274
A1LZ8PBGVH7IOM,B00JWTGGVC,4.253555
A916DXE9W36GF,B019QRQZII,4.1403117
A139X5E4RN7SUS,B00NUDPR66,4.1344485
A3CYA250L0DABZ,B00R7HDLAU,3.1051834
A7KETEJDZYJFI,B0191WS0K4,2.8526742
A36XTPY9IFYA5R,B00XLUEMYQ,4.955474
A3RTTJWMRCR09S,B00FL3VPD2,2.7411857
A3KIA7199DNI2H,B0178AU3V0,2.2385404
A5KRI5P7KR7SK,B00JRNOW4G,4.444775
A2J7GJWY8O1MDB,B01AQNZQF4,4.0785108
A3H1TO48SUIM54,B00S58YGCC,3.8411608
A1OKS5Q1HD8WQC,B00XYR9IE0,3.405919
A2TU13PFAZ7Z1P,B01DH6EQ9O,-4.4914556
A2LLWCQVYKYF0F,B01GIM0O86,3.8892462
A2RNQXF81ALMK0,B01E2H3M1A,2.3743682
A1I96OYAUJ3HQE,B018OJZD4Q,3.4604776
A296HV17AZ10V9,B009LNKB4C,4.0545096
ANEZJAUOG31MG,B017GQDX04,3.9090846
AQ87G02DO56Z,B00KKXTC2Y,4.5959797
A1XL1A3TCU3Y1I,B017GGWXNW,3.1762984
A1LIFH8XF44LMI,B01BRFLLP4,1.6449085
A1TUBKEWD01LLS,B00O3V6PWY,3.063137
A19LXU1TT72OKX,B00NY7PPCY,4.928198
A2N7O3PNO1OEEL,B014C5K4WC,2.9913924
A10RH00JS3DUX0,B01H9ER9R6,3.3374496
A1098Z3D7ENJ2F,B01D27RNDO,4.8380837
ANKDQ12BPX6Z3,B01FEIRT1K,2.846841
A2KE2O5C2XMXGE,B01G04HZNE,3.6938598
AYVJY4Z9CYQWU,B00PCZC7F4,3.977761
A1LBXPSSVZVIM0,B01GF9OSI4,3.811126
A19MQI49YCA5SK,B00WH1K9SS,3.121316
A2BOKBB1IZA13L,B00PUSKH14,5.8237348
A2R56AF2E63IC1,B00NN5ZPOA,4.457119
A3K9X6KRQCWWKL,B00RD4J9EE,2.3551345
AHRDOVFRA0KW7,B015649FAA,4.266311
A2HX0B5ELOPP5Z,B00TCI48WC,2.772602
A19Q489ZXGDUJZ,B0192UONPG,4.468069
A2LHUNWCVDEWQ8,B01HCB4LFE,1.8681463
A2N1XSD82O6XTV,B00P85PU8E,5.2391477
A1V9310YS86T7M,B00HNWEA9K,3.856375
A14I311IIUMBWC,B0053ZGAW4,3.664331
A3N67XHSHB40CQ,B00FY54JYO,4.4799075
A3NLV8K05ZV219,B0174PTMU2,2.9064956
A2VNG16IOTY7N,B00L7EIGEA,2.4165745
A2S5EPJ451WL3I,B00VC1475K,4.501125
A1II0RYMSPUJLK,B00K1MS0NQ,3.7815206
A6IU02S1EJUS0,B00VS0WJSM,5.33022
A15EMPO8TCH2RB,B01D9JB7DW,4.6239514
A2Z3DQ7P9JYRLG,B008H4W11W,5.4697776
A1PA6ZO9892OH3,B007PPJOGO,4.580812
ALYI8YM90TPD1,B00629ZTOU,2.5690174
A2UAPFRQOHUFS4,B01G7RDFGU,4.517355
A3H38968JZF6VK,B006JDEK0I,4.523297
AAXG649HM1S5Q,B01G7RDFGU,4.3712363
A5UM17P1E7DUQ,B00SJ7LQ9K,4.5262856
AHF5R86S1Y6YK,B01AERZS78,2.8241544
AGIFTDAFJEXVA,B00I0FBO2A,4.2452865
A8K7ZXXGDS9CU,B00I9J9XAM,4.1896443
A222WQ9VGVPSR5,B017J3TPFQ,3.7194567
A2JOW1PW9GRCA3,B012FAXT0U,4.0977073
A20PTJTS2QJ2VN,B01H8JWYIQ,3.4460986
A1CLGNWRCE4QKB,B00BD63EIK,0.9498478
A16TE56LP5NUL5,B00SO0DWK8,3.6446445
A2PQ680TRW8JFG,B00DE85KHI,5.0174365
A323H7CL7G313K,B006HCTWVS,5.173664
AIVY8XUMV5UY7,B001BXNQ2O,4.966809
A2UVR7N8WC5GYY,B01DN9705W,5.402876
A3747LNB8CNT5J,B0165WFX2Q,4.459609
A556L66JGOVPK,B01FOGIV3W,5.144706
A3HOXAKC11UEOX,B00VQJHHRI,3.102334
A2XKX5TBB6WV00,B00VS1XNS6,3.9742372
A2QM4ZF6N1SI4S,B00MT3H1VC,2.581075
AQFF452SVDF48,B00D9CMLNA,3.3891923
A3IQ0P3M39IY8U,B017DPEEUG,3.0901906
A1G2GYX8B4OH8W,B01CT5K792,5.3986917
A1JXLTQ5VWPGGV,B01FLHOQ9C,3.514809
ASR774IIR8VN7,B00U48LMGO,4.363316
A3T5H007CVA99X,B01HIZRVFG,1.6580954
A1ZK3Q2YZMX6CV,B01GJRQKBK,5.00012
A2GF23URLB9BLL,B00BM9A6QQ,0.6993704
A31G4MNGZNYSZI,B006EODK6W,4.9876466
A2V8X8MTCE868O,B005USIO78,4.190814
A2G45Q8V20R779,B00UAZ3JVC,3.719129
A29V7E1TFYXKJ,B01GBMRPZ8,3.2819443
A2PJCE1T0AXDD3,B01C1VAR5S,5.3107843
A24YALT0FFYFA8,B01GOWGKLK,5.2559667
A3JVZY05VLMYEM,B01FVFWF3S,4.460665
A956O72VO20Y,B01CBM44Q0,3.1601565
A3VRSAD9OVAQBF,B01H7HMP1U,4.433585
A1EHES82IVVS9C,B00VW0OLKM,4.5479836
A3SZPKNV5IU75I,B00DNI8RJW,3.9538705
A1NL7G5VN45RDW,B010JA571W,4.4894133
A2F2878HE7XOM9,B01A1AWBU0,5.048651
A2C7W167DVNUKH,B00LNJ4ABC,3.8471158
A19MQI49YCA5SK,B01645ZYZU,3.0753686
A1IFWIZ62O12OT,B00OYQZYMK,5.2465897
A3AN7PKF32XQ4Z,B0094ONQXQ,4.7141676
AY17DZYGNYJ0L,B01G0GIXJ2,3.5896459
A1SI4HWV491JQ8,B01DFMO3UM,4.879801
A3JVZY05VLMYEM,B00FDX59UA,5.26067
A36XTPY9IFYA5R,B010BDZ9MY,3.7779047
A7HZKJID44JZ3,B01D9JB7DW,3.347819
A2EU9VP0MRMUGE,B00BT0A4OM,4.0924206
A2MK1L1Y74WTWH,B00R8EKHVS,1.8995789
AX5NHGPX6G44A,B00L7EIGEA,5.36407
A2K0H6HYH8WB5F,B01BHD8WD0,3.9901545
A3KIA7199DNI2H,B00ARFOGQ2,3.6509328
A3E2YW0WOZ9TWL,B018HFTRYY,4.4470143
A1AHCX8ONTKNSG,B00GW9H8XA,3.9937208
A3CMIEYL0TJLC2,B00VS1XNS6,4.700789
A7GZXYEZ2OMLQ,B00ZYX46P8,4.1203356
A2BRAUQW0M47DQ,B01FTEBE74,2.7441626
A2N0CJ23KSPXU2,B017JIYTJI,2.450588
A11S2QYS4HV6SF,B00O4GUH1S,4.9055433
AHRDOVFRA0KW7,B00XWCHNIU,4.295989
A2JPS7EMNFKXOV,B0094B6OLK,2.6258767
A2KL28O67TYMBG,B007V3FLTE,3.427448
A1FHWVQ0ZMFFQK,B01CPON1YU,4.496053
A3L3T9JRL1GT95,B00XLS3FIW,3.6469479
A183DRUR0UACQ4,B00G0TI2I2,1.6721209
A235UMRMGXAS15,B01FWERDYE,3.3647578
A1ZDSAPOGRGBJI,B00OMG2XSK,4.141412
A137UEIU93IFEF,B00EH2N8RO,2.9185073
A2DZUQQXPNUGI7,B015HOLMSW,3.7310762
A37GCC410JYT17,B00GUZ195O,4.3427224
A3NICGO82Z9FI1,B00L83QEHG,5.04622
A1CV6PASVMUEE8,B014HI58O8,4.663028
A2LAII96I1O1IY,B01A4ST18E,3.4904854
AMQ8EI0M0ZMN7,B00ANZ1JWA,4.2990274
A30Y1OHPEKHLPU,B00BQMOGKQ,4.121168
A1K69VHP8LH96J,B00NLJHSQ6,5.104544
A2TIJGCDBTTDNW,B00BMTQNQ8,4.29326
A1L1M693QSBHRV,B01ELQDLKY,4.0378566
A2ZJHEB8K8JZR3,B017HMASFK,2.7068417
A31CZW8SHN9PTX,B00ARFOGQ2,2.1095188
A15Y3Q6XIXTGKU,B00N48VZZO,4.3792834
A31M8L26BZM2IY,B00VW0OLKM,4.638304
A222WQ9VGVPSR5,B019AMHWNG,3.3889713
ABTPG9K6K74W,B00YASNK8M,2.284183
A2LFTN6A58XAQV,B01GT44VLO,2.7059948
ASHX33A1334SS,B00R67MD3C,4.969097
A2NC35OEWK4HE9,B00F3L4KIE,4.465536
A2GO4VWZWTL7ZC,B00EFKOFLQ,5.293403
A3J9BHGK55ZPJO,B00DRFQRIO,4.2517877
A2PQ680TRW8JFG,B0054E7EMO,5.381719
A1BOK1EC36Q0WV,B00OYWP438,5.350799
A2391DU1LZODF7,B01FIS2F42,5.4532056
A2LLWCQVYKYF0F,B018SCGDWK,4.290957
AUJKYWUK14BZ2,B00PCUMV6E,2.4030285
A414YEU57FUHJ,B004ZZGUAA,2.6843014
A1L1M693QSBHRV,B00OAN88H0,4.719437
A20MGSYZLH5B8G,B00ZTMRHQ4,4.542368
A2UNMDJYXPEQZ3,B014VPZHCU,4.298314
A1P44JJW47E6QN,B0177475MW,4.7272453
A16E3LZGPATT2,B0104OFHEK,5.216187
A1K69VHP8LH96J,B00ILWP2NO,4.456547
A3OQ0WU2ZHM5J6,B0050YUL0A,2.3935924
A2PG5XA0Q3BEMU,B00LZA6C88,4.8037567
A2BOKBB1IZA13L,B016QTOIWE,4.9798346
A1X5V3LU8TC8QU,B01BRFLLPO,3.4493113
A1NE9CRAQ0WUV,B00HVFAY1M,4.6795278
A2BOKBB1IZA13L,B017DPEEUG,4.560132
A2MEKYD68X8R8H,B00KFZCAAI,4.760658
A3T4U5GR71P4O6,B01GSC9QOY,1.562422
A27OS7Z94VXCYF,B0104EOJBM,4.855752
A2Q8B7JPI4LAKL,B00C42TWTC,2.8221633
A267QVSAPZCRT7,B00OV9EXLS,4.339099
AHF5R86S1Y6YK,B01BMODWY8,4.675546
A2J7GJWY8O1MDB,B00I9J9XAM,5.0390315
A2VSFHELFF7ICE,B01GW1BZBI,2.9756546
AVNS35OHR3D76,B01A5OVNQA,1.9427487
AW4NFCPN81CS3,B00VOYNKM6,2.3810198
A2BC67IP5E7QC1,B00P9RU6SK,4.4975505
A1RCVV077UAKKV,B016VL0PWE,3.8400505
AO2JBD7IAH9DT,B01F2EXCF8,4.292886
A3GEKHTOCDSCBT,B01CSNZ15K,4.644875
A2LAII96I1O1IY,B01DJZ7G5E,3.549424
A21G2H64TFS4JO,B019MCXVS4,3.864031
A1B1NU74O56P7,B01GUHZYPC,3.6703188
A2MR87VMPFNFJ5,B00JDY7RK0,3.749556
A2V06QC9Y4ZL0E,B00FD5HCC6,4.2287135
A3DQRNADNQWG6H,B00IRKQ08Q,5.105315
AI38GSFB90M4L,B00SRMFZ3A,2.9676895
AK1RGQY22KL4U,B01F483E64,4.902239
A3CAIZ5D023DAO,B00H95FQRG,3.7939863
A8YJFGILC2W38,B018496LH4,1.4346362
AVNS35OHR3D76,B01CCXWP9Q,2.7284598
A8FRLKQLNUKNP,B009DNHHYM,4.024928
A23Y4UGTFDMZOP,B00KN4TFQ8,2.9750257
AK1XM4ZUH58CT,B00B2M3NSG,0.20816574
A2MX7TA6LI8I4K,B00NLJHSQ6,4.031264
A6ZT9EZ49JTEL,B00X1DBH3W,1.0420712
A10SXQMQBJ2L,B01AQO16VQ,3.2556055
A2WEE1PU5NZVJQ,B01A4ST18E,4.015966
A2S5EPJ451WL3I,B00OO65H90,3.9451
A34FGMJ3K5O6GT,B00E3C2O7S,4.2379375
A1ACUN6A2LYVMW,B00U2YDT5W,3.985738
A3T7S6BDKHWPJD,B004X6R8Y8,4.840763
A2MK1L1Y74WTWH,B00VQ1HJZ6,1.7740015
A37D3BRKS7OO2L,B016TG5V3E,3.2439091
A3CLBL9B7WL02W,B01A1E8WO0,4.459641
A328S9RN3U5M68,B013GZOXPS,3.1982703
A3SJW9YR903G3,B016OR83AG,4.1605396
A3H1TO48SUIM54,B00CF9F6G2,4.103048
A6ZT9EZ49JTEL,B01FEY3ZY4,2.5752466
A2RYT2UPEQXUAV,B00SJPZ4MW,4.2671824
A1EPVSC849EI9R,B00XZJ30FU,2.02736
A708MRPXR6W4W,B00C9L5L52,5.916986
A2S5EPJ451WL3I,B005OC5QXK,3.6558535
AL4D6OHMS2Z9P,B016VIVLJ8,3.6576645
A1PSGA348YRV67,B01GT5XDFS,1.7627097
A1FUH1O6FCTUYG,B00N99OHZS,4.898093
A3L1Z0R3ZB2OFU,B018W4GENC,2.9543478
A10JAUCIGVRW9F,B00BF2APBQ,4.774329
A36WBGWPPLIQZ9,B01CSNZ15K,4.0647545
A387F6OFDVEDZT,B00FBMKRG4,2.5674906
AK3LIR1TVZFVZ,B00S5J5ZG2,5.335295
A3G31IWKH9ALT3,B00ASP8XNS,3.2558856
AWG9YC0S5ZXRQ,B017J3TPFQ,4.576987
AEY9MGCJSWW9O,B0190HN0DM,2.7500386
A1WPQDW5RGAM9S,B00CF9F6G2,3.750792
AXOY11IDEONHE,B00VRYHVUA,4.089866
A3J9BHGK55ZPJO,B00ZYX46P8,4.8731413
A1V9310YS86T7M,B015BCX0OO,2.5755625
A1PUZIV4PYY4YM,B017IFFPTA,4.980222
A2N1XSD82O6XTV,B0153XT5HC,5.4314156
ADT3692HEYU4S,B00JZ7GMF6,2.1199007
A1NAXYNAOGJIGN,B00NQ9O64S,4.805266
A1AMO4S4I575LQ,B00ZEQMP8U,2.699015
A3UPR43PSDG0TS,B007PR34G8,4.6696715
A1XKTJ1XLTWLCQ,B005G7ZFXY,3.9131095
A38J1EW6EKAV0Z,B00MJOVIDI,4.498547
A2BOKBB1IZA13L,B011F603YU,4.982452
A31Z94E63H1N46,B00LJAZ7W6,3.4799225
A246GZE5MZKHGL,B01CERDE8G,1.5824846
A1ZK3Q2YZMX6CV,B01AIS80FK,4.5632157
A374B6RGLIYWMU,B00HGI16I4,5.284846
A272PNE7D26JA7,B01FOEQRNA,4.56887
A353K0UEDMX3PH,B0104EOJMQ,2.818129
A3SZPKNV5IU75I,B01BZB7RXA,5.573209
A3U6Y3GD1A6PXJ,B01B5BR1KO,4.6826725
A1E1YE0R2EELCU,B01317ZZLC,4.41996
AM1T5MXP5H5SO,B00DSPPOX2,4.3095365
A36N7KTS8JMR4L,B01BU7PHA4,5.006806
A3VG0PGN6MNCZY,B00XOGY9N6,4.5325637
A2PCN97H7ORFXL,B01EDDUAFE,3.5353856
A7GZXYEZ2OMLQ,B00PG3NQBQ,4.3984385
AM1T5MXP5H5SO,B01FLDUVIG,4.4444337
A3CQ5980OVK9GQ,B00TKOT3BO,5.5745044
AFX2KR1VGYWLW,B0157GPPEM,2.255558
A2BEDL4QXLEE3S,B01BMODWY8,5.052242
A2PF64RBR1G1SZ,B01GOWGKLK,4.6476026
A4YSGLUQJP68Q,B00JTCH5RQ,4.6264396
A3JHMDPDDFUSLV,B01C7NYWBK,4.9114485
A1DJY8WVWPJ2H8,B00VO86O7K,5.480341
A1AHCX8ONTKNSG,B011G3HJ6C,3.7207866
AZPNSCZH6LW40,B01F2WTGFK,2.3593166
A1AHCX8ONTKNSG,B0165WFUKG,5.037934
AM9YOCRU10IXW,B01H9ER9R6,5.222374
A2UNMDJYXPEQZ3,B00XIHMD2K,3.8919659
A1DC00T32U26HC,B01H45U1IO,2.0559704
A28U98HYYE5DR1,B01A1AWBU0,5.1586723
A328S9RN3U5M68,B01BU7PHA4,4.560542
A1GSPADXH17N25,B01CF7VQVW,4.3511953
A2JPS7EMNFKXOV,B00TSXRDW8,3.6304781
AALCQ67H5TY5L,B00BUAZL12,4.101131
A3V9J8I5FHAH19,B01GF9OQSQ,1.6433322
AG63N054UPJH2,B01GSUTWTA,3.6021726
AQ87G02DO56Z,B00KA0AT06,5.3387733
A35RCD7ZMLKPYO,B00W0AL6BK,5.0384326
A19T1A4TS1WHOZ,B019MCXVS4,1.5994521
A370LX2NE2BMXY,B01BE5XO0W,4.638732
A1UH21GLZTYYR5,B01GAIHTSQ,5.5036697
A253ZKSZTAZ8W7,B00JRBN26M,4.296471
A2NDZ5R94H2YQL,B01C22CSVW,2.6729815
A198E18E1LA3BE,B01GANL3SS,4.548021
A139X5E4RN7SUS,B010MQRGYO,3.6138606
A1B871BGSYX0F1,B0165WFX2Q,4.7082458
A1GXJZGFR0BPJH,B01AIS80FK,4.194253
A2FOQS9I8RI0V6,B00CNTSVZM,3.1476932
A1NE9CRAQ0WUV,B00S1PC9B4,2.0306818
A1F41PH89SL6JB,B00KFZCAAI,2.7408311
A3ANLUEKJBC1IZ,B016JPTGN6,4.6357994
A2I4SQOSEF7WH5,B01BRFLLP4,2.1802094
A3GEKHTOCDSCBT,B013RN2YOG,5.6067843
A3NIPJ7WT4LL60,B0057XVAJU,2.4199412
A19I68RW4PBT29,B018CHA2KK,3.3225837
A2HHKV9CQ03ZRA,B01GQCLA5O,4.0827837
A2PCN97H7ORFXL,B00PRA4CUM,3.296429
A1VDYWMVS2ILZQ,B00PHZ3RLC,4.893919
A2BOKBB1IZA13L,B00AMIX8P4,4.887774
AY9AIGZKJYC6T,B00H62TMJA,3.2952297
A3QY3KER34QGCS,B00NOCBDQG,4.502702
A288W9MY6EK1P,B00JRBN26M,4.345052
AUJKYWUK14BZ2,B015F1XMS0,2.1846757
A2K3C9H73QW8NK,B00YQBSEKW,3.2744234
A2EVKNQ71UULXI,B00NWR78L2,4.2888308
A3HOXAKC11UEOX,B00FY54JYO,3.5518157
A2S5EPJ451WL3I,B00T4ZG2PO,3.7551863
A135NSTCX38DEI,B00LNJ4ABC,3.8280134
A2G9YADU04XBHA,B00KB2RLKO,0.722443
AX59HEWTONQ1M,B01EZ9ZK7O,2.3862653
A2SNF7VCKMYTDF,B017PXXZV0,4.2266903
A3JTJ1E8NK7DH1,B00JCINDL4,4.7360253
A1BOK1EC36Q0WV,B019D7D3CC,6.4406786
A16TE56LP5NUL5,B00F2953OW,4.520486
A3KMEQP8CSCPC2,B00I1VX9YO,5.598601
AX746FITV1G72,B00Z4EAA5W,3.091266
A3FA93L7JWESR,B00VTY1WNA,4.113769
A3AEFXIVFIL11Z,B014XLV2NA,4.1996703
A34RWNEJGJFHEV,B0191WS0K4,3.1248083
A1LYT31WSI9NVL,B00IQVA7XK,5.3369327
A3V9J8I5FHAH19,B00VO2WDZI,3.4459703
A1V63EJ1CBG940,B01GBYTK36,4.7460365
A3P2ROGJMLVZHN,B00OV9EXLS,4.643614
A267QVSAPZCRT7,B01FQ57CRC,2.9962997
A142HAT43L5W4W,B00TP4X5CM,2.599357
A2RMULV25P85EK,B018CHA4GM,3.9675486
A37P6T3YZ8KY2F,B00NEON2WC,5.2351604
A7GZXYEZ2OMLQ,B01BFYBH24,2.8522518
A39N24TTLP6I48,B00SW2TWJS,3.8239977
A3TY31K1VXAGSX,B00DTTEDM0,3.954323
A1EF46YLAZ7MEM,B00YERIU1G,4.945459
A3IY9IIH8P3UU0,B00LFNCDOC,4.271884
A3H7J5POTR9TZW,B00DV7LVP2,3.9350898
A1A085EGL86PB,B00N6PD7CO,4.833455
A2C7W167DVNUKH,B01GEKTEY2,2.6918755
ABRLCS0WRNOKX,B01FQLZSMM,2.39964
A10IOT56F4GM85,B01CJ37JJ0,0.9668237
A2O8R1A83EROU0,B018CHA1D8,3.209268
A3PZDL7X0IOCDP,B00CH3NV4U,4.8925557
A29EUBSWF1KQJ9,B00C44H0OE,4.6881814
A1RN75YVR2O8MQ,B01H62L5GW,4.5948215
A178S00H8B3YWA,B019S2I4HG,3.6239889
AD95EEXNDJ379,B00MG5IQGW,4.2660127
A1NAXYNAOGJIGN,B00XLS3FIW,4.76755
AF85CAX5BR5IM,B00LE4Q370,5.2603226
A3V9J8I5FHAH19,B00PKOJWEG,1.6433322
A1DC00T32U26HC,B0165SOAPG,5.0010786
A7AO0PBCKSW82,B017W2XRGM,2.1241467
A3UPR43PSDG0TS,B00QLA3DKC,3.2917457
A2KN1WNA76HQS6,B01DE5JHY2,4.2026854
A3PV5FJGYOY5NW,B00UJEGURO,4.2488613
A2826FTZACYYNO,B01H5QZHKY,4.19981
A10IOT56F4GM85,B00Q0KG49K,2.8795702
A3J5KG672GNB99,B01GQE49E6,4.9060035
ASI65UKWLTDJQ,B01FGRWTGE,3.0673926
A3RR4H0D4L9HYN,B01FOGIV3W,4.814336
AIVY8XUMV5UY7,B00UB7TF1C,4.0577445
A23Y4UGTFDMZOP,B00OJCC440,4.027596
A36RDF38V9ITAE,B01G3UFLMM,4.109838
A2W4295H4JSYDD,B01A4ATX4E,2.9434075
AKIM9EHK9HMT,B01GYQ057Q,2.9930773
A1O79BLZSTP53I,B00CF6IY50,3.7604272
A1NE9CRAQ0WUV,B00O72888S,3.5589244
A3H1TO48SUIM54,B018RKHYMQ,4.209739
A3IZU63H3RBN22,B01HIZRVFG,3.3376305
A3H7J5POTR9TZW,B007TV0V8Y,2.5300992
ADUI5YISBG6Z4,B00BXGUOU6,4.549184
AGT5F6R7R53LR,B01A1C7M8Y,4.463807
A1KE19CDYIO2YN,B01FORFUEY,2.7400625
A26F5B12T242LL,B0188OGJXQ,3.2317126
A1K4S4MWXI9E9M,B00ES2GX3O,3.9958293
A2Q7R5EUKTKURJ,B01GGWEF3I,3.2548134
AWNYF3812RWNG,B00IQVA7XK,2.0010812
A1P44JJW47E6QN,B00SO0DWK8,4.840036
A1E1YE0R2EELCU,B016X07L2U,4.6235642
A2JPS7EMNFKXOV,B018BL1LIY,2.6258767
A1WK64OV93G9TA,B00FJNPJMW,4.3713093
A166K6TJTPDX8K,B01HHJZ3EO,3.945141
A2KS7XM8Z13Y78,B0184J1F4I,3.4448252
A135NSTCX38DEI,B015DLURNU,3.9955037
AER3NZ1H79LGZ,B01GYPQQRU,3.847469
AUI3XAZ1513SI,B01G9F1ED6,0.80045295
A2QEVQMB8B08UQ,B00L2V73GK,4.692142
AHZ63RT78P9U6,B01FDI8UWS,1.2564715
A2O37WEGGS6NF,B00SZDH08Y,3.960827
A2D9OWZ1X0DVEU,B01FV7OB5G,4.8381
A3J6BKNGIMAJQ5,B006OIUEKI,4.115709
A2TX3PH7TXFRE9,B01CT5K792,3.6788354
AGV7AZJ7ZBLUL,B00H8OZW1I,2.6480165
A3L8F13NKUQHQ1,B00LXHHBNS,3.0081098
ADJDLDM5Y69VJ,B0197OZW7A,3.5882633
A2HZ6MGQ6TPNO0,B01CMN671I,3.3446648
A1CXTYWIRDPOED,B00X2JUCRC,4.395489
A21G2H64TFS4JO,B00PMH3R3I,5.9444366
A1LEP3FM28J5RB,B00M0DQIEC,4.27225
AEY9MGCJSWW9O,B01CMH15IE,2.7500386
A3BTRKXD03KC4F,B01H5QZHKY,4.9993663
A2I4PXYYHQPW2E,B01ATQJ726,3.9136813
A2EVKNQ71UULXI,B014GDO5C0,5.2643657
A3A44JIMIWYFIE,B01H97YHF0,3.8547108
A1J6UA1MD96SKE,B01CWZH814,2.856162
A1AFGQGTS66UYY,B00JUV8JPS,3.7453244
A19MQI49YCA5SK,B00PUS8AEK,3.9940999
A2MK1L1Y74WTWH,B00W4LYJ6Y,2.547835
A384RYAHGEPLJ8,B00AA3P7M8,4.7825117
A13C53Z3ONTAIS,B00SK2AQWW,3.549834
A10PIB0GJZQHJA,B00JRBN26M,5.364052
A1SKQ5W90YXHF4,B01BNWGPRK,5.6217875
A3DS9MLHI0EHG6,B01A4ATX58,3.0971723
A2B9C3FMYW18UN,B00EV9LSJI,4.115693
A2G9EAG3T2GCW6,B01C7NYWBK,4.396868
A26V5ROE0OZCDA,B005GI9EXU,2.029804
A29QO6X2VCR4GZ,B01DFBBF5E,4.043899
A1B871BGSYX0F1,B01DN86K7M,5.544101
A2VTPPOUWOT9AB,B01A1E8WO0,4.933948
A31OIXDTDVNVS8,B011ETZ2WQ,4.99095
A1ZDSAPOGRGBJI,B01B5BR1KO,4.1908855
A1K4G4G02UIVEW,B00R5LXZXG,4.952576
A3OQ0WU2ZHM5J6,B014JSBJJ4,3.043875
A1PIHRVCTCJQFL,B0067LH1QC,5.830844
A2N7O3PNO1OEEL,B00W891R26,4.8527713
A3IL7OEY26GURY,B00LFNCDOC,5.14396
A69JQYYIUQFQL,B01D9JB7DW,5.351602
A2CZKERY4LUBVI,B00K6S71RG,3.7822778
A3P4PWQ6NZGNFY,B00CCVVKMW,3.3538635
A24KZL47I6CH4C,B015M5L9A2,3.3789053
ANKDQ12BPX6Z3,B0091T62FS,3.7642453
A1EF46YLAZ7MEM,B01FD1Q27U,6.0922904
A31K93JWWNEMAJ,B017WE2YUU,3.3103364
A1TVJ9WDRP0UZS,B008HUP9NI,3.4449327
A1NL7G5VN45RDW,B00X7R3DFM,3.898677
A1H10L6S9KZB2C,B00OJCC440,4.7382016
A3VE7N2XUI8C3K,B00X8SCJCS,3.9082377
A15VZ8KA1KH8ES,B00AXTM8G2,4.292812
A36I3CE9A5LP9N,B00L2X37QS,4.73146
AZGDIB6UL3QNL,B012C7K7BU,4.3023996
A296HV17AZ10V9,B00EZRUSOW,4.1456237
A2N1XSD82O6XTV,B010TZVSTM,5.323568
A1PSGA348YRV67,B006H96RO6,1.9832965
A1JMSX54DO3LOP,B00W23WSN0,1.1389595
A1RD05YFMWKM4Y,B017CK0K28,3.9141176
A2XKX5TBB6WV00,B00N0VI2OM,3.6831436
AHR3AU7CPID24,B01CIDR8N8,2.8748205
A1G9C5GN1893RY,B0190HN0DM,2.8923957
A3IZU63H3RBN22,B01GP58FSC,4.744776
A1K3WZMHNUDZ6N,B01EO6IIM2,3.0097218
A2D9S6V1AFXOAO,B014C5K4WC,2.0129042
A1IFWIZ62O12OT,B01E46BFJU,4.67627
A7M73HAH815DM,B00TPBIA4S,4.78536
A3J9BHGK55ZPJO,B00II5I3R6,5.496928
A19T1A4TS1WHOZ,B005OY0JFI,3.5362563
A137UEIU93IFEF,B00E6QFG80,2.3235087
A10JAUCIGVRW9F,B00DE85KHI,3.853821
A37G8WNF7DGY6M,B009JPPQ38,4.281113
A3IAAKYJIX44EL,B00MUW6TF6,5.7441134
A2JPS7EMNFKXOV,B00N9RT7RS,4.424942
A2S5EPJ451WL3I,B01FGHI69S,1.6252468
AWNYF3812RWNG,B0133SO7JK,2.116915
A37D3BRKS7OO2L,B01GYPPMNE,3.2439091
AGT5F6R7R53LR,B013WQ2VW8,4.9508653
A1LL39K926QN1V,B01DFX15NE,3.6975543
AQ5HSBPNASYIG,B016B0FB38,3.5359669
AHNGMRN1V1LPH,B00SA5KFM0,4.0992775
A1EF46YLAZ7MEM,B01DFJLD62,5.265489
A3DJ1IVSPDTMW5,B00O3V6PWY,4.403877
A0020356UF96ZV361ST,B00F8KLPEM,4.1753683
A2TX3PH7TXFRE9,B00ON8JVP0,2.121319
A2W3RQOSC87P4A,B0150C55HA,4.003614
A3N67XHSHB40CQ,B010TZVSTM,3.760911
AIW0QH84UBVB2,B00E5O6ZJ2,4.9546466
A2W3RQOSC87P4A,B00C4BA6A2,4.8065753
A1NE9CRAQ0WUV,B00RP98JVG,2.0306818
AV6ORIR1JV86P,B00OYWP438,4.0255117
A197W8MNF706HT,B00JZWDC9K,3.8322508
A7AO0PBCKSW82,B018QZB1IA,2.8677738
A2MEKYD68X8R8H,B00UJEGURO,3.973338
AJ571UKWCC3CC,B00FW6WKUA,4.4707093
A2MR87VMPFNFJ5,B0099LPCWC,3.9879057
A15EMPO8TCH2RB,B01FQ57CRC,3.5173337
A3UO90FEXQNHRD,B018BL1LIY,1.4937427
A296HV17AZ10V9,B00FQAQQ9I,4.217429
A1FGDFKCW5LJIJ,B00QOWH556,3.3022702
ALGAUZSEQQWI4,B01C1VAR5S,5.4215674
AAO6QIF5RUMS2,B015P9ZNIO,5.5489607
A2Z3DQ7P9JYRLG,B00W891R26,5.3073783
A1C7ASZFSTSJMH,B01F24RGGO,4.581963
AGELZO1D6BC0T,B00MK395WO,3.735615
A1W48IWJ8A610S,B00H0GED9Q,3.8482711
A2S5EPJ451WL3I,B01CT5K792,5.506384
A2735JIVUDTBZ0,B00ZYAZFC4,4.72776
A2FCH654FN672F,B00XIHMD2K,3.2989306
A3A7FF87LEVCQ1,B00SER0484,2.2574189
ACSJTKMXKU1M6,B0174PTMU2,3.1309311
AYX4FFM42UGTM,B00MVK5RIW,5.1053267
A2JPS7EMNFKXOV,B018F3C1KU,2.6746159
A1FWLM5208ESO4,B01E46BFJU,3.4037938
A1RKD07ST2BLOQ,B00VQR2NOW,4.0877295
AI38GSFB90M4L,B00WRNKOOU,2.7717505
A1R2D0K0S0M30P,B00QPDKAM4,2.5386841
A73IK4VT0XZS6,B00QXWYEYW,4.0226464
A3FWAT2EKO9FRE,B00UZM2O52,3.4452631
A3EJDCT3TAEC2,B01GYQ057Q,2.9115698
A13LERNQ8R7267,B00HT73RHK,5.02247
A35RMGAUPUQTOG,B01EKIELGG,4.1513515
A21UH6HJAXW2J8,B01CX93T44,3.8031504
A2H44WVZS59KKT,B00U77QXI4,5.4983706
ANXBIU1HP7BJD,B01BLSZ09A,4.3103337
A2XRKQZA534EWO,B00HTJJST4,4.639652
A1VA2I63CK09BU,B018IYY2V2,3.8479538
A16EVINGPOU4U6,B00OAN88H0,4.044291
A2KMV056844YV2,B00OKM7SVI,4.1759267
A23GRXCXQU3SM8,B01GYPQQRU,3.030561
A387F6OFDVEDZT,B01GKU3D1G,3.907626
A2B8C9QHIXJO6N,B01GTFE2BW,3.8009722
A18EEC1ENOT9YN,B00F2ZL3W2,3.3488312
A2DZUQQXPNUGI7,B01BFYBH24,3.0394788
A3DIJRAAUVN3HF,B01FEIRT1K,4.061172
A1B39IGLV2W0GE,B00WZWMRC0,3.0813706
A17DBWBCGJP32S,B00WT7TBTS,2.5037186
A2RPZTZP8W80W,B010ZXKCJU,4.1034117
A3OQ0WU2ZHM5J6,B00VBVE7NS,1.9029044
A1E29AF1LT9N6S,B008SGZOL8,3.0948188
AY9AIGZKJYC6T,B01CYTLPPI,2.7091556
A23M3HDG0IWHWB,B01BRFLLP4,2.780258
A1N3GV7AVOC8VC,B00QQOX6LY,3.6434586
A1A6ADR8JG12KQ,B00B3DROPW,6.008403
A3J9BHGK55ZPJO,B0094B6OLK,3.448157
A36I3CE9A5LP9N,B00RC6JVDC,4.451871
A21G2H64TFS4JO,B00S5JROJ8,5.6947513
A1E29AF1LT9N6S,B00QQ623XY,2.269252
A1ARJBC8VD5P8P,B01BDN5KDO,3.0032377
A2Q439D72KOQME,B018A8EDV0,5.4980855
A2K057YIAJJQXS,B00EZ7VLDY,3.6283038
AV6ORIR1JV86P,B00JCINDL4,3.970956
A2O4J6KJ0REPQ,B01BR1U1WC,3.4594698
A1QXNTUAUWFKP7,B015XWK88S,2.9120977
A3M3LPTYJWK90W,B00UW9SNEO,3.2466438
A2YF0QVNVT7ZI8,B00HP90OBE,2.7290678
A2PF64RBR1G1SZ,B010ORALRK,5.288298
AHMV0N47XOIMZ,B00NJ0F5Y4,5.0189395
A1CLGNWRCE4QKB,B0165WFX2Q,1.972102
A1LZ8PBGVH7IOM,B01C4FP44A,3.5115235
A21TSBBTF0DMG5,B00YG3S9W8,3.8455002
A19Q489ZXGDUJZ,B010MX9WVC,3.716979
A2MR87VMPFNFJ5,B00ZOL1DRO,3.4819496
A2I4SQOSEF7WH5,B018CHA4GM,3.3112056
AUME0VNK7J2MP,B00GRAZD3G,3.5338109
A1LGEZKBNXPUW9,B01DCM610A,2.3126655
A1RD1NM0602OQO,B01FWYD956,5.637116
A1YUPRU1BVJHQV,B00OU2E1F4,3.3632946
A142HAT43L5W4W,B00L73NIWQ,4.0240655
A2MR87VMPFNFJ5,B0094HZVWC,3.789655
A3ULR7XJF3C400,B015D43O46,3.2589533
A2PN1AJYXDU1J0,B00MDACG9I,4.618224
A3HOXAKC11UEOX,B00TQ8W4KG,3.1323123
ANEZJAUOG31MG,B01C6DZQYS,4.066021
A3CP3ADDFF4CLI,B01FD1Q27U,4.399205
A370LX2NE2BMXY,B0190HN0DM,4.2778735
A3C713428J4MJ7,B00IKME2XG,1.7583355
A1WUV5NNBO97B6,B01DOR1EBO,5.350117
A2C7W167DVNUKH,B00BJCBPIO,3.0131977
A2WEE1PU5NZVJQ,B00DK8L8Z0,5.1978116
ABTPG9K6K74W,B00KDJNAIW,2.5108335
A1LGZR2O6G85X1,B01HDF9IKM,3.9195187
A2KUR0ZBNV17AA,B01DTRFUY6,3.2081316
A1K4S4MWXI9E9M,B00PE262UG,4.1579742
AIKGKUGNQ6L2F,B01645ZYZU,4.281041
A3QV68AX7YPQA2,B01FIS2F42,4.012193
A1X87IHRK15RBU,B00IC6TA46,4.2606783
A2ESCA4MLAK1QF,B01AQO16VQ,2.918158
A25PLL2FEB615H,B01EXPAZSY,1.9599332
A1ZDSAPOGRGBJI,B01208O1D6,4.135825
A21G2H64TFS4JO,B013UBALKE,4.837465
AF7IKL1FN52K7,B01CWZH814,2.675228
A2N58DQ4IL5SHP,B00LXK4KIO,5.231214
A23Y4UGTFDMZOP,B01HJ7IF8A,2.462806
A37D3BRKS7OO2L,B017HX13DU,4.382138
A1VE539RO5061D,B00Q4YAJL6,2.6955507
A1W49O3LYZ8GI5,B01A9BTUBY,4.241932
A21BTVOIQV3JWU,B0080SA5S6,4.1067953
A369BMHORFPL0O,B015DKD58U,3.865011
AV6ORIR1JV86P,B00VW9FTLS,2.4714262
A3CIIU9YNK53VK,B00LDUVA4G,4.079551
A1JS39D0NHVT3S,B011T78JT6,5.231265
A3VE7N2XUI8C3K,B018BL1LIY,2.5655723
A2391DU1LZODF7,B01D1UVNEM,4.6315103
A2Y7B4AASUOXM,B00KLSMCPW,3.0274546
A1P44JJW47E6QN,B01FWERDYE,3.5074515
A31OIXDTDVNVS8,B00BGY7XX6,4.1380453
A2RQ5IRWRU0TVO,B01DTRFUY6,1.4359888
A3MTU1QAMYEAX3,B00GQYIL2I,3.984907
A23Y4UGTFDMZOP,B007J4A4KQ,2.9371908
AUI3XAZ1513SI,B00HNWEA9K,1.0669472
ASHX33A1334SS,B00GH2UEMO,4.29705
A1ZDSAPOGRGBJI,B01H173RSQ,4.3311563
A1R2D0K0S0M30P,B01GF9OSI4,2.4369705
A3G7QPDLX3SDV0,B0186FCA9E,2.913229
A1XIQBGKVH6G8B,B015NFAKLK,5.0282855
A1LM7SC9WR859I,B00OE67LVW,5.4046125
AYGI3FN2M078F,B017R65QS0,5.091672
A296HV17AZ10V9,B00LI5X2QA,4.406314
A2PN92SB2HFRNI,B00V5T9A38,4.901515
A370VMDK3FZX5X,B017JIYTJI,3.1862502
A2C7W167DVNUKH,B013T97LTQ,2.782266
ANKDQ12BPX6Z3,B00XGIEM52,3.743503
A35BKLDD2E04E6,B006MLKZWO,4.9793057
A1ACUN6A2LYVMW,B013KV12YI,3.3431818
ADJDLDM5Y69VJ,B0145VI0G0,4.8627644
A245T0V8KVTV45,B00NDEXI0O,4.167689
A29QO6X2VCR4GZ,B00B9I1M5O,4.574703
ASR774IIR8VN7,B01EMF4FXG,4.4491496
A3C713428J4MJ7,B0184J1F4I,4.788076
A1AHCX8ONTKNSG,B01CF7VQVW,4.061821
A15VZ8KA1KH8ES,B01EDDUAFE,3.5012171
AQFF452SVDF48,B0152U9LL6,0.87878454
A2WEE1PU5NZVJQ,B00PYPHS9M,5.10325
A3CMIEYL0TJLC2,B01DCM610A,4.945367
A3RDDEA1NKSMVC,B00VO2WDZI,2.9113328
ABTPG9K6K74W,B01B6WT11Y,2.4068322
ADUI5YISBG6Z4,B00GRGOL3S,4.6687036
A414YEU57FUHJ,B015QBP4XU,4.034961
A1XJZCJTQFEU8D,B01BCLPTNI,4.495609
A2S5EPJ451WL3I,B00Q6YLPJ4,0.78630483
A29QO6X2VCR4GZ,B01BQ00CAA,3.6213236
A3IL7OEY26GURY,B017GGWXNW,3.6516385
A2LMF4HG470CNF,B01GDRM3XU,2.1011097
APSBR4VQNRJ0K,B00MV4UDTQ,4.486896
AJVQTGMBF8PL1,B015CLZ5RE,4.167692
A3RDDEA1NKSMVC,B01DL6EQC2,4.6659613
A166K6TJTPDX8K,B01AMNC33G,3.3641636
A1F41PH89SL6JB,B00TPBIA4S,3.722079
AX5KL9LWC1TG6,B00DGYKGQ0,5.1617165
ATQMBEXNQ3XH8,B01H4NVSOC,2.1473053
A2HZ6MGQ6TPNO0,B00NLLP3MU,3.504445
A1NQQU8O1ZYJP3,B01GIM0O86,4.936972
A2A1U239S7ZVL1,B01AAXMLVW,4.0279846
A16N88TMHMXX1F,B0133SO7JK,4.2863054
AER3NZ1H79LGZ,B01CBLURCG,3.847469
A2EU9VP0MRMUGE,B01CERDE8G,1.4033216
A10AWAE0F6CAP1,B01HCB4LFE,5.095683
AUJKYWUK14BZ2,B01B8MEF9K,0.5234622
A916DXE9W36GF,B01GYQ057Q,2.5689516
A2YJ8VP1SSHJ7,B017ACSD1S,6.165437
A1SXDVX98NJLHZ,B013HDXSU0,3.0898829
A2091T9SZ5H2P0,B00R1O4KWW,5.2817917
A213J0UJPYFVNC,B00PG3NQBQ,4.6851206
A3AM6MXENFRF3G,B01DJB7XZG,2.4768324
A1HHSUAQDZ1XM6,B01DU7JXPW,6.37751
A1IE93W5OH9MGR,B01GJA450A,2.8364122
A2ZDRBQOSAZLER,B00FP43PP8,2.7781622
A2MD57B122PGJ1,B01GYPQQRU,3.0772967
ALGAUZSEQQWI4,B018COSNP4,3.9259055
A26V5ROE0OZCDA,B00XIHMD2K,3.2989306
A10PEXB6XAQ5XF,B00531CPHC,3.2125769
A2O4J6KJ0REPQ,B014GMU3LS,2.246832
AIQWMQ4JWKZ3T,B00N99OHZS,4.934195
AM1T5MXP5H5SO,B0150U9Y6A,3.2703202
A1B871BGSYX0F1,B01HIZRVFG,3.514108
A1F41PH89SL6JB,B00AV8SY7C,3.788151
A1JADDWR1H3M0I,B011T78JT6,5.2264595
A1CXGXJZZ3AXR5,B01CYTLPPI,2.3639448
A3KBRXW4PKK2MT,B00UZSTI28,4.928434
AGSGL6VT17RE0,B00GVJ4WOY,4.0915856
A1ZDSAPOGRGBJI,B00CK55QTS,4.0087023
A2XIP6NWN0J2QC,B00ACC2N3I,5.1024127
A2MK1L1Y74WTWH,B017JRXATE,2.2883685
A142HAT43L5W4W,B00IGGZ4LU,4.4831176
A1NL7G5VN45RDW,B01GAOLAW6,6.0876822
A32TX5VFAQALG5,B010ZXQA7S,4.431467
A2EAKYR4AEJU69,B00QU06V2K,1.4701532
AVNDR3UMO7VU5,B00T75VSHI,5.0490627
A3FO728397JFZP,B00L2II2AY,4.223845
A3NW9Y963QZ8WI,B00WNR92RU,2.5227742
A1JMSX54DO3LOP,B00NWR78L2,3.076696
A39CVMK2ZKEIK2,B010JA571W,1.3791659
AER3NZ1H79LGZ,B0165I3WGY,3.847469
A2CZKERY4LUBVI,B00OO65H90,4.213963
A1P44JJW47E6QN,B00SM24ZZO,5.0747986
A4YSGLUQJP68Q,B018CHA2KK,3.3972838
A2JOW1PW9GRCA3,B01HHJZ3EO,4.1932807
A3IRQCW03LJA0G,B006MMYSR6,4.3752093
A245T0V8KVTV45,B01A9BTUBY,4.3170376
A356MFRFTA643Z,B00IU69PTI,4.878382
ABTPG9K6K74W,B00C9L5L52,1.9746989
A64VNUAXNX8VO,B01BJST0FC,2.195315
AQ5HSBPNASYIG,B01GAIHTSQ,4.473837
A222WQ9VGVPSR5,B013HEC16G,2.2036488
AKZH6MEXHWGLD,B00TCI48WC,3.786541
A2S5EPJ451WL3I,B00457VKIA,2.8338566
AKIM9EHK9HMT,B014BR4A3A,2.9930773
A1Y3AO9892NNSU,B010NQV6I0,4.838928
AK3LIR1TVZFVZ,B00GEHN4I8,4.054376
A1UH21GLZTYYR5,B01DGXSHRK,4.5544567
A23GRXCXQU3SM8,B01CBLURCG,3.030561
AK3LIR1TVZFVZ,B00GJMBFS4,5.3849583
A3G31IWKH9ALT3,B00UXX3RHC,2.9512036
A3QKOFJ91Y3MFI,B016X07L2U,5.44996
A3Q9NLTF7JA3ZD,B01C8CLGR8,4.31478
A235UMRMGXAS15,B01AQNZQD6,3.3647578
A2MEKYD68X8R8H,B00DN6QQ3S,5.0713773
A2EVKNQ71UULXI,B00699917E,4.756049
A2Z64A0Z98GLS3,B013VDLXY4,2.5771892
A387F6OFDVEDZT,B00TLFMPX0,3.918536
A13QTZ8CIMHHG4,B01ATF41UA,3.4043677
A2VDLDSGSD32FI,B01BM0AHZE,3.1376295
AVIN4W1V9M738,B01DQED9F4,4.4385123
A1U37G3A1C7FC6,B01GZ7IMJC,5.6050973
A19MJXG060UDTA,B01BJ9EFB0,3.7689276
A3V9J8I5FHAH19,B01FRK7VO0,3.681965
A2HZ6MGQ6TPNO0,B00ZDHZKKA,3.1251519
A2UJTG9XC4KISL,B00E6QFG80,4.617617
A3E4H5A1X8NJRR,B0051EZBRM,4.314513
A1EF46YLAZ7MEM,B01BXGMTEY,4.664763
A2E40ZTDDZ2U29,B00LMGLXUC,4.6804113
A1ACJLREHPPL1P,B00AA46Y06,4.8051257
AV8X3WC4XB1WF,B00U48LMGO,3.2917798
ABTPG9K6K74W,B00SPA1Z5Q,1.6980494
A2LEDCD5NGDPL5,B017OLT0HG,4.161758
A23MK6LPFQP21A,B01C6DZQYS,4.3465047
A2LYOOGJLVVM5S,B00T2TSFH0,5.318412
A3AL7B2RPOAEOB,B00D9CMLNA,3.6832669
A23ID71VXIBR8T,B00D9CMLNA,5.0945525
A19Q489ZXGDUJZ,B01D0Z73QA,3.9602163
AQFF452SVDF48,B017733NZ6,1.0784634
A2B9C3FMYW18UN,B01FTEBE74,1.5737666
A18EEC1ENOT9YN,B00L2F5P02,4.4978004
A3JONP3MGSSP0F,B00T7VC4D4,2.4715915
A31W0R6O8EM6V6,B012YHT12E,5.3603997
A2O4J6KJ0REPQ,B013KWCLA6,3.3486154
A30DBF16JX73UA,B0100BOE7S,5.438047
A1B39IGLV2W0GE,B00NTPSMSA,3.1061535
A1BOINGLPB5I1M,B00ZOL1DRO,4.5870457
AQA76AX85FU33,B00KE62080,4.370099
A2391DU1LZODF7,B01EKIELGG,5.055703
A1M0H8HM67R9I6,B00U4NBAPM,2.9475403
AYUTCGVSM1H7T,B018E4EOO6,5.7904916
A1D0BC1UP01UH9,B017E1XMPM,2.356019
A2EGLWRK7PCDYH,B00JO4GO94,3.8297746
A190TSUIRJIFUK,B00UXNLT1I,5.316173
A1GXJZGFR0BPJH,B014REI880,5.44223
AVTN1DZPKSY8I,B01GP58FSC,4.7001877
A1R2D0K0S0M30P,B00QL14R88,3.6047082
AX746FITV1G72,B010189NMG,4.081513
A2WQZ6RF0O4XER,B01G2YFYG2,3.3752
A1XI8GFCIVWU36,B01FOEQRNA,4.642877
A2MD57B122PGJ1,B00H3I2172,4.3233733
A24NC3WOFW7LHT,B00BFNYG1A,4.156327
A1CL3FS67LX1YW,B0130KVNKC,4.3911233
A3IQ0P3M39IY8U,B014C5U6SE,3.3816886
A202A0SM6MHKMN,B00LNJ4ABC,4.1629496
ADAJ62S65XLVH,B01CKWGCKW,3.1107185
A1SXDVX98NJLHZ,B00MEPPIRO,5.07272
A3E2YW0WOZ9TWL,B01GYPPNYC,1.8440877
ABTPG9K6K74W,B00C4BA44K,2.012313
A2T1T5S6Z14GD1,B00MY6POOK,3.969113
A2N7O3PNO1OEEL,B00507TKCW,4.8461986
A2LKDS804WDMIR,B00MV3HC5K,4.988629
AXIO51VZN815F,B00LH8I7PE,4.0081706
A3FCTV8S9RM34G,B01B43XFKI,4.788253
A1DJY8WVWPJ2H8,B00QQOX6LY,5.4726763
A3JXBWCYZ9HVXL,B01EBI1YZG,4.361437
A1XKTJ1XLTWLCQ,B00W2TD572,4.550617
A1CJOF7UDPZOVR,B01CBW4D7A,5.2824297
A1VC48UV57XWOH,B00M0EUU22,4.5423007
A4Z44UOCH73BR,B01D2ZNXWQ,1.3105808
A339JSGXJXHKQE,B019WMKHHC,4.6422133
A1FWLM5208ESO4,B00R1O4KWW,4.482703
ALYI8YM90TPD1,B018BL1LIY,0.040318727
A13LERNQ8R7267,B00T3E76II,4.6766725
A3RV6L8TB9XZNB,B01ACB72TS,2.265159
A2DN35SSCO6KE5,B01GOWGKLK,4.672279
A1ZV5XBKG7RVZU,B00VS1XNS6,4.006015
A2391DU1LZODF7,B01DN9705W,4.491621
AJNVLN50MZSFU,B00C7Y0T8A,3.9051173
A33R5UHQ3TKZGY,B01AQO16VQ,2.8989117
A2UQGGK8VJPUH5,B00CMJDOIC,2.5745504
A1QDU32SAI8LO2,B01FTEBE74,3.5248597
A2TS60D6XB4KBY,B00V2AVVD2,5.269126
A1X87IHRK15RBU,B010ORALRK,3.7005484
AXMNLUJHA9RG7,B00MQ5BIE4,4.089105
A8Q2ZFOHTVSCV,B01D7GSS70,4.3783293
A1FCMIVQTWHYH2,B015VKB8KY,4.0076756
A1Q3SVFIAWX5YN,B01AHFO8ZK,5.3775554
A2XKX5TBB6WV00,B01FCBU7OU,3.5659597
A1CIS4LOWYGZGA,B00XZ94IU6,3.141973
A2M2F48XEPJ2ST,B00JRDGZN2,1.044315
A3BHXRE0RKF4LK,B00X2JUCRC,4.9420795
AK56P9TMUDM8F,B01EBI1YZG,4.591194
A1LGEZKBNXPUW9,B01FDI8UWS,2.4126866
A1HLSH6U9OL29L,B010TYBN4S,3.9565933
A2QM4ZF6N1SI4S,B014RVEJ4U,1.5502162
A35BKLDD2E04E6,B019JK4HKU,5.4086633
A3HN8JIDYGZVVH,B00P86K1J6,4.513302
A1IFWIZ62O12OT,B00N7K1BB2,4.6802106
A1I96OYAUJ3HQE,B00QL65B2Y,4.1270523
A3IQ0P3M39IY8U,B015YGAXHO,2.1774855
A3CMIEYL0TJLC2,B01HFTVMXM,4.9112453
AYX4FFM42UGTM,B00ICTUW6I,4.826382
A1XL1A3TCU3Y1I,B00LFW9MQK,4.879769
A1ZK3Q2YZMX6CV,B01ACB72TS,5.1419206
A14I311IIUMBWC,B01BCJDSAG,2.2041862
A2MXJZ75PBWCI9,B013S6IHIY,5.595268
A1OC44Q6V9TT0G,B01BW4490E,4.5890594
A3DS9MLHI0EHG6,B00XGIEM52,4.611222
A1PUZIV4PYY4YM,B00CUSSKUM,4.9593015
A3ES0XIED7769J,B00P6NDBJI,4.208029
A2KE2O5C2XMXGE,B01HFFPC2I,2.9395494
A23MK6LPFQP21A,B01EW6DERI,5.517632
A1NPM2IW3DLO3F,B01H0UI0QS,3.6592162
A253ZKSZTAZ8W7,B00KBAYOTM,4.935325
A37QXFDRRQ9M08,B00AGXN8O6,4.322991
A1P07BQLEBOXT4,B0165I3VSS,3.444774
ADUI5YISBG6Z4,B00J9YWGTQ,6.2434864
A3NIPJ7WT4LL60,B00O7WX2WA,3.18945
A1HHSUAQDZ1XM6,B01H0UI0QS,4.3099217
A1IFWIZ62O12OT,B00Q5OG0RM,5.0523486
A2VSI0RDFNNBEU,B00Z1UVSK0,4.270086
A2W3RQOSC87P4A,B00F3LVB40,4.4888515
A21TSBBTF0DMG5,B01DJZ7G5E,2.7004592
A3T5H007CVA99X,B00CNTSVZM,2.845402
A1B88VE5O3J9CQ,B019B6WUGU,1.9213439
A3KIA7199DNI2H,B00K1MS0NQ,3.9211996
A3L8F13NKUQHQ1,B00YQOPWQS,1.9203814
A26GE9ZG68SKIQ,B00YAKL5A0,3.876142
AS68HOKD544K6,B00NTPSMSA,4.598033
A2G9YADU04XBHA,B007WQSY44,2.8434198
A2GU5CU4OAHS17,B01GET4LIW,4.6383123
AJ8NQTWUM8PK4,B01CBLURCG,3.8235242
A4R3X0V1QIJ7K,B00DCD53C2,4.025046
A3AM6MXENFRF3G,B00P8DE7YY,3.120044
A2IUIOTFRZHGLD,B01E2H3M1A,3.0212011
A1W49O3LYZ8GI5,B01A03HKFE,4.303886
A152EA7ZPCA1Q8,B00VAOBZT0,4.184768
A387F6OFDVEDZT,B00LE4Q370,3.4054954
A1JMSX54DO3LOP,B004W8D9V8,3.9638846
A9M7TOUJ3N4OE,B00DX58XP8,5.2312613
A3CJ3VQ76GFU0,B004YDN934,4.8154554
A287J5FTWL99W6,B01C4FP44A,3.2968395
A2X3DPREG8BT6B,B01EBI1YZG,5.113863
A137UEIU93IFEF,B0133SO7JK,2.116915
A3NU5MG1VOINFB,B019APW4UO,3.7339568
A2U3FVDELHREMI,B00INYO7MC,4.9072843
A2PF014MHWXCT5,B015YGB1SE,2.6145198
A10IOT56F4GM85,B0103UGC1C,2.1002321
A2MIR34MGFG3EU,B00PQV6H78,4.844656
A19MQI49YCA5SK,B00ON8JVP0,3.9456503
A1ACIK34MC3R7W,B015NNW8CG,3.4476702
A2HX0B5ELOPP5Z,B0100BOE7S,3.810944
A3H38968JZF6VK,B00ICTUW6I,4.4098234
A3DVHWX9O27YPI,B00HLQWVMQ,3.123584
A1TMY1KQMPEHQ8,B0116LBLKE,2.2039402
A1Z7KHEH5I1LUP,B01AXD0SQO,4.2702894
A28V7MR6RKNVUT,B009QSK1GK,5.12665
A31R64J645RAC6,B01HDLC4C0,2.6467853
A2G45Q8V20R779,B005QEA87A,3.5893543
A1NQQU8O1ZYJP3,B00VC1475K,3.9534943
ACATGMB8JTGU9,B00LFNCDOC,4.30072
A38TZJEVGI7OJN,B00VX75TKU,4.420956
A183DRUR0UACQ4,B00BN1P6Z4,2.588762
A3FA0RACII84DP,B00FVDMDOC,4.273422
A1ACUN6A2LYVMW,B01CIYUPUK,1.6592618
A1YUPRU1BVJHQV,B00R298H3O,0.98275745
A2Z3DQ7P9JYRLG,B01AATE04M,5.433607
A1FUH1O6FCTUYG,B01A16E38C,4.5051255
A3IQ0P3M39IY8U,B00O72888S,2.9628193
A2F2878HE7XOM9,B00PBA6QCU,3.9015553
A3UO90FEXQNHRD,B00JNK590Y,3.3716934
AHR3AU7CPID24,B00HCK1TZQ,3.5888515
A2Q712D3NT6IPK,B00MD5VDNS,4.556053
A3QV68AX7YPQA2,B016VL0PWE,3.3472097
A3CBZUOAQ1LBU5,B015L2UR1S,5.288871
A17EGVTXRDFTRS,B01HBTH0VO,4.5214057
A3A7FF87LEVCQ1,B004VF69LY,3.1252692
A1QFKWSZFO0AOH,B01GGQM9AK,2.4147942
A36XTPY9IFYA5R,B006U1N37U,4.860988
AX59HEWTONQ1M,B00JUG8DCC,1.0896142
A1TVJ9WDRP0UZS,B005TUBRW6,4.840986
AK3LIR1TVZFVZ,B00IPOCDXU,4.757804
A4THCLHUVG5NK,B010JA571W,2.4292176
A3ES0XIED7769J,B01ELQDLKY,3.9991338
A2MIR34MGFG3EU,B01A4Q26WY,4.6661606
A2FCH654FN672F,B00PD8LQ6G,1.8726885
AYVJY4Z9CYQWU,B00838H1OY,3.2562826
A7W8CXJOH3UNV,B00ZYX46P8,5.121882
A2NDDUI5L26D3Q,B00V8L0G5O,2.6785314
A2KWQ64TRHB3YH,B00UHY9WCG,4.712918
A2JXEE4LIKY4AO,B00PBUEQJK,3.723478
A2PF014MHWXCT5,B0174PTMU2,-4.4914556
A3AM6MXENFRF3G,B00BQMOGKQ,1.6541486
A2LHUNWCVDEWQ8,B01GEKTEY2,2.5759218
A2D9S6V1AFXOAO,B00A3ZA4TO,5.1011467
A31M8L26BZM2IY,B00XCLU7Z2,3.2654104
A2H146VK5MMYIH,B01H7J5Z38,3.3488138
A1NE9CRAQ0WUV,B00EZRUSOW,2.9962823
AS09YZV00HGLO,B013KV12YI,4.155088
AWNYF3812RWNG,B00W891R26,2.2452796
A3E1OKXRVUNNU1,B01C7NYWBK,4.5952263
A2S5EPJ451WL3I,B00CW44YIQ,2.971917
A387F6OFDVEDZT,B0057QO8Q4,3.2208443
A2DZUQQXPNUGI7,B018WYKTR4,5.4249125
A3SFE4SWTZ3UIP,B0157GPPEM,4.50962
A1ACIK34MC3R7W,B01GAIHTSQ,3.9322093
A3HOXAKC11UEOX,B00GXBV0MM,3.5406363
A21G2H64TFS4JO,B00XGIEM52,4.6023545
ATZOHBDX5VNKJ,B0181DH49C,4.9587874
A1ZQGKKF2I7YS0,B00QQ623XY,3.6107452
AQ9REGZ6HL9AO,B01GYPPMNE,3.3122432
A2PF014MHWXCT5,B01E7HPRT0,-4.4914556
A3OQ0WU2ZHM5J6,B00J9YWGTQ,2.1983757
A1P5YXP15B13SA,B01EKIELGG,3.0081108
A1FYJN76V1V5GX,B00IB4A7E6,4.4531736
A1K69VHP8LH96J,B00FJFV6AY,4.2435765
A2Y3ZGVRA3S23L,B0165I3VSS,1.3007152
A1FG2D6NRZD9NF,B00NQL0LRC,4.411198
A272PNE7D26JA7,B01GGPLQOQ,4.319637
A2SHWMWTXZLIR9,B0064PJUWY,2.4893768
A2LAII96I1O1IY,B00M0DQIEC,4.20484
A3IQ0P3M39IY8U,B00HMUUFJC,3.378454
A19MQI49YCA5SK,B01FORFUEY,3.1625223
A19W1EMTMIQJRT,B01FGRWTGE,4.580174
A2GCEOF7KVQK1U,B00D25Y2ZY,3.6610787
A1YK1AM70HDXLE,B015BCX0OO,2.856115
A1AMO4S4I575LQ,B01CX93T44,4.05979
A1DJY8WVWPJ2H8,B019VJ697I,5.3520646
A2F1UD4JDHKMTA,B00JVX6XZS,3.9520137
A31JVB1Y1HXN5I,B01GSRNLOK,4.5298843
A2826FTZACYYNO,B01CBW4D7A,3.8085272
AHMV0N47XOIMZ,B00V0O427M,4.7502537
A1RD1NM0602OQO,B00PXGD274,5.707522
A10DX94ATZQEFG,B00HTJJST4,4.2219834
A2MXJZ75PBWCI9,B00LE4Q370,4.852686
A3E81XX9ZDNCNO,B01CSNZ15K,4.614644
A37BRR2L8PX3R2,B00QZF4D70,3.6936803
A3LZG1QQ1KMVX3,B01BJST0FC,2.5477707
A3O24SH2K12EL7,B01FTEBE74,2.829774
A1KXFB5X4XZSGB,B01BXS83ME,6.435124
A3QFDDODG2X2HL,B009D628ES,4.254897
A7B9IWPPQJMPO,B00W6WIZC0,3.0961668
A3JVZY05VLMYEM,B010ZFRUQQ,5.163032
A1FHWVQ0ZMFFQK,B0135MRXRM,4.7591667
A26V5ROE0OZCDA,B00WZWMRC0,1.6438084
A103M7E0BSFC83,B0138OGR6K,3.558494
A1DJY8WVWPJ2H8,B00NTPSMSA,4.5605955
A3CYA250L0DABZ,B01CMN671I,3.0979292
A3JVZY05VLMYEM,B00TJCFIFM,4.2825437
A1SZ7SSVVG3VXG,B00VIFP2JA,4.8534884
A1XRE1S3BLHK3X,B00NY7PPCY,4.6195784
A2LSU90DNHL9CK,B00BELOQMW,4.3983035
A3COJHCMSKHOES,B00VOYNKM6,2.8376617
AJ571UKWCC3CC,B00WGXCP1G,2.8955204
A13QONG1RD57UW,B01DRXCPXG,2.9629388
ADUI5YISBG6Z4,B015799982,5.959602
A2BEDL4QXLEE3S,B01B0QXBA8,4.157453
A337FU1WFZDS55,B01CYTLPPI,3.2263014
A31M8L26BZM2IY,B00ND6R1QE,4.361545
A2MK1L1Y74WTWH,B005NTW8SU,2.3347368
A326085M0DK10B,B014GFMV4C,4.417681
A222WQ9VGVPSR5,B01FZP54SW,3.885401
A2XKX5TBB6WV00,B01BFYBH24,2.9243596
A1NPM2IW3DLO3F,B00ING5PN0,4.902691
A1KXFB5X4XZSGB,B007WQSY44,4.1223083
A1HB17E2WYXZ7J,B0174PTMU2,3.286318
A3QFDDODG2X2HL,B01HDNEFGQ,2.8552897
AWNYF3812RWNG,B00N7K1BB2,2.6741493
AXVDFGI9OEIVK,B00D2Y3BFC,4.237084
A369BMHORFPL0O,B00TBO0OLG,4.161331
AXOY11IDEONHE,B00LZXYZK2,3.9590323
A2WEE1PU5NZVJQ,B01CT2VV90,3.3581185
A2CJ33Q2E7PUTQ,B015YGAXHO,3.8521206
A2G9YADU04XBHA,B01F0GEP8Q,2.9526913
A1Z7KHEH5I1LUP,B00N47L8XE,4.361322
A1A43F9O4PEBU5,B00N7K1BB2,4.356213
A2B42XZI4MXOLX,B00CBWM0BW,2.1564624
A2LAII96I1O1IY,B00H3QI9BQ,4.184863
AMK0DSS0DAP1W,B01CWZH814,0.9444525
AZD488SA9QMYF,B018SCGDWK,3.7993195
A1JADDWR1H3M0I,B013X96TL8,4.738341
AAADYWOGSQ758,B004KKY782,3.814115
AJRYPPA566O8I,B00GU1VZGQ,4.005019
A387F6OFDVEDZT,B00Z318GNY,2.899963
A1AFGQGTS66UYY,B01AVX32XC,3.1673167
A28V7MR6RKNVUT,B014VPZHCU,6.008863
A3PB5W8OE59743,B01BA7DLWA,3.2734697
ADHBG0CRBVUL1,B01G0GIXJ2,2.336424
A22IR36BR0UCVB,B00CXUDS3G,4.8602605
A2FCH654FN672F,B00K9O53UO,1.4779845
A2I9AXIKXXMP6C,B01FORFUEY,5.510856
A30DNZQPIYZ6KX,B00XIHMD2K,5.1401114
A3L3T9JRL1GT95,B01A9BTUBY,5.029389
A3FA93L7JWESR,B01EH5IRI0,4.14584
A3K4HYYXZFODU2,B01CMH15IE,3.4908261
A23GNQPTX5CJIF,B01AAXMLVW,2.308294
A1TR7SQWWLREQR,B00SJ7LQ9K,3.9301102
A2DZUQQXPNUGI7,B00FJPFGEG,3.8169744
A3E9Z09JAP34EB,B01H2AZ9V0,4.344711
AGIFTDAFJEXVA,B01ETJABRE,4.1231923
AK3LIR1TVZFVZ,B01GBYFK1C,4.4844937
A1IFWIZ62O12OT,B00HMUUFJC,4.280738
A36I3CE9A5LP9N,B01FQ57CRC,3.7491446
A1K4S4MWXI9E9M,B00LVG0SNQ,3.3252735
AUJKYWUK14BZ2,B00KA0AT06,2.2722428
A1ZM0O98T3MNLR,B00A8RJCO0,5.800993
A3NICGO82Z9FI1,B00J5327X6,3.7729754
ABTPG9K6K74W,B00MD4TX68,2.4961245
AZRPAHQG1VHR0,B00T2TSFH0,3.6443012
A2HZ6MGQ6TPNO0,B00ZAJTPB6,3.5846395
A36N7KTS8JMR4L,B01C1VAR5S,4.2577434
AIKGKUGNQ6L2F,B01GPL2AGE,3.0728414
A2IUIOTFRZHGLD,B0103UGC1C,4.385177
A1L9WQBSQ5SEFE,B01835JNDI,4.5396
A3QY3KER34QGCS,B01F2WTGFK,3.4788306
A3G63FLZP880X2,B00N5JBZ5C,4.019682
AKZH6MEXHWGLD,B00VOYNKM6,3.786541
A2HHKA7X5A68KE,B006MMYSR6,3.1960514
A1ACUN6A2LYVMW,B015WV8VMA,4.0863986
A3FDAE7B3PLHNS,B01HAQ70M2,4.197632
A1DJY8WVWPJ2H8,B01BQ00CAA,5.236007
A3H9ZZD33BVOA4,B00PSLJDOU,4.4669166
AC10C3YIUN8LO,B00JK1ZABE,5.021132
A31Y6ITN2SGACM,B00MJOVIDI,4.0842404
A26GE9ZG68SKIQ,B015C6YFGQ,4.597656
A3N6TV5T5JSG7K,B01CBW4D7A,4.626641
A2S5EPJ451WL3I,B014HGM9YM,3.2463176
A29EXAHFTXKD7W,B01F5SDLVG,1.1584173
A39N24TTLP6I48,B0173QJGLW,3.133165
AB5DP7AM479QJ,B005LC1NGW,3.2803159
A30DNZQPIYZ6KX,B00IU087O8,4.603878
A1TVJ9WDRP0UZS,B015GB04IK,4.6749463
A1ZOL59JA86C7Y,B01FWPZNAE,5.0056353
ACYLW9NAGTBK7,B01HDLC4C0,3.0703893
A2I8LVXZD8SNWC,B00JTIOYOM,6.1733656
A3KIA7199DNI2H,B00RC6JVDC,3.717464
A39N24TTLP6I48,B019MCXVS4,3.133165
A2PN1AJYXDU1J0,B012U86IBY,3.2703378
A1LGHE86XYGL9U,B01FSDI7H6,4.350567
A23ID71VXIBR8T,B018BL1LIY,3.8082535
A2S3CQ90I4DQVX,B00Z70VJ0S,3.8281012
A19MJXG060UDTA,B01H97YHF0,4.1728454
A2989UZHTNXKM9,B00OYWP438,4.0330133
A10IXICTN64ZSV,B01FPJ0DMU,3.954621
A2RYT2UPEQXUAV,B018CHA1D8,3.7449987
AWC38PDUZQ8RJ,B013R6F8CS,4.7437234
A2H7AEDMKV11OJ,B01FJBR8EK,3.1494236
A7WOE5BJXO2N5,B00IKME2XG,3.8965142
A1J3WRDIB012CI,B00T75VSHI,4.889511
AREE7B8384H0U,B019AJC8DS,5.0668325
A1HWG5486TTBNP,B01BUQM4BU,1.1310657
A2W3RQOSC87P4A,B010MFE616,4.5482407
A137UEIU93IFEF,B015L2UR1S,3.1440723
A3J5KG672GNB99,B00EV9LSJI,5.0826726
A3BTRKXD03KC4F,B01FK7LI7G,5.4156146
A1RD1NM0602OQO,B0150GNAPK,4.647622
A198E18E1LA3BE,B00IZL6KTG,4.5944295
A2N1XSD82O6XTV,B00LKNP8DU,4.485236
A10WR0ZWDHWYI4,B01FTEBE74,3.445238
A287J5FTWL99W6,B01B5FBWR8,3.814663
AL2SKAXGCX01B,B01C1VAR5S,5.495521
AHNGMRN1V1LPH,B01BS8D2M0,2.9183962
A37D3BRKS7OO2L,B00K1HQWBS,4.2847977
A13J31ZJVVG2GY,B01G0NBRC0,3.7708585
AYUTCGVSM1H7T,B00F5CFXSC,4.660011
A1NPM2IW3DLO3F,B01FOQ1N5K,4.498553
A2B42XZI4MXOLX,B00WZWMRC0,1.6438084
A2LAII96I1O1IY,B018EB8BIE,4.3011136
A1YVDKMJY8A76P,B01EIJCBXC,2.4300036
A10IXICTN64ZSV,B00653YZ2A,2.5650718
A20MYFNLY6TGNL,B015BCX0OO,3.566086
A19W1EMTMIQJRT,B01BXS83ME,4.109234
A2F92T7CTWALPR,B013Z5WFGS,3.3890212
AV8X3WC4XB1WF,B00OO65H90,4.7055173
A3JVZY05VLMYEM,B01DL6EQC2,5.5401726
A39CVMK2ZKEIK2,B01HDKFB44,-4.4914556
A1630ADTTI0JLO,B018D948JI,3.9637601
A2D9S6V1AFXOAO,B017IKQW6K,4.0586104
A2K057YIAJJQXS,B00D9EKPBS,4.8957825
AICEEONZRFNJY,B01AQNZQD6,3.2845268
AQFF452SVDF48,B011JD9SYU,1.0784634
A2QC9Q8EVBI6D1,B01AQNZQD6,1.6503019
A3MF7GVY679X21,B01DFMO3UM,2.4364643
A7GZXYEZ2OMLQ,B017WLXUQK,5.0244884
A1QDU32SAI8LO2,B01BRFLLPO,3.5248597
A29A1CPI3AOYSD,B00K3698M2,4.853454
A1EPVSC849EI9R,B01B52FWAY,1.9891657
A10AWAE0F6CAP1,B00IMUT71I,5.2703314
A3LVYVNRDCRYQP,B017KQTTIK,3.7635887
A21UH6HJAXW2J8,B00U07GL3I,4.176163
ABTPG9K6K74W,B00LUC227G,1.564309
A1PSGA348YRV67,B019YNUPFI,2.341597
A2UNMDJYXPEQZ3,B00K283O3U,3.6118217
A1GQ2UI5BKCCRD,B017CK0K28,3.8499973
A1RVTF261ZMY4M,B01CMN671I,4.1389155
A21WUFJA7X4UIE,B00QJKV1EY,4.2772813
A287J5FTWL99W6,B00L2F5P02,4.711512
A1T5CK8KC56JZ9,B00V5T9A38,3.6683223
A137UEIU93IFEF,B01F2SCM6Y,-4.4914556
A1IGZJIN29DBJQ,B00FFH1QEW,3.913553
A3FOL8CN5A1TFR,B01BO8423M,5.336312
A2MIR34MGFG3EU,B01H0UI0QS,3.42079
A3C713428J4MJ7,B01ADL8LZ6,4.786632
A3L3T9JRL1GT95,B00BF2APBQ,5.125261
AIKGKUGNQ6L2F,B00IRKQ08Q,4.6575074
AH5HD9FHUFT9B,B01DFBBF5E,3.655658
A3H1A2BGPIVA68,B00MDU5OV0,5.6972804
A1RL1Q5LPSFZL6,B015TWRVCS,3.782141
A3BPKT9STRWWQG,B01B3TZYMA,2.2944672
AWNYF3812RWNG,B00A97JN70,1.5399903
A1D9214V5DYZLO,B00LP2SH6Q,5.0731587
A7CZSRM0JJVJP,B01EYUE4DK,1.7270049
A1SHKP1CG58GIG,B01GZ070A6,4.005548
ANKDQ12BPX6Z3,B00YQOPWQS,2.846841
AW16PJHZIQPA5,B01835JNDI,1.9620517
AUZ96COITGKE3,B01GYPQQRU,3.0808191
A2MK1L1Y74WTWH,B01BS4Z7IQ,2.4770653
ASA5RSXOAVT12,B00J5327X6,2.7795324
A219Y76LD1VP4N,B010K7B5E2,4.95628
A1MDO8RZCZ40B0,B00AB1ZGX4,1.4506357
AXOY11IDEONHE,B01GGNXFEW,3.8766744
A290WMOZDFOWFY,B017JIYTJI,2.5868998
A3A44JIMIWYFIE,B018W982F0,4.7857947
A1AFGQGTS66UYY,B018Z0488Q,1.8085327
AUII0MVONK1A1,B01EO8OL8K,5.1158423
A6ZT9EZ49JTEL,B00ZS51IJE,1.7181559
A5B4MSJ1Z1IBB,B01FPJ0DMU,4.86277
A3OC8ZG1S3OAVA,B016XEZDB2,2.7171535
A2EQL2N9FOBOFS,B01AB4CLHY,3.9651878
A83C3F4X0U3ZW,B00WF8YBRS,4.1988473
A37D3BRKS7OO2L,B01D6PWWLK,5.0193253
A1HNLK1WBP36F9,B01AQO16VQ,3.2244956
A2SS0DL9SZ4CKW,B015VKB8KY,4.4076295
A2EAKYR4AEJU69,B00D2KTTHK,1.7994784
A28L4P8G0WE7FE,B01CT5K792,6.0072055
A1PT92FOG5ALFB,B00GLVGWP4,4.24276
A2LLWCQVYKYF0F,B013Z5WFGS,0.44150224
A1NE43T0OM6NNX,B00LI6CXZA,1.2417182
A2QBQRIM4WRRG3,B00DE3XL4W,3.4667203
A1K69VHP8LH96J,B017733NZ6,3.486564
A18EEC1ENOT9YN,B00MYRE9ZY,4.2943
A3ULR7XJF3C400,B0165WFX2Q,4.7497215
A1Z7KHEH5I1LUP,B01CNZ73DG,2.8119175
A2BU8F7WVY26UA,B00Z4EAA5W,5.2504354
A29EXAHFTXKD7W,B00S77LYBC,1.9885534
A1F5V3LKI7PCUF,B019S2I4HG,5.469982
A3ALH6Z83RHTO2,B0188OGJXQ,4.5494413
A16TE56LP5NUL5,B00A9FYVXS,3.9328167
A2W3RQOSC87P4A,B018H41U7C,4.398375
A1DLTXPVJ50M4J,B014Q6D6E0,4.269493
A2BVUAZRDFWLUG,B016TG5V3E,3.3162975
AKQ06T21M0V0S,B01B54E1HW,2.7519963
A19T1A4TS1WHOZ,B01BA27G4E,4.367381
A19X580H7R1F8C,B01D6ZVT78,4.6199555
A86KXT0G63WEO,B014RVEJ4U,3.516649
A1SH6H9ZY9AJV9,B00N9RT7RS,3.2442572
A2H8S0GOSMWQX0,B00PGBTRRK,3.1748636
A1LUNML2IDLSLN,B00OTYLXO0,5.5769234
A2JPS7EMNFKXOV,B004EYT0UO,2.6258767
A3GRUTOJXXE8FF,B01DME2QDY,1.6712898
A20I8QOZHH9BRK,B01GF9OSI4,3.4034312
A3A44JIMIWYFIE,B01FPJ0DMU,3.8943095
A3KFTHKGVC63SL,B00GXDQKZW,4.126616
A2A1U239S7ZVL1,B017605TR0,3.0428207
A3330F5DNMO0JJ,B017W2XRGM,3.2199337
A30WJKGX1XG19Q,B00QMGRBDU,3.9059088
A1FGDFKCW5LJIJ,B00FTZ8JCM,4.535463
A1RKD07ST2BLOQ,B00WRP0DHG,4.172913
AGIFTDAFJEXVA,B00TS3J5GU,5.708493
A2W3RQOSC87P4A,B013NXMMLU,5.0169873
A1LFIFPYMOJ8RV,B01C9B2R5S,3.8760114
A29EXAHFTXKD7W,B0149IDQV8,4.7696977
A2RQ5IRWRU0TVO,B00NZLNUXA,3.6049445
A1I96OYAUJ3HQE,B019VJ697I,4.073571
A25PLL2FEB615H,B00MY6POOK,1.8600199
A2M1QYOWLBGRHT,B01BP20BU0,4.818139
A21TSBBTF0DMG5,B00NEON2WC,4.789269
A1RKD07ST2BLOQ,B01HJ7IF8A,2.9987035
A916DXE9W36GF,B0104EOJ8U,3.6741042
A2VSI0RDFNNBEU,B00IKKZTPI,4.129737
A29EUBSWF1KQJ9,B00TIQ3WHA,4.415662
A18EEC1ENOT9YN,B01HDLC4C0,1.9734713
A27YIR2CJAAXBQ,B014GDO5C0,4.5534244
APORGO15GFK60,B01BRFLLPO,1.0180137
A31CZW8SHN9PTX,B00UW9SNEO,2.058478
ADYK7I9HYR2WY,B010KAVO0Y,3.1473835
A1ACUN6A2LYVMW,B01EMF4FXG,4.004989
A2VNG16IOTY7N,B01DJI001S,1.8696238
A1NL7G5VN45RDW,B01GYPQQRU,4.046396
A2LAII96I1O1IY,B015YEH900,3.7536461
A2S5V6QOOK133F,B018SCGDWK,4.2606926
A3DS9MLHI0EHG6,B01D6ZVT78,3.9672062
A1GQ2UI5BKCCRD,B00AO76XI2,4.8748975
A3FA93L7JWESR,B01G7RDFGU,4.3814893
A35SD76E2TSGP9,B00ZNE459K,4.358451
A20Y0TCBU79GXU,B017RMOW66,3.5282643
A18EEC1ENOT9YN,B015YEH900,4.9196672
A18EEC1ENOT9YN,B011JD9SYU,1.9734713
A1DC00T32U26HC,B00FP43PP8,4.196741
A2PN1AJYXDU1J0,B018FNBE26,3.945925
A3P4PWQ6NZGNFY,B00PSLJDOU,5.4428167
A312JYG424ZA3F,B00838W2H0,4.445076
A137UEIU93IFEF,B019JNY9GO,2.173889
A1N5V2UJOC1BY9,B010ZFRUQQ,4.308512
A3DQRNADNQWG6H,B00VOYNKM6,3.3382535
A3A44JIMIWYFIE,B01F0MF6KQ,3.4137602
A1FREKK8605YKK,B019DPEL0W,3.559007
A2UQGX6YMQ5BAL,B01H0IOZM8,2.7591777
A2B9C3FMYW18UN,B0147GF1VU,3.7568362
A1FTB3KM7X78OX,B00DGFXDLO,3.9860036
A36CNQTLRIL6LM,B01DN86K7M,2.660969
ARD4Z4TVFQ84R,B00VPL5I1Y,2.95963
A30DBF16JX73UA,B0149IDQV8,6.017032
A2LSU90DNHL9CK,B018KVO970,4.815036
A16TE56LP5NUL5,B01H173RSQ,3.9849665
A10PEXB6XAQ5XF,B009F19JFM,3.1875665
A2H7AEDMKV11OJ,B01FTEBE74,-0.08324209
A2826FTZACYYNO,B01G7RDFGU,3.9618266
A3H7J5POTR9TZW,B01B6WT11Y,3.0997124
A7HZKJID44JZ3,B014BR4A3A,2.5025263
A1QFKWSZFO0AOH,B00CS5A8K2,4.805515
A3KFTHKGVC63SL,B01D8PYV62,3.1549914
A2ESCA4MLAK1QF,B01AERZS78,2.918158
A2B42XZI4MXOLX,B01GGNXFEW,1.9402429
A2TX3PH7TXFRE9,B0104OFHEK,1.6698867
A3HJQAU1O5J9Z4,B00FRXNHVY,4.6438265
A1PMXOPB5EYC54,B00OAN88H0,4.9702744
A2F2878HE7XOM9,B016CX2RZO,3.3242161
A2DIX1VZU1CNPW,B00GIZYMVY,3.3388658
A3A8C4YUE598A7,B00JNK590Y,4.5226007
A2PN1AJYXDU1J0,B00OYWP438,4.4208274
A245T0V8KVTV45,B00VEWTWHK,4.128426
A238ZC3TQJC8V8,B013968Q7A,4.854817
A2NLY1TJ8TYV6D,B00SA5KFM0,5.4512944
A1GXJZGFR0BPJH,B00NPOSKX2,4.1162233
A1TUBKEWD01LLS,B01DN86K7M,3.338457
AD31RYVD1EJ2D,B00KX7F73A,2.042805
AW16PJHZIQPA5,B00DCHAV2K,2.9343786
APSBR4VQNRJ0K,B01GPEDC3G,4.213368
AX746FITV1G72,B018F3C1KU,2.4738142
A10DX94ATZQEFG,B015GEUFCW,4.6312423
A3H1TO48SUIM54,B006Q648F0,3.4639227
A287J5FTWL99W6,B01BLX4C2Q,4.178027
A1NE9CRAQ0WUV,B01DTRFUY6,2.0306818
A2C7W167DVNUKH,B00KL13WXK,2.225881
A1IE93W5OH9MGR,B012BO08B8,4.8506694
A1CLGNWRCE4QKB,B00CS74GE4,1.668001
A1RN75YVR2O8MQ,B01AERZS78,2.5317254
A1K3WZMHNUDZ6N,B004EHZUNW,3.0097218
AAIDLB38IY7R6,B01ECK9V12,2.543307
AVAC1JO1AZGAJ,B01FKDKB96,4.843916
A36HU5U2YI3JHR,B01CMH15IE,2.5070496
AW16PJHZIQPA5,B00ALG6UW0,2.1078901
A2S5EPJ451WL3I,B00H2ZK6FU,1.6252468
ANS3TWQTZLXGN,B0174PTMU2,2.7944283
A3APN8GPRNA0E0,B00LD1OI5I,5.3674293
A1A4QVX9RTCLVW,B01GBYTK36,3.771418
A1F5V3LKI7PCUF,B00UGEZ5EQ,5.0802073
AJ8NQTWUM8PK4,B01ADO2UUA,3.8235242
AEBFEWGBBK2C,B00N48VZZO,3.727727
AEY9MGCJSWW9O,B01DRXCPXG,2.7500386
A2062SF91Y01U8,B01FG70S4E,3.3920195
A3I4L8IN38ZGZC,B00EV9LSJI,5.634202
A31K93JWWNEMAJ,B01EO67QES,4.0659
A2Z3DQ7P9JYRLG,B00AAQVTYU,5.61351
A13QONG1RD57UW,B01GYPQQRU,2.9629388
A1EPVSC849EI9R,B00LU5ORLW,-4.4914556
A2XWK5EHPSBN8V,B01H0IOZM8,2.6869953
A1V9310YS86T7M,B01GQE49E6,2.9158041
A18EEC1ENOT9YN,B013XSTZI8,4.459844
ABCC2RQZKPVTN,B00EAHZR5W,3.9794009
A1F41PH89SL6JB,B018BYUPVA,4.2498403
A3N6TV5T5JSG7K,B00FHFODOM,4.1017594
AAEIK0DZ1F537,B015T6EYEW,3.7449691
A7GZXYEZ2OMLQ,B00S4D0PDW,3.9700272
A1BOINGLPB5I1M,B01BQ00CAA,5.291544
A20Y6SVZJNW6U3,B007Z4RC8W,3.85529
AXOY11IDEONHE,B007G0Z714,4.9857535
A2S5EPJ451WL3I,B010MXA96E,3.9489005
A28U98HYYE5DR1,B00H7K5UB0,5.5127006
A253ZKSZTAZ8W7,B00EPPVJM4,5.0912976
A3FPBNRK04ZSCC,B01FPWWO1K,3.860457
A1XKTJ1XLTWLCQ,B00BG9Q0BW,4.043485
A29V7E1TFYXKJ,B018NUSVFY,4.1151786
ARWMPJN499ZJ,B01BHE3H1G,4.695638
A1FI0I69UHS22T,B00S776ER6,5.465156
AZGDIB6UL3QNL,B00L7EIGEA,4.1992908
A1I96OYAUJ3HQE,B015NO4L3O,4.28059
A3VE7N2XUI8C3K,B0116MZUS2,2.5655723
A1NQQU8O1ZYJP3,B007V680Y4,4.8478494
A1D33G7EWFASGN,B01CGBC7D8,2.2920983
A2KUR0ZBNV17AA,B00B5W9PWQ,3.2081316
A1J3WRDIB012CI,B00SW2TWJS,4.768876
A21YKYI1S8I3Z0,B004AYDJM8,4.362186
A1UH603GXL3ER2,B01DU7JXPW,4.0440936
ASR774IIR8VN7,B01BEGXPYG,4.6603637
A3L8F13NKUQHQ1,B015YGAXHO,3.9201157
A24NC3WOFW7LHT,B00QPDKAM4,4.136988
A2LSU90DNHL9CK,B014RCH66M,5.2125845
A39JEH2M5KY1HX,B00OHZ151W,5.2284575
A1XOYBQ8X25P8M,B00X2F7SWI,2.6752808
A2N1XSD82O6XTV,B00R7HDLAU,5.2693353
AAKO4YAM9BZE5,B004IPPKNU,4.346353
A2IUIOTFRZHGLD,B00UDQTS40,4.456221
A2VSI0RDFNNBEU,B01BK10C78,4.5333996
A2EGLWRK7PCDYH,B00R7HDLAU,3.8494825
A3V9J8I5FHAH19,B01C7NYWBK,3.4380958
A2O8R1A83EROU0,B00SA5KFM0,5.703522
A11T0SAEGX4ACJ,B01FLDUVIG,5.2578864
A1DJY8WVWPJ2H8,B010W9HEUW,5.371427
A1C1TL7Y4D7A9H,B00MZAS07S,3.794383
A2UJTG9XC4KISL,B0100NP05Q,3.8865478
AGTP9IA9HI0LD,B00NK7GDS8,2.1066778
A3JTJ1E8NK7DH1,B00R1O4KWW,4.5536222
A3N67XHSHB40CQ,B012U86IBY,4.269801
A10IOT56F4GM85,B00TYV0WSG,2.358624
A1POJZWVDNEX2T,B010MSAPBI,4.6869454
A3EMQF7XD7JL3D,B00KC91VDE,3.6883905
A1BBKKDTH8S00C,B00P9QXW1E,4.671887
A3FA0RACII84DP,B00RHH7LLU,3.8829594
A2FDDTPAER5DBO,B00NRWI91U,2.2871623
A257TD5GO1T81W,B01GAIHTSQ,3.8308065
A1CGOR398UH1IB,B00Q0DGF7I,4.099757
A296HV17AZ10V9,B01GC0QFGO,4.0828857
A3VSFBA4LDH96Z,B01GWMFSYM,1.7177283
A18EEC1ENOT9YN,B01CIYUPUK,1.9734713
A2B42XZI4MXOLX,B01C7NYWBK,1.0712873
A3FA93L7JWESR,B008V1UB86,3.6474934
A3L3T9JRL1GT95,B0165WFX2Q,5.390361
A1B88VE5O3J9CQ,B00Q5OG0RM,3.6303766
A1K4S4MWXI9E9M,B00DU2IYVM,5.1294727
A1LGEZKBNXPUW9,B00LXK4KIO,4.3165746
A1LEP3FM28J5RB,B00HG5JL34,4.364062
A1RN75YVR2O8MQ,B01EMF4FXG,3.882018
A1NPM2IW3DLO3F,B00Q6YLPJ4,5.9552217
A1GL9TYXPNBPGW,B01FD1Q27U,4.695813
A16XJNGXIVCHE3,B00M1BJBF6,4.216846
A2XIP6NWN0J2QC,B01B1VAN9Y,5.2231007
A2U06P692IZOSF,B01A12R2PC,3.9083936
A3MHJBXFJX6DU7,B00AA4F7AE,4.269603
A28U98HYYE5DR1,B017DPEEUG,4.477759
A2B42XZI4MXOLX,B0130LQWBG,1.9548095
A3V9J8I5FHAH19,B00SW2TWJS,2.6673048
A12K5Y2SEANYW0,B00YO2UO9M,2.7005117
AZRPAHQG1VHR0,B01ACB72TS,3.3429458
A2Q8NN6SNT3FY0,B00EMHQDJE,4.5586476
A2VDLDSGSD32FI,B016YIRT9Q,3.4843032
A5UM17P1E7DUQ,B01C22CSVW,4.071766
A1CIS4LOWYGZGA,B006SMMW64,3.0515845
A2D9S6V1AFXOAO,B00RM9EJ22,3.4007747
A37G8WNF7DGY6M,B00IAZX298,4.0493646
A10IXICTN64ZSV,B006MWY93E,3.4928737
A2Y7B4AASUOXM,B00N41UJLC,4.573812
A32TX5VFAQALG5,B00VD043F4,4.153805
A1LL39K926QN1V,B00GL27J46,3.512529
A3Q4VT0R8O8RSE,B00C44H0OE,5.2596717
A2D9S6V1AFXOAO,B00PCMBFGY,3.6370819
A296HV17AZ10V9,B00FR30D16,4.3827996
A37GCC410JYT17,B00C8OZB7I,5.94832
A3ALH6Z83RHTO2,B00OGKNBX8,3.6555283
A2GAUP1XJ6S3J,B01C0UBDEO,4.1581273
A1W48IWJ8A610S,B00TWOW2GK,3.5801165
A179INWJ0ZLOB4,B016R0I2WE,4.2853594
A17BTP1QHK2I3I,B014I8OGLS,3.6933002
A1K4G4G02UIVEW,B01FB6YRH4,4.693151
A3H8FN7ZWKR2H0,B00CCVVKMW,5.4173837
A3330F5DNMO0JJ,B014I8OGLS,3.9167597
A2FDDTPAER5DBO,B011JD9SYU,1.5942023
A1NL7G5VN45RDW,B01GT4NXU4,4.9177594
A3M1104X8EN9O,B00V4VO3KW,3.8333154
A10JAUCIGVRW9F,B0058TTUFO,4.921927
ABTPG9K6K74W,B00AEDDSN4,2.5453708
ABCTITSJ5P6T8,B01GPCEU6G,2.9889052
A25HWUX0L2DCFM,B0174PTMU2,2.7817166
A1V4LZS4HHHH6K,B016TG5V3E,3.041125
A1FHORELHKWYF8,B01CMH15IE,3.4611208
A7B9JUULZHQIN,B01BYT68QA,5.1518564
AK26023XMWMVW,B01GOXFBBY,4.339079
A2S5EPJ451WL3I,B0152U9LL6,4.9329677
A19MQI49YCA5SK,B00KVT8U4S,3.7433238
A2TS60D6XB4KBY,B0165I3VSS,3.78272
A1NE9CRAQ0WUV,B017DPEEUG,3.300348
A18EEC1ENOT9YN,B00ES2GX3O,3.7046986
A1DUWCXDBM40AO,B01GBYFK1C,4.7275453
A3R3Q8YO6VB0N8,B019YNUQ0M,5.5723405
A36WBGWPPLIQZ9,B00HVFAY1M,4.8774467
AJ8NQTWUM8PK4,B00HFENI6W,5.2625585
A1MIXHFSMNEE42,B019B6WUGU,1.8808279
A2W31IQMW6TX93,B00IX0MIAO,5.3422055
A35BKLDD2E04E6,B007OALZAI,4.049926
A37R3BNDHBIZTL,B00EH2E5IK,4.704026
A2A96H9YA1LG7G,B00NXXB4RO,4.2867866
A3OA2NNV9REWOU,B01GM4MH6C,5.4502783
A1JADDWR1H3M0I,B013KAXWU6,5.2148633
A31M8L26BZM2IY,B00PXGD274,4.408056
ADT3692HEYU4S,B014VF8USI,1.9208854
A3FPBNRK04ZSCC,B00K56DJ16,4.234675
A2YF0QVNVT7ZI8,B0073SJELI,0.81737816
A1XI8GFCIVWU36,B00FL3VPD2,4.774565
AHF5R86S1Y6YK,B01GYPPNYC,2.8241544
A1P44JJW47E6QN,B01C8CLGR8,4.1479235
A2FCH654FN672F,B009AR5VAI,1.4864008
A36N7KTS8JMR4L,B00ES2P6UK,4.4601097
A3ULR7XJF3C400,B00II4HX7S,4.5606055
AJNVLN50MZSFU,B00DJBJVY8,3.9182303
A1DJY8WVWPJ2H8,B013FJACFU,4.5220275
AT8FSIABOPFMJ,B01EMF4FXG,4.8210764
A70C09CWSQ4RZ,B00JTIOYOM,6.214957
AS09YZV00HGLO,B01D10TPRE,4.851192
A916DXE9W36GF,B018FM3E5M,2.5689516
AGE0YGLF7L2ZL,B00HVFAY1M,4.4655037
A1VIR960IWHK07,B01CERDE8G,2.227534
A2826FTZACYYNO,B0140BL8G4,6.0053763
A8Q2ZFOHTVSCV,B00H67YGUK,3.4410045
ALOMGLBPLJCW1,B01ACB72TS,4.7658935
A2D9S6V1AFXOAO,B00NEON2WC,4.564918
A1N48Q1NZQ9R2E,B01FMTA1M0,3.983456
A2XKX5TBB6WV00,B00KLO64S2,4.7106924
A1N48Q1NZQ9R2E,B01CBW4D7A,5.07601
A35BKLDD2E04E6,B0104OFHEK,4.142515
A1XJXYKOWCH9XT,B00H4KGODQ,3.2892222
A3NW9Y963QZ8WI,B018RVBW82,2.7907073
A1J6MXAQH527O3,B00TCI48WC,2.2417076
A19MQI49YCA5SK,B01G68FXZG,3.330376
A1ZZFPEKR0ZTYJ,B00EDDC0NK,4.503156
A1RRMF5XW5NZDD,B00JNON0LU,3.416387
A30V9M9DZW8SFU,B00BMV0FK6,2.8299284
A2HCR9WXEON7K1,B01H4NVSOC,5.173556
A1NL7G5VN45RDW,B01AXR6KDU,4.046396
A37P6T3YZ8KY2F,B004A8ZT9A,4.6823387
A1YMQOVJJHYR5P,B01BNWGPRK,4.28526
A238ZC3TQJC8V8,B00YFPORB4,3.7253344
A251R2KPOLFSYV,B01H173WKO,3.9125736
A1ACUN6A2LYVMW,B01EJ2BV0W,3.6547651
A10JAUCIGVRW9F,B01DTBHY46,3.2205594
A3AL7B2RPOAEOB,B015IC42AI,3.1317399
A2MX7TA6LI8I4K,B00LXHHBNS,3.2501967
A140YR7GSCZG4,B01CT5K792,3.7973216
A2BDMQ8NW5O9IX,B00PSLJDOU,5.6271553
A281NPSIMI1C2R,B00R0SMAY4,2.580284
A7B9JUULZHQIN,B0189LO8KE,3.452905
A3SZPKNV5IU75I,B01DH8BWLW,5.4333596
A2BOKBB1IZA13L,B00PG4029Y,4.850058
A15EI56DL57DZC,B00MRPKWAY,5.745028
A3Q9NLTF7JA3ZD,B01FQ57CRC,3.5919077
A2MIR34MGFG3EU,B01FOEQRNA,4.2844043
A3K3P9U2AB4P4R,B01AXR6KDU,3.585564
A504UK7D094HT,B0135MRXRM,4.288634
A2LAII96I1O1IY,B00EZRUSOW,5.135242
A39N24TTLP6I48,B01CKMOKVU,4.8436213
A29Z1G9N7ZVFU5,B0118DAWR8,0.7551495
A2B42XZI4MXOLX,B019E9VZG0,1.8929104
AAVR3MHZJSTSU,B01GYPQQRU,1.7408689
A1LGS1XSDVXINP,B00ZOL1DRO,3.8372207
A37BRR2L8PX3R2,B018OIL6QQ,4.957397
A504UK7D094HT,B01BJXQMW6,5.210199
A3MOGV0QO66QZD,B01HHJZ3EO,2.3139794
A3E4H5A1X8NJRR,B006JDEK0I,3.7952616
A3HOXAKC11UEOX,B01B1VAN9Y,3.2186282
A2RMULV25P85EK,B010ZXQA7S,4.523092
A2Z3DQ7P9JYRLG,B0141GRCVS,4.4205785
A7WOE5BJXO2N5,B00UDQTS40,5.9300766
A1B39IGLV2W0GE,B0150U9Y6A,3.0744991
A2QGPLGYWNTU1X,B00ATT6QKK,6.169358
A244C0ORREA3N5,B01HCNRF14,2.7175338
A244C0ORREA3N5,B014BR4A3A,2.7175338
A28GRFK2F3TMWE,B01EQ2S2UM,3.9965508
A3CYA250L0DABZ,B00CJ3UPTW,2.296571
A1JLU5H1CCENWX,B01GYPPNYC,3.6172793
A3KIA7199DNI2H,B01E0K8M96,2.2385404
A2826FTZACYYNO,B00QQOX6LY,3.868335
A2PFNDDKHOOMZU,B01BRFLLPO,2.5078914
AUII0MVONK1A1,B01606ZZ8E,4.5790935
AXVDFGI9OEIVK,B00GUZ195O,4.596376
A326085M0DK10B,B00T0WXD8K,3.694613
A13QONG1RD57UW,B019B6WUGU,2.9629388
A26V5ROE0OZCDA,B00K5Y8BCK,2.6710498
A2I0ZBZOWPP756,B00PD8LQ6G,4.234109
A23SB7XAREYGF2,B00R0PZEEK,2.2229679
A1B39IGLV2W0GE,B01BQ00CAA,4.809603
A1B5MN8PY0JIJQ,B01CXRI0W2,3.198157
AW4NFCPN81CS3,B0191WS0K4,2.3810198
A12ED27FNHD0WY,B00HZ3NG74,4.167067
A3OQWHOUM0U0QH,B019B6TWFC,3.1176646
A387F6OFDVEDZT,B00D9CMLNA,3.9691184
A2N1XSD82O6XTV,B018P7B0NK,5.4458175
A16E3LZGPATT2,B01CSNZ15K,5.1850147
A36XU39R2X06PX,B01EJ2BV0W,4.1249843
A2U06P692IZOSF,B01EKIELGG,4.0504565
A3QGQPGW6PSY46,B019QTQEOQ,3.670613
A1LEP3FM28J5RB,B01HCB4LFE,4.863715
A1YZCADBVKWC9X,B00ZEHLHM4,4.7847013
A10PIB0GJZQHJA,B00CMJDOIC,4.124654
A2DZUQQXPNUGI7,B00L6YJ6AE,4.54376
A2CZKERY4LUBVI,B00KVOCLXE,3.3779638
A1JMSX54DO3LOP,B00O2J2PVW,3.5297291
A3FA0RACII84DP,B018UQNDOK,2.5566797
A2FR370CNM7L9,B013KUGYO2,3.7560456
A3LR0J8MJ3Q6SI,B00GSF4Z20,4.385763
A1L9DJQ5BS13S9,B01FODPWPA,5.193555
A1E29AF1LT9N6S,B00ICTKZOM,2.8499072
ALPIN1ZX8B41M,B00OU2E1F4,4.3426805
AZPNSCZH6LW40,B013R6F8CS,3.1019208
A7W8CXJOH3UNV,B00LVG0SNQ,4.0830493
ADHBG0CRBVUL1,B01BJST0FC,2.336424
A1YAIBG1N7N5VV,B00ETEB5QQ,3.5636637
A00463782V7TKAP9EMNL,B00QMGQMOE,3.1262114
A3HOXAKC11UEOX,B00GU2DJBO,4.1897206
A2F1UD4JDHKMTA,B007Z4WTBW,3.9126284
A17EGVTXRDFTRS,B01DWF3ZHE,5.464602
A3RR4H0D4L9HYN,B006JRO9WS,3.7066348
A2DER7R7N0DL3C,B010ZXKCJU,3.6458304
A21G2H64TFS4JO,B01F30KG0U,5.4997563
A39CVMK2ZKEIK2,B016QTOIWE,2.5398424
A3MOGV0QO66QZD,B01DH8BWLW,4.1448894
A1Q33020JJKDAN,B01D8PYV62,2.507068
A2XKX5TBB6WV00,B00BF2APBQ,4.446291
A3C713428J4MJ7,B00MQ20P28,3.2719114
A1GSPADXH17N25,B00OI7NB02,3.722174
A2UVR7N8WC5GYY,B013KWCLA6,4.3972225
A1RD05YFMWKM4Y,B00JCA3F88,3.6339543
A3NW9Y963QZ8WI,B006MWY93E,1.951177
A36PA4XPATJSKX,B00507TKCW,4.661963
AL6XJLM76V2VZ,B01FBZXSI4,3.2558215
A1K3WZMHNUDZ6N,B00MQNEQ7C,4.426582
A386CNLWZUF3EH,B00V9525BC,4.73853
A2JQN9JI4LBLOW,B0165I3VSS,2.5737157
A10JAUCIGVRW9F,B00J9YWGTQ,4.847476
ANKDQ12BPX6Z3,B007J4A4KQ,4.085052
A12CZBKBM4OZMT,B01A9BTUBY,4.5220666
AQFF452SVDF48,B00PG4029Y,4.0179076
A3IG9JEJC1T25N,B00CJ3UPTW,4.6136394
A24AQDGC3AHPMD,B01GYPQQRU,2.5078242
ANKDQ12BPX6Z3,B00S41EQ9I,4.3115754
A29RV43F4GR0GF,B00P2S4YKC,4.5647383
A2M1PNKPRUCQYL,B01DYXP2LQ,3.0561156
A1KLWQKML2HIXU,B009BCAT5E,3.1700244
APDBYAGNSIIXZ,B00R6K0JM6,4.591483
AC97LVZ0C0TSK,B01A4Q26WY,4.712457
A3A8C4YUE598A7,B01D3YGQM0,3.5334895
A10IOT56F4GM85,B00STQ6W7W,2.6036866
A21WUFJA7X4UIE,B00NRZAFA0,4.6995316
A3LR0J8MJ3Q6SI,B01DJCULZ4,3.8587852
A3HOXAKC11UEOX,B00UXX3RHC,2.156093
AJRYPPA566O8I,B008NNQVQS,5.102136
A535AAXVRE5VM,B01CC9UES4,3.5469298
A37QXFDRRQ9M08,B01FPGWZCE,4.4374576
A3ULR7XJF3C400,B00ON8JVP0,4.2545776
AUI3XAZ1513SI,B00R1TIJT2,1.7667443
A1DC00T32U26HC,B00E6QFG80,3.6430457
A3UPR43PSDG0TS,B00SZDH08Y,5.792727
A1U5LDNNN9L892,B01AERZTBI,3.093986
A1LGHE86XYGL9U,B00WGXCP1G,4.1205235
AUQCW3RV8YE2W,B01GBMRPZ8,4.27075
A2QEVQMB8B08UQ,B01G4TEUUG,4.259776
AC10C3YIUN8LO,B00WF8YBRS,3.9639814
AW16PJHZIQPA5,B00Q9QAF9A,2.8951147
A2B42XZI4MXOLX,B017FRG18A,1.9010268
A2LAII96I1O1IY,B00NJ0Q0SY,4.521754
A1LGHE86XYGL9U,B00EENEAB4,3.0982635
A3C713428J4MJ7,B012KJXGYA,3.2972896
ASHX33A1334SS,B00VQR2NOW,4.2527514
A3SZPKNV5IU75I,B01ERTXXO4,4.8677
A225LKCZR6KH1Z,B01AHFO8ZK,3.6769063
A18EEC1ENOT9YN,B013GZOXPS,4.0292625
A3UPR43PSDG0TS,B01FG70S4E,5.286489
A1K69VHP8LH96J,B0167SYAQI,3.486564
A28U98HYYE5DR1,B00NW2BZD4,4.235024
A3MTU1QAMYEAX3,B00JFLUJ3S,5.7058043
A36N7KTS8JMR4L,B00EV9LSJI,4.3855305
A2VNG16IOTY7N,B00772HW1O,1.7943828
AX59HEWTONQ1M,B00BGXA7TE,3.0559447
AG63N054UPJH2,B00PG4T6UU,4.6024623
A11B4CZH8ZB9QQ,B00OM8OBJW,5.208255
A1TVJ9WDRP0UZS,B00YAKL5A0,3.6228006
A2RWL2UG5PAFAZ,B01FKDKB96,4.3470755
AQTXCLZVJ9GBX,B018CHA4GM,2.9817684
AQFF452SVDF48,B00T4ZG74K,2.6392984
AC10C3YIUN8LO,B01GAEZJL4,4.3503203
AGA6C1UQDNQ1P,B00N99OHZS,4.7958264
A1EC5E7T0YNFOF,B015BCX0OO,2.7222197
A1K69VHP8LH96J,B018496LH4,4.155599
AK4UKS22DNJCZ,B01G4TEUUG,3.06017
A29QO6X2VCR4GZ,B004XW3LLQ,3.2529628
ABNZCEB0CF7MP,B00D2Y3BFC,5.3020825
A1RCVV077UAKKV,B0149IDQV8,4.8355393
A10IOT56F4GM85,B00CJGUHR4,2.356414
A3CP3ADDFF4CLI,B00KVP3042,3.5979004
A2YF0QVNVT7ZI8,B00SEFGTYO,2.6946018
ABTPG9K6K74W,B00TZ8TK54,2.2737434
A2C7W167DVNUKH,B01G2YFYG2,2.4156485
A11K5MEUOJKTPS,B015WJ16EM,5.5400553
A35SD76E2TSGP9,B0174PTMU2,2.1797063
A2Q712D3NT6IPK,B0173QJGLW,2.934921
A2F2878HE7XOM9,B00TWUUBUI,4.4393373
AV99YEBSGQI7S,B0065KX8P8,3.0019288
A2B42XZI4MXOLX,B01EKIELGG,1.2161639
A1RD1NM0602OQO,B008E7JZT8,4.7559047
AMK0DSS0DAP1W,B01BYEBTAK,2.6489413
A3GWE80SUGORJD,B00AR3O6SM,4.0659127
A1ZDSAPOGRGBJI,B012FAXT0U,4.2462006
A1NAXYNAOGJIGN,B00ON8JVP0,4.2750864
A2LSU90DNHL9CK,B01A5CT9X6,5.1702995
A139GUSKBRWPIT,B00N47L8XE,2.0890355
A2MEKYD68X8R8H,B00GXBV0MM,5.270846
A1E29AF1LT9N6S,B00HBF56E2,1.4774712
A10IXICTN64ZSV,B01F07IBWG,4.7624974
A31R64J645RAC6,B00SPA1Z5Q,3.838601
A2PG5XA0Q3BEMU,B00JZWDC9K,4.1208305
A2NLY1TJ8TYV6D,B019B6TWFC,4.8890986
A3L8F13NKUQHQ1,B00YQBSEKW,3.4750469
A1P19MZBCBL5AR,B016ZEF0VI,5.4765773
A1W49O3LYZ8GI5,B01HDKFB44,3.4410524
A1HW31KJ9V89CR,B01FQ57CRC,4.0178967
A28U98HYYE5DR1,B00GH6X6WK,4.5520086
A3OZX99L2HZQUC,B015BCX0OO,3.5065205
A3AL7B2RPOAEOB,B00Q8N1I7M,5.0635614
A1E1IGWRW974JG,B00P9RU6SK,4.282932
A3H7J5POTR9TZW,B00F3L4KIE,3.4279897
A16EVINGPOU4U6,B00ER8D5U8,2.7700896
AHMV0N47XOIMZ,B00LVI1E0K,4.5029902
AC10C3YIUN8LO,B00GF4TBR8,4.699132
A1E29AF1LT9N6S,B00D9SRT9U,1.5101054
A1C7ASZFSTSJMH,B01EKIELGG,3.4092057
A1CLGNWRCE4QKB,B012BT6N6W,2.4021807
AZRPAHQG1VHR0,B017RMOW66,1.8938397
AZRPAHQG1VHR0,B017T8WJO0,3.320079
A31W0R6O8EM6V6,B01A4Q26WY,4.1237936
A1L9DJQ5BS13S9,B015B839PS,5.0706673
A2BOKBB1IZA13L,B018QZB1IA,5.2326555
A3BPKT9STRWWQG,B00XJPWWRW,5.223556
A2D9S6V1AFXOAO,B01A9BTUBY,4.1649814
A1LL39K926QN1V,B01DH6EQ9O,3.7851508
A10PIB0GJZQHJA,B0116MZUS2,4.117864
A1OBQ5I31GW1TG,B00ING5PN0,3.607731
A2B9C3FMYW18UN,B00VS2DSR6,3.1139882
A26GE9ZG68SKIQ,B01ES2M9S6,2.8541424
A2091T9SZ5H2P0,B018A8EDV0,6.1643114
A1HHSUAQDZ1XM6,B01BP20BU0,4.419113
A28V7MR6RKNVUT,B00D9CMLNA,5.185528
A2QBQRIM4WRRG3,B00PLZR6ZG,3.6038506
A2O4J6KJ0REPQ,B01BQ00CAA,4.0973783
A36XU39R2X06PX,B00NI4I0GG,4.405372
A2NIO54LQCN932,B0145VI0G0,4.886811
A3OQWHOUM0U0QH,B00BD2PT8M,3.277425
A2N1XSD82O6XTV,B01B8MEF9K,4.6952
A3Q6CMXMGESPOG,B014BR4A3A,2.432674
A2YJ8VP1SSHJ7,B00D5M4PTM,4.2378917
A2N1XSD82O6XTV,B00NAI85T2,5.153706
A2PQ680TRW8JFG,B01GF9OQSQ,3.7708006
A3SJW9YR903G3,B00TEEHDPS,3.4441464
A1K69VHP8LH96J,B016SIV5SS,4.7895484
AXVDFGI9OEIVK,B00ZAJTPB6,4.4156632
A26V5ROE0OZCDA,B015NFAKLK,1.9342684
A2XHH5DF8628J8,B00PKKNHKK,4.6288285
A10Y597K071WTQ,B0094HZVWC,5.071724
A2S5EPJ451WL3I,B00OAGWXDW,4.35975
A28U98HYYE5DR1,B00QU06V2K,3.6280143
A1TJKEWDZGEUES,B00AR2RZ36,3.4642708
ASZ8NR9HIZGJF,B018WOR9FO,4.961354
A1RW0U9YBDZ7UT,B00LI5X2QA,3.1279578
A3CYA250L0DABZ,B00OBRHV3M,2.444224
A1FI0I69UHS22T,B00LNJ4ABC,4.762234
A1LEP3FM28J5RB,B00TEB4HAU,5.8622117
A1JLU5H1CCENWX,B015BCX0OO,3.6172793
A3C713428J4MJ7,B01AQNZQD6,1.7583355
A24KZL47I6CH4C,B01CMH15IE,1.4440527
AXX9S5UGOEZR9,B018SPRUME,5.231928
A14LJ38DVMAW79,B01CBLURCG,2.5710733
A2M1PNKPRUCQYL,B01FPGWZCE,3.4199116
A39BS5Z2VD50RM,B0189PJNM8,4.3135295
A31W0R6O8EM6V6,B00J6GU2AC,4.156937
A1VA2I63CK09BU,B01CF7VQVW,3.909549
A32TX5VFAQALG5,B00MQHIEKI,3.701492
A12RUNSGFAZFE7,B01D10TPRE,4.782936
A1J3WRDIB012CI,B00KVQQYRG,3.862575
A1P07BQLEBOXT4,B01GF9OQSQ,3.444774
A23B9YR9W29YUQ,B01EYXDKGY,4.4728694
A1ACUN6A2LYVMW,B00NFS1DDM,3.2266014
A287J5FTWL99W6,B00N1BXC8C,4.8215613
A16E3LZGPATT2,B015B839PS,2.8887374
A2Y3ZGVRA3S23L,B019B6WUGU,1.3007152
A2C7W167DVNUKH,B019HTPG9O,0.57956433
A18EEC1ENOT9YN,B006JDEK0I,4.526974
A3NLV8K05ZV219,B01GYPPNYC,2.9064956
A31CZW8SHN9PTX,B014GDO5C0,1.9238061
APORGO15GFK60,B00TCI48WC,1.0180137
A1OWROUH26FJXV,B01EYXVZAM,5.2162633
A37Q71Z1BE6V9,B00GIZYMVY,3.623553
A296HV17AZ10V9,B015L2UR1S,3.8360946
A18EEC1ENOT9YN,B00DJBJVY8,2.1779802
A387F6OFDVEDZT,B014CR0OKW,3.8261092
A6SR7U2PNGN0N,B018496LH4,3.5392203
A2PBXQTE07LEFY,B01C8RR9DS,3.8925612
A1V8YJ6HU0KUUZ,B00K0LAH3Y,4.875625
A29Z1G9N7ZVFU5,B01ATF41UA,2.7963543
A3C4F4VCN8E316,B01AQO16VQ,3.5122395
A2ZSLJG2KBCR3E,B01B43XFKI,3.7661154
A2KUR0ZBNV17AA,B007LS3RFE,4.413883
A2K6LYCNBPLW6D,B0116SLML0,5.727389
A1E3QC0C1ODF2N,B00W2QDISQ,3.395892
A1CGSOXGAEK30R,B008EJOBH2,5.722408
A10IXICTN64ZSV,B00KVT8U4S,3.9405935
A253ZKSZTAZ8W7,B007PX6I10,3.8744295
A16N88TMHMXX1F,B009DRUP9C,4.4590926
A2PQ680TRW8JFG,B00MC0OLBK,4.9022975
A25X28UZCW2J6G,B01AQNZQD6,1.5437417
A2KFG7MKA5YNS4,B01AYP3FYI,5.491869
A1B39IGLV2W0GE,B01AB4CLHY,3.444325
A2TX3PH7TXFRE9,B00Q94QAAU,1.0748411
A2KFG7MKA5YNS4,B01GJRQKBK,4.0258474
ABTPG9K6K74W,B01D0HVU76,2.6368945
A3H38968JZF6VK,B00GH4GCQ4,5.0392237
A260QDPOB2XKHP,B00SC7DK2S,4.6132507
A3VE7N2XUI8C3K,B00LE4Q370,4.322243
A27FIUTXM6WTIW,B00OZCLRKQ,4.123944
A2S5EPJ451WL3I,B00DRFQRIO,2.096239
A3B53R6SZY97ZE,B00L1HYMJQ,3.0401332
A2BC67IP5E7QC1,B00COMUGY2,5.858636
A1E614LDQVKOYE,B019E5Y462,3.5299163
A30DBF16JX73UA,B00N9RT7RS,5.25052
A3IQ0P3M39IY8U,B00UMHJAOS,3.3045647
A1K69VHP8LH96J,B0186KV0ZE,5.38479
A7WOE5BJXO2N5,B00GIZYMVY,4.9928346
A2PF014MHWXCT5,B00WP6ZKDE,2.1353226
A3VX4YIFSMZ09B,B01HC1252A,2.7443385
A2DURWUJV5HF2H,B00HBJ693U,3.5827992
A2FDDTPAER5DBO,B00XCLU7Z2,3.6088264
A3ANLUEKJBC1IZ,B01GEKTEY2,3.7853334
A31CZW8SHN9PTX,B004V49BLU,1.1796485
A19MJXG060UDTA,B01B0QXBA8,4.064626
A21TSBBTF0DMG5,B00JFLUJ3S,3.848873
A11N6ZJPEMVHYJ,B01BTHWXF2,4.969546
AEBFEWGBBK2C,B013TA3356,4.0500293
A213J0UJPYFVNC,B018DIN3JA,4.757818
A1BUA3LAY7A8ZK,B00SW2B8Z4,4.405067
A3HLUF8W1DCHK9,B01GZ070A6,3.7588222
A1U37G3A1C7FC6,B01ERZFFSK,3.7151887
A2BOKBB1IZA13L,B00HMUUFJC,5.109446
A1NQQU8O1ZYJP3,B015D1E6TQ,4.377676
A235UMRMGXAS15,B01GYPQQRU,3.3647578
A3MT311233OHMQ,B01ETJABRE,2.3557847
A1V9310YS86T7M,B01GM4MH6C,4.5162377
A3E2YW0WOZ9TWL,B00QE1J5HI,4.6105285
A2FDDQ5C6BH5C8,B000XPRRXK,4.971578
A222WQ9VGVPSR5,B01CTH5LPA,2.7682986
A2B8C9QHIXJO6N,B01HDLC4C0,2.9447005
A3330F5DNMO0JJ,B00QQOX6LY,4.220019
A2DURWUJV5HF2H,B00H62TMJA,4.0050135
A1Z7KHEH5I1LUP,B01FTDR8ZW,4.0011754
ALPIN1ZX8B41M,B01EMGTQVG,5.321882
A3O7EX5CU264Y1,B01520Y7N8,4.338197
A2QM4ZF6N1SI4S,B00EV9LSJI,2.434724
A137UEIU93IFEF,B00C7W5GXA,2.8203766
A3P2ROGJMLVZHN,B00VZ3S5SA,4.0712237
A2HNNGE6AVYBV8,B00IZODKWS,4.4712486
A3J9BHGK55ZPJO,B00YQBSEKW,4.066396
A2VDLDSGSD32FI,B019B6WUGU,1.2321868
A213J0UJPYFVNC,B00M8KMNUK,4.4709473
A3V9J8I5FHAH19,B01BK10C78,1.2032982
ACJS6J7UEXT5,B018CHA2KK,3.4606996
AL4D6OHMS2Z9P,B01GPL2AGE,2.78996
A325YEZFZEF3HM,B0165I3WGY,2.6896803
A157IALEQ8PJG6,B01FKDKB96,4.5947175
A1TWV867HVZ60,B00W6MDJ1M,2.239918
A3PAK16C0K8PZ1,B01BSN14HK,5.3992934
A3FA0RACII84DP,B00DVWRDN6,3.426129
A29V7E1TFYXKJ,B00BGF63OK,4.4618435
A2EZRW5DHLCA8Y,B00LP0OAFK,4.1402345
A2UNMDJYXPEQZ3,B016ZGXV12,4.8791714
A1IFWIZ62O12OT,B00ZYX46P8,4.8918247
A25UO1J9IM3R5Q,B00OTOVJ0I,3.0486162
A32TX5VFAQALG5,B0138OGR6K,4.2699313
A3MT311233OHMQ,B018QUGRR0,4.222141
A267QVSAPZCRT7,B01DGXSHRK,5.2506723
A12CZBKBM4OZMT,B00YFEXKYA,4.175524
A2S5EPJ451WL3I,B017733NZ6,1.6252468
AAEIK0DZ1F537,B00GVJ4WOY,4.4616237
AMUH4FGZCFJFF,B00E3UDI8O,4.503663
A2JFYV4GVIMPCQ,B00NY7PPCY,4.342315
A3EONSSI2V1YBC,B00GH43E1A,3.7422204
A1DC00T32U26HC,B01E5S9FUS,2.0559704
A8YJFGILC2W38,B00GIZYMVY,1.9175109
A1K69VHP8LH96J,B00XF4B278,5.1597075
AGD9CPEWV61AG,B00KKXTC2Y,3.8845952
A1XOYBQ8X25P8M,B00GFSR48C,2.6752808
A1JMSX54DO3LOP,B00J8UD1OK,2.3460898
AL6XJLM76V2VZ,B01CMK5YA6,4.4012527
AX5KL9LWC1TG6,B00IT6FM7S,4.4164886
AH62R547L3FQT,B01FDI8UWS,2.4749424
AHMV0N47XOIMZ,B00J3GS5O0,5.33596
A10Y597K071WTQ,B006U1N37U,5.113054
A1N48Q1NZQ9R2E,B00TIUEVL2,4.657511
AUJKYWUK14BZ2,B008XLF8SM,2.7300308
A2MK1L1Y74WTWH,B013KV12YI,2.201792
A3FA93L7JWESR,B017T8WJO0,4.149951
A2UNMDJYXPEQZ3,B01D05FV5A,4.402093
A1PA6ZO9892OH3,B0149IDQV8,6.347812
A2V8X8MTCE868O,B017RMOW66,2.7445104
A15Q5MVRVBMKW7,B00XIHMD2K,4.8095474
A325YEZFZEF3HM,B01BCJDSAG,2.6896803
AAEEW5LOD21R8,B017GE76EU,3.5312092
AMQ8EI0M0ZMN7,B00TFX0HYC,3.5987937
ASZ8NR9HIZGJF,B00IKME2XG,3.3104193
A3KIA7199DNI2H,B00BB2DZOY,2.2385404
A3S3O6L6SZL8KV,B01GM4MH6C,4.424046
A3J9BHGK55ZPJO,B00OJFOI1O,4.3849125
A326085M0DK10B,B017EGZHFA,4.3390484
A2XRKQZA534EWO,B01E46BFJU,4.6367593
A1A6ADR8JG12KQ,B01EII2PB6,3.8626897
A2LLWCQVYKYF0F,B00NFLSVYS,0.44150224
A3P4PWQ6NZGNFY,B00X47SFIU,4.0717797
A11K5MEUOJKTPS,B01F2WTGFK,4.139507
A1L30W7022M9Q7,B009XN0W4O,3.009588
A13LERNQ8R7267,B01CMH15IE,2.8502533
A1FWLM5208ESO4,B00JHIJD5Y,3.964803
A2J8WQHKV75MAS,B0065KX8P8,2.5468028
A37G8WNF7DGY6M,B014VPZHCU,3.3102663
AKQ06T21M0V0S,B01AW25GRC,2.7519963
A2B9C3FMYW18UN,B00QZHHE7E,3.2114983
A314BTQHA98OGF,B00R9UTWGM,3.8637185
A2PRKR6P4ITVP0,B016M8HXW6,4.0052843
A1KWNSRAKVXHMS,B00VS1XNS6,3.819342
A17DBWBCGJP32S,B014GMU3LS,3.6052008
A2QQ3NQ70O25EE,B00QMEK3GE,3.6389024
AC10C3YIUN8LO,B00NO7EREQ,4.25685
A2MX7TA6LI8I4K,B01GCZXRFG,3.1841497
A253ZKSZTAZ8W7,B00ZDHZKKA,4.564508
A23GRXCXQU3SM8,B00UBV1LT2,4.8743067
ATZOHBDX5VNKJ,B00MP7GH94,4.321559
A3A44JIMIWYFIE,B00TYV0WSG,3.8076856
ANEZJAUOG31MG,B00N1BXC8C,4.241952
A2PF014MHWXCT5,B00GRAZD3G,2.2611547
A3LH8IBNEFV1GZ,B00DE3MJ8G,2.7703109
A216HQMDUH18YD,B01CWZH814,2.7430656
A3G7QPDLX3SDV0,B007OALZAI,2.9873345
A3EVKU21OXJ242,B013GZOXPS,4.622394
A31VHM59CA6VVI,B01GD96DLQ,3.1662774
A1DC00T32U26HC,B013KV12YI,2.7746923
A25X28UZCW2J6G,B014BR4A3A,1.5437417
A3GWE80SUGORJD,B01A4ATX4E,3.7606754
A7GZXYEZ2OMLQ,B015IC42AI,4.377069
A3ES0XIED7769J,B00X41145C,4.2406883
A3RX97V4CTXLOQ,B01CBW4D7A,3.5924077
A1VE539RO5061D,B00OSAVSDG,2.6080177
A31PEOCXMVP4X4,B00Y9M77YC,3.2691016
A1GSPADXH17N25,B00QPD85SK,4.1916966
A260QDPOB2XKHP,B01A3SL1ME,4.4672465
A29V7E1TFYXKJ,B00ESV9MFG,3.2909195
ANEZJAUOG31MG,B0149IDQV8,4.8850074
A1FTB3KM7X78OX,B00PG4029Y,3.9363582
ANKDQ12BPX6Z3,B00LS61SL0,4.5751433
A2EVKNQ71UULXI,B016FIYXEE,3.213102
A2RO8I1XUKKUU7,B01FCBU7OU,3.3980587
A3DQRNADNQWG6H,B01DRXCPXG,3.3382535
AO8U1SQNTNFRI,B019G904RE,4.8798804
A3SSNQX72CDVLH,B016LKXO2S,2.7237027
A2VDLDSGSD32FI,B005639YOY,2.40698
A1XN80Q39TMALE,B00DJCFUS8,4.9463797
A377V387HAW1QL,B01AW25GRC,3.231893
A3OQWHOUM0U0QH,B00EUDOEIC,2.7299368
A1ACUN6A2LYVMW,B00BBQ2JPQ,4.129703
AM1T5MXP5H5SO,B00IDW1E1Q,6.0696325
A157IALEQ8PJG6,B00EPF5LSW,4.546844
AMK0DSS0DAP1W,B01GYPQQRU,0.9444525
AC10HRTVBXZLI,B00LVI1E0K,4.7224708
A6ZT9EZ49JTEL,B00DB7RV60,1.3731767
A1G2GYX8B4OH8W,B0054H1I7S,4.2132535
A10PIB0GJZQHJA,B00XIDBLOK,4.789072
AHMV0N47XOIMZ,B0065KX8P8,3.5114992
A15Q5MVRVBMKW7,B00PUSKH14,5.0903897
A17IUHX3ADIE9U,B005S1XTEA,4.9510536
AZRPAHQG1VHR0,B00MZC64MY,3.7411187
A1K69VHP8LH96J,B01C4IAK5U,3.8099692
A1P44JJW47E6QN,B00TZ8TK54,4.722637
A1B5MN8PY0JIJQ,B0184BHNIS,1.9683563
A1Z7KHEH5I1LUP,B00JTKZRL4,4.1676984
A2062SF91Y01U8,B01A6B5MFA,5.0434804
AI38GSFB90M4L,B0116MZUS2,0.6187637
A267QVSAPZCRT7,B01EGL8HXA,3.7988143
AC10C3YIUN8LO,B00BBQ2JPQ,4.9300895
A2YJ8VP1SSHJ7,B019LKP17G,4.645517
A28MNML6Q383F4,B0165I3WGY,2.6682522
A1YAIBG1N7N5VV,B013VDLXY4,4.7879343
A19QLCLVPLZH0B,B00KDPPHVY,4.2695613
A13TLUQKSW123I,B017RNBS76,3.9539344
A3B53R6SZY97ZE,B00ZAY07OK,5.8023753
A3JL6LOFVXYCA4,B01AL57X94,2.8360806
A18EEC1ENOT9YN,B014X8T898,4.870622
A3R6PYQRPAZE0K,B01CCVGYOK,1.7769951
AUI3XAZ1513SI,B0197OZW7A,-4.4914556
A1A085EGL86PB,B01DCM610A,4.7548995
A31W0R6O8EM6V6,B01GTFE2BW,4.231856
A13QONG1RD57UW,B01BJST0FC,2.9629388
A157IALEQ8PJG6,B0165RFXBW,4.648417
A2DZUQQXPNUGI7,B01ATQJ726,3.0394788
A10DX94ATZQEFG,B0189PJNM8,4.3797684
A2B13DO2A2205G,B017RMOW66,1.8945143
A26V5ROE0OZCDA,B017JA1SFO,2.120014
A6ZT9EZ49JTEL,B01GPDY7C2,1.9991494
A14LJ38DVMAW79,B018PD0F9E,2.5710733
A1E5Q7GORGZM01,B01HDNEFGQ,3.6975677
A3QY3KER34QGCS,B0187UX2G8,4.4536843
A8K7ZXXGDS9CU,B01G6H3LCY,2.5408423
A2VSI0RDFNNBEU,B019DFM1WM,3.7548234
ABRLCS0WRNOKX,B00HJETE70,5.3754296
A2EVKNQ71UULXI,B00U7O4IQ6,4.1944804
AIKIWBAPCRVX0,B014REI880,4.0014024
A5YD0QJ0C5MWO,B00IS0WW5A,4.8620324
A1RUGOMYCF8NF4,B01E6BA364,1.0507764
A39JEH2M5KY1HX,B004WXEVOW,4.174143
A2XKX5TBB6WV00,B00EZRUSOW,5.25608
A1K69VHP8LH96J,B00GRGOL3S,3.8756108
A1CV6PASVMUEE8,B00DNI8RJW,3.4295971
A1B39IGLV2W0GE,B015UPORGC,4.982288
A2Y7B4AASUOXM,B00NC0LECI,3.540625
A3P2ROGJMLVZHN,B01FBZXSI4,3.099816
A28U98HYYE5DR1,B00O4GUH1S,4.300747
A2PN1AJYXDU1J0,B01CT5K792,4.613607
A2MR87VMPFNFJ5,B00MYRE9ZY,4.995243
A1F41PH89SL6JB,B00ZK2590O,4.087565
A20YJJIVUMR5J3,B01DN1BLKK,4.0856276
A3M1104X8EN9O,B00NI96R66,4.522247
A3R1EB0IGE3CC7,B00TWUUBUI,5.377531
A3NZ7BJGKLVPF5,B01DFMO1S6,4.286491
A2W31IQMW6TX93,B01AO5Q2MA,3.9354203
AIKGKUGNQ6L2F,B01BNWGPRK,4.984308
A3VSCCW1FN11B7,B01GF9OQSQ,2.0684998
ABNZCEB0CF7MP,B01DFVOP74,5.7251816
A1BBKKDTH8S00C,B00F3LVB40,5.1086597
ASGBSLP29DQRY,B006R7FXFW,4.384974
A128W553WN84EW,B01BJST0FC,2.7155106
ADT3692HEYU4S,B00NR5WRLK,1.8431333
A1EC5E7T0YNFOF,B016TG5V3E,2.7222197
A27OS7Z94VXCYF,B00I513YAY,4.349055
A1NE9CRAQ0WUV,B00VQJHHRI,4.5619297
A3J5Q6XEH3K2TY,B017Y1ZD4A,5.7452745
AP0MMULH95T9W,B00LH8I7PE,3.5789456
A1K4S4MWXI9E9M,B00EMHQDJE,3.073029
A1FUH1O6FCTUYG,B010W9HEUW,4.6652136
A1NE9CRAQ0WUV,B00XLUEMYQ,3.805148
ABCTITSJ5P6T8,B00KKXTC2Y,4.247755
A3C713428J4MJ7,B017DPEEUG,3.6342776
A1XJXYKOWCH9XT,B00AWGED8W,3.6030385
A2S5EPJ451WL3I,B00I486F9K,3.8799093
A36XTPY9IFYA5R,B00QQOX6LY,3.1432269
A2QQ3NQ70O25EE,B01DE5JHY2,3.637914
A178S00H8B3YWA,B010W9HEUW,3.3538516
A2L15MBNQU7O6G,B01FGJ3754,2.9088066
A3H38968JZF6VK,B013GZP3BG,4.5625463
AXIO51VZN815F,B00EJUJM3I,4.0108824
A2V8X8MTCE868O,B00MT3H1VC,4.429821
A31Y6ITN2SGACM,B017FRG18A,4.051924
A3SZPKNV5IU75I,B01DDMGO6K,4.227561
AM1T5MXP5H5SO,B00NR9Y06Q,5.0524573
A2KMV056844YV2,B01CBLURCG,3.10381
A1NQQU8O1ZYJP3,B019UH78JY,4.107401
A3KEB381QTO61R,B0190HN0DM,2.7649145
A2ZJHEB8K8JZR3,B00PCUMV6E,4.590213
A1GXJZGFR0BPJH,B018NUSVFY,4.6582966
A3A44JIMIWYFIE,B0138OGR3I,3.9431827
A1E481YU3ZPK6S,B00V2AYYF4,4.8139634
A1ZV5XBKG7RVZU,B00RFY3KM4,3.3815753
A1R0XBTB3SL5GT,B01CIWXAQI,4.4166107
A2POZPGXLYY9HJ,B01C7NYWBK,4.232652
A36XTPY9IFYA5R,B00NJ0Q0SY,5.8655715
A1JKGTL51HHTU1,B00D1F1DNY,4.6516128
A2BOKBB1IZA13L,B00O4GUH1S,5.406345
A2BOKBB1IZA13L,B018BWI9CY,4.0215497
A20879JNU91OBK,B017PH5PXC,5.270265
A1P44JJW47E6QN,B00Q5OG0RM,5.4037175
A2FSWI7Q6MZ9PX,B00S8U0TT6,4.367301
A1GSPADXH17N25,B01DRBV052,3.84538
A296HV17AZ10V9,B00PCZC7F4,4.0876584
A2UQGX6YMQ5BAL,B012FAXT0U,4.09025
A1X87IHRK15RBU,B00SPA1Z5Q,3.5448005
A25X28UZCW2J6G,B00KAM07RY,3.4066598
ASR774IIR8VN7,B00URVL1FU,3.4784696
A1BBKKDTH8S00C,B00XGIEM52,4.326079
A99KVVV7NFPBP,B00QU3MMZM,5.2594666
A37VK00KNVVICE,B00NRZAFA0,4.5418596
A3EVKU21OXJ242,B00E251RHY,4.47982
A2IDE0ASFGCZ0F,B01B0QXBA8,4.676479
A1IFWIZ62O12OT,B01DJZ7G5E,3.2557893
A1OZ3R75S8NAYD,B00N6HPK8Q,4.114138
AV6ORIR1JV86P,B016QYF6PM,4.105561
A6SR7U2PNGN0N,B01A6B5MFA,3.4325175
A3V9J8I5FHAH19,B01AB1EQL6,2.1456163
A3MOGV0QO66QZD,B01DGXSHRK,4.6826673
AIKGKUGNQ6L2F,B00MRGW2EC,3.622173
A26V5ROE0OZCDA,B00EC197UC,2.1550982
A3H38968JZF6VK,B00ES2GX3O,4.48026
A2H8S0GOSMWQX0,B00DK7EGCI,5.0867906
A26GE9ZG68SKIQ,B004V49FHA,4.592632
AF5P607TPMGJ9,B01FX8BU0C,4.02789
A83C3F4X0U3ZW,B00FFS338I,3.2125418
A2K0H6HYH8WB5F,B00EFELXTY,2.6173174
A7GZXYEZ2OMLQ,B00IJFYICO,4.7725434
A2G9YADU04XBHA,B010FOJ5UG,0.722443
A10AWAE0F6CAP1,B00VOYNKM6,3.6595132
AHKB5BOH22L44,B016YIRT9Q,3.8307579
A3Q4O4EID8OQ4,B00OCSZSQM,4.9866924
A1BOINGLPB5I1M,B00MT7UIQI,4.256932
AST0YDHJJR65Q,B01DH8BWLW,4.798233
A3GWE80SUGORJD,B01E2H3M1A,3.7606754
A2W3RQOSC87P4A,B00SER0484,4.2788177
A1Q33020JJKDAN,B01BJST0FC,2.507068
ACSJTKMXKU1M6,B01GYPPMNE,3.1309311
A1G7VXXXLTJX9R,B00JGSH3PM,3.3631103
A1FWLM5208ESO4,B01HDLC4C0,2.8281603
A1K4S4MWXI9E9M,B01DJWPF6Y,3.3785453
A1W48IWJ8A610S,B00IMUT71I,4.2760305
A35BKLDD2E04E6,B00H3M921G,5.0752025
A39N24TTLP6I48,B00SO0DWK8,4.4417577
A11P853U6FIKAM,B01ACLW2JS,3.7090323
A1D0BC1UP01UH9,B01HDLC4C0,1.1969388
A1XQ9J47ECTZZ0,B01G0GIXJ2,3.5881002
A956O72VO20Y,B01BJST0FC,3.1601565
AHMV0N47XOIMZ,B007Z4D9MA,4.9522233
A2RQ5IRWRU0TVO,B013XXGRYI,3.4752958
AV6ORIR1JV86P,B01CV5SE40,3.0553565
A1FUH1O6FCTUYG,B00TEU4CQU,4.851649
A2BEDL4QXLEE3S,B010W9HEUW,5.0311465
A1XL1A3TCU3Y1I,B01C8RR9DS,4.0084124
A1EPVSC849EI9R,B00UZM2O52,1.743318
AXOY11IDEONHE,B00Z4EAA5W,4.175421
A8Q2ZFOHTVSCV,B018HFTRYY,4.490171
A8Q2ZFOHTVSCV,B00NS79DMS,2.835717
A2F92T7CTWALPR,B00UCKHDOO,6.4404817
A2IUIOTFRZHGLD,B01EQ2S2UM,3.0212011
A1ZDSAPOGRGBJI,B00UXX3RHC,4.693252
A328S9RN3U5M68,B01G3UFLMM,4.1550884
A3BNFWL5MVD57S,B00QKVV2FA,1.6299425
A2735JIVUDTBZ0,B00L2X37QS,3.7313504
A26V5ROE0OZCDA,B00QL14R88,1.8215805
A2EQL2N9FOBOFS,B00O0CY3LQ,4.4669604
A3IQ0P3M39IY8U,B00TC1W3D0,2.2615376
A1NAXYNAOGJIGN,B018W4GENC,4.6792054
A1L30W7022M9Q7,B00P8DE7YY,4.0290675
A1YJWOIR48KYCJ,B00JZOVYNY,4.2997494
A3MT311233OHMQ,B00F1R9AWG,4.694475
A19MQI49YCA5SK,B00O0CY3LQ,3.3243988
A1PIHRVCTCJQFL,B00H3HRWDQ,5.088888
AT2ZB20OCU7X2,B00TMWM816,4.6430755
A6ZT9EZ49JTEL,B01G9F1ED6,0.80045295
A2F2878HE7XOM9,B00PG9U2OE,4.147419
A3P4PWQ6NZGNFY,B01GYPPNYC,3.217913
A2Z0PQ8HYEQT4V,B01CBLURCG,2.0175188
AJL59IEBNETQ8,B01EQ2S2UM,2.8957696
A1ACJLREHPPL1P,B00APT8BDE,5.417158
A2D9S6V1AFXOAO,B00LKQHZTM,2.929178
A2U79NOE9VJQSF,B0100V6A6G,5.4833846
A2SRUC3I2U1CAY,B0174PTMU2,3.1622672
AQFF452SVDF48,B00OYWP6G8,3.5123441
A2S5EPJ451WL3I,B01BJ9EFB0,1.6252468
AAKO4YAM9BZE5,B000FCKPG2,2.7335458
AV6ORIR1JV86P,B00VW0OLKM,3.405245
A30D1QLJZ51Q2S,B01CAOD262,4.827538
A370VMDK3FZX5X,B019OYETT0,4.770779
A1LFIFPYMOJ8RV,B01DOR1EBO,4.470251
A1C7ASZFSTSJMH,B01EJ2BV0W,4.366735
A37Q71Z1BE6V9,B00HBWQCAC,4.0750675
A2QBQRIM4WRRG3,B00OAN88H0,3.758789
AUJKYWUK14BZ2,B00K0QWZ84,1.5116407
AV8X3WC4XB1WF,B01ECOIDHQ,5.5534277
A3G7QPDLX3SDV0,B01GZ7IMJC,3.6414158
AQ87G02DO56Z,B00JAUVINY,5.2070227
A2XKX5TBB6WV00,B01FRQ4Z8E,4.6600237
A2Z3DQ7P9JYRLG,B01GJA450A,3.762201
A222WQ9VGVPSR5,B01EFLFK4U,3.6710308
A6ZT9EZ49JTEL,B01EZ9ZKII,2.679677
A1A43F9O4PEBU5,B00Z318GNY,3.041364
A26GE9ZG68SKIQ,B01E6DT75U,3.8033235
A1SUV0W0CB3KVM,B00ASP8XNS,4.7974453
A1TVJ9WDRP0UZS,B00QSE28XO,4.1784816
A143IV9N6HPKKB,B00TC1JYA0,3.984626
A26GE9ZG68SKIQ,B018BL1LIY,2.8541424
AE12HJWB5ODOD,B01CMH15IE,2.7673082
ANKDQ12BPX6Z3,B00Q3MQWAQ,3.756481
A3E81XX9ZDNCNO,B01GYPQQRU,3.917086
A3J9BHGK55ZPJO,B00QSE28XO,4.8447285
A1QSFXF6OOUDJN,B019APW4UO,4.117453
A296HV17AZ10V9,B0157RBC16,2.7969053
A26V5ROE0OZCDA,B01BM0AHZE,1.3011869
A253ZKSZTAZ8W7,B01DTBHY46,4.479797
A3EJDCT3TAEC2,B01AX0BMVC,3.7212484
A7GZXYEZ2OMLQ,B00OCSZSQM,3.8605032
A1I18OT401WDI,B018DIN3JA,0.28258327
AQA76AX85FU33,B0177475MW,4.148867
A10PIB0GJZQHJA,B00HWKW7K2,5.3856287
A1DC00T32U26HC,B017265T6Y,4.220979
A3S3O6L6SZL8KV,B00ELR01M0,4.198418
A2UAPFRQOHUFS4,B01FK7LI7G,4.5776567
A3PATLW8T3PQV7,B00NF30KKE,2.7943373
A1E1YE0R2EELCU,B00WZWMRC0,4.0775743
A245T0V8KVTV45,B00629ZTOU,4.9785776
ACJS6J7UEXT5,B00P6P9HHQ,5.2829175
A18EEC1ENOT9YN,B00OJFOI1O,4.0204406
A17BTP1QHK2I3I,B00NOAZJI6,3.6839507
A1BOK1EC36Q0WV,B00FBK17PQ,4.71958
A2PCN97H7ORFXL,B007PX6I10,4.3346705
AL2SKAXGCX01B,B00TKOT3BO,4.681169
A23GRXCXQU3SM8,B016TG5V3E,3.030561
A23IU4CL27WMHC,B018RSH2FW,5.334569
A2Q8NN6SNT3FY0,B00K9W0F9A,4.273332
A15EI56DL57DZC,B00JQS5FIO,5.1668057
A37KLLG8DXL5J7,B01DUO8QXU,3.3712876
ACNA2DX8FTGWG,B01CX93T44,4.595547
A1SH6H9ZY9AJV9,B01AB4CLHY,2.425493
AYRSWZILCH4S,B01CZCW26K,4.5253053
AUJKYWUK14BZ2,B00ASDEHLM,3.0463321
AMUH4FGZCFJFF,B00QR2SCN2,4.655694
A7GZXYEZ2OMLQ,B019G904RE,3.5786798
A2CDMT445133LY,B00JCELEZ0,4.0469427
ASQNJGXL1BXWV,B01645ZYZU,4.2997026
A2UNMDJYXPEQZ3,B00QSE28XO,4.9777827
A3LR0J8MJ3Q6SI,B00XZJ30FU,5.1111403
A2FJLSKL2IZSHC,B00KVQQYRG,4.4377346
A15VZ8KA1KH8ES,B00FURCF9C,3.911548
A2FCH654FN672F,B00MZB47RE,2.3290915
A2EGLWRK7PCDYH,B01H0IOZM8,2.6147282
A2Y3ZGVRA3S23L,B013968Q7A,4.406531
A30D1QLJZ51Q2S,B018RSH2FW,4.7739835
AOLHNMI8G8R6K,B015L6BCOA,3.0345657
A31M3IJI2UTC4Z,B00Q6Q5ZP2,4.1675515
A3SIZ03ZV5VF1R,B006KD2TP0,3.7362602
A285RQFOK8APPQ,B00M0DQGXU,5.339094
A2LF3KTH2T6RJA,B01F9FRYUY,2.5375197
A3S3O6L6SZL8KV,B00OSAWTSO,5.3416095
A1GL9TYXPNBPGW,B00IX56HG0,4.3171005
AGGDI4VWPPZ6J,B005CM1S02,2.4407234
A2PN1AJYXDU1J0,B01CMN671I,4.272497
A2MEKYD68X8R8H,B014VPZHCU,3.6974955
A3JTJ1E8NK7DH1,B00J98RD4A,5.123637
A2LHUNWCVDEWQ8,B01BCNAO4A,3.8134913
A22B7J3YC4623X,B00W2TD572,5.3138394
ASZ8NR9HIZGJF,B013FJACFU,4.8849273
A3PNXQOIMQ8348,B01DFBBF5E,5.363026
AV6ORIR1JV86P,B00IU69PTI,3.515093
AYRSWZILCH4S,B017IKQW6K,5.2407484
ADT3692HEYU4S,B01FMTA1M0,2.4957876
A1CGSOXGAEK30R,B00YLNSKTA,6.096926
A1TR7SQWWLREQR,B00RD4J9EE,2.7954786
A39CVMK2ZKEIK2,B00IQVXQZQ,1.6096606
A17BTP1QHK2I3I,B013KWCLA6,3.5017912
A3EJTO1IBULV7T,B00YFEXKYA,5.790156
AVAC1JO1AZGAJ,B00MJHKVR4,3.3174465
A33JTEMYGCO69V,B01HDNEFGQ,1.9418467
AOVV02B7EK0C7,B01ASAVT0G,3.2107718
A3H7J5POTR9TZW,B01CT2VV90,1.1845503
A2MEKYD68X8R8H,B00N9RT7RS,4.353896
A2PBXQTE07LEFY,B00PBA6QCU,3.9630654
A1P5YXP15B13SA,B01GGPLQOQ,3.976693
A1HHSUAQDZ1XM6,B00MJHKVR4,5.9621773
A1OWROUH26FJXV,B00E3UOBG2,6.135712
ANKDQ12BPX6Z3,B00N47L8ZC,2.846841
A2W4Z0J9DFZFSR,B00C3ODRTC,3.6181908
A1NOQ3ZM3QHBI6,B019B6WUGU,2.892481
A3RPL8JIS2XMJ3,B01ELQDLKY,5.416342
A1VE539RO5061D,B01D4RY4B6,2.2500417
A35M5NTEVHKVB,B00EGRZTZY,4.2331996
ATZOHBDX5VNKJ,B01B76FUMS,2.8699703
A190TSUIRJIFUK,B013L4T8Y0,4.144032
A3C713428J4MJ7,B01B6WT11Y,3.4108386
A7CZSRM0JJVJP,B013XALBB0,2.7326407
A3KEB381QTO61R,B01GYPPMNE,2.7649145
AF7IKL1FN52K7,B0165I3WGY,2.675228
A1P5YXP15B13SA,B00IS0WW5A,3.4410002
ANKK4K5N7GH9Z,B00MD5VDNS,4.772391
A2KN1WNA76HQS6,B01AWPTL0W,5.12513
AMKWIQ2MT2V5R,B0150C55HA,3.7330437
A3ULR7XJF3C400,B01GOXFBBY,5.044441
A23AL8WF0PJSTS,B01GF9OSI4,3.5794718
A3GWE80SUGORJD,B014BR4A3A,3.7606754
AGELZO1D6BC0T,B015UK1DM8,5.3520827
A30D1QLJZ51Q2S,B00VTFQ8OW,5.0037217
A2Q439D72KOQME,B00838H1OY,4.079908
A3HOXAKC11UEOX,B00UJEGURO,3.4839852
AQ87G02DO56Z,B00HSSRCAI,5.4133077
A1QFKWSZFO0AOH,B00IRLFH9S,2.9658005
A2B42XZI4MXOLX,B015ECXJOM,1.8110162
A10DX94ATZQEFG,B00ZRYDR86,3.3572085
A11FF0H63VFFMX,B017I0AB7G,4.2248373
A2DZUQQXPNUGI7,B00H7K5UB0,3.847543
A2UNMDJYXPEQZ3,B00L2F5P02,4.798347
A1FSR426FVMQJI,B018P7B0NK,3.4038286
A1QJ17BR5K3C8K,B00KUCK4V8,4.5123067
A10RH00JS3DUX0,B019VJ697I,3.7454653
A31G4MNGZNYSZI,B01CXJDHEQ,2.5660288
AIVY8XUMV5UY7,B00SJ7LQ9K,4.6402707
AC97LVZ0C0TSK,B015NNW8CG,4.934231
A3MTU1QAMYEAX3,B0058VAORA,4.945597
A2N1XSD82O6XTV,B00OQEBXUM,4.553474
A1VIR960IWHK07,B00LFW9MQK,4.05452
AITGGF9MX4L86,B01F18XC50,4.3240457
A3PB5W8OE59743,B018D948JI,4.232599
A3H38968JZF6VK,B016XPTTUC,4.4633274
A23MK6LPFQP21A,B00OAN88H0,3.8510406
A2HHKV9CQ03ZRA,B00FR30D16,4.2894335
A2XRKQZA534EWO,B018UNRNVM,4.0922756
AJUCQMDI0QA3I,B0198OKW7Y,5.299034
A2F2878HE7XOM9,B016HIOV08,4.629683
AG63N054UPJH2,B00629WWJ0,5.987725
A3IQ0P3M39IY8U,B01A1AWBU0,4.0568304
ALYI8YM90TPD1,B00HI56L8U,3.40755
A137UEIU93IFEF,B00KE62080,1.9807199
A2V0EO639QKD2K,B01FN4GZG0,2.3131714
A1ZLPE9JPLMTKU,B00WH1K9SS,4.431603
A1O2LQUYDVPOCJ,B00LBBM60Y,4.425204
A3H38968JZF6VK,B01691UD4G,4.7349796
A2CCO4HWIFOP5J,B00EJUJM3I,2.4522996
A6SR7U2PNGN0N,B01BP20BU0,4.1457124
A1QSFXF6OOUDJN,B01D10TPRE,5.4189157
A36WBGWPPLIQZ9,B0177475MW,4.3760395
A296HV17AZ10V9,B00AA3P7M8,4.4841495
A2VNG16IOTY7N,B00CVCGYJQ,2.6626608
A28U98HYYE5DR1,B00JUV8JPS,5.058183
A3DVGQZY2MBA87,B016TG5V3E,2.127685
A2RU61YN9M0IDQ,B00PD8LQ6G,4.8777637
A2C3N49XB5K19C,B015M9I294,4.428501
A3SQGNV2O7WZEP,B00KE62080,3.0440204
AUJKYWUK14BZ2,B00V3PSE0Y,1.3944378
A3S3O6L6SZL8KV,B01783W2SE,5.1122293
A1CIS4LOWYGZGA,B01BM0AHZE,2.4255538
A22DD81HWADR6K,B01G0GIXJ2,0.86221194
AFQXMUALNERXZ,B01GF9OQSQ,3.3366585
A1ACUN6A2LYVMW,B00IAZX298,3.5515008
A1JNMSETGHIUZ2,B00SNRG8I0,5.2247643
A1EQY74OFGE4NE,B00OKI1JNU,2.4383514
A2V8X8MTCE868O,B01GPL2AGE,2.7445104
A1N48Q1NZQ9R2E,B0168I2UE6,4.285017
A31CZW8SHN9PTX,B014M089YW,1.7900475
A1NPM2IW3DLO3F,B0118DAWR8,4.616292
A139X5E4RN7SUS,B01BMODWY8,2.7378526
AVNS35OHR3D76,B015UPORGC,2.0597594
A16TE56LP5NUL5,B014C5U6SE,5.480349
A37R3BNDHBIZTL,B01C4FP44A,4.251875
A7B9JUULZHQIN,B019HTPG9O,3.452905
ATZOHBDX5VNKJ,B00T4Y7HGS,4.3437495
A1HHSUAQDZ1XM6,B00II4HX7S,5.1996617
A3J9BHGK55ZPJO,B016XPTTUC,3.9876196
A3DVGQZY2MBA87,B01CYTLPPI,2.127685
A36CNQTLRIL6LM,B00AA3P7M8,2.435426
A2SHWMWTXZLIR9,B00I8PMB10,2.2191145
ARWMPJN499ZJ,B017JA1SFO,4.8497477
A2F2878HE7XOM9,B00NJ4BB84,5.047224
A2H8S0GOSMWQX0,B00PMH3R3I,6.270317
A2XKX5TBB6WV00,B015GEUFCW,3.887493
A1TVJ9WDRP0UZS,B00GQYIL2I,3.8514178
A1UG6FUC9ZR8VU,B00T0VRT4U,3.0088122
A10JAUCIGVRW9F,B00FFLB6MU,5.216526
A2Y3ZGVRA3S23L,B00NAI85T2,4.1096954
A2Z3DQ7P9JYRLG,B01EAYV5P0,4.7555366
A1V4LZS4HHHH6K,B01CBM44Q0,3.041125
A3CYA250L0DABZ,B01FOQ1N5K,1.6432161
AUJKYWUK14BZ2,B00KTK56P0,2.958105
A2U3FVDELHREMI,B00IMUT71I,3.7164574
A2RU61YN9M0IDQ,B00586XP5S,3.798196
A2BEDL4QXLEE3S,B00DZSOC62,4.1995645
A3SE1XKZC0L913,B019OYETT0,5.2266746
A2PZA5XB74EIDB,B00MDACG9I,4.2734976
A1O79BLZSTP53I,B00HTJJST4,3.6420448
A190TSUIRJIFUK,B01DI63EEG,4.148311
A257TD5GO1T81W,B01F2WTGFK,3.0545871
AVIN4W1V9M738,B0189PJNM8,3.8566043
A1DJY8WVWPJ2H8,B00TEEHDPS,5.0904775
AUFNC2SIHNZUN,B01GYPPMNE,3.618347
ABVIQ0W19DPSG,B019E9VZG0,5.0180535
ANKDQ12BPX6Z3,B014Q6D6E0,4.4216895
A2G9YADU04XBHA,B00ZK3KUE8,0.722443
A3K4HYYXZFODU2,B01CWZH814,3.4908261
AX746FITV1G72,B00LW78OS0,2.9315412
A245T0V8KVTV45,B017DPEEUG,4.4042425
A8A49ZBLUK9BQ,B01G89E5OS,5.6661406
A287J5FTWL99W6,B00YQD91RA,4.07343
A13J31ZJVVG2GY,B00PNU8Z86,3.624468
A3UO90FEXQNHRD,B01348I31C,1.4937427
A2EVKNQ71UULXI,B00UI5GKQA,4.112275
AF85CAX5BR5IM,B011F603YU,5.5668464
A3EONSSI2V1YBC,B01FWERDYE,3.4914887
A1AFGQGTS66UYY,B00NJ0Q0SY,3.9191215
A384RYAHGEPLJ8,B00ZO50HZO,5.1400766
A143IV9N6HPKKB,B01D27RNDO,3.967656
A1E1IGWRW974JG,B01GYQ057Q,2.8060167
A3DQRNADNQWG6H,B015BCX0OO,3.3382535
A3JISGW1EZMLSU,B00BYLQS3C,5.3199534
A1Z7KHEH5I1LUP,B018QXM6GS,3.5352142
AL92MBJXLPZM,B01DJZ5HHI,5.1340528
A2501I5AWRHX8L,B01CC3AJJO,4.6997986
A2RPMPBKX1MWR7,B00XWCHNIU,4.559031
A1PSGA348YRV67,B00F7CJKAC,1.7242559
A22THCLP5J49J4,B01G94M7XI,4.872542
A1F41PH89SL6JB,B00V5T9A38,3.6813114
A1P44JJW47E6QN,B01BP20BU0,4.191214
A142HAT43L5W4W,B01EYXVZAM,3.3734424
A1UH21GLZTYYR5,B01AVX32XC,4.684637
A7KETEJDZYJFI,B01E2H3M1A,2.8526742
A384RYAHGEPLJ8,B0110IXWIM,4.704839
A370VMDK3FZX5X,B005UGMC78,4.871495
A7B9JUULZHQIN,B017SH94ZE,3.9993865
A287J5FTWL99W6,B00WDD5IKO,3.9119432
A2UAPFRQOHUFS4,B00NAJ7A0Q,4.240753
A287J5FTWL99W6,B00EH2E5IK,3.0552022
A287J5FTWL99W6,B015VKB8KY,4.17305
A24ETSYVDJB5D3,B016VIVLJ8,3.6504166
A1DF6JO4KFE5X1,B00JYWX3D6,4.164504
A13JQT6036JF,B00AGA4UGY,5.509039
A18LI83Q1F5DKU,B01FBIC51W,3.142248
A21H10PWSPOB6Y,B01BCTMJZ6,3.5022593
A3H38968JZF6VK,B005S1XTEA,4.034072
ADHBG0CRBVUL1,B01A4ATX4E,2.336424
A3UO90FEXQNHRD,B00E7KTERY,3.3001225
A2B42XZI4MXOLX,B00M7ILTLW,2.6431642
A12K5Y2SEANYW0,B00AHRE74G,5.7086315
A1V0IK7DUYIVAC,B01FORFUEY,5.533681
A15VZ8KA1KH8ES,B01BFZJW70,4.3266187
A1I0QNN02SZDOK,B01A4ATX58,4.616628
A2MIR34MGFG3EU,B00KE62080,4.689427
A23SB7XAREYGF2,B01835JNDI,1.9620517
A287J5FTWL99W6,B0070JOQHM,4.1058707
A3H38968JZF6VK,B00MHT0NE0,4.3999815
AWNYF3812RWNG,B01645ZYZU,2.5089047
A3TJOBVQ95HK9Z,B014GAK1R6,5.1344786
AZRPAHQG1VHR0,B013ZUHQIK,4.54175
A3L8F13NKUQHQ1,B00W9YDVPG,3.3952157
A36N7KTS8JMR4L,B00772HJ58,3.1222913
A2AGAA1B2ORZW0,B014C5K4WC,3.0517683
A3SJW9YR903G3,B00KFMRU5Q,4.3180203
A3J6BKNGIMAJQ5,B012HDMV9K,3.937381
A28GRFK2F3TMWE,B0165I3WGY,3.9965508
A6ZT9EZ49JTEL,B00Z96Q9U0,2.5174248
A101S5PLO0VRHQ,B00GLVGWP4,1.2903557
A3T5H007CVA99X,B01GPL2AGE,1.6580954
AE314SIV2QCED,B000W93A42,4.2956977
A37P6T3YZ8KY2F,B00KLO64S2,5.801712
A2RU61YN9M0IDQ,B00LFW9MQK,4.172907
A3GWE80SUGORJD,B00QNZGJVA,5.087027
A1Q33020JJKDAN,B0174PTMU2,2.507068
A5I6VGSYW7U8L,B01DCM610A,5.3542686
A2684D8X4AUKRB,B00AAQVTYU,4.231687
A198E18E1LA3BE,B00D5M4PTM,3.8809597
AF7IKL1FN52K7,B01G0GIXJ2,2.675228
A29FFT26RF63YX,B00UZM2O52,3.6715665
A353K0UEDMX3PH,B01BCJDSAG,1.1617447
A1DYTCBAV5WI2N,B01H45U1IO,4.148555
AHNGMRN1V1LPH,B01HDF9IKM,2.9183962
A3MF5RTKYLSH60,B0165I3WGY,2.3724737
A2B9C3FMYW18UN,B011CVM1AC,3.2661066
A2F483MD47JG2T,B016B0FB38,4.4535475
A25PLL2FEB615H,B00T4Y7HGS,2.514604
A1KXFB5X4XZSGB,B00Q6Q5ZP2,4.42574
AJNW2ORZGUDIE,B01EYW7KHU,4.759724
ABCTITSJ5P6T8,B00I44QP80,3.7321048
AYUTCGVSM1H7T,B01C25NIMC,4.1788864
A1GSPADXH17N25,B00NI7G7AY,3.980438
A3FLVU1C5385KZ,B01GT44VLO,3.5057206
AHR3AU7CPID24,B01GYPQQRU,1.9137303
A3A44JIMIWYFIE,B01EQ2S2UM,2.4680157
A1DJY8WVWPJ2H8,B00L1R3OS6,4.169917
A1R0XBTB3SL5GT,B008VKXOIQ,5.7979317
A26KWG162U8VBQ,B01CBLURCG,3.3319545
A1XL1A3TCU3Y1I,B01BUMJMA0,3.3320103
A2XKX5TBB6WV00,B00WRP0DHG,4.789813
A2DZUQQXPNUGI7,B00NN2FDLI,4.311946
A18EEC1ENOT9YN,B016WS5FO4,4.9796214
AZRPAHQG1VHR0,B011QD8HJ0,3.6649299
A1JMSX54DO3LOP,B00FJFV6AY,1.869238
A3DQRNADNQWG6H,B018PD0F9E,3.3382535
A5UM17P1E7DUQ,B00X1AQNKW,5.2497272
A3C713428J4MJ7,B00PBA6QCU,4.3373523
ANEZJAUOG31MG,B01C8RR9DS,4.508147
A2QBQRIM4WRRG3,B01ES2M9S6,2.7420306
A28D20IM3BNAJ1,B01CMK5YA6,4.239227
A3KBRXW4PKK2MT,B01EKIELGG,3.7982204
A1IQ303406GPO8,B0028OLDOI,2.5921881
AGA6C1UQDNQ1P,B00FZ5H8Q4,3.774814
A3N6TV5T5JSG7K,B01CWZH814,3.2984982
A2G45Q8V20R779,B00NR9Y06Q,4.0786138
A1J6MXAQH527O3,B01EYXVZAM,3.4655073
A369BMHORFPL0O,B00P85PU8E,5.1406426
A1VE539RO5061D,B00R298H3O,0.21497306
A2MEKYD68X8R8H,B0157E64K8,4.2588515
A3BMLG97SSIKN3,B01BQ00CAA,4.0292597
ABTPG9K6K74W,B01F0MF6KQ,1.5661377
A2VNG16IOTY7N,B01GD96DLQ,-0.5397632
A30JKM2O1SD9R5,B00DQ0LQ9A,2.9362829
A2Y7B4AASUOXM,B00NIDWKB8,2.4114358
A1R0XBTB3SL5GT,B00DJK31TK,5.1288943
A2S5EPJ451WL3I,B00IRKQ08Q,3.7776015
ACOXR0GL8E2Y7,B015TWRVCS,2.8240087
A3OQ0WU2ZHM5J6,B00QOWH556,0.6402483
A3T5H007CVA99X,B015L2UR1S,3.8051844
A2XKX5TBB6WV00,B00629ZTOU,5.25339
A2V5HEEE7YLXMI,B01FPS5IQC,4.931172
A3NYOQSGWZ0XW2,B00QB28UCQ,2.8390734
A26V5ROE0OZCDA,B012LB9KDI,2.6259413
A2RBLZC3MJ5FNM,B009WJWD2S,4.4023004
ADZOWSMV1E0PB,B00IH6KA90,4.0117507
A1GSPADXH17N25,B00BYKD2UU,4.1628923
A369BMHORFPL0O,B00PD8LQ6G,3.301872
ASA5RSXOAVT12,B00A9FYVXS,2.5127923
AW16PJHZIQPA5,B01FP256UQ,2.5657756
A5UM17P1E7DUQ,B00FR30D16,4.050809
A3LBPCVDOP7DPC,B01E5S9FUS,4.1567106
A34DYRZBLSI8R5,B01G0GIXJ2,3.6187654
A198VXVTHHIZJ7,B00FW18W9I,4.934881
A3LNU5OKNIZV21,B01DH6EQ9O,2.3236058
A1EQY74OFGE4NE,B00JTLAJ9S,3.7954266
A3DANGFIJBZP20,B00LOTFY1Q,4.589604
AGSGL6VT17RE0,B01E22VU46,2.3441226
A1XKTJ1XLTWLCQ,B018SPRUME,4.3249025
A2HESNQJZ9OB7H,B00QSE28XO,2.17489
A3CMIEYL0TJLC2,B01FIGE8YE,5.156693
A24ETSYVDJB5D3,B00O0CY3LQ,4.082945
A2M5IRXVOAUZ2,B017JIYTJI,3.6677127
AB7M0MEP43IZZ,B00BUAZL12,4.136694
A3KIA7199DNI2H,B01GJA450A,2.2385404
A1UPHTDW5GM12T,B007Z4WSOK,4.8902326
AYVJY4Z9CYQWU,B00O3V6PWY,3.1149294
A26V5ROE0OZCDA,B014JSBJJ4,3.043875
A3J9BHGK55ZPJO,B00NC0LECI,4.090727
A2H146VK5MMYIH,B01EYXDKGY,4.9274573
A3MT311233OHMQ,B002WWKZM2,4.577846
AKM9W2IRYH77B,B00ZYX46P8,3.822264
A2XRKQZA534EWO,B00OU2E1F4,5.3549066
A36LHP7XLMLJW7,B00VX75TKU,5.1700654
A3O6Z1T0IZ3NT,B00XIHMD2K,5.088818
A2J8WQHKV75MAS,B01CPQZSPS,2.8404171
A1JMSX54DO3LOP,B00VVMC2FW,1.609839
A3Q6CMXMGESPOG,B00GY9SK4O,3.9985921
A3PE4ENWAY4D9O,B00VS99TP4,4.537369
A2U3FVDELHREMI,B018HFTRYY,5.065315
AC97LVZ0C0TSK,B01EKIELGG,3.924784
A2Q3YUL3Y6TPD3,B01GYPPMNE,3.1937392
A31Z94E63H1N46,B01EMGTQVG,4.810718
A2UJTG9XC4KISL,B01CMK63A6,5.1456914
A2BEDL4QXLEE3S,B01645ZYZU,4.3584023
A2WDOEHN67OBYH,B01GT5XDFS,4.818929
AGBGV16NY06FW,B00RMB80SO,2.8727322
A3Q4VT0R8O8RSE,B00QJKV1EY,4.134196
A2QC9Q8EVBI6D1,B019B6XJM4,2.4753063
ALPIN1ZX8B41M,B00Y9M77YC,3.2993305
A69JQYYIUQFQL,B011T78JT6,4.7879977
A1JADDWR1H3M0I,B00P32ZUAK,5.2915797
A281NPSIMI1C2R,B002RKSMHO,2.580284
AK3LIR1TVZFVZ,B00UGG43UQ,4.873433
A2MEKYD68X8R8H,B01835JNDI,4.430895
A2Y7B4AASUOXM,B00O72888S,2.9013433
AQ87G02DO56Z,B016KVDM6G,6.436356
A9DXGM6YGV14D,B00X6K8DKU,6.0439425
AO8U1SQNTNFRI,B00N0VI2OM,4.069877
A30DBF16JX73UA,B00EH2E5IK,5.675163
A1I0I8PI1DWHBR,B00FNXC8EU,4.913623
A1IE93W5OH9MGR,B00A3ZA4TO,5.157475
A296HV17AZ10V9,B00629ZTOU,5.111644
A3RTTJWMRCR09S,B0076790LA,3.530627
A3K8NPGJOP3QGV,B019EQUUYQ,4.7748685
A27FIUTXM6WTIW,B01GYQ057Q,3.179372
A3QZAK4BXJBC2W,B005K4W0QS,5.380163
A2KJ7AGC82GPP1,B013T8TX4S,4.261231
A12K5Y2SEANYW0,B00IHQAYYQ,3.2774289
A11FF0H63VFFMX,B01D0ZPA60,3.9805062
A2BOKBB1IZA13L,B00N05R8GG,4.708962
A35KV8ZNW239TT,B019B6WUGU,2.6898127
A1YK1AM70HDXLE,B00PG4029Y,3.9206898
A1H35RNPTPP9RI,B00SA5KFM0,5.0657926
A3E4H5A1X8NJRR,B00K1OAXKM,3.4249403
A2J7GJWY8O1MDB,B014RVEJ4U,4.717798
A3P4PWQ6NZGNFY,B00MDACG9I,4.623675
A3DANGFIJBZP20,B015BCVXF2,5.974984
AVNS35OHR3D76,B00LFNCDOC,1.4791594
A3ESFCDE13IMH4,B00UDQTS40,4.740234
AXX9S5UGOEZR9,B00F3JBZZC,4.4705954
A1FHWVQ0ZMFFQK,B00U2YDT5W,4.3470626
A3FJ2JGU50THRQ,B01DRXCPXG,1.228331
A219Y76LD1VP4N,B00TC1JYA0,4.6944747
AI38GSFB90M4L,B00GXBV0MM,3.1747966
A2Z3DQ7P9JYRLG,B00N58K6QW,4.9584737
A3FA0RACII84DP,B00G9FC2GA,2.5566797
AKQ06T21M0V0S,B00GBFJ1IA,4.4401503
A1XKTJ1XLTWLCQ,B01FKDKB96,4.8700604
A2I0ZBZOWPP756,B00NYISFXY,3.278654
A18LI83Q1F5DKU,B00LFW9MQK,5.02389
A23SB7XAREYGF2,B00CA1SF9U,1.600542
AD3SVKC2JNHMR,B00CGFEIM8,4.440535
A3B6PBWQBQNHQT,B00LXHHBNS,4.3242717
A1F41PH89SL6JB,B00CMU1IN4,3.187107
A3J9BHGK55ZPJO,B00GH6X6WK,4.740952
A1RF70MWVANZCU,B00K6N75LS,4.1336055
A1YK1AM70HDXLE,B011G3HJ6C,4.563258
A30V9M9DZW8SFU,B00ZAJTPB6,2.1887376
A6SR7U2PNGN0N,B00WLQ8QRK,3.8563144
A2R56AF2E63IC1,B01DL7LIFE,4.329865
AP6JFTL9C5BK4,B01DDWPAE2,3.0413601
A1JLU5H1CCENWX,B00HTJJST4,4.7137494
A3ANLUEKJBC1IZ,B01B5BR1KO,4.151492
A1JNMSETGHIUZ2,B01H5MF0JG,4.719139
A387F6OFDVEDZT,B01620Y4O4,3.771106
A17KGW8IYD63JR,B00R7HDLAU,3.723251
A3QY3KER34QGCS,B01BA8ZTBA,4.081749
AIKGKUGNQ6L2F,B00WT2BNJ4,5.0209737
A1QTTDEVDELZA8,B018CHA26O,4.1006904
A24PEXYGCID15Z,B00QVNQYIM,4.379404
A0099735VDZ3HDCAAYKL,B01C8RR9DS,4.72404
A2PBXQTE07LEFY,B01EW6DERI,4.7714458
A3804PZVOD4N3E,B01H9ER9R6,3.7409637
A2PF014MHWXCT5,B005639YOY,2.5553396
A37R3BNDHBIZTL,B01E2H3M1A,3.1145766
A3VE7N2XUI8C3K,B00TPBIA4S,5.2433014
A20PRICNHQQLJD,B00QIQNWXW,4.801577
AJX5O8EPN2713,B00GF64L5S,3.4045153
AWG9YC0S5ZXRQ,B00TE8IPHO,3.7491171
A1X87IHRK15RBU,B017Y1ZD4A,4.4493814
AF7IKL1FN52K7,B01A4ATX4E,2.675228
A2B13DO2A2205G,B01BXGMTEY,2.5400183
A2LMF4HG470CNF,B01G4TEUUG,1.2085962
A34RWNEJGJFHEV,B018CHA2KK,3.1248083
A3L3T9JRL1GT95,B01FGHI69S,3.8488708
A16WWBGZHJYJ27,B01D1UVNEM,3.9870865
A916DXE9W36GF,B00MBQASMQ,4.6611257
ADUI5YISBG6Z4,B00N9RT7RS,5.344515
AKZH6MEXHWGLD,B00JTIOYOM,5.1057525
A19W1EMTMIQJRT,B01GSL9C3A,2.5777133
A3C713428J4MJ7,B01GBMRPZ8,3.9847257
A3CYA250L0DABZ,B015799982,2.5806022
A1VE539RO5061D,B00JFLUJ3S,2.4737453
A3V9J8I5FHAH19,B01H5QZHKY,3.6986687
A2S5EPJ451WL3I,B00HMUUFJC,4.279071
A37Y75XN6SY5YL,B00S3RA6OC,1.913865
A1FGDFKCW5LJIJ,B01FP256UQ,4.520899
AKZH6MEXHWGLD,B0165I3WGY,3.786541
A2KX7G5BC1ALQJ,B01AQO16VQ,3.0576499
A1TYECW2J3TXJ,B00AVQAFKI,4.1784325
A2QJ4TTBMNTY9Q,B00ED4WKKC,4.613705
A2ZU73E6RDADJV,B01FTEBE74,3.099748
A1PSGA348YRV67,B00J0PKKUG,2.6601179
A70C09CWSQ4RZ,B01DUV1DV0,4.8595695
A1DUWCXDBM40AO,B01GJA450A,1.9751242
A2HZ6MGQ6TPNO0,B00X625BCG,3.9615633
A36N7KTS8JMR4L,B018496LH4,4.0151224
A1NPM2IW3DLO3F,B00BD63EIK,1.746466
AGT5F6R7R53LR,B00UT0VAD2,4.835052
A13J31ZJVVG2GY,B00HG5JL34,4.8964376
A3T4U5GR71P4O6,B015EL9ZKK,3.1368465
A3V9J8I5FHAH19,B0051EZBRM,4.5616884
A3VQMP3ACL1KHH,B00QL14R88,3.2633278
A1XQ9J47ECTZZ0,B01AQNZQF4,3.5881002
AMK0DSS0DAP1W,B01CMH15IE,0.9444525
AZGDIB6UL3QNL,B0198OKW7Y,4.709706
AKM9W2IRYH77B,B01EJ2BV0W,4.3105617
A2VNG16IOTY7N,B00LS6MCMY,1.9392861
AMUH4FGZCFJFF,B01GDRM3XU,4.649875
A31CZW8SHN9PTX,B0066B7KGE,1.3548396
A3S3QIR1UTAGY4,B01049Y714,3.591881
A1XL1A3TCU3Y1I,B01EI9ZED6,4.7017407
AH85UZ876V6OW,B00RC6JVDC,0.6068618
ACVNKHUOX3QWU,B00VOYNKM6,2.2164476
A2GO4VWZWTL7ZC,B00T6HTQTY,3.8818805
A2GO4VWZWTL7ZC,B005UGMC78,4.1987443
AG63N054UPJH2,B019967OWC,4.9640203
A3L8F13NKUQHQ1,B018F3C1KU,3.2197344
A2PF014MHWXCT5,B00XWX139Y,2.1895592
A64VNUAXNX8VO,B016TG5V3E,2.195315
A1R0XBTB3SL5GT,B0069CI5H8,3.988568
AX2OKB7GR55FZ,B00BGXP1IQ,4.8062444
A1ACUN6A2LYVMW,B016XPTTUC,3.4732265
AK3LIR1TVZFVZ,B00I28TY2C,4.927174
A1FHWVQ0ZMFFQK,B012FAXT0U,4.791324
A16TE56LP5NUL5,B010W9HEUW,4.19325
A2PCN97H7ORFXL,B00IUL9ALG,3.0581868
A2MCZ9BUKVPO56,B00UBV1LT2,3.7120302
A3FA93L7JWESR,B00R8B7ZG6,4.50114
A3IAAKYJIX44EL,B00ICTUW6I,5.270614
A2FCH654FN672F,B00W891R26,2.2452796
A22DD81HWADR6K,B01AB4CLHY,3.0098796
A3U6Y3GD1A6PXJ,B00OAN88H0,4.9517894
AVNS35OHR3D76,B00EH2E5IK,2.113497
AAIDLB38IY7R6,B00INYO7MC,4.5329065
AC97LVZ0C0TSK,B01F483E64,4.751402
AUQCW3RV8YE2W,B01EKIELGG,4.145738
A2M1PNKPRUCQYL,B00GU2DJBO,5.1511416
A1FGDFKCW5LJIJ,B00NKQP7VS,4.511781
A3A44JIMIWYFIE,B016VL0PWE,3.8174636
A10IOT56F4GM85,B00LZXYZK2,2.673005
A198E18E1LA3BE,B00540L9II,3.8425949
A1GXJZGFR0BPJH,B00FH4FKZE,5.223494
AF7IKL1FN52K7,B01E2H3M1A,2.675228
A247M2SSLKTSHY,B01H45U1IO,0.4797347
A27OS7Z94VXCYF,B0073SJELI,4.412377
A3LZG1QQ1KMVX3,B01FTEBE74,2.5477707
A2T843EQCN1QMQ,B01GILL7NI,3.4379053
AXVDFGI9OEIVK,B015RPT6XY,4.581985
A1WVQI2RQMCG5A,B00O4GUH1S,5.3554425
A3MSJA59Y115A,B01FTEBE74,2.6236725
A3G31IWKH9ALT3,B00VU0M8JA,4.016856
A7KETEJDZYJFI,B018FNBE26,4.3932543
A34B6NBZL1IRNX,B00DVYV9HU,4.3504624
A1PSGA348YRV67,B00PCMBFGY,2.4544506
A3IQ0P3M39IY8U,B00N7K1BB2,3.8828342
A1NAXYNAOGJIGN,B014I8OGLS,4.5122466
AX2OKB7GR55FZ,B00IRKQ08Q,6.0953264
A1KECGAMRF6FBP,B015EHPSOG,4.214509
A1F3SNAL50EZ2N,B01F18XC50,4.008951
A18EEC1ENOT9YN,B00Z318GNY,3.858408
A7GZXYEZ2OMLQ,B00GXDQKZW,3.9229581
A2PBXQTE07LEFY,B01HBTH0VO,4.3213954
A2KWQ64TRHB3YH,B00SS39KF2,4.53733
A15EMPO8TCH2RB,B01GZ070A6,4.324926
AXVDFGI9OEIVK,B018D948JI,3.958588
A2W4295H4JSYDD,B01BJST0FC,2.9434075
A2GWTB02UN6MTX,B01GW1BZBI,2.5957274
A1PA6ZO9892OH3,B01CBW4D7A,5.284228
A3FO728397JFZP,B017RNBS76,4.1551857
A1ERDA4ETW7FP,B01GIU443O,4.129132
A128W553WN84EW,B01DFBBF5E,4.336676
A2S5EPJ451WL3I,B00V9OH536,3.680743
A2HESNQJZ9OB7H,B014TBNOMQ,3.63494
A1XQ9J47ECTZZ0,B01BSN14HK,4.76981
A3N6TV5T5JSG7K,B016NTKNTO,4.333318
A2J7GJWY8O1MDB,B00OWIQH5I,5.049974
ANXBIU1HP7BJD,B01BLVT4BC,5.2228847
AX59HEWTONQ1M,B00KVJK2EO,0.90013576
AQA76AX85FU33,B00L2V73GK,4.0396743
A10IOT56F4GM85,B01GPDY7C2,1.9991494
A3IK83MGX5X0WZ,B0174PTMU2,3.4613976
A2HZ6MGQ6TPNO0,B00GSF4Z20,2.5110102
A2FDDTPAER5DBO,B00LXHHBNS,2.9500659
A364KQZL1KNS6Q,B00PQV6H78,5.519255
A1BQC6NJDSWR52,B019KP81BU,4.417359
A26GE9ZG68SKIQ,B00RZT2U5W,5.132891
A3DA91KQ8UQ76Q,B00CCVVKMW,2.5268023
A3O6Z1T0IZ3NT,B0145COWD4,3.8958268
A1B5MN8PY0JIJQ,B01BXGMTEY,0.8299402
ACVNKHUOX3QWU,B009LNKB4C,3.9669163
A13JQT6036JF,B01EKIELGG,4.4475174
A414YEU57FUHJ,B00MUSS2ZA,4.296012
A3HDT8L6DPBZND,B01HF6OU70,4.345738
AV6ORIR1JV86P,B0145JMH5M,4.7714124
AM9YOCRU10IXW,B0118DAWR8,4.432836
A2F1UD4JDHKMTA,B00ED4WKKC,4.196347
A3MOGV0QO66QZD,B01HIZRVFG,1.2906362
A2PN1AJYXDU1J0,B00R4Y1Q3U,3.4469645
A3PATLW8T3PQV7,B00F3LVB40,4.8961496
A3EONSSI2V1YBC,B01D24C6VQ,4.0990806
A1AX02Z2IRSAY,B004X6R8Y8,4.230405
A1I0QNN02SZDOK,B00IU087O8,5.4454255
AB7M0MEP43IZZ,B00FJFV6AY,4.308353
A63YNBWLO7V18,B00FD7Z51O,4.775631
A2CJ33Q2E7PUTQ,B01BWYVZ5G,4.5551963
ABRLCS0WRNOKX,B018FM3E5M,2.39964
A1LFIFPYMOJ8RV,B013XU5A8A,4.191499
A3JHMDPDDFUSLV,B01HFGNGYI,6.356479
A1XQ9J47ECTZZ0,B01AQO16VQ,3.5881002
A198E18E1LA3BE,B00GZANS6M,4.0628257
AS68HOKD544K6,B00W8FRXO6,6.3125796
A3131JEJYVBJO,B00I36J0BI,1.6575133
A2S5EPJ451WL3I,B00YV666B6,3.613724
A16TE56LP5NUL5,B01FBZXSI4,2.815103
A3A44JIMIWYFIE,B01GGNXFEW,4.30703
A2TX3PH7TXFRE9,B014GFMV4C,2.291524
A222WQ9VGVPSR5,B01E3AFUN4,3.7764757
A32TX5VFAQALG5,B0104EOJ8U,3.706701
A3J9BHGK55ZPJO,B018F3C1KU,4.487561
A0020356UF96ZV361ST,B00HFAGOM6,5.102935
A1VC48UV57XWOH,B00GQYIL2I,3.6998494
AAIDLB38IY7R6,B00I6MYBSG,4.902894
A916DXE9W36GF,B01BCTMJZ6,4.164098
A23GRXCXQU3SM8,B01AQNZQF4,3.030561
AQ87G02DO56Z,B009AR5VAI,4.321052
A1I96OYAUJ3HQE,B00UVLQOBC,4.1918316
ANEZJAUOG31MG,B01G2YFYG2,3.743707
AVJ8F6IFNLC4E,B01GBMRPZ8,4.414106
AW16PJHZIQPA5,B00ZDHZKKA,2.7800763
A3JVZY05VLMYEM,B01DFBBF5E,4.6706862
A2N0V6GUH28XMN,B00K4C45PA,4.8246956
AFJO0OZZP1C67,B0130KVNKC,4.6685495
A3OQ0WU2ZHM5J6,B00MTACTLM,2.86262
A3BTRKXD03KC4F,B01E2NULD6,4.6847835
A10PIB0GJZQHJA,B00U48LBZQ,5.2672834
A1F41PH89SL6JB,B00SIMWOY2,3.8518615
AQR5TV897ZGKZ,B010C3UFXQ,2.8554192
A1FWLM5208ESO4,B00J9YWGTQ,4.670645
A1IFWIZ62O12OT,B00PG4029Y,3.0691674
A16N88TMHMXX1F,B018BL1LIY,3.1297505
A1GL9TYXPNBPGW,B00S75OIZ8,4.9389157
A35DL4AZVRLAY5,B01GYPQQRU,2.8375442
AG4TROC6HMCRF,B0116SLML0,4.455888
A3C713428J4MJ7,B014HGM9YM,5.2817836
A3COJHCMSKHOES,B01GW1BZBI,2.8376617
AX59HEWTONQ1M,B01DLHCVQE,2.599573
A2PZA5XB74EIDB,B01BMODWY8,3.7240748
A3H38968JZF6VK,B00I1GZAU0,4.290112
AWNYF3812RWNG,B00L8A3BMK,2.0603743
A3C713428J4MJ7,B00JTCH5RQ,4.457537
A2X6O09LVHWKTA,B01DWNFGVE,4.7209044
A5KRI5P7KR7SK,B01GIX5F4I,3.5402458
ANKDQ12BPX6Z3,B00G9FJ6BY,3.7946885
AK3LIR1TVZFVZ,B00VW0OLKM,5.070545
A23M3HDG0IWHWB,B01DRXCPXG,2.780258
AAADYWOGSQ758,B0116MZUS2,2.3739557
A1SZ7SSVVG3VXG,B00CLZCRIU,5.101342
AUJKYWUK14BZ2,B00OO65H90,2.2806556
A11N6ZJPEMVHYJ,B0073SJELI,3.4968262
ADUI5YISBG6Z4,B00XRRAWYM,4.0606728
A2YJ8VP1SSHJ7,B01H7HMP1U,4.669122
ARF6JCH8L8ANV,B01FBIC51W,3.8394215
A6AEJMW6IUOO5,B01FGJ3754,2.1627502
AZRPAHQG1VHR0,B017RFCQ5C,2.8969085
A2YJ8VP1SSHJ7,B00N1BXC8C,4.753507
A1HXF0IBWTAP84,B010WM3TG2,4.1933417
A2MX7TA6LI8I4K,B012D9R9J0,4.034697
ALGAUZSEQQWI4,B01EKIELGG,3.7454329
A3L8F13NKUQHQ1,B00OSAWTSO,3.6448336
A1RUGOMYCF8NF4,B01GIRX1MC,1.0507764
A3JVZY05VLMYEM,B010BDZ9MY,4.764176
A12K5Y2SEANYW0,B01EO6IIM2,2.7005117
ARF6JCH8L8ANV,B016G5T1CA,4.660408
A3L8F13NKUQHQ1,B01AW25GRC,1.9203814
A2WEE1PU5NZVJQ,B00PG4029Y,4.502109
A2S5EPJ451WL3I,B015V0AKSK,4.6227803
A28JLVMZBALBBL,B0165I3WGY,3.702266
A1E614LDQVKOYE,B017W2XRGM,3.7373888
A141H51I3H4B1S,B010NQV6I0,5.0353694
A2PJCE1T0AXDD3,B00WT2BNJ4,5.3630023
AGBGV16NY06FW,B01ERZFFSK,2.5273755
A31AABM5YDX347,B00O3R7VE4,4.628066
A1LZ8PBGVH7IOM,B01BLX4C2Q,4.1665177
A31X0GK7XMM59F,B00NMVS01K,2.317208
A3IQ0P3M39IY8U,B005CM1S02,3.133507
A3E8BQOX3OOUH2,B01GJA450A,2.539516
AF7IKL1FN52K7,B010PHITOQ,2.675228
A1CIS4LOWYGZGA,B00NGA41WO,3.2522023
A2DZUQQXPNUGI7,B01BNWGPRK,4.6246924
A1ACUN6A2LYVMW,B017EGZHFA,2.8480551
A69JQYYIUQFQL,B01ATXXTLE,3.7661607
A1SUV0W0CB3KVM,B01GT5XDFS,5.1890817
A16N88TMHMXX1F,B01BT9OA3I,3.1297505
A1A085EGL86PB,B017E1XMPM,3.7941062
A3JVZY05VLMYEM,B01864DDVO,4.93733
AVNDR3UMO7VU5,B00HG5JL34,5.097629
A137UEIU93IFEF,B017H8DIBK,-4.4914556
A1PSGA348YRV67,B00KFG51O4,2.4546402
A3JONP3MGSSP0F,B008UYTGSA,3.2326398
A3GRUTOJXXE8FF,B01BYGNF64,3.301356
A245T0V8KVTV45,B01E6DT75U,4.7900925
A3DQRNADNQWG6H,B01CBM44Q0,3.3382535
A2B42XZI4MXOLX,B01606ZZ8E,2.716957
A29V7E1TFYXKJ,B00UB7TF1C,5.172107
A1ACUN6A2LYVMW,B01D10TPRE,3.6421754
A14R9XMZVJ6INB,B00IDD9V1U,4.6092305
A1TWV867HVZ60,B00O0CY3LQ,3.5239146
AKZH6MEXHWGLD,B018CHA2KK,3.786541
A18OWTDGIZ0W2W,B00FQVMUMY,-4.4914556
A1FI0I69UHS22T,B01F0SSM6U,3.9081433
A1K69VHP8LH96J,B006CC6ZTU,3.5911741
A3FA93L7JWESR,B00D5M4PTM,5.359792
A1FYJN76V1V5GX,B017V6PZGO,3.3562114
A3ALMNUTJS22FZ,B0085WDNMW,4.7185864
AX5KL9LWC1TG6,B00GK50H66,4.2663455
A13LERNQ8R7267,B017RMOW66,2.8502533
A3PB5W8OE59743,B012B68T6C,4.4262533
A2PQ680TRW8JFG,B00AB3F2RM,4.498207
A287J5FTWL99W6,B01B5BR1KO,3.8669083
A14TBDIKFSOIX8,B01HCB4LFE,2.705345
A296HV17AZ10V9,B01ABDLDMO,2.4130225
A3K4HYYXZFODU2,B01BJST0FC,3.4908261
A3JVZY05VLMYEM,B016XLB9MM,4.7823195
A12RUNSGFAZFE7,B01HFFPC2I,3.501249
A1T77WWA0TSSGB,B01EYXVZAM,4.040754
A1NPM2IW3DLO3F,B00GRGOL3S,4.998638
A2VDLDSGSD32FI,B017S1KRCO,2.7903962
A28SW1AQI0RADX,B00I9J9XAM,4.9675536
A35UQMVR4UJS15,B01G0NBRC0,3.9245503
AFQXMUALNERXZ,B016WQR86Y,3.5713851
A3747LNB8CNT5J,B00EH2E5IK,5.531034
A20Y0TCBU79GXU,B00UATSSYQ,4.1772037
A2EGLWRK7PCDYH,B00RJC1NTY,2.6147282
A33ULGLKE24W5N,B01H0IOZM8,3.0499032
A1JMSX54DO3LOP,B00KQ2G81C,1.1389595
A3ULETCKQMVG7N,B017Y0YYJ6,4.729879
A35BKLDD2E04E6,B00Z4EAA5W,4.0935493
A10JAUCIGVRW9F,B00IZODKWS,4.649606
AIQWMQ4JWKZ3T,B00ICTUW6I,4.7037897
A257TD5GO1T81W,B00XTAEA90,2.5794659
A166K6TJTPDX8K,B01HCB4LFE,4.838679
A2CJ33Q2E7PUTQ,B0092K075C,4.2401567
A2UVR7N8WC5GYY,B0135MRXRM,5.1927924
A2S5EPJ451WL3I,B01EDDUAFE,2.6080306
AL4D6OHMS2Z9P,B01EJ2BV0W,4.45957
A2QC9Q8EVBI6D1,B01GYPPNYC,1.6503019
A1X2URS71RRMMF,B00BQMKC5O,3.8624945
A3P2ROGJMLVZHN,B014LZJVAE,4.43847
A238ZC3TQJC8V8,B00K1HQWBS,3.7876258
A3GRUTOJXXE8FF,B01EPCXCU8,3.64541
AIH41FDX1K0Z4,B01B76FUMS,1.1091288
A3LR0J8MJ3Q6SI,B01G264272,5.750294
A1HHSUAQDZ1XM6,B00U2YDT5W,5.251926
A1PUZIV4PYY4YM,B00JI6MP4Q,5.4126277
A1RD1NM0602OQO,B006SMMW64,5.350693
A1UH21GLZTYYR5,B014LRV75O,5.034332
A137UEIU93IFEF,B00OJFOI1O,2.7893426
A2J8WQHKV75MAS,B01B43XFKI,2.0925179
A1LL39K926QN1V,B017DSORBE,3.870466
A1AFGQGTS66UYY,B00JI6MP4Q,4.1046414
A1TVJ9WDRP0UZS,B017WLXUQK,4.8516912
A238ZC3TQJC8V8,B015OS4436,3.6979067
A3HYB9AL7BZY4,B005UA0WOE,4.157427
A1DJY8WVWPJ2H8,B016TNH8HE,4.197584
A5KRI5P7KR7SK,B00QBFEV6M,3.222929
A16TE56LP5NUL5,B01G3UFLMM,4.3217177
AJL59IEBNETQ8,B019UHL0G6,4.5193315
ALN3RU7X0HJX5,B00CATSONE,2.55376
AGIFTDAFJEXVA,B00VU4WFLC,4.5603414
AK3LIR1TVZFVZ,B00M9TT8GW,4.589008
A1H10L6S9KZB2C,B00N0VI2OM,4.874719
A2CZKERY4LUBVI,B00MQ2NPYS,4.3451195
A17IUHX3ADIE9U,B00OM12RWM,5.747661
A2S5EPJ451WL3I,B00IQVA7XK,3.9100401
A3IAAKYJIX44EL,B00N992U66,5.006236
A26GE9ZG68SKIQ,B00M0Y5PZO,5.01132
A3IAJM6F3EBQ5H,B013XU5A8A,5.2517133
A2GWTB02UN6MTX,B0197OZW7A,2.5957274
A3HTBON5N1JCFE,B01C63GQQU,4.0535836
A1W49O3LYZ8GI5,B018F6H3U0,4.581524
A15Q5MVRVBMKW7,B01DRBV052,3.670338
A2LF3KTH2T6RJA,B016QYF6PM,4.882362
A1IOR50CXI3C89,B018CHA4GM,3.2864304
A387F6OFDVEDZT,B00JH66D1S,3.5162303
A7GZXYEZ2OMLQ,B00XPKE8GY,4.15151
A2AGAA1B2ORZW0,B0152U9LL6,3.3131697
A1EZD7IJOOAF6S,B0051EZBRM,4.0818295
AFX2KR1VGYWLW,B00S5HPW6C,3.4896019
A23SB7XAREYGF2,B00KQS1DJ8,2.7495596
A26V5ROE0OZCDA,B00EFKOFLQ,4.072929
AEJ5A6HYUXJ8P,B01GT4NXU4,5.118329
AZPNSCZH6LW40,B01GAIHTSQ,3.4728372
A1XJXYKOWCH9XT,B00C5W2P7C,2.6172411
AXVDFGI9OEIVK,B01G6H3LCY,4.02378
A22DD81HWADR6K,B01GPEDC3G,2.683647
A3HTBON5N1JCFE,B01CSOU6S6,3.0035336
A1EC5E7T0YNFOF,B01CBM44Q0,2.7222197
A3RNQ7PNKEU1UI,B00YDI7CHO,4.0475273
ASR774IIR8VN7,B01914ZZHI,4.269781
AQ9M23BNJZRK4,B01BRFLLPO,2.463995
A3CYA250L0DABZ,B0051EZBRM,2.8221262
A1JXLTQ5VWPGGV,B01G264272,4.1533427
A7M73HAH815DM,B017JRXATE,4.8867316
AQ5HSBPNASYIG,B01G7RDFGU,4.1602736
A2KUR0ZBNV17AA,B009YLKRAO,5.0258813
A38J1EW6EKAV0Z,B005JT5DP4,4.2167525
A39N24TTLP6I48,B00ZEHLHM4,4.824182
A1LIRBJD5ELW5Q,B01DTRFUY6,2.510362
A1G2GYX8B4OH8W,B017WTF8TE,3.4448316
ANKDQ12BPX6Z3,B00JHIJD5Y,3.61653
A1JNMSETGHIUZ2,B01A1E8WO0,3.8526587
A35CC2LV7L5GFE,B00ILWP2NO,4.0564895
A2TU13PFAZ7Z1P,B00TS3J5GU,2.5325215
AM9YOCRU10IXW,B01HBTH0VO,4.980143
A2RO8I1XUKKUU7,B01GEKTEY2,4.340263
A2JFYV4GVIMPCQ,B00QQOX6LY,5.2781887
A2UJTG9XC4KISL,B01A1AWBU0,4.159476
A2S5EPJ451WL3I,B00M8ERQ0S,4.466623
A7WOE5BJXO2N5,B00LMIWFUW,3.6071098
A10JAUCIGVRW9F,B0177475MW,4.2432575
A2QROW66DKI83,B01540DXZO,6.3644814
A2PSERVP2IKZDL,B01GPEDC3G,4.1586995
A2W3RQOSC87P4A,B00LDQOZWO,4.757606
A1C1TL7Y4D7A9H,B01H5MF0JG,3.9859626
A2BOKBB1IZA13L,B00629ZTOU,5.2228312
A2FCH654FN672F,B0100NP05Q,1.4051341
A3LZG1QQ1KMVX3,B01EQ2S2UM,2.5477707
ASR774IIR8VN7,B01GC37X7G,4.1004386
A1K4G4G02UIVEW,B00RNJLHS0,4.9542475
A16N88TMHMXX1F,B00NC0LECI,5.0689554
A3J5KG672GNB99,B00DPJ3J1U,4.966747
AXVDFGI9OEIVK,B018V1TLPE,4.8335567
A1L30W7022M9Q7,B00GRGOL3S,3.286685
A2ZJHEB8K8JZR3,B00P46P3XY,6.422668
A3R1EB0IGE3CC7,B00BELOQMW,4.3494573
A13LERNQ8R7267,B01CIDR8N8,2.8292391
A16TE56LP5NUL5,B014LQ18CW,3.3308072
A2ON53GR80JS8S,B00F64A1YK,3.6940203
A3L8F13NKUQHQ1,B00SRMFZ3A,3.6057894
A28SW1AQI0RADX,B01DJTWN0S,4.7065024
A3EI5NSXXCXQY5,B00N05R39I,3.8029509
A3IQ0P3M39IY8U,B00PPDJ7OW,3.6403172
A35UQMVR4UJS15,B00LU5ORLW,3.9245503
A3A44JIMIWYFIE,B01EZ9ZKII,3.749959
A296HV17AZ10V9,B0184SY5IM,3.0321193
A1DJY8WVWPJ2H8,B01EB1AHCE,6.4589868
A1KMD8HMYP57O0,B014BR4A3A,2.2997425
A1JS39D0NHVT3S,B013KAXWU6,5.0971417
A1NL7G5VN45RDW,B00VD0432M,4.5451765
A63YNBWLO7V18,B015D43O46,2.910261
A296HV17AZ10V9,B0085G0UHE,3.4638705
A37Q71Z1BE6V9,B00H67YGUK,3.9253128
A3RR4H0D4L9HYN,B01FEIRT1K,3.7066348
AAZ73E56LMN7V,B00TUC75T8,4.225672
A39CVMK2ZKEIK2,B00P6Q9A04,2.6158717
A2OHRT539LLCUN,B009SGXWM0,4.0535803
A2D9OWZ1X0DVEU,B00PG4T6UU,5.1006064
A24YALT0FFYFA8,B01BJXQMW6,5.72187
AY5R3F55U7WZ5,B00D9CMLNA,5.1326065
A3526B1LCK47X9,B00P8F4RL0,4.4741473
A2DZUQQXPNUGI7,B00F50R0H6,4.3272595
A1CLGNWRCE4QKB,B00DE3MJ8G,2.3672547
ACVNKHUOX3QWU,B00Q5OG0RM,4.4712696
A1VYZLUB3UXCR1,B0028OLDOI,2.5562813
A2SHWMWTXZLIR9,B01CBLURCG,-4.4914556
A2MR87VMPFNFJ5,B015GB04IK,2.4195108
A2S5EPJ451WL3I,B00YQBSEKW,2.493458
A10JAUCIGVRW9F,B01HDKFB44,3.260626
A31M3IJI2UTC4Z,B01AB1EQL6,4.4885554
A2SRUC3I2U1CAY,B01CBM44Q0,3.1622672
A26YZVV16S83MS,B01DUO8QXU,3.3886015
AXX9S5UGOEZR9,B018BYUPVA,4.6391764
A2BEDL4QXLEE3S,B0149IDQV8,5.8091073
A2PJCE1T0AXDD3,B00HTJJST4,4.8130155
A1OZ3R75S8NAYD,B00XK6SIVO,4.901035
AGIFTDAFJEXVA,B01BFZJW70,5.392651
A2HZ6MGQ6TPNO0,B00JNELJPY,3.2695138
A19MQI49YCA5SK,B01E5S9FUS,1.3867844
A39JEH2M5KY1HX,B015TWRVCS,3.348573
A3COJHCMSKHOES,B0165I3VSS,2.8376617
AJL59IEBNETQ8,B01G0GIXJ2,2.8957696
A39CVMK2ZKEIK2,B00XZJ30FU,2.02736
A2FR370CNM7L9,B01EZ9ZKII,5.0263004
A3OQWHOUM0U0QH,B015G747E6,0.4013265
A6SR7U2PNGN0N,B014M089YW,3.3651395
A178S00H8B3YWA,B01BUMJMA0,4.598243
AAIDLB38IY7R6,B004V49FHA,3.4627583
A16N88TMHMXX1F,B00TBTC3HO,4.4753017
A2PJCE1T0AXDD3,B00Y9M77YC,4.59259
A2OAWG4ETZ7MQD,B016R0I2WE,4.344364
A37Q71Z1BE6V9,B00N9RT7RS,4.1520696
A197W8MNF706HT,B01G7RDFGU,3.1229575
A2B9C3FMYW18UN,B017E2DKH6,2.826966
A31K93JWWNEMAJ,B00V4VO3KW,2.9012024
A1P5YXP15B13SA,B00LAKB87S,2.1885908
A3CAIZ5D023DAO,B00S5HPW6C,3.782571
A1FAJ6G0KD5ASM,B00WBMKEII,4.765555
A1J3WRDIB012CI,B017GGWXNW,3.897125
ADUI5YISBG6Z4,B00L2F5P02,5.6531987
A63YNBWLO7V18,B00PLZR6ZG,3.2700593
A2XRKQZA534EWO,B01D24C6VQ,4.5356708
A3V9J8I5FHAH19,B007PX6I10,3.093547
A3JVZY05VLMYEM,B00TIUEVL2,5.2462435
A24PEXYGCID15Z,B01HFFPC2I,4.4359016
A183DRUR0UACQ4,B007HU7NXS,3.9836748
A3CHUCS2CVKGI0,B00KKXTC2Y,4.0816083
A1MBL6RFT345MS,B00UCANMJO,4.421345
A2OAWG4ETZ7MQD,B00HHCA47I,3.8590255
A3H38968JZF6VK,B00ICTKZOM,3.8922322
AQ5HSBPNASYIG,B00X8YUF6E,4.7705355
A26YRCLOTDIL0P,B00R67MD3C,4.3863688
AGTV0GXSP1SLA,B01E46BFJU,4.3386464
A2IUIOTFRZHGLD,B01AQO16VQ,3.0212011
A3C713428J4MJ7,B00L2F5P02,4.8616176
A8YJFGILC2W38,B01FIJL2EA,1.5795006
A2EVKNQ71UULXI,B00N7K1BB2,4.585129
A139X5E4RN7SUS,B01EMF4FXG,2.4909801
A2U72WDAUX5CD8,B00SA5KFM0,5.377498
A24YALT0FFYFA8,B01HFTVMXM,4.5540023
A1D7CDK7HS68NP,B01FPX3VYS,4.407779
A1FCMIVQTWHYH2,B00DLSTT9Q,5.365917
AIH41FDX1K0Z4,B00FEPGGJ0,3.0606444
A22DD81HWADR6K,B016TG5V3E,0.86221194
A2HX0B5ELOPP5Z,B009DIU4EW,4.3330593
A3K4HYYXZFODU2,B00VOYNKM6,3.4908261
A2N1XSD82O6XTV,B006ECFWBA,4.244894
AV6ORIR1JV86P,B017HX13DU,4.3921485
A37R3BNDHBIZTL,B014VPZHCU,5.418426
A370VMDK3FZX5X,B00HI3MSV6,3.8546221
ASQNJGXL1BXWV,B012B68T6C,4.0085425
A19MXYAHMAC99A,B01EKPNQKG,3.2706614
A2YF0QVNVT7ZI8,B00KYWRUY8,3.0753515
AFC97KDPMJHXG,B01BJST0FC,3.6905582
A2Y7B4AASUOXM,B0098AUF7G,2.4864383
A1H10L6S9KZB2C,B017733NZ6,3.816881
A9M7TOUJ3N4OE,B00T0WOGTK,4.7490087
A2S5EPJ451WL3I,B00K2BX8WY,3.4791732
A2B42XZI4MXOLX,B004VF69LY,2.0726483
A2UVR7N8WC5GYY,B01CSNZ15K,5.0549016
A1WQ920S5TIAWQ,B00LERZ5ZI,4.6660857
A16E3LZGPATT2,B00X8YUF6E,5.603336
A1XKTJ1XLTWLCQ,B00IRKQ08Q,5.0424147
AX5NHGPX6G44A,B017099OS2,5.1790357
A36XTPY9IFYA5R,B00P8DE7YY,4.665255
A18EEC1ENOT9YN,B00G05X52E,3.7019546
A26BT1R57DXMKD,B01FZP54SW,5.1325936
A2H44WVZS59KKT,B00Q102M5Y,5.6237044
AUI3XAZ1513SI,B00PUSKH14,3.395867
A2LSU90DNHL9CK,B00ALG6UW0,5.1638675
A3AQZ5F9U6E9ZO,B00NOCBDQG,3.186679
A20ISU7TSX8NIL,B01B2EYBIE,2.3104215
A3RDDEA1NKSMVC,B01ACLW2JS,3.6485372
A3A44JIMIWYFIE,B015BCX0OO,2.4680157
A2WDOEHN67OBYH,B01GQW4UQ0,5.115148
A2EGLWRK7PCDYH,B00PBVRFUQ,4.5010176
A1OBQ5I31GW1TG,B017GGWXNW,4.271085
A1IFWIZ62O12OT,B00RZT2U5W,4.2074046
APORGO15GFK60,B0165I3WGY,1.0180137
A83C3F4X0U3ZW,B01GJA450A,1.6135112
A2FJLSKL2IZSHC,B00DNI7UE0,4.141917
A2JJ1DXY0F6355,B01F0MF6KQ,3.913407
A916DXE9W36GF,B01E2H3M1A,2.5689516
A1JLU5H1CCENWX,B01H0IOZM8,3.6172793
A2I0ZBZOWPP756,B017DSORBE,4.366112
A1DJY8WVWPJ2H8,B00LNJ4ABC,4.410238
A2EGLWRK7PCDYH,B018PD0F9E,2.6147282
A3A44JIMIWYFIE,B01GYPQQRU,2.4680157
A1ZDSAPOGRGBJI,B00MD5VDNS,4.466662
A2FDDTPAER5DBO,B00KSFTUAI,3.5241401
AZPNSCZH6LW40,B017GQDZWU,3.4439032
A3G7QPDLX3SDV0,B00KXJ69T4,3.662275
AHNGMRN1V1LPH,B00BQMKC5O,4.5778074
A2DIX1VZU1CNPW,B004YTT2OI,4.0877914
A3A44JIMIWYFIE,B01AXR6KDU,2.4680157
ADT3692HEYU4S,B00UAZ3JVC,3.3809516
A16SH2BVYS9FL3,B01C4IAK5U,2.5212474
A2UJTG9XC4KISL,B00JNK590Y,4.317248
A1NE9CRAQ0WUV,B00VW0GK1A,3.9081295
A1HHSUAQDZ1XM6,B00HBJ693U,5.02683
A2KZCKQSFWRJIY,B0174PTMU2,3.4949749
A2B42XZI4MXOLX,B013FJACFU,2.0419466
A504UK7D094HT,B00HTJJST4,4.3562474
A7GZXYEZ2OMLQ,B005UGMC78,4.498494
A1SVKXS358TXW2,B0197OZW7A,2.5912092
A13J31ZJVVG2GY,B00V5T9A38,4.5286384
A2KUR0ZBNV17AA,B00T6N60XI,3.2081316
A25RC2LBHICQGV,B01348I31C,2.6229873
A2MK1L1Y74WTWH,B01E6DT75U,2.7744153
A1B88VE5O3J9CQ,B01E2H3M1A,1.9213439
A253ZKSZTAZ8W7,B00DCHAV2K,4.7316313
A13J31ZJVVG2GY,B00TYER2BI,5.279247
A2B42XZI4MXOLX,B01GBW546U,0.35580817
AICEEONZRFNJY,B01E2H3M1A,3.2845268
A3SW80W0MUWHAV,B00UT0VAD2,5.2550225
A1ZDSAPOGRGBJI,B01GDCDGL8,3.5005379
A202A0SM6MHKMN,B01BUMJMA0,3.9746382
A1ERDA4ETW7FP,B011K698S2,4.9467115
A245T0V8KVTV45,B00PRA4CUM,5.3946347
A3JVZY05VLMYEM,B01GBYFK1C,5.002769
A37D3BRKS7OO2L,B00OYWP438,5.1654844
A15EI56DL57DZC,B00XLS3FIW,4.289531
A28JLVMZBALBBL,B01AQO16VQ,3.702266
A1NE9CRAQ0WUV,B00OYWP6G8,3.7758887
A1KE19CDYIO2YN,B00TM8ROUK,2.4034069
A24H5TP8HNEKQZ,B005KV1EHW,5.557536
A3R3Q8YO6VB0N8,B01EQ2S2UM,3.1521566
A296HV17AZ10V9,B00OV9EXLS,4.1376204
A1W48IWJ8A610S,B007I87NW0,3.2024033
A2TX3PH7TXFRE9,B00TO2TRV8,1.67732
A3A44JIMIWYFIE,B00STQ6W7W,4.5578775
A2NEC2R4PV553,B010PHITOQ,2.4903982
A22FAHV2R6BUVR,B00EWTMO7W,3.7285779
A3N6TV5T5JSG7K,B00N00BM2M,5.754792
A1DJY8WVWPJ2H8,B00FP43PP8,3.9123676
A10JAUCIGVRW9F,B00IJFYICO,5.8305
A1CL3FS67LX1YW,B00TSXRDW8,3.4395561
A1PMXOPB5EYC54,B016LQPHRM,4.4146824
A2BU8F7WVY26UA,B0104OFHEK,4.7303834
A190TSUIRJIFUK,B00ZAQOAXW,4.913505
A137UEIU93IFEF,B009BQN3MQ,2.475293
A1SH6H9ZY9AJV9,B00FW18W9I,4.1161194
A245T0V8KVTV45,B014GAK1R6,5.262735
A2VSFHELFF7ICE,B01CWZH814,2.9756546
A2BOKBB1IZA13L,B00VN6WB66,5.3010798
A3OEKEUC8HCZ2I,B00DCBMEQW,4.358579
A2MR87VMPFNFJ5,B011HC6Y1I,2.806522
A1JLU5H1CCENWX,B01E2H3M1A,3.6172793
A3526B1LCK47X9,B00JX5YROI,5.1312413
AQFF452SVDF48,B00H2ZK6FU,1.0784634
A2F2878HE7XOM9,B00JLHHYWA,3.4146132
ADUI5YISBG6Z4,B0177A1OP0,5.057904
A38J1EW6EKAV0Z,B007Z4WSOK,3.808679
A10AWAE0F6CAP1,B00O26GDSQ,4.0418963
AHMV0N47XOIMZ,B00CGFGS3A,5.0672083
A1W9V4O3GA6996,B015L2UR1S,6.044642
AF85CAX5BR5IM,B00TGC71K0,5.3068023
A39N24TTLP6I48,B00LNJ4ABC,5.246712
A1DWI3TBD5RZ4J,B00HIVDZK6,3.9486992
A2U79NOE9VJQSF,B01AQ14XL4,3.5101225
A2MD57B122PGJ1,B014BR4A3A,3.0772967
A3IQ0P3M39IY8U,B00MUW6TF6,3.791724
A25UO1J9IM3R5Q,B015T6EYEW,4.913739
AOLHNMI8G8R6K,B00JTCH5RQ,4.88477
A1N5V2UJOC1BY9,B01EW6DERI,4.8084292
A2PZA5XB74EIDB,B00VGSN214,3.7529142
ATTQEF12BAZNC,B019S2I4HG,3.4783432
AK3LIR1TVZFVZ,B00PPFQK22,4.5460887
A2QEVQMB8B08UQ,B013R6F8CS,5.775904
AT8FSIABOPFMJ,B01D28JE0I,3.7814322
A3J9BHGK55ZPJO,B00TBTC3HO,3.4668045
A2K3C9H73QW8NK,B01BFYBH24,1.5806174
ACVNKHUOX3QWU,B000JMKRTI,2.9151173
A23SB7XAREYGF2,B00Q9QAF9A,2.8951147
A3IQ0P3M39IY8U,B00RZT2U5W,2.8456457
A1YZCADBVKWC9X,B01C8CLGR8,4.186199
A2DUM12AUHUHXM,B00VOYNKM6,2.4508045
A2NLY1TJ8TYV6D,B019D7D3CC,4.560556
AA9PKGS1AJS9V,B00RJC1NTY,3.6317804
AK56P9TMUDM8F,B0165WFUKG,4.713147
A14CRMGM3ZW3SP,B01G94M7XI,5.3098288
A2V85U4LG9CNMC,B00TECTTFC,4.9207306
A16N88TMHMXX1F,B00U9I7K6U,3.9400432
AXOY11IDEONHE,B01GSRNLOK,3.226592
A2Z3DQ7P9JYRLG,B00ZNE45BS,4.4394317
A1J0R4BQMKXZMF,B00O26GDSQ,2.351174
A1EHES82IVVS9C,B01GBYTK36,4.0876975
A2LAII96I1O1IY,B00UDQTS40,4.6875334
A2PSERVP2IKZDL,B011IXZ6KQ,4.844113
A3FOL8CN5A1TFR,B00LI485VI,5.330814
A414YEU57FUHJ,B01C8CLGR8,4.714728
AQ9REGZ6HL9AO,B016TG5V3E,3.3122432
A1W49O3LYZ8GI5,B01CXL5YV8,4.438912
AM9YOCRU10IXW,B00BOVLVCU,5.4629116
AS09YZV00HGLO,B00K0YPPME,4.6446276
A2LMF4HG470CNF,B00UZM2O52,3.9103992
A3V9J8I5FHAH19,B012FAXT0U,3.978227
A2Z3DQ7P9JYRLG,B00LZA6C88,4.4388013
A1FHWVQ0ZMFFQK,B00CP7M572,5.220602
A2O37WEGGS6NF,B01GZ7IMJC,4.2090697
AEO8TLBXYU569,B00DRFQRIO,4.821749
A3P2ROGJMLVZHN,B01AJ6SEOS,4.625839
A23ID71VXIBR8T,B00W891R26,4.9063554
A2S5EPJ451WL3I,B00L2F5P02,4.860622
A1LUNML2IDLSLN,B01GJRQKBK,3.9957001
A31G4MNGZNYSZI,B013QFWB7K,3.5954955
A2RO8I1XUKKUU7,B01GGNXFEW,2.894481
A1F41PH89SL6JB,B00PG3NQBQ,4.0746384
A2RD5P62OJNH8C,B01HFTVMXM,3.5231316
A13LERNQ8R7267,B01C9B2R5S,3.8336208
AHMV0N47XOIMZ,B011TI8CTW,4.7469416
AZPNSCZH6LW40,B01ECOIDHQ,4.237929
AUII0MVONK1A1,B00PMH3R3I,5.4040008
A2PJCE1T0AXDD3,B01BHE3H1G,5.194037
A1LL39K926QN1V,B015TWRVCS,3.7851508
A6ZT9EZ49JTEL,B01FLJUZ0E,1.464568
A2LAII96I1O1IY,B00XAGLZWS,5.1062503
A202A0SM6MHKMN,B01HF6OU70,3.6118004
A2Y7B4AASUOXM,B01EDDUAFE,2.7800677
A3DA91KQ8UQ76Q,B00V8L0G5O,5.3144746
A2OAWG4ETZ7MQD,B00PG8UCH2,5.3101087
A12E7WMO5NX1Q6,B01ERZFFSK,4.1756153
A1K69VHP8LH96J,B00JNK590Y,5.0082097
A1W49O3LYZ8GI5,B007PX6I10,4.974563
A23TQDWMUA4F6Y,B00U48LBZQ,5.47806
A16N88TMHMXX1F,B019OYETT0,4.4891896
A1630ADTTI0JLO,B013FJACFU,4.9368315
AVNS35OHR3D76,B01FRK7VO0,3.2411728
A2S5EPJ451WL3I,B00K395P12,3.8642752
A36XTPY9IFYA5R,B01B6WT11Y,4.9585953
A63YNBWLO7V18,B015V0AKSK,4.9310784
ANKDQ12BPX6Z3,B00DRF2602,4.0582156
ABTPG9K6K74W,B00MIH3P0U,2.1619556
A2QROW66DKI83,B01D0HVU76,5.349857
A3GWE80SUGORJD,B018CHA2KK,3.7606754
A10Y597K071WTQ,B00PQWJQGG,5.3248124
A3JVZY05VLMYEM,B010QZIGBI,4.0638165
A1Q8VGN4CN0JHT,B01HBTH0VO,5.258616
A267QVSAPZCRT7,B00N12ERCG,4.171448
A2V8X8MTCE868O,B00M3GWXHW,2.894813
AVOPHZPWGEODY,B01GM4MH6C,4.0549636
A1OKS5Q1HD8WQC,B016WK3XZU,3.381603
A1HHSUAQDZ1XM6,B01EMF4FXG,5.5402217
A33JTEMYGCO69V,B00SEFGTYO,3.9962747
A3GEKHTOCDSCBT,B00D2Y3BFC,4.5796113
A26V5ROE0OZCDA,B013QFWB7K,2.7087512
A35TIIYV9908KE,B0118DAWR8,4.826079
A3J5KG672GNB99,B00N9RT7RS,5.0875006
A1LFIFPYMOJ8RV,B00JX5YROI,4.6639304
ANS3TWQTZLXGN,B01A4ATX4E,2.7944283
A1I96OYAUJ3HQE,B01HCB4LFE,3.2490256
AQFF452SVDF48,B014C5K4WC,1.0784634
A2QBQRIM4WRRG3,B01BUQM4BU,2.7420306
A257TD5GO1T81W,B00F64A1YK,3.8418648
A3IQ0P3M39IY8U,B00YQBSEKW,3.8236377
A3DVGQZY2MBA87,B01GM4MH6C,3.3009927
A3LR0J8MJ3Q6SI,B00O26GDSQ,5.053284
A2539ZDDALTYR7,B007J4A4KQ,3.2723408
AIKGKUGNQ6L2F,B00LKNP8DU,3.4950826
A2MK1L1Y74WTWH,B018F6H3U0,2.8185577
A1E29AF1LT9N6S,B00JUV8JPS,2.2310374
A10C3068FTNIOC,B00UDQTS40,4.7740083
A2PQ680TRW8JFG,B00YQBSEKW,5.135859
A2EGLWRK7PCDYH,B00N57TJZW,4.458568
AX7QPL1UI24F7,B01EMF4FXG,4.346279
A2TWXEO3YM4OAP,B0070JOQHM,3.9925134
A36I3CE9A5LP9N,B009YLKRAO,4.8222055
A12RUNSGFAZFE7,B00R1XYQYA,4.2534966
A3CYA250L0DABZ,B01A9BTUBY,2.7902315
A1ZDSAPOGRGBJI,B01BA8ZTBA,4.9136224
A1121LU5RSP5CH,B0197OZW7A,3.3957136
A2PF014MHWXCT5,B00CS74GE4,1.668001
A1MIXHFSMNEE42,B00DIJMJKO,3.7884126
ADT3692HEYU4S,B00QOMN6JK,-1.4922988
A1YAIBG1N7N5VV,B00HZ3NG74,4.518246
AQFF452SVDF48,B019B6TWFC,2.8685143
A1HHSUAQDZ1XM6,B004YDN934,4.077697
A3C713428J4MJ7,B019DZKCTQ,4.3722463
A222WQ9VGVPSR5,B01EBXU2TK,2.7831717
A1L9DJQ5BS13S9,B010C0Y77O,4.947685
A10IXICTN64ZSV,B015B839PS,4.769387
A2LAII96I1O1IY,B00R6K0JM6,3.3712287
A10JAUCIGVRW9F,B00N7K1BB2,5.148145
A1D427FYPTSWR0,B00SO0DWK8,3.5269651
A2826FTZACYYNO,B017J556C0,3.8235981
A1NAXYNAOGJIGN,B00CCVVKMW,5.6780705
A2MK1L1Y74WTWH,B00UGG43UQ,2.3444731
A2Q439D72KOQME,B00E42TZQ0,5.3159375
A1FREKK8605YKK,B017RUWG84,2.7421446
A2RBLZC3MJ5FNM,B00TYYW7M2,5.5344505
A2D9S6V1AFXOAO,B00TQ8W4KG,4.403466
A13JQT6036JF,B00UY3LLY2,4.1009617
ABNZCEB0CF7MP,B00KEFZQ14,4.946641
A27OS7Z94VXCYF,B00T6HTTZK,5.001246
A13J31ZJVVG2GY,B0165I3WGY,3.7708585
A3L1Z0R3ZB2OFU,B00XST7U3U,2.9715474
A3A7FF87LEVCQ1,B00L0LQCQ4,1.4861413
A3YPNGXQCY94U,B01CWZH814,3.4234068
ALGAUZSEQQWI4,B015BBZB1K,4.879518
A3J9BHGK55ZPJO,B005JVSU2U,4.681477
A296HV17AZ10V9,B00G0TI2I2,3.5221019
A7GZXYEZ2OMLQ,B00GRAZD3G,4.546898
A37P6T3YZ8KY2F,B016XEZDB2,6.0738025
A15Q5MVRVBMKW7,B00F77FFMO,3.4429362
ALGAUZSEQQWI4,B00LKRDIUG,4.502649
AL4D6OHMS2Z9P,B014RCH66M,4.4354076
AXX9S5UGOEZR9,B00LS6MCMY,4.945287
A3SMTE1XV2GC78,B01AQO16VQ,3.7384114
ASUZ2V9ZK5DXS,B00NLO7O38,4.7204394
A137UEIU93IFEF,B01CIYUPUK,-4.4914556
A2UJTG9XC4KISL,B00TWUUBUI,4.61958
A3RR4H0D4L9HYN,B0095LNU3O,3.7066348
A19MJXG060UDTA,B01EMF4FXG,5.1227517
A1DF6JO4KFE5X1,B01F18XC50,4.078801
A1JLU5H1CCENWX,B01CBM44Q0,3.6172793
A2MR87VMPFNFJ5,B00EWRZG5Q,2.4692461
A2RBLZC3MJ5FNM,B01F8PWUWW,3.2060935
A23V31AXVPHVJV,B00RUSH6IE,2.165685
A38TZJEVGI7OJN,B018A097LO,5.5174074
A2PZA5XB74EIDB,B00T8A4H0M,3.4291575
A2RQ5IRWRU0TVO,B00LLSZDOI,4.081358
A1UH603GXL3ER2,B01B0QXBA8,2.425978
AZFENNBSMN980,B00KDJNAIW,3.8271341
A1AMO1E4FMSUQA,B0104EOJBM,4.335071
A2A1U239S7ZVL1,B00F8KSVAS,3.0428207
A1WKQ3TEEAOTFH,B0189PJNM8,4.878247
A1DYMH30TSRONY,B00X2FDZKW,3.2530935
A3P43CX5G4GR7U,B01GZ7IMJC,3.499259
A3VJ8H6PYWOP1C,B01GT44VLO,3.328572
A16TE56LP5NUL5,B01CBM44Q0,2.815103
A37KLLG8DXL5J7,B01FQ57CRC,3.3712876
A296HV17AZ10V9,B00TBTC3HO,3.3025205
A1AMO4S4I575LQ,B00L8LCAJY,2.699015
A17KGW8IYD63JR,B00S5Q1W2G,4.7190876
A28KZIYDZQRGGY,B0174PTMU2,3.9546888
A3DJ1IVSPDTMW5,B0150C55HA,3.853657
A2XKX0EWBR2ZT0,B0141FEF1O,2.8067415
A1A43F9O4PEBU5,B0116SLML0,4.5674806
A3MTU1QAMYEAX3,B00NB3LMEG,5.4924703
AVNS35OHR3D76,B00RJG95M2,1.3950675
A1JADDWR1H3M0I,B0118DAWR8,4.251143
A24Z79OS5VQA7Y,B01GQE49E6,4.546391
APDBYAGNSIIXZ,B01E2NULD6,4.322986
ALUG4B13HWSBF,B01DRKRODK,5.3066916
A1GXJZGFR0BPJH,B00T3FLMZU,4.6261187
A326085M0DK10B,B00IU69PTI,4.290565
A3LK5ALS0KX73V,B00QMXXG3C,3.857666
A1L30W7022M9Q7,B015BBZB1K,3.9620245
A3FA93L7JWESR,B010ORALRK,4.585916
A2XRKQZA534EWO,B0184SY5IM,5.1891856
A2KUR0ZBNV17AA,B00DGYKGQ0,4.3918586
A29Z1G9N7ZVFU5,B010W9HEUW,2.6904461
A15VZ8KA1KH8ES,B00TBTC3HO,3.3172307
A1ZV5XBKG7RVZU,B00LE4Q370,3.4096122
A2S5EPJ451WL3I,B00LS6MCMY,3.9590714
A2V5HEEE7YLXMI,B00CIAD6UQ,3.6952298
A18LI83Q1F5DKU,B00LAKB87S,2.2510169
A15VY7B7VJ3UNY,B0104EOJBM,4.651894
A1JLU5H1CCENWX,B01CYTLPPI,3.6172793
AV6ORIR1JV86P,B01E7HPRT0,2.4714262
A2L15MBNQU7O6G,B00XWCHNIU,3.5538356
A1D2C0WDCSHUWZ,B015BIHKH6,2.6446383
AGCQUDUCJRV0B,B00V50VSUU,3.0728834
A33ULGLKE24W5N,B017RMOW66,3.0499032
ADUI5YISBG6Z4,B00LMIWFUW,4.3189626
A1WK64OV93G9TA,B00O6HCBNW,3.523799
A2PZA5XB74EIDB,B01G3UFLMM,3.5703678
A281NPSIMI1C2R,B00O5KVZEG,2.580284
AV6ORIR1JV86P,B00YAVNORQ,4.715505
A2FCH654FN672F,B00RY4ZKZ0,1.2330166
A1XLO4OQO7SF3Z,B00O8CFKKG,3.9937236
A2UNMDJYXPEQZ3,B010GTEQ9K,5.041468
A7GZXYEZ2OMLQ,B00Q5OG0RM,4.666162
A2BOKBB1IZA13L,B00HTJJST4,4.5727544
A10JAUCIGVRW9F,B005CM1S02,3.9623587
A24NC3WOFW7LHT,B00SXNYCU0,3.7956133
ADT3692HEYU4S,B00XIHMD2K,3.15824
AZFENNBSMN980,B01BRFLLPO,1.9905585
A369BMHORFPL0O,B018A8EDV0,4.947271
A16N88TMHMXX1F,B00LHDANFG,4.4057
A2B9C3FMYW18UN,B01CT5K792,4.439247
AXX9S5UGOEZR9,B01BFYBH24,3.267926
ASR774IIR8VN7,B00BPTTFOW,3.4462922
A1HHSUAQDZ1XM6,B00K31DCD8,5.310457
A36N7KTS8JMR4L,B00XB6M0OY,4.1552763
A27OS7Z94VXCYF,B00TO2TRV8,4.761411
AX59HEWTONQ1M,B005GHQ9IY,2.0046477
A1NL7G5VN45RDW,B01B0QXBA8,4.6387157
AZPNSCZH6LW40,B01FQ57CRC,1.3986627
A1XKTJ1XLTWLCQ,B01D2CC1EU,5.6792455
A1E1IGWRW974JG,B01AXR6KDU,2.8060167
A3E1OKXRVUNNU1,B01FQ57CRC,3.7106934
A7W8CXJOH3UNV,B010C0Y77O,5.3116527
A1IE93W5OH9MGR,B01F5KX678,4.816836
AQ5HSBPNASYIG,B00TECTTFC,4.736527
A1EPVSC849EI9R,B00P9RVW5G,2.3468466
A326085M0DK10B,B00L2II2AY,4.1951923
A3COJHCMSKHOES,B01AQNZQF4,2.8376617
A1XJXYKOWCH9XT,B00FQAQQ9I,2.3186066
A1LIRBJD5ELW5Q,B01A1WX2ZG,2.510362
A296HV17AZ10V9,B00AXTM8G2,3.2914858
ARF6JCH8L8ANV,B00Q5IJ55C,5.3437696
A3BTRKXD03KC4F,B01B55MQ5K,5.098028
A2GO4VWZWTL7ZC,B00MQ20P28,3.3667328
A8RL5L4BJTEMB,B00XIHMD2K,4.9159546
A3PVBW0TN46U8G,B01B5BR1KO,4.5259824
A296HV17AZ10V9,B01HDLC4C0,2.1662734
ARWMPJN499ZJ,B00LZA6C88,4.5279393
A2M1QYOWLBGRHT,B00XLUEMYQ,5.0459027
A1E29AF1LT9N6S,B00BWDMEBC,0.86575973
A83C3F4X0U3ZW,B004ZM8O3O,2.61027
A1NE9CRAQ0WUV,B019KNRPU0,4.7117276
A7M73HAH815DM,B01CMYB5CI,4.6326613
A386CNLWZUF3EH,B00YO2UO9M,2.1601894
A2MEKYD68X8R8H,B016XFRQMA,4.277953
A142HAT43L5W4W,B01GYPQQRU,0.69620514
A202A0SM6MHKMN,B00GUZ195O,4.2639804
A219Y76LD1VP4N,B00LOTFY1Q,5.1820707
A22B7J3YC4623X,B01FBZXSI4,3.8337126
AF7IKL1FN52K7,B015BCX0OO,2.675228
A27OS7Z94VXCYF,B00ICTUW6I,5.306907
A11TXTVCFT246T,B00OGOBL3Q,5.8720374
A1NE43T0OM6NNX,B006RNBI6O,3.3448646
A6ZT9EZ49JTEL,B019LZJ5H8,1.3999592
A24KZL47I6CH4C,B00QQOX6LY,3.058039
A1LFIFPYMOJ8RV,B00VN6WJFO,4.9170003
AK3LIR1TVZFVZ,B00MQ00LEM,4.851636
A139GUSKBRWPIT,B01CDN543O,1.4796022
A3SJW9YR903G3,B00YN6XHMU,3.3752816
AS68HOKD544K6,B01FB6YRH4,4.986746
A1UH21GLZTYYR5,B00INIXG66,5.0159845
AJ80WW1T5KJIC,B01324YJ8Y,5.046447
A1LIFH8XF44LMI,B01DFJLD62,3.3496375
A387F6OFDVEDZT,B00CW44YIQ,3.5888739
A1F081M2MZFBQ3,B00TYV0WSG,4.690979
A3AM6MXENFRF3G,B00NLJHSQ6,2.309339
AQ5HSBPNASYIG,B00KVQZSF0,4.0474234
A3LH8IBNEFV1GZ,B01BN5LB7Q,3.7295063
A24PEXYGCID15Z,B00WBMKEII,5.0764704
A1LBXPSSVZVIM0,B00QNZGJVA,4.290048
A26GE9ZG68SKIQ,B006R7FXFW,3.9587681
ALYI8YM90TPD1,B00CJV6N0Y,4.407575
A17EGVTXRDFTRS,B017ATNDY8,4.908727
A2989UZHTNXKM9,B00RSQSZVU,3.6809437
A2ZJHEB8K8JZR3,B017ATNDY8,4.8844376
A3BPKT9STRWWQG,B019YNUPFI,3.6375654
A1K8LHF6NILUG3,B01GZ7IMJC,3.8750932
A1NE9CRAQ0WUV,B01AAXMLVW,4.7751713
AJUCQMDI0QA3I,B01BRFLLPO,3.5807605
AJYEWC922WUNC,B018CHA2KK,3.6897066
A2B42XZI4MXOLX,B015JQUCU2,2.2375858
A1VE539RO5061D,B01DN1BLKK,1.072437
A10DX94ATZQEFG,B007PR34G8,3.7460148
AN5L4HOQ6ZZOP,B005G7ZFXY,5.348946
A26KWG162U8VBQ,B01G5Y6DAA,3.3319545
A399P4ZD91MS1C,B00H62TMJA,4.476497
A3FO728397JFZP,B00SZDH08Y,4.235832
A3VE7N2XUI8C3K,B00UJEGURO,4.5492005
A1DWI3TBD5RZ4J,B01DH6EQ9O,3.0179465
A8A49ZBLUK9BQ,B00LAKB87S,3.9489362
A3DQFF08361SM1,B0192UONPG,4.9951506
A1CIS4LOWYGZGA,B007MIITQA,4.119124
ATZOHBDX5VNKJ,B00PUS8AEK,4.3491526
AUME0VNK7J2MP,B00QXFNP62,3.6180384
A2N0V6GUH28XMN,B00KE8RLV4,4.942831
A37Y75XN6SY5YL,B00BWZAC6E,3.4842432
A7HZKJID44JZ3,B01BO68BBI,2.5025263
AX746FITV1G72,B01CERDE8G,1.5529219
A3QU0T2MAJ2VJM,B01CW54QN2,4.323791
A2BU8F7WVY26UA,B01DJWPF6Y,4.410493
AZD488SA9QMYF,B00P8F4RL0,6.1497936
A2PSERVP2IKZDL,B01HDNEFGQ,2.9348521
A2MR87VMPFNFJ5,B00G8UKDQ2,4.289718
AQ87G02DO56Z,B00RO7302W,4.1929035
AXX9S5UGOEZR9,B00H3HRWDQ,4.7435994
A26GE9ZG68SKIQ,B00LVD00H8,4.2891183
A6ZT9EZ49JTEL,B00H86G7JW,-4.4914556
A2ESCA4MLAK1QF,B015BCX0OO,2.918158
AWG9YC0S5ZXRQ,B01H62L5GW,4.3586264
A1V9310YS86T7M,B00TI0T5IQ,5.441898
A30DNZQPIYZ6KX,B019KLR688,4.043984
A3QY3KER34QGCS,B00IKKZTPI,4.972525
A322AOTMV72JED,B016LOWN3K,4.5762506
A2F63GO7VQCMJ7,B0190HN0DM,3.5545104
A2ZJHEB8K8JZR3,B0165WFUKG,3.4452515
A3G31IWKH9ALT3,B00ZYX46P8,3.866806
AHMV0N47XOIMZ,B00CSBQ5YO,4.307888
A1NE9CRAQ0WUV,B015AF419U,3.010556
A2H44WVZS59KKT,B00R04OX3E,5.3395
A6SR7U2PNGN0N,B00U9WZPFY,4.360143
ASUZ2V9ZK5DXS,B01FOEQRNA,4.157495
A2DIX1VZU1CNPW,B00LYD3TZU,4.476332
AGT5F6R7R53LR,B00JS7CSVA,5.691984
A1V4LZS4HHHH6K,B00VOYNKM6,3.041125
A26V5ROE0OZCDA,B00H8TBQCC,2.0011027
A1HB17E2WYXZ7J,B01CBM44Q0,3.286318
A1V4LZS4HHHH6K,B017RMOW66,3.041125
A134C9GVEU5TQE,B00TOZ9EC2,5.582962
A2K057YIAJJQXS,B00X8SCJCS,4.0689387
A23SB7XAREYGF2,B00R0SMBXY,1.4976653
A287J5FTWL99W6,B01FKDKB96,3.759516
A2B9C3FMYW18UN,B00UGEZ5EQ,3.08039
A2Y7B4AASUOXM,B00AVQAFKI,2.3043957
A10AWAE0F6CAP1,B01BRFLLPO,3.6595132
A23GNQPTX5CJIF,B00SWMCZWE,-4.4914556
A2OHRT539LLCUN,B00GBFJ1IA,3.8934379
A2RO8I1XUKKUU7,B01C7NYWBK,3.8745062
A2XH6KI5ZLRLPS,B01HB97HVC,3.01353
A3JTJ1E8NK7DH1,B00L0OKIT8,4.038444
A1KRKONSKSM8FS,B0168RN7ZS,4.308642
A1XKTJ1XLTWLCQ,B00CNVVJ68,4.75093
A0020356UF96ZV361ST,B00H6VZ0SS,3.924435
A2B42XZI4MXOLX,B01A5CT9X6,2.5047853
A3OA2NNV9REWOU,B00DLSTT9Q,5.878181
A2EGLWRK7PCDYH,B00HTJJST4,4.2079997
A3T5H007CVA99X,B0122DECEW,4.726278
A3CYA250L0DABZ,B00OJFOI1O,4.0062704
A1I96OYAUJ3HQE,B01F2WTGFK,4.0610123
AG63N054UPJH2,B0057QO8Q4,4.9811997
A2RWL2UG5PAFAZ,B015BH04E8,3.88081
A39CVMK2ZKEIK2,B01C1VAR5S,3.0972252
A35M5NTEVHKVB,B00O7WX2WA,4.849982
AJL59IEBNETQ8,B01A1E8WO0,4.4592257
AST0YDHJJR65Q,B00C0D2MAQ,4.1026497
A17EGVTXRDFTRS,B00J3GS5O0,5.760005
A1KRKONSKSM8FS,B01DH0L20G,3.6513486
A2VTPPOUWOT9AB,B00NZGCO6O,4.6306467
AHF5R86S1Y6YK,B01DRXCPXG,2.8241544
A2AGAA1B2ORZW0,B01DRXCPXG,3.0517683
A3JHMDPDDFUSLV,B00JTDZ1YE,5.548201
AV6ORIR1JV86P,B00R6K0JM6,4.6531982
A3L8F13NKUQHQ1,B01EDDUAFE,3.992441
A1CLGNWRCE4QKB,B00K7T1BW0,1.8204453
A3SQGNV2O7WZEP,B00XAGLZWS,3.544793
A26V5ROE0OZCDA,B01HCB4LFE,0.8440807
AQ87G02DO56Z,B00CCVVKMW,4.450665
A2KVGS0V3LJKA3,B00XGIEM52,4.569105
A3ECPZ9TMT03MC,B01AQO16VQ,2.883973
A1FEZ774RWJOU,B004WSQNBG,4.268495
A1FAJ6G0KD5ASM,B00V5T9A38,5.1304693
A3QGQPGW6PSY46,B014HMUXUI,5.3508887
A238ZC3TQJC8V8,B01D24C6VQ,2.9963639
AXMNLUJHA9RG7,B01BN5LB7Q,4.5109253
A504UK7D094HT,B00NY7PPCY,4.697215
AHFKFSBQJGO0R,B01DP92DG6,3.6047528
A2QM4ZF6N1SI4S,B010W5GLWI,2.8384948
A2JFYV4GVIMPCQ,B00N1BXC8C,4.664613
AMUH4FGZCFJFF,B00Q6YLPJ4,3.662517
A23SB7XAREYGF2,B0050YUL0A,2.3935924
A10AWAE0F6CAP1,B014LZJVAE,5.2146096
A1Q3SVFIAWX5YN,B018CLWNS0,5.067172
A2HZ6MGQ6TPNO0,B014HI58O8,4.7080293
A2SHWMWTXZLIR9,B01BJXQMW6,2.266722
A29V7E1TFYXKJ,B00L6O5EWI,4.2836604
A1XRE1S3BLHK3X,B01CEUZT8G,3.926408
A3RR4H0D4L9HYN,B01DJZ7G5E,3.7066348
AX0ZTNX6KVJ40,B018KVO970,4.1157045
A1LEP3FM28J5RB,B00HVJNAXC,4.8414354
A18EEC1ENOT9YN,B00ZOL1DRO,4.206414
A31M3IJI2UTC4Z,B00LKNP8DU,3.9935305
A1DM1NR2C770LX,B00NWR78L2,4.08135
A3LNU5OKNIZV21,B0092PUTZK,4.673059
A1FUH1O6FCTUYG,B01H0UI0QS,3.4541676
A2NDDUI5L26D3Q,B00OE67LVW,2.049175
A2CRXKJCP51LQK,B001BXNQ2O,3.8862667
A1UH603GXL3ER2,B007Z4WSOK,3.4759824
A281NPSIMI1C2R,B00SEOFREI,3.8926764
ABGK3RNJSLQ38,B004W9BX7Y,3.4973648
A2AGAA1B2ORZW0,B00X8SCJCS,3.2795608
A30V9M9DZW8SFU,B01B5BR1KO,2.5861766
A2MR87VMPFNFJ5,B00TZ8TK54,3.2105596
A219Y76LD1VP4N,B00LAKB87S,3.127551
A1DC00T32U26HC,B00JRDGZN2,2.0559704
A2OAWG4ETZ7MQD,B00ROILZ4Q,4.368869
A2M1PNKPRUCQYL,B019VTO2P4,4.8910756
A3DJ1IVSPDTMW5,B013QFWB7K,4.738857
A3N9UT7F50XA6L,B01F2EXCF8,4.6249995
A1HLSH6U9OL29L,B013FJACFU,3.8889127
A2RYT2UPEQXUAV,B00ECBS5OQ,4.641807
A3QMGINSU2LNTI,B016WQR86Y,4.449878
A1CPMEH6MMCRRZ,B01B3TZYMA,3.88324
A1II0RYMSPUJLK,B00INIXG66,2.4923308
A6ZT9EZ49JTEL,B01A03HKFE,1.3452387
A6ZT9EZ49JTEL,B00HWI04XQ,1.3193414
A33R5UHQ3TKZGY,B01CWZH814,2.8989117
A152EA7ZPCA1Q8,B015Y80IGS,3.081054
A1G7VXXXLTJX9R,B00JUENQN0,4.2954235
A3KXFW4C4RFNQS,B01864DDVO,5.527614
A3JVF17MIYLTOO,B01AQO16VQ,2.7668536
A24NC3WOFW7LHT,B00MX7NP1Y,3.4490714
A11N6ZJPEMVHYJ,B01ACB72TS,3.0467227
A28U98HYYE5DR1,B00DRFQRIO,4.0649786
A3R3Q8YO6VB0N8,B018496LH4,4.469231
A2VSFHELFF7ICE,B01BRFLLP4,2.9756546
A12RUNSGFAZFE7,B01GF9OSI4,2.8265789
A3A44JIMIWYFIE,B01G9F1ED6,4.077993
A36I3CE9A5LP9N,B01CRA0U2S,5.8950915
A39ZYWIQBFN97Y,B01FRK7VO0,5.8047156
A2KUR0ZBNV17AA,B00HRGXNQS,4.0328407
A3G7QPDLX3SDV0,B01B3G5Q8K,3.0135837
A3UV7BV3U6NA57,B016OR83AG,4.520398
A26YRCLOTDIL0P,B006JDEK0I,5.802093
A3HTBON5N1JCFE,B007Z4WSOK,4.5422997
AUNHIYLFWWHET,B01GYPQQRU,3.0550084
A1RRMF5XW5NZDD,B00VTY1WNA,4.2760377
AJILFNF25WNUQ,B00QIQNWXW,4.2321324
AGMQ9C1XHNL00,B01BJXQMW6,3.5992806
A1A085EGL86PB,B016TG5V3E,2.5622075
A2YF0QVNVT7ZI8,B0134EZGY8,2.1486142
A3KFTHKGVC63SL,B016YIRT9Q,3.9475596
AX6RWLTHRQR7,B00C2WDD5I,4.0055203
A2MEKYD68X8R8H,B00GJEDKHQ,3.3752773
A1E29AF1LT9N6S,B00QI8BV9W,2.4791489
A238ZC3TQJC8V8,B016L3NOIE,4.4026155
A1CLGNWRCE4QKB,B019YNUQ0M,2.8141708
A2RCOVCHY5RQN,B00TWEMG5M,3.390506
A2BOKBB1IZA13L,B00LE4Q370,5.0166087
A1ZV5XBKG7RVZU,B014VPZHCU,4.585271
A2HZ6MGQ6TPNO0,B00QSE28XO,3.212187
A11TAGIXNN10QJ,B00LEWYNXS,3.8713696
A3E4H5A1X8NJRR,B00XLS3FIW,3.3861403
A2PFNDDKHOOMZU,B01GYPPMNE,2.5078914
A10AWAE0F6CAP1,B016HFRV3A,4.370145
ALPIN1ZX8B41M,B00GNQW24W,4.0359035
A2FGLRWU445AQ7,B01G5Y6DAA,3.6923993
A2LAII96I1O1IY,B005QYXU1G,4.87609
AUJKYWUK14BZ2,B00OKI1JNU,0.7283579
A2V06QC9Y4ZL0E,B01H5MF0JG,3.3386633
A2W4IP12GM8NMS,B00OM8OBJW,4.181892
A8YJFGILC2W38,B00ON8JVP0,2.121319
A1XJZCJTQFEU8D,B00MQNEQ7C,4.4484644
A1OKS5Q1HD8WQC,B00E5UJAIO,4.0207953
A3J5KG672GNB99,B00WP6ZKDE,4.760098
A369BMHORFPL0O,B00CGIEP00,4.2290573
A296HV17AZ10V9,B00Q6YLPJ4,2.1728818
A3H7J5POTR9TZW,B00JCFMXHW,2.785155
A2KMV056844YV2,B00SWBZQSA,4.130333
A3FCTV8S9RM34G,B00R8EKHVS,4.1154656
A1TWV867HVZ60,B00K5YPHDQ,3.0601904
A1D7CDK7HS68NP,B00YN6XHMU,4.861771
A36N7KTS8JMR4L,B00IX2YORW,3.856949
A2XIP6NWN0J2QC,B01EB1AHCE,6.2008553
A3QY3KER34QGCS,B01GGNXFEW,4.287688
A11B4CZH8ZB9QQ,B00BD63EIK,5.1357846
AGGDI4VWPPZ6J,B00L2F5P02,2.8312268
A2XKX5TBB6WV00,B014VPZHCU,5.0226083
A73IK4VT0XZS6,B00E37365C,4.313043
A2YF0QVNVT7ZI8,B00M3GWXHW,2.2463055
A3B6PBWQBQNHQT,B018UQNDOK,3.3553717
ANXBIU1HP7BJD,B00PD8LQ6G,5.6572914
A2X6LA6IS2C32K,B016WNZI78,4.633271
A3CMIEYL0TJLC2,B00VF1NZFU,4.1408615
A2S5EPJ451WL3I,B00UJEGURO,4.371223
AXVDFGI9OEIVK,B018RKHYMQ,3.9080207
A1UH603GXL3ER2,B01HCB4LFE,2.9183981
AU6XF9GE5FTWK,B01BQ00CAA,5.2294235
A3A44JIMIWYFIE,B00R5219XI,3.776293
A1YZCADBVKWC9X,B00SJ7LQ9K,4.838122
A1B5MN8PY0JIJQ,B01DJCULZ4,1.1933705
A3IQ0P3M39IY8U,B00YDXJ74K,3.8362353
A1KP314KHCR7AF,B00KNGAX0I,5.6211867
A222WQ9VGVPSR5,B00JZWDC9K,4.2221804
A235UMRMGXAS15,B01GLZ0V6K,3.5101464
A3BMLG97SSIKN3,B01EJ2BV0W,4.6340804
A1JLU5H1CCENWX,B00VOYNKM6,3.6172793
A3Q9NLTF7JA3ZD,B0104OFHEK,4.0067377
A3A44JIMIWYFIE,B00W7Y9VQG,2.4680157
A2JBZWC5IY0AMG,B00OAN88H0,4.532891
AT8UBQ1GJ5TX,B01783W2SE,4.69736
A3V9J8I5FHAH19,B00XTEMJR6,3.8128593
A31CZW8SHN9PTX,B018DK6LM4,3.2488394
A2UAPFRQOHUFS4,B016XBDENO,5.106251
A137UEIU93IFEF,B00GIZYMVY,1.9175109
AUJKYWUK14BZ2,B016PKYGGC,1.6409903
A1H10L6S9KZB2C,B01BO8423M,3.9834898
A2KVGS0V3LJKA3,B00MT3H1VC,4.6867175
A3T5H007CVA99X,B018496LH4,3.161132
AXOY11IDEONHE,B00N05R39I,3.738767
ATZOHBDX5VNKJ,B01AZQIXWU,4.682242
AMUH4FGZCFJFF,B01H173WKO,3.2961555
ANEZJAUOG31MG,B01FKDKB96,4.532363
A19T1A4TS1WHOZ,B00CLYSN4I,3.5390713
A2MEKYD68X8R8H,B019E5Y462,4.6660466
A3G7QPDLX3SDV0,B00K9W0F9A,3.4017246
AQR5TV897ZGKZ,B00ZOL1DRO,4.0949216
ABNZCEB0CF7MP,B01BHE3H1G,5.2905154
A10JAUCIGVRW9F,B019JNY9GO,4.4382205
A2NC35OEWK4HE9,B00QDHXL5A,4.8852835
A1NE9CRAQ0WUV,B00CRFHJAA,3.9620078
A2MEKYD68X8R8H,B014JSBJJ4,5.2781243
A1LIRBJD5ELW5Q,B01B9U2H50,2.510362
A2FGLRWU445AQ7,B01HDF9IKM,3.6923993
A3Q4VT0R8O8RSE,B00XRRAWYM,3.5501602
A2LAII96I1O1IY,B00NLJHSQ6,4.623424
A3H1TO48SUIM54,B01GCULNK2,2.4797468
A1LYT31WSI9NVL,B018BYUPVA,6.02741
AJ571UKWCC3CC,B01H8JWYIQ,3.8320606
A3A7FF87LEVCQ1,B004OA5ZTS,1.6870157
A3S3QIR1UTAGY4,B00LKNP8DU,3.6520607
AF85CAX5BR5IM,B00NXXB4RO,4.6059327
ADJDLDM5Y69VJ,B00VQNZ0JQ,5.009014
A3H38968JZF6VK,B006U1N37U,4.606422
A3ULETCKQMVG7N,B00Y3I7QJS,4.635916
AAZ73E56LMN7V,B00AR8TPFQ,5.2538524
A10PIB0GJZQHJA,B00629ZTOU,5.626926
A2QEVQMB8B08UQ,B00SSEVZBS,5.5020146
A1IE93W5OH9MGR,B01D8PYV62,2.8364122
ASB1KGGZA76LZ,B01AERZS78,3.5068452
A3SSJ2XZACSMA6,B01HCNRF14,3.3947625
A2KX7G5BC1ALQJ,B00VOYNKM6,3.0576499
A2CDMT445133LY,B0153Y1LO6,3.6667035
A253ZKSZTAZ8W7,B00NC0LECI,4.9981484
A504UK7D094HT,B00D2Y3BFC,5.270402
A3FA93L7JWESR,B00NYISFXY,4.091658
A3SZPKNV5IU75I,B01BCUPTT8,3.9938557
A2SHWMWTXZLIR9,B00NDTUAB4,2.0318525
A34R4EEYB1W0DJ,B01H0UI0QS,3.413527
A12K5Y2SEANYW0,B019KNRPU0,4.223238
AQ87G02DO56Z,B01GP58FSC,4.3041015
A1B6OVQ8B44NVY,B00CCVVKMW,3.9677851
A1II0RYMSPUJLK,B01CMK5ZI2,2.4539015
A1KLWQKML2HIXU,B00MQ2NPYS,2.2481902
A1K4S4MWXI9E9M,B015QX2DZU,1.9582511
ASB1KGGZA76LZ,B00CNTTUWA,5.3944016
A2YF0QVNVT7ZI8,B00L2CNSL8,1.6210536
A1KQJLBDF2OEMD,B007YIZ2YA,3.7526364
A2NDDUI5L26D3Q,B01GUHZYPC,1.3409611
A13QONG1RD57UW,B0165I3VSS,2.9629388
A3C713428J4MJ7,B01EYW7KHU,4.3378515
A2UJTG9XC4KISL,B01B3LJZAA,4.7940516
A2JXEE4LIKY4AO,B005CM1S02,3.1551702
AH2N51PLM06H5,B00AP6YRFS,4.384248
A2PJCE1T0AXDD3,B00U1X88OQ,4.449865
A15VZ8KA1KH8ES,B01BXS83ME,3.697781
A3MT311233OHMQ,B005USIO78,4.216196
A2TLU5ODLGESZ6,B00M8ERQ0S,4.733066
A39JEH2M5KY1HX,B015QW7TZ0,3.348573
A3FWAT2EKO9FRE,B01CXDL0NW,3.96711
A7GZXYEZ2OMLQ,B00N4Y4726,4.103272
A1ACUN6A2LYVMW,B0184SY5IM,2.6166887
ALGAUZSEQQWI4,B01GF9OSI4,3.0762293
A10JAUCIGVRW9F,B00C7W5GXA,5.701589
A1TWV867HVZ60,B00P4GJCL8,2.8066964
A11N6ZJPEMVHYJ,B01E4AF6VO,3.883906
A10RH00JS3DUX0,B00ING5PN0,3.5803595
A22B7J3YC4623X,B01F0GEP8Q,5.209131
AHMV0N47XOIMZ,B01835JNDI,4.1441092
AL6XJLM76V2VZ,B00B5W9PWQ,3.2558215
A535AAXVRE5VM,B016TG5V3E,2.616211
A73IK4VT0XZS6,B00N9RT7RS,3.96198
A7W8CXJOH3UNV,B010W9HEUW,4.7930684
A387F6OFDVEDZT,B00L8A3BMK,3.7484815
A2JJ1DXY0F6355,B015WOU89Q,3.6522577
AT8FSIABOPFMJ,B01F483E64,4.4351087
A1IFWIZ62O12OT,B00BELOQMW,5.0244794
A2V5HEEE7YLXMI,B01A3H9YOC,4.41832
A1O96KXOI2UI2N,B01BCJDSAG,3.1915257
A1B871BGSYX0F1,B00QU63A9Q,4.7040815
A3SSJ2XZACSMA6,B01GCULNK2,3.3947625
A1OC44Q6V9TT0G,B01867IG7W,3.8807383
A35SD76E2TSGP9,B018CHA4GM,3.2636347
A2I4SQOSEF7WH5,B00TCI48WC,2.1802094
A190TSUIRJIFUK,B01C8RR9DS,4.209692
A39CVMK2ZKEIK2,B01EAYV5P0,1.3343536
ANGFLFA0OBKJ4,B01D9JB7DW,4.0159917
A1G7VXXXLTJX9R,B00ILX9WC0,4.9801307
A1LIFH8XF44LMI,B017RMOW66,1.6449085
A1E29AF1LT9N6S,B00D6GDY1W,1.5272735
A3BPKT9STRWWQG,B01ACB72TS,3.7473757
A5I6VGSYW7U8L,B01BTHWXF2,5.1247234
A3UO57O5VKXMR7,B00CTB6O12,3.5884807
ABNZCEB0CF7MP,B00OO65H90,6.078704
A2Q7R5EUKTKURJ,B01GFHZZ38,3.2548134
A26V5ROE0OZCDA,B00AN9907W,-4.4914556
A13LERNQ8R7267,B01B7AKSOY,3.7866702
A3M1104X8EN9O,B00UC54ACM,4.4749045
AO8U1SQNTNFRI,B013KWCLA6,3.8279192
A3J9BHGK55ZPJO,B0161EFLCK,5.273388
ATQMBEXNQ3XH8,B00ASP8XNS,-0.28011054
AXMNLUJHA9RG7,B01CMH15IE,3.4601974
A1NQQU8O1ZYJP3,B00ECJ1IKG,5.1072326
A2XPDUGXNGGRAI,B00BLOI13C,4.497583
A26V5ROE0OZCDA,B0138OGR6K,1.39762
AF85CAX5BR5IM,B00KLGZ27Y,5.844309
AP0MMULH95T9W,B005SZ171I,4.5482297
A2QROW66DKI83,B01GOXFBBY,3.7335427
A2PF014MHWXCT5,B019LOFJE2,1.3607111
A28GRFK2F3TMWE,B01CWZH814,3.9965508
A3OQ0WU2ZHM5J6,B00LDHTZLO,1.9112202
AYUTCGVSM1H7T,B01185671Q,3.7333217
A2LLWCQVYKYF0F,B01BS8D2M0,0.44150224
A3J5KG672GNB99,B015V0AKSK,4.6716075
A296HV17AZ10V9,B01EMF4FXG,3.9337857
A3MP7EPOWO191I,B01H97YHF0,3.565355
A18DJEO7J45AP8,B004I8WPTY,4.3084054
AM9YOCRU10IXW,B00BEOYH0U,5.158052
A1H10L6S9KZB2C,B00R0PZEEK,5.1332498
A63YNBWLO7V18,B01DO75D20,4.4890275
ANEZJAUOG31MG,B01HHJZ3EO,3.7450585
A29EXAHFTXKD7W,B01AL57X94,3.0687125
AHMV0N47XOIMZ,B008SGZOL8,4.4566736
A1SH6H9ZY9AJV9,B00GJCNLWC,2.390183
ATQMBEXNQ3XH8,B00QVNQYIM,1.1601453
A1AH7FPROGNXH8,B0165I3WGY,2.1475093
A30V9M9DZW8SFU,B00G3W5K9K,2.9840927
A2ESCA4MLAK1QF,B00VOYNKM6,2.918158
A3TC60MGLW1I76,B00M8QQMC4,3.5968072
A1K4S4MWXI9E9M,B01D1UVNEM,4.7243505
A38VSUHB9RAWYT,B00U2R3T2W,4.4733524
A3IY9IIH8P3UU0,B00R1XYQYA,4.8178315
A166K6TJTPDX8K,B01H2II39C,3.9942682
A2F1UD4JDHKMTA,B00PG9DBMO,4.285049
A3JXBWCYZ9HVXL,B00MP7GH94,4.2610116
A2BOKBB1IZA13L,B00O72888S,4.8181605
A1D9214V5DYZLO,B0165I3WGY,3.9760687
AKM9W2IRYH77B,B017RMOW66,2.5125191
AAIDLB38IY7R6,B005LOPNUW,3.2641332
A1KLWQKML2HIXU,B018E4EOO6,2.0307453
A10C3068FTNIOC,B005Y2MYNK,3.6220772
A2C7W167DVNUKH,B01767Q4X6,2.346742
A20YJJIVUMR5J3,B00PCUMV6E,4.8594136
A2XRKQZA534EWO,B01E80V4WU,4.3519983
A414YEU57FUHJ,B00OGKNBX8,3.78277
A2F1UD4JDHKMTA,B00Y9M77YC,3.598988
A1F5V3LKI7PCUF,B01GPEDC3G,4.967465
A1B5MN8PY0JIJQ,B00I1IYKQ8,0.9672638
ALPIN1ZX8B41M,B011LZ02Q4,4.8033323
A2Q3YUL3Y6TPD3,B00M3Q6O40,4.269053
A2F1UD4JDHKMTA,B01GW1BZBI,3.0979326
A1DM1NR2C770LX,B00U6GJV3K,3.4937003
A35SD76E2TSGP9,B00TCI48WC,2.1797063
A39QT73HHEF3B,B01F2WTGFK,5.3106866
A2S5EPJ451WL3I,B00TP4X5CM,4.0321636
A3QY3KER34QGCS,B00BH68UCG,4.285493
A2UVR7N8WC5GYY,B01H0WI9QC,3.9233644
A8RL5L4BJTEMB,B01B5BR1KO,3.1187904
A1IE93W5OH9MGR,B00BMU2VEK,4.423403
A1NQQU8O1ZYJP3,B00O89MP5M,5.212746
A1ZDSAPOGRGBJI,B013X96TL8,4.544646
A31CZW8SHN9PTX,B00RNFI81S,3.0532734
A2JPS7EMNFKXOV,B00OV9EXLS,3.9953496
A1NE9CRAQ0WUV,B00KABM15Q,3.9403813
A3E1OKXRVUNNU1,B01ATXXTLE,4.37412
A31G4MNGZNYSZI,B00IKME2XG,2.5660288
AC0CW3OQUS1ZJ,B00S4D0PDW,3.5211346
A23Y4UGTFDMZOP,B00EEPZHI2,4.3447337
A3R74060ZMG3S5,B00O26GDSQ,4.9501624
A2PN92SB2HFRNI,B01GF9OSI4,3.6176267
AJJXFL8ZNBC4D,B00MEPPIRO,4.75479
A3GA4HP7NEL9D9,B01DH6EQ9O,1.7487093
A3CYA250L0DABZ,B01E46BFJU,1.5539625
ABZ1AET0LHVQ1,B012FAXT0U,4.2670426
A30V9M9DZW8SFU,B00TOZ9EC2,2.4078457
AL4D6OHMS2Z9P,B017EGZHFA,3.3170228
A29QO6X2VCR4GZ,B0188OGJXQ,4.7894835
A26YRCLOTDIL0P,B00507TKCW,5.0788856
A3T5H007CVA99X,B00IKME2XG,1.6580954
A183DRUR0UACQ4,B00HWI04XQ,2.5365689
A3A8C4YUE598A7,B00FITGVIS,3.7966237
A3EI5NSXXCXQY5,B01GQW4UQ0,4.8626213
A2B8C9QHIXJO6N,B01GYQ057Q,2.9447005
A3AM6MXENFRF3G,B016TG5V3E,-0.8277997
A3LZG1QQ1KMVX3,B014BR4A3A,2.5477707
A3KIA7199DNI2H,B015AF419U,4.149409
AGIFTDAFJEXVA,B00NYISFXY,4.6629834
AKUUA047BFUA7,B00QU06V2K,4.803852
ACVNKHUOX3QWU,B01BRFLLP4,2.2164476
A2PPU33Y5ZH1XO,B01DUO8QXU,3.1008298
ARD4Z4TVFQ84R,B01F2SCM6Y,1.9613677
A1CLGNWRCE4QKB,B00AXTM8G2,2.4052649
A2VXSQHJWZAQGY,B01BO8423M,2.9560578
A1RD1NM0602OQO,B00GSF4Z20,5.7062917
A2PF014MHWXCT5,B01BHE3H1G,2.3667946
A2B9C3FMYW18UN,B00ZQMLJMK,3.7483273
AAIDLB38IY7R6,B00G9FJ6BY,4.3624473
A2DD8D4Y1UMJ2C,B005NTW8SU,4.865462
A2I0ZBZOWPP756,B01D1UVNEM,4.682462
A24ETSYVDJB5D3,B017TGR4O2,4.726296
A2C7W167DVNUKH,B00VO2WDZI,3.5734744
A253ZKSZTAZ8W7,B00AVQAFKI,4.378262
A1H35RNPTPP9RI,B00LMGLXUC,4.7803383
AHR3AU7CPID24,B01CMH15IE,1.9137303
A2JXEE4LIKY4AO,B013R6F8CS,4.6987996
A2JPS7EMNFKXOV,B0149IDQV8,4.160241
A2Y7B4AASUOXM,B00OYWP6G8,3.2608356
A3QY3KER34QGCS,B004VF69LY,4.664103
A31JVB1Y1HXN5I,B01ELQDLKY,5.009662
AQFF452SVDF48,B01DJZ7G5E,1.0784634
AKZH6MEXHWGLD,B019B6WUGU,3.786541
A30LFCOZC5E2LK,B00K4C45PA,5.1567936
A1E1YE0R2EELCU,B01HCB4LAO,4.2774243
A1F41PH89SL6JB,B015GEUFCW,4.2335153
A1LIFH8XF44LMI,B01AX0BMVC,4.020113
AGV7AZJ7ZBLUL,B00BOVLVCU,3.1519516
ABNZCEB0CF7MP,B00SJ7LQ9K,5.1512575
ASR774IIR8VN7,B00S4D0PDW,4.424054
A19MQI49YCA5SK,B01H4NVSOC,2.7760553
A1WVORERMA7G18,B00DO5DAPK,4.0545554
A1CV6PASVMUEE8,B00F5FBRD4,5.837564
A2ON53GR80JS8S,B00MVHBCI4,3.7105875
A2SHWMWTXZLIR9,B00F3L4KIE,1.9838513
A2K6LYCNBPLW6D,B01C4IAK5U,5.3834662
A1II0RYMSPUJLK,B00CXX0LOC,2.4539015
A287J5FTWL99W6,B005C5YZ86,3.4747574
A142HAT43L5W4W,B00V8CETHO,3.2813027
A2YF0QVNVT7ZI8,B00NN2FDLI,1.7562429
A1NPM2IW3DLO3F,B00A8S22OQ,2.7443533
A3JTJ1E8NK7DH1,B00A9FYVXS,3.6499832
AMKWIQ2MT2V5R,B0174PTMU2,3.0705407
A1HJ8XQ8NFBV9Q,B0165I3WGY,1.3905023
A3SZPKNV5IU75I,B012YHT12E,5.5403066
A21SKDH9XL76N1,B0165I3WGY,3.2916024
A387F6OFDVEDZT,B00P8DE7YY,3.115162
A3N9UT7F50XA6L,B0184BHNIS,4.136271
AHZ63RT78P9U6,B01HDNEFGQ,1.2564715
A1VDYWMVS2ILZQ,B01DPQ4736,4.108475
A37P6T3YZ8KY2F,B004EYT0UO,4.163263
A121YVXK17C1W3,B01DRXCPXG,3.0737998
A3Q6CMXMGESPOG,B01GYQ057Q,2.432674
AAZ73E56LMN7V,B0127HOQI0,3.6138766
A3UPR43PSDG0TS,B00PHV4KM6,5.26859
A1AFGQGTS66UYY,B00CUJ3UTM,1.8085327
A25UO1J9IM3R5Q,B018OIL6QQ,4.4078393
A2B42XZI4MXOLX,B00E2PSL7I,0.8729042
A3PVBW0TN46U8G,B01B9XNJP4,5.1751432
A35SD76E2TSGP9,B01GYPQQRU,2.1797063
A23GRXCXQU3SM8,B018PD0F9E,3.030561
AJNVLN50MZSFU,B00S5JROJ8,4.444387
A1KP314KHCR7AF,B018IYY2V2,5.135397
A386CNLWZUF3EH,B0189LO8KE,2.1601894
A2ZUMHFY3XJ8DT,B01CIDR8N8,3.9012759
A17KGW8IYD63JR,B01FDI8UWS,2.76817
ASBPYQG2VG0BO,B01EVT1E6O,4.5629206
A2OAWG4ETZ7MQD,B00FE69CGI,5.029827
A1VO1ADR2KEWM0,B01E46BFJU,3.866726
A3H1TO48SUIM54,B01B3G5X8I,4.6795506
ANMSDY55VG8UK,B01BUQM4BU,3.195674
A2ZJHEB8K8JZR3,B01BYGNF64,4.0595636
A3QU0T2MAJ2VJM,B01EBXU2TK,3.3944957
A8YJFGILC2W38,B00KW3LLA8,1.1686425
AF85CAX5BR5IM,B00E6QFG80,4.9010744
A1J6MXAQH527O3,B01GYPQQRU,2.2417076
AEBFEWGBBK2C,B01EIB8K9E,4.193731
A1JS39D0NHVT3S,B00P2S4YKC,4.6991467
A1ZPW21ZBSDZ10,B01DL6EQC2,4.827916
AJYEWC922WUNC,B01324YJ8Y,4.778757
A140YR7GSCZG4,B00IPOCDXU,5.06407
A10ED33F8VY4GU,B00C5HYEY4,3.7917602
A3KBRXW4PKK2MT,B00HFUAODQ,3.0589268
A3FOL8CN5A1TFR,B01E6BA364,3.7574754
A37G8WNF7DGY6M,B006R7FXFW,4.0397367
ASUZ2V9ZK5DXS,B00U2R3T2W,4.097127
AH3FT2EU01WP5,B0174PTMU2,2.7593806
A3K9T5J5GDAZUL,B012TE6QVG,4.486572
A18EEC1ENOT9YN,B00DVWRDN6,3.0358198
AX2OKB7GR55FZ,B00AJUVJN8,5.537227
AHMV0N47XOIMZ,B00SWAXORQ,4.362482
A3G1XMJZC77GDB,B00BFQ7AV0,5.737852
APU63TQU832SF,B01EMF4FXG,4.596499
AKUUA047BFUA7,B007PPJOGO,4.8974075
A3H38968JZF6VK,B015GEUFCW,4.8794017
A1DJY8WVWPJ2H8,B00BLOI13C,4.6932573
A1DJY8WVWPJ2H8,B019E9VZG0,4.0779095
A2Q439D72KOQME,B00AOS6Y26,4.9015408
A1HHSUAQDZ1XM6,B00XZJ30FU,5.6820464
A20GAMHTCUBCDT,B00FD5HCC6,3.1374037
A296HV17AZ10V9,B00OJCC440,3.7134175
A253ZKSZTAZ8W7,B0157GPPEM,4.2113705
A1UPHTDW5GM12T,B016WPT10G,4.869543
A26GE9ZG68SKIQ,B00VO86O7K,4.131271
A1DJY8WVWPJ2H8,B01A5CT9X6,5.4741793
AQFF452SVDF48,B00Z7Z2A6A,2.665221
A2K3C9H73QW8NK,B00S5HPW6C,3.805406
A1GJ58TW0XTTVX,B00NYISFXY,5.844106
A30V9M9DZW8SFU,B010189NMG,2.4597714
AK3LIR1TVZFVZ,B019VTO2P4,4.567017
A10JAUCIGVRW9F,B005TUBRW6,5.5958853
A287J5FTWL99W6,B016X07L2U,3.477108
A20TNX5CMJI4X1,B008GWOGXG,2.025873
A18EEC1ENOT9YN,B0088GCUHY,4.0497603
A1RUGOMYCF8NF4,B00MRGW2EC,3.8075821
A3JONP3MGSSP0F,B01DGXSHRK,4.154212
A2KMV056844YV2,B01CUOPVZW,3.10381
A3QKOFJ91Y3MFI,B01GEKTEY2,4.024423
A2I4SQOSEF7WH5,B0174PRHP4,4.3924475
A1GECJN7XHDKU6,B017RMOW66,2.812274
A37VK00KNVVICE,B01BZ5AB16,4.7881975
A7GZXYEZ2OMLQ,B009LNKB4C,3.872674
A5UM17P1E7DUQ,B0073XIROS,4.133618
A3QU0T2MAJ2VJM,B018COSNP4,4.826848
A37Y75XN6SY5YL,B01FG70S4E,2.9468575
A2PQ680TRW8JFG,B00RZT2U5W,5.025621
A1RF70MWVANZCU,B01CBLURCG,3.1201737
A2I4PXYYHQPW2E,B01FTEBE74,3.9136813
AGA6C1UQDNQ1P,B00GRAZD3G,5.374519
A2Z3DQ7P9JYRLG,B00IFEMVHI,5.224029
A28MNML6Q383F4,B01GYPQQRU,2.6682522
A29QO6X2VCR4GZ,B010W9HEUW,3.6854165
A3U6Y3GD1A6PXJ,B01EW6DERI,6.130278
A1X87IHRK15RBU,B016G5T1CA,2.9638302
A2UAPFRQOHUFS4,B00N05R39I,4.567434
A3RR4H0D4L9HYN,B01D1ZKSB6,4.736387
A1F41PH89SL6JB,B00VQJHHRI,3.5412495
A5UM17P1E7DUQ,B00V30JDQS,3.3073485
A3UO90FEXQNHRD,B00SG0G27G,1.4937427
A2PZA5XB74EIDB,B01GZ070A6,3.144769
A1PT92FOG5ALFB,B0165I3WGY,3.138111
A2HHKA7X5A68KE,B01CDQK0CG,3.815188
A2PF014MHWXCT5,B00J8UD1OK,1.9759582
A2TLU5ODLGESZ6,B018BL1LIY,3.8697326
A207DSPQQWFW6T,B00SPA1Z5Q,4.291976
A1I0I8PI1DWHBR,B01DI63EEG,3.8843052
A2EGLWRK7PCDYH,B01AMCFBFY,4.1687098
A2MK1L1Y74WTWH,B01GWMFSYM,-0.20098433
A23ID71VXIBR8T,B01G3UFLMM,4.9561543
A312JYG424ZA3F,B01FWERDYE,2.9560835
A1L9DJQ5BS13S9,B019LOFJE2,5.1575885
A2KE2O5C2XMXGE,B00SPVZBL4,4.2421565
A28REJAM6899K8,B00CKAOIRY,4.4515953
A10IOT56F4GM85,B01H173RSQ,1.5615789
A11B4CZH8ZB9QQ,B00TIQ3WHA,5.0797215
A2MK1L1Y74WTWH,B01CMK63A6,3.4872155
AH85UZ876V6OW,B00HBJ693U,-0.20693716
A3B6PBWQBQNHQT,B00ET7Q4OG,4.4176903
A7B9JUULZHQIN,B017JIYTJI,3.452905
A3ALH6Z83RHTO2,B01ES2M9S6,3.2990818
A36MPD6ZBXBLUS,B00KXGNK7G,4.9557443
A1FHWVQ0ZMFFQK,B013VDLXY4,4.019789
A1HWG5486TTBNP,B010K2B87G,2.0268953
A2BOKBB1IZA13L,B00TP4X5CM,4.5341496
AVTN1DZPKSY8I,B01GDCDGL8,3.918575
A2YRWWZ73A46MF,B01B3TZYMA,3.920676
A2B9C3FMYW18UN,B0134EZGY8,2.653775
A1XM0L6XTZQAQ3,B01GBW546U,2.4388025
A1PSGA348YRV67,B00R298H3O,0.46593508
A3S3QIR1UTAGY4,B010R623CY,3.7677424
A18EEC1ENOT9YN,B00HMXLW9Q,3.9314578
A3BTRKXD03KC4F,B01A5OVNQA,4.830829
A3JTJ1E8NK7DH1,B00NLZ02Z4,3.4468572
ASR774IIR8VN7,B017GQDZWU,4.580604
A73IK4VT0XZS6,B01DJZ7G5E,2.8272164
A1JLU5H1CCENWX,B01H5MF0JG,4.2408686
A1K4S4MWXI9E9M,B01645ZYZU,3.4671454
A23B9YR9W29YUQ,B01G7Q908I,5.044928
A1HHSUAQDZ1XM6,B00HBX7DD6,4.7991147
A12UX1CNPEAGRP,B014BR4A3A,3.4243977
ACGMOUFXV2VM8,B01E80V4WU,4.292232
A1GXJZGFR0BPJH,B01GI4BSC0,3.8332927
A245T0V8KVTV45,B005UGMC78,4.608763
A83C3F4X0U3ZW,B00CO6DD4I,2.402002
A3SZPKNV5IU75I,B01BW83B72,5.0259767
AF85CAX5BR5IM,B0184SY5IM,4.6901584
A19MQI49YCA5SK,B00MXL10A8,3.6018293
A37BRR2L8PX3R2,B0185P6A1O,2.6311262
AITGGF9MX4L86,B01AJCEP0Y,4.194512
A27OS7Z94VXCYF,B00OAJUEW6,4.548507
A5KRI5P7KR7SK,B00FW6WKUA,3.8479822
ANXBIU1HP7BJD,B013KWCLA6,5.2670608
ARACFU5SUPKC2,B00QMEK3GE,2.595364
A6SR7U2PNGN0N,B0104OFHEK,4.3392935
A39N24TTLP6I48,B00NLO7O38,4.393646
A374B6RGLIYWMU,B012LB9KDI,4.760609
A26V5ROE0OZCDA,B0130LQWBG,1.9548095
A2O8R1A83EROU0,B00UCANMJO,3.865792
A2F2878HE7XOM9,B00PG3NQBQ,4.0652957
A22FAHV2R6BUVR,B00OHNCCYI,4.718687
A7GZXYEZ2OMLQ,B00UVPG8F0,4.369797
A15Q5MVRVBMKW7,B00SZ35DB0,4.5242887
AER3NZ1H79LGZ,B01AQNZQD6,3.847469
A27OS7Z94VXCYF,B00NRZAFA0,4.063066
A3T5H007CVA99X,B00NDEXI0O,3.1448588
A3OA2NNV9REWOU,B00NGR7NEK,5.068813
A1NE9CRAQ0WUV,B005PII040,3.9502351
A1FWLM5208ESO4,B00DCQKH66,3.9394405
A16TE56LP5NUL5,B00ALG6UW0,3.376437
A10PIB0GJZQHJA,B00W891R26,4.20048
A2Z0PQ8HYEQT4V,B01FTEBE74,2.0175188
A3J9BHGK55ZPJO,B00IZODKWS,4.2805734
A3CYA250L0DABZ,B00ECBS5OQ,3.4445171
A2RYT2UPEQXUAV,B01A4ATX4E,2.7601295
ASR774IIR8VN7,B01EJ2BV0W,4.6298704
A1JNMSETGHIUZ2,B017RMOW66,3.5670774
A3ULETCKQMVG7N,B01FSDI7H6,4.933444
A37VK00KNVVICE,B00TO2TRV8,4.827431
A3AM47VJNSKWZR,B01D7CEGRK,2.0367992
A3L8F13NKUQHQ1,B00ET7Q4OG,3.5919023
AYDMB9RBJMTBR,B00R7HDLAU,3.781612
AJ80WW1T5KJIC,B018CHA2KK,3.9291418
A3R3Q8YO6VB0N8,B00SEFGTYO,5.073729
A37Q71Z1BE6V9,B018SCGDWK,4.0584655
A3V9J8I5FHAH19,B016APTJ1O,3.6742878
AY17DZYGNYJ0L,B00R1XYQYA,4.593433
A2WQZ6RF0O4XER,B013L4T8Y0,4.979316
A10PIB0GJZQHJA,B00JGD7SAW,4.6946187
A2TX3PH7TXFRE9,B00MTWSA6S,3.2841246
A1B6OVQ8B44NVY,B018UNRNVM,3.8121004
A1GXJZGFR0BPJH,B00DPNS95M,4.6512084
A3J5XVO97ZC4B2,B00M5EHGZQ,4.8567233
A3ES0XIED7769J,B00ZJ5YDW2,4.371672
A1W48IWJ8A610S,B00L6YJ6AE,5.0281444
A2R56AF2E63IC1,B00YQBSEKW,3.9235728
A18EEC1ENOT9YN,B00T4Y7HGS,4.1896386
AK3LIR1TVZFVZ,B00P9QXW1E,5.5272803
A1JMSX54DO3LOP,B010K7B5E2,3.6235254
A1B88VE5O3J9CQ,B014BR4A3A,1.9213439
A31G4MNGZNYSZI,B00TWUUBUI,4.943032
A3PV5FJGYOY5NW,B01BRFLLP4,2.7323635
AKZH6MEXHWGLD,B00CQYAVRK,5.131654
A139GUSKBRWPIT,B01AYPQCY8,2.4287531
A2QEVQMB8B08UQ,B01AQNZQF4,4.259776
A3H1TO48SUIM54,B00BFQDDZ2,4.669377
A3CLBL9B7WL02W,B01BXGMTEY,3.3273716
A2C7W167DVNUKH,B00B9I1M5O,4.0567136
A2G1P9M0BN9BQJ,B00ES2GX3O,4.214498
ADUI5YISBG6Z4,B00BLOI13C,5.1463943
A1WHWFGNKP3CIO,B010MFE5YY,3.9074042
A26GE9ZG68SKIQ,B017733NZ6,2.8541424
A3MT311233OHMQ,B00TOZ9EC2,4.1274867
A2B42XZI4MXOLX,B00NOCBDQG,2.2860787
A2PF014MHWXCT5,B013XSTZI8,2.601179
A137UEIU93IFEF,B018BL1LIY,-4.4914556
A1QSFXF6OOUDJN,B01D4RY4B6,4.619477
A1G9C5GN1893RY,B01GYPPMNE,2.8923957
A2S5V6QOOK133F,B00JJBPSZS,5.3955765
A3MSI4YLWOJNM4,B01BCJDSAG,3.3410428
A2DD8D4Y1UMJ2C,B00DSAJ7JO,3.4291105
A242RIARZU44TF,B01GZ070A6,4.214118
A2FJLSKL2IZSHC,B01DJTWN0S,4.1950884
A2Z3DQ7P9JYRLG,B00JCFMXHW,4.3724327
A31CZW8SHN9PTX,B00GZR2NZC,2.149097
A1XMFCMIANCQRW,B012FAXT0U,4.987209
A3VQMP3ACL1KHH,B013Q700KS,3.8121653
A2PJCE1T0AXDD3,B00FCNI42G,5.372227
A2RQ5IRWRU0TVO,B01ATF41UA,3.6220522
AQ87G02DO56Z,B01C8RR9DS,4.803307
ANEZJAUOG31MG,B00MJHKVR4,5.460688
A31R64J645RAC6,B01B5BR1KO,4.1028447
A30D1QLJZ51Q2S,B00HQ4UWJW,5.2184873
A15RKFWXR5W3PP,B01FDI8UWS,3.3375156
A3ES0XIED7769J,B01F0MF6KQ,4.407865
A222WQ9VGVPSR5,B01DH0L20G,3.303326
A3MP7EPOWO191I,B00K5Y8BCK,4.712073
A1XRE1S3BLHK3X,B00CLX3CRC,4.3146515
A7GZXYEZ2OMLQ,B00M0DQIEC,4.3113666
A19LXU1TT72OKX,B01EW6DERI,6.07749
A3M3W5GV0HIQK4,B01BSN14HK,4.2470927
A3MJT1B2NVRPDL,B01D3H7LYO,5.425097
A3O87C6H0GCWHA,B01DWW6H6I,4.7019486
A1CLGNWRCE4QKB,B00WBMKEII,2.799019
A2Q439D72KOQME,B01CMK5YA6,3.7388303
A2GO4VWZWTL7ZC,B00N7K1BB2,5.3614926
A2BEDL4QXLEE3S,B01EKIELGG,3.4123204
A2S5EPJ451WL3I,B00N0VI2OM,3.4966786
A18LI83Q1F5DKU,B01FRQ4Z8E,4.237437
A2XKX5TBB6WV00,B01B6WT11Y,4.475943
A244C0ORREA3N5,B00629ZTOU,4.399893
A2LAII96I1O1IY,B00OAJUEW6,4.905708
A2DZUQQXPNUGI7,B00MVK5RIW,5.92882
A2IUIOTFRZHGLD,B0191WS0K4,3.0212011
A18EEC1ENOT9YN,B01GBYFK1C,3.8572798
A1RRMF5XW5NZDD,B013GZOXPS,3.7048335
A296HV17AZ10V9,B00L5Q7EB6,4.161882
A3EMQF7XD7JL3D,B013GZOXPS,3.5964425
AHKB5BOH22L44,B015VKB8KY,5.5700917
A23GRXCXQU3SM8,B014BR4A3A,3.030561
A1JXLTQ5VWPGGV,B00DE85KHI,2.736739
A2S5EPJ451WL3I,B01F2WTGFK,3.330004
A3G1XMJZC77GDB,B016TG5V3E,3.9624789
A2V5HEEE7YLXMI,B01ECOIDHQ,5.4884152
A1L30W7022M9Q7,B01GC0QFGO,4.639908
A10RH00JS3DUX0,B0052YWZO8,3.395939
A26OF6WI5RVAR9,B01A4ATX4E,3.253555
A32RAG866FFOYC,B01FG70S4E,4.1978607
A1Q238W8EQU8T4,B01GI4BSC0,4.684198
A3CHUCS2CVKGI0,B01GAEZJL4,4.125509
A2FHBHNKHRDS72,B00SSS98IQ,5.7978683
A3J9BHGK55ZPJO,B00HI3MSV6,4.5677915
A1XJZCJTQFEU8D,B01BWMGT3G,3.5331538
A2D1LPEUCTNT8X,B003H4QZOG,2.2100081
A3MJT1B2NVRPDL,B01FB6YRH4,4.5269847
A21BTVOIQV3JWU,B00KXM8IP4,4.3882914
A2K0H6HYH8WB5F,B00V30JDQS,2.6173174
AMK0DSS0DAP1W,B0165I3VSS,0.9444525
A13LERNQ8R7267,B01D10TPRE,5.3216667
A31W0R6O8EM6V6,B008H4W11W,4.814116
A1SZW98SMUZTQJ,B01B5BR1KO,5.0599113
A3CMIEYL0TJLC2,B00WJ4Y5CE,4.3440123
A18EEC1ENOT9YN,B01ES2M9S6,1.9734713
A1T41R2H7X3ASO,B010MXA96E,4.4093714
AFQXMUALNERXZ,B014BR4A3A,3.3366585
AJNVLN50MZSFU,B018BDHGS6,3.9730742
A1K8LHF6NILUG3,B00DLSTT9Q,5.0600877
A1JMSX54DO3LOP,B014Q6D6E0,3.9628632
AGGDI4VWPPZ6J,B006J0BYN2,1.7576984
A2WEE1PU5NZVJQ,B015V0AKSK,4.5221553
A2HZ6MGQ6TPNO0,B00RFY3KM4,3.4625518
AALCQ67H5TY5L,B00RC6JVDC,5.0251455
A3ULR7XJF3C400,B015BH04E8,4.8618712
A1TUBKEWD01LLS,B01BKVFFLQ,2.9342825
A3LK5ALS0KX73V,B017DPEEUG,2.710749
AZPQ5R8K68IHX,B014LQ18CW,4.0032268
A3H1TO48SUIM54,B018RDYO0S,3.9558384
ABGK3RNJSLQ38,B00V9N6C68,4.495297
AX5NHGPX6G44A,B01GZ070A6,3.8590448
AKZH6MEXHWGLD,B00WDXUE6W,4.5657077
A3L8F13NKUQHQ1,B00RZT2U5W,3.8737965
A3J9BHGK55ZPJO,B00HBWQCAC,4.7932496
A1CLGNWRCE4QKB,B00EGMV24G,2.5207458
ABNZCEB0CF7MP,B014C5U6SE,4.7129316
A3V9J8I5FHAH19,B00AYO3W2K,3.300338
A3E8BQOX3OOUH2,B01FBZXSI4,2.539516
A2QEVQMB8B08UQ,B01DRXCPXG,4.259776
A1U37G3A1C7FC6,B01DL6EQC2,5.85547
A1FI0I69UHS22T,B01GSL9C3A,3.501873
A17EWTSBIHB4QM,B01GPL2AGE,2.1516232
AALCQ67H5TY5L,B016MWT1XQ,2.9092467
AMK0DSS0DAP1W,B016XFRQMA,2.963086
A26GE9ZG68SKIQ,B0150C55HA,3.6235747
AIKGKUGNQ6L2F,B00UAZ3JVC,3.402714
ATQMBEXNQ3XH8,B003V1WS50,-4.4914556
A1IE93W5OH9MGR,B00TOZ9EC2,4.2905436
A369BMHORFPL0O,B01FQ57CRC,2.3653057
A8K7ZXXGDS9CU,B01CPON1YU,2.9388983
A1DJY8WVWPJ2H8,B00NYISFXY,4.9827404
A2PBXQTE07LEFY,B01BXS83ME,5.718804
A1YZCADBVKWC9X,B00KW3LLA8,4.5063763
A6SR7U2PNGN0N,B01BUMJMA0,3.1564233
A1ACUN6A2LYVMW,B01BNWGPRK,4.821653
A85LSXS3F2GYC,B00TWUUBUI,3.3734076
A36D9JIUF8JFQ7,B00OTYLXO0,5.0776105
A35UQMVR4UJS15,B00UZM2O52,4.3634048
A1TVJ9WDRP0UZS,B00FQQ1A8Y,3.942179
A1HNLK1WBP36F9,B01H173WKO,3.2244956
AK3LIR1TVZFVZ,B011IXZ6KQ,5.237536
AHNGMRN1V1LPH,B00L73W2J6,4.1964736
A30DNZQPIYZ6KX,B00VH5NX4C,4.7803016
A3DVGQZY2MBA87,B01AQO16VQ,2.127685
A10JAUCIGVRW9F,B00FQQ1A8Y,4.9449143
AGV7AZJ7ZBLUL,B00COFUBGW,1.9717907
AUME0VNK7J2MP,B013YQA2C2,3.1258473
A1FEZ774RWJOU,B00ZPBVG66,5.7205133
AFQXMUALNERXZ,B01CIDR8N8,3.5146105
A1E29AF1LT9N6S,B00H8TBQCC,2.0978386
A25CQ5UC0CJ44C,B015BIHKH6,3.18348
AUI3XAZ1513SI,B00OAN88H0,1.8498796
A1X87IHRK15RBU,B01E4AF6VO,3.5747197
A2PN1AJYXDU1J0,B00RM9EJ22,2.7687995
A2WG33SBOT901X,B01AW25GRC,3.0519555
A2B42XZI4MXOLX,B00ING5PN0,1.2612458
A1GQ2UI5BKCCRD,B00ZEQMP8U,3.5352814
A1MNHB6K35YALY,B01DABB99G,4.430555
AO8U1SQNTNFRI,B01BO8423M,3.9656126
A11TAGIXNN10QJ,B01A1E8WO0,4.0249014
A1LL39K926QN1V,B00H8TBQCC,5.2564034
A1N5V2UJOC1BY9,B011T78JT6,4.4666505
A39N24TTLP6I48,B01FP256UQ,4.6556063
A13LERNQ8R7267,B013R6F84Q,3.6684504
ALGAUZSEQQWI4,B00TEPG4HK,5.2390227
A1N48Q1NZQ9R2E,B018WOR9FO,4.5400395
A1C5F13T4XA9MY,B011F603YU,4.03484
A235UMRMGXAS15,B00R04OX5C,5.3671064
A3C4F4VCN8E316,B018CHA26O,4.5973864
AXOY11IDEONHE,B01FK7LI7G,3.6575677
A3JONP3MGSSP0F,B01GZ7IMJC,3.4431531
A2XKX0EWBR2ZT0,B00JS732BK,5.09069
A1AFGQGTS66UYY,B0163IOC24,1.8085327
A3KF9GEKN2DXTU,B01CKECZQ0,5.4834075
AM1T5MXP5H5SO,B00ESJ3S94,5.3640304
AFX2KR1VGYWLW,B01G7Q908I,4.318483
A2ND61B6UJGT71,B00LKNP8DU,4.3768735
A37D3BRKS7OO2L,B00T22Y062,5.138572
A18XA76N0F5DGP,B01GXHP8BY,5.4772744
A2MEKYD68X8R8H,B00MD5VDNS,4.165566
A1E1YE0R2EELCU,B01AWPTL0W,4.3116794
A11K5MEUOJKTPS,B01HHJZ3EO,3.9416077
A5KRI5P7KR7SK,B01G2IVLEW,4.175322
A183DRUR0UACQ4,B009ZOZLPG,3.4023778
A609XZULHDBSQ,B00QMGRBDU,6.4481425
A3AM47VJNSKWZR,B013V0D0K2,2.0367992
A198E18E1LA3BE,B00O8CFKKG,4.7451587
AK3LIR1TVZFVZ,B00YAKL5A0,3.9963648
AKK6BPA7HTEKQ,B011T78JT6,4.3558145
AS09YZV00HGLO,B00UIDZVYY,3.967181
ASR774IIR8VN7,B012U86IBY,4.4915757
A12K5Y2SEANYW0,B00AB1ZGX4,3.7126696
A7GZXYEZ2OMLQ,B00KB5P1BM,3.38481
A3RR4H0D4L9HYN,B00ZAY07OK,4.961038
A7GZXYEZ2OMLQ,B00CW44YIQ,3.8750477
A1VRJKI38G4GOV,B013RTUH76,3.882681
A1630ADTTI0JLO,B019VJ697I,4.321823
A1FUH1O6FCTUYG,B00II3YH8W,4.2357707
A2BX79H27KONN8,B00JAQX4HQ,4.3096004
A504UK7D094HT,B009JPPQ38,5.0454392
ASGBSLP29DQRY,B00XRS6DO4,3.009785
A1SKQ5W90YXHF4,B016VL0PWE,4.012807
A33R5UHQ3TKZGY,B01AQNZQD6,2.8989117
AY17DZYGNYJ0L,B00HUXNM6O,4.7159085
A37P6T3YZ8KY2F,B00QJ4TCN2,5.2671914
A26GE9ZG68SKIQ,B0177475MW,4.382003
A10PEXB6XAQ5XF,B01EZ9ZK7O,3.3019555
AE6LJH1MRZVSY,B01ETJABRE,4.565272
A3EJTO1IBULV7T,B014XLV2NA,3.8911855
A2QLX4D1B9FERH,B01E2H3M1A,2.9639907
A20XM6F911RIDE,B0124PP8D2,3.0235693
AY17DZYGNYJ0L,B00RJC1NTY,3.5896459
AQR5TV897ZGKZ,B0165WFUKG,4.053622
AY9AIGZKJYC6T,B018CHA2KK,2.7091556
A2FR370CNM7L9,B01AOGSVG4,5.133432
A3IG9JEJC1T25N,B01CDZAQTY,3.2919657
A3BHXRE0RKF4LK,B00Y9OHN9Y,5.328362
A267QVSAPZCRT7,B00MTACTLM,5.16925
A9M7TOUJ3N4OE,B00HNYRHSE,4.596843
AL4D6OHMS2Z9P,B01CC5FKXW,3.6763077
A424KE9YBR2UA,B00N7K1BB2,5.0756054
A31M3IJI2UTC4Z,B00IUL9ALG,4.709118
A1HWG5486TTBNP,B00TCI48WC,1.1310657
A16TE56LP5NUL5,B00IU19DHM,4.2401443
A3SQJOLKQ8X719,B018SCGDWK,3.112724
A1RN75YVR2O8MQ,B01BXGMTEY,2.704964
A18EEC1ENOT9YN,B00GL27J46,3.9574592
A26J2TRDPZH7RZ,B00N9AVMVY,3.9653275
A2D9S6V1AFXOAO,B01HCNRF14,2.0129042
A216HQMDUH18YD,B0190HN0DM,2.7430656
A3W2VH8BN66IIR,B01ER3O8UI,3.368372
A1WBGIL46NUFFU,B017099OS2,4.3820105
A14K6RM80ABFMS,B01ASAVT0G,5.016989
A3E4H5A1X8NJRR,B0122DECEW,4.6107965
A3H38968JZF6VK,B00PG3NQBQ,5.01486
A3Q4VT0R8O8RSE,B01ERZFFSK,2.7777693
A18EEC1ENOT9YN,B015L2UR1S,4.598989
A2HRM0B3OUUZ28,B01EKIELGG,3.5909035
A3HOXAKC11UEOX,B015L2UR1S,4.372518
A3OY0K6NJ677Z0,B00O8DZMIA,3.7997055
A1SXDVX98NJLHZ,B00XABW5ZE,4.3049893
A29V7E1TFYXKJ,B01HFTVMXM,2.3580785
A3SMTE1XV2GC78,B015BCX0OO,3.7384114
A272PNE7D26JA7,B01GBW546U,4.2779627
A9M7TOUJ3N4OE,B005WKFWRE,5.4098783
ATTQEF12BAZNC,B01DL6EQC2,4.4694295
A3RNQ7PNKEU1UI,B016PSBU2M,3.911956
A1RD1NM0602OQO,B01A6B5MFA,5.470276
AMQ8EI0M0ZMN7,B009YLKRAO,3.5077446
A1VEFYYTYHFSVQ,B01FQ57CRC,3.4462593
AAXG649HM1S5Q,B00F5FBRD4,4.6667333
A2KE2O5C2XMXGE,B00EPF5LSW,4.4016232
A17H8QA2SBVQQU,B01HC1252A,3.9131453
AQ61HEJLXGXAW,B01CT5K792,5.6771336
A2RYT2UPEQXUAV,B01CMH15IE,2.7601295
A1WPQDW5RGAM9S,B00GEHN8ZW,3.3508258
A18APZ96M9FBB0,B014I8OGLS,5.082969
AM1T5MXP5H5SO,B0065TF8Q6,4.3373322
ABGK3RNJSLQ38,B01D2CC1EU,4.786777
A1ACIK34MC3R7W,B00UT0VAD2,3.176951
A28U98HYYE5DR1,B00MQ5BIE4,3.9870126
ABGK3RNJSLQ38,B01CT4MKIE,2.0556223
A3KFTHKGVC63SL,B00XIDBLOK,4.6673036
AQCR70DXSXMEH,B0130KVNKC,4.438962
A3RR4H0D4L9HYN,B00MDW5UAI,5.0114136
A7GZXYEZ2OMLQ,B00D9CMLNA,4.041592
A31Z94E63H1N46,B00GSF4Z20,4.3337026
A2V8X8MTCE868O,B01D1UVNEM,3.907118
AGD9CPEWV61AG,B01FIGE8YE,4.235847
A116K0WNM9HKSX,B00A9FYVXS,4.402911
A64VNUAXNX8VO,B01B25PWK4,3.6782463
A1MND3QHN446KD,B01DJZ7G5E,3.4272358
A3C713428J4MJ7,B01B43XFKI,5.0551662
A2UH7EMPH4GK2L,B006RNBI6O,2.1708484
A2S5EPJ451WL3I,B01DUV1DV0,3.8966804
A3CYA250L0DABZ,B00NEON2WC,3.4972026
A3T7S6BDKHWPJD,B01GF9OSI4,3.1981037
A1FI0I69UHS22T,B01AB4CLHY,4.655089
A12GID1HOOBX8L,B005K4W0QS,4.9630656
A1II0RYMSPUJLK,B00QXFNP62,4.209903
A1JMSX54DO3LOP,B005IG6488,2.320395
A2K3C9H73QW8NK,B0050DEY54,4.27253
A3G7QPDLX3SDV0,B01CPQZSPS,4.356817
ABZ1AET0LHVQ1,B017JIYTJI,3.9252365
AQ9M23BNJZRK4,B015WV8VMA,3.4949102
A3C713428J4MJ7,B00V8CETHO,3.4541912
A3GEKHTOCDSCBT,B01GF9OQSQ,3.83478
A18EEC1ENOT9YN,B00LE4Q370,4.301765
AJAN7T0CSDDZO,B01HE0KTA4,2.6210096
AUJKYWUK14BZ2,B006M6XV1Q,2.0121381
A21H10PWSPOB6Y,B004BLJ9IS,3.5544531
A37GCC410JYT17,B010OTOMCS,2.838069
A2MR87VMPFNFJ5,B00CPV1INK,2.8440938
A2JOW1PW9GRCA3,B011T78JT6,4.6614976
AJ571UKWCC3CC,B00G757PB4,4.8680444
A2B9C3FMYW18UN,B019YNUPFI,3.9285805
A3T7S6BDKHWPJD,B01GQW4UQ0,3.8743436
AX5NHGPX6G44A,B00CCVVKMW,5.2118397
A2HZ6MGQ6TPNO0,B01AB4CLHY,3.4566064
A13QONG1RD57UW,B01CWZH814,2.9629388
A8YJFGILC2W38,B016QTOIWE,2.5398424
A3ALMNUTJS22FZ,B019S2I4HG,4.3855968
A18EEC1ENOT9YN,B00K2BX8WY,4.3047013
AUJKYWUK14BZ2,B01ACP2MSU,0.33228943
ASA5RSXOAVT12,B00WRNKOOU,3.0886166
A1YMQOVJJHYR5P,B00TFKJ4NK,3.1443336
AIKGKUGNQ6L2F,B00ON8JVP0,4.4381137
A1NQQU8O1ZYJP3,B0195SJ3MI,3.6143658
A3MOGV0QO66QZD,B01H2II39C,2.6633394
A2MEKYD68X8R8H,B00BFQDDZ2,5.2248263
A386CNLWZUF3EH,B00BMV0FK6,4.248335
AUJKYWUK14BZ2,B019FNOC92,2.261172
A1Y5FO3ON4WVHS,B01CT5K792,5.1429877
A238ZC3TQJC8V8,B00I48KN16,3.9593136
A1HW31KJ9V89CR,B01FG70S4E,4.098589
A3HEG0QCOK446R,B017ACSD1S,5.0332093
A35SD76E2TSGP9,B018PD0F9E,2.1797063
A2C7W167DVNUKH,B017XVQCZU,1.9568216
A3JVZY05VLMYEM,B014B6KG2K,4.554139
A3JONP3MGSSP0F,B0151UPUEY,3.026522
A2FCH654FN672F,B01GBW546U,0.35580817
A33R5UHQ3TKZGY,B01CYTLPPI,2.8989117
A1B39IGLV2W0GE,B00ING5PN0,4.07437
A2O8R1A83EROU0,B00LXK4KIO,4.4378467
A2F1UD4JDHKMTA,B00XWCHNIU,4.482324
A2BX79H27KONN8,B01FMTA1WU,4.378514
A3PB5W8OE59743,B016WQR86Y,3.5155861
AD9HAE7DPTQDG,B00XTAEA90,4.5748715
A3C713428J4MJ7,B00R7573Y2,3.383219
A18EEC1ENOT9YN,B019E5Y462,4.7912984
A1N3GV7AVOC8VC,B0100BOE7S,4.3488164
AGT5F6R7R53LR,B00CXUDS3G,5.125543
A244C0ORREA3N5,B018PD0F9E,2.7175338
AWPBNX7NCVR0D,B00JH66D1S,4.7012353
A3PVBW0TN46U8G,B00EC197UC,5.0394917
A1LIFH8XF44LMI,B01CYTLPPI,1.6449085
A37D3BRKS7OO2L,B01A5OVNQA,4.6081705
A28U98HYYE5DR1,B01DUV1DV0,5.4739137
A19T1A4TS1WHOZ,B013XXGRYI,3.7796504
A1NO01K5S45TUL,B00OTNSM4U,4.179026
A103KWX1QFCG6I,B00PUS8AEK,3.4978817
A3JTJ1E8NK7DH1,B00AFB685K,5.2066393
A19WZRD3RKFJSO,B01H0IOZM8,3.177722
AWG9YC0S5ZXRQ,B01GIU443O,3.3401566
A1Q3SVFIAWX5YN,B01AW25GRC,3.3901844
A3A44JIMIWYFIE,B0092ML9AC,5.132133
A2B42XZI4MXOLX,B015BH04E8,0.85663354
ALOMGLBPLJCW1,B01DR4USYI,4.6163425
A1ZDSAPOGRGBJI,B0135MRXRM,4.3093176
A18EEC1ENOT9YN,B00Q6YLPJ4,2.8774219
A1PUK8ZJV9IHG6,B014TBNOMQ,5.1332083
ATZOHBDX5VNKJ,B00K31DCD8,3.54312
A3CMIEYL0TJLC2,B017ATNDY8,4.844068
A2FDUFFMTO735I,B01H4NVSOC,4.0953827
AM9YOCRU10IXW,B01FOEQRNA,4.005655
A2H146VK5MMYIH,B00LS7ST98,4.8842063
A1CLGNWRCE4QKB,B00R7573Y2,2.3783226
A2C3N49XB5K19C,B00UDQTS40,5.1212707
A916DXE9W36GF,B01DRXCPXG,2.5689516
A1VRJKI38G4GOV,B00CGFEIM8,4.26181
A2DD8D4Y1UMJ2C,B00NUMIOY4,4.833349
A3CJ3VQ76GFU0,B0078S9B6G,4.562652
A23GNQPTX5CJIF,B00M0DQGXU,2.290068
AL2SKAXGCX01B,B00FCNI42G,5.5497136
A2OHRT539LLCUN,B00AB3F2RM,3.3903444
A3DVHWX9O27YPI,B00JNU6GLK,2.649022
A25PLL2FEB615H,B01CT4MKIE,0.06986502
A23B9YR9W29YUQ,B01BHD8WD0,4.050826
A2S5EPJ451WL3I,B01CMN671I,4.520903
A3FA93L7JWESR,B01C0UBDEO,4.4780974
A3ES0XIED7769J,B005UGMC78,3.7771387
AJ571UKWCC3CC,B00JRNOW4G,4.6107764
ALGAUZSEQQWI4,B010K7B5E2,3.5115697
A202A0SM6MHKMN,B01GOWGKLK,4.132414
A2HZ6MGQ6TPNO0,B00LDHTZLO,3.7227473
A13C8NG8050JNQ,B00D0VMCXO,2.3153207
A24Z79OS5VQA7Y,B01B25PWK4,5.7775383
A3E9Z09JAP34EB,B01E7VZH6O,4.32564
A1ZV5XBKG7RVZU,B014C5K4WC,1.9773597
A2LF3KTH2T6RJA,B00M27P9D2,3.1484377
A1F41PH89SL6JB,B014Q6D6E0,3.488829
A267QVSAPZCRT7,B016G14KMU,4.5845623
A2MK1L1Y74WTWH,B01AJ6SEOS,2.0584831
AC10HRTVBXZLI,B008XDGQ2W,4.2159257
A956O72VO20Y,B01GW1BZBI,3.1601565
A2U79NOE9VJQSF,B010QZIGBI,5.8774314
A7M73HAH815DM,B01BS4Z7IQ,4.1523194
A3N67XHSHB40CQ,B018J24EM0,4.35181
A1DC00T32U26HC,B00BF2APBQ,3.9449418
A38K5A38JROTJD,B01ER3O8UI,3.0898266
A1HW31KJ9V89CR,B010ZFRUQQ,4.530216
AV4HVQ5WUQ1Z1,B00M3GWXHW,5.8004537
AW16PJHZIQPA5,B00QXWYEYW,2.226197
A2E40ZTDDZ2U29,B01DJTWN0S,6.6758
A1YAIBG1N7N5VV,B01GIU443O,4.3750777
AJAN7T0CSDDZO,B01BJST0FC,2.6210096
A73IK4VT0XZS6,B0085MBTVO,3.5325396
AN5L4HOQ6ZZOP,B0080D3VPK,6.0459404
AYRSWZILCH4S,B00AMIX8P4,5.0746264
A3FA93L7JWESR,B011Q26IJC,4.6978307
A2O4SN56PNX9YL,B00SXNYCU0,5.3953996
A33C93P9RWTQUK,B01BRFLLP4,3.3538766
A1ONF1PVSKH226,B01H0IOZM8,3.5989642
A1PA6ZO9892OH3,B00JWTGGVC,4.807004
A1YMQOVJJHYR5P,B00N9IMHCE,2.035783
A296HV17AZ10V9,B00IZODKWS,3.4800866
A2O4SN56PNX9YL,B01BXGMTEY,4.546578
A5CD7EOFVKXD9,B00PYPHS9M,4.459742
A3HDT8L6DPBZND,B01CEUZT8G,3.2549093
A1DJY8WVWPJ2H8,B00TIUEVL2,5.098891
A3NIPJ7WT4LL60,B003KRP2VW,1.1495541
A19GA74ZCMMYPM,B00OCZDME0,4.373587
A2BEDL4QXLEE3S,B01FKDKB96,5.510554
A1KLWQKML2HIXU,B01HEU9EMS,-4.4914556
A28KZIYDZQRGGY,B01AQNZQD6,3.9546888
A2PJCE1T0AXDD3,B00HXZTVWS,4.7005086
A1KE19CDYIO2YN,B01FWYD956,2.3446205
A15EMPO8TCH2RB,B00PHFL5KM,4.1966114
A2BEDL4QXLEE3S,B00CGFGS3A,5.4659915
A1FUH1O6FCTUYG,B019VJ697I,4.6485476
AV6ORIR1JV86P,B00YQBSEKW,4.450798
AVOPHZPWGEODY,B015QLJJG8,3.1583607
A1SXDVX98NJLHZ,B018SCGDWK,4.1263456
A3PYB2CTKK93MG,B019AJC8DS,3.9217274
A1I96OYAUJ3HQE,B013OHD20A,3.425784
A3E4H5A1X8NJRR,B01D8PYV62,2.4037194
A139GUSKBRWPIT,B01AWX20BG,0.4314668
AQBTNZ9ZD08PD,B00NSAPAQI,2.73972
A3GWE80SUGORJD,B01DRXCPXG,3.7606754
A20FSPQ9ALP9OM,B00M5SZOAQ,5.0349865
ACGMOUFXV2VM8,B0130KVNKC,3.7370877
A2VNG16IOTY7N,B00GBIYX8A,2.897957
A3IL7OEY26GURY,B006KWAKDE,4.23303
A2WQZ6RF0O4XER,B00M7E63YO,5.512942
A4KVXNCQI8A5Q,B00ES2P6UK,3.5343149
A10Y597K071WTQ,B00CJV6N0Y,5.9836445
AGA6C1UQDNQ1P,B005CM1S02,3.8726795
A37L0HU53PN8DP,B01DI63EEG,5.870014
A3NU5MG1VOINFB,B00B5W9PWQ,3.3949027
AI38GSFB90M4L,B00DJCFUS8,1.7952713
A3JTJ1E8NK7DH1,B00AXLV0CI,4.114694
A1N5V2UJOC1BY9,B013X96TL8,4.325712
A1ACUN6A2LYVMW,B00SK8S8KS,2.9132993
A3CBZUOAQ1LBU5,B00M8ERQ0S,5.1680493
A99KVVV7NFPBP,B00HBWQCAC,5.5811853
A2HNNGE6AVYBV8,B00ED4WKKC,4.2578454
A3NLV8K05ZV219,B01CMK5YA6,4.91194
A2VFV7B57GBZ3J,B01CMK5ZI2,3.5392332
A1FEZ774RWJOU,B00N9IMHCE,3.759158
A13QTZ8CIMHHG4,B013GZOXPS,3.6971643
A31W0R6O8EM6V6,B0157GPPEM,3.7938802
A17IUHX3ADIE9U,B01FWPGSJO,4.163961
AJJFNI9AK6G1H,B01BU7PHA4,4.6345797
A37D3BRKS7OO2L,B0174PTMU2,3.2439091
A916DXE9W36GF,B00BQMKC5O,5.073835
AWNYF3812RWNG,B009RPTFIC,1.7541448
AVNS35OHR3D76,B01A6OP92S,1.2002399
A1ZDSAPOGRGBJI,B01D6ZVT78,4.0278964
A6ZT9EZ49JTEL,B00CGIEP00,2.5440986
AOLHNMI8G8R6K,B016XFRQMA,4.453428
AQR5TV897ZGKZ,B01F2WTGFK,3.1144993
A2KZCKQSFWRJIY,B01FOEQRNA,4.2773576
A3A44JIMIWYFIE,B01BRFLLP4,2.4680157
A3L3T9JRL1GT95,B012YOLAUS,5.0064383
A2MEKYD68X8R8H,B00TQ8W4KG,4.0888934
A1XL1A3TCU3Y1I,B00SA5KFM0,4.8453116
ALYI8YM90TPD1,B00CJGUHR4,2.7313654
A3SJW9YR903G3,B01CBW4D7A,3.7670603
A3QY3KER34QGCS,B015B839PS,3.0110135
A34RWNEJGJFHEV,B014BR4A3A,3.1248083
A16N88TMHMXX1F,B00JJ7LFMM,4.6431046
A2PN1AJYXDU1J0,B01H2AZ9V0,4.399816
A3ALH6Z83RHTO2,B01GU2RUXQ,4.2107925
AK3LIR1TVZFVZ,B00VKQEDS8,4.2514176
A28U98HYYE5DR1,B018RU9G0O,5.059406
ALVAFI51NRXZS,B01CWZH814,0.5781077
A3QGQPGW6PSY46,B018QXM6GS,4.593896
A1OZ3R75S8NAYD,B00UXLO4N0,4.921576
A28GRFK2F3TMWE,B00VOYNKM6,3.9965508
AAEIK0DZ1F537,B01GZ7IMJC,4.250141
A3N6TV5T5JSG7K,B01BC47KBE,4.7225776
A23Y4UGTFDMZOP,B00ALG6UW0,3.5338511
AJ80WW1T5KJIC,B00YM0ANQU,4.3613453
A35UQMVR4UJS15,B015VKB8KY,4.4776516
A1I18OT401WDI,B00T4ZG74K,2.2564654
A3BMLG97SSIKN3,B00SC7DK2S,3.5817292
A3T7S6BDKHWPJD,B00SPA1Z5Q,4.4745345
A1H10L6S9KZB2C,B01ECK9V12,4.732552
A2HZ6MGQ6TPNO0,B00QQOX6LY,4.2868547
A20YJJIVUMR5J3,B010TYBN4S,3.8282046
AIVY8XUMV5UY7,B016247Y92,3.2229178
A2U79NOE9VJQSF,B01BJ9EFB0,4.1848893
A3A44JIMIWYFIE,B01G2U39WC,4.3691077
A197W8MNF706HT,B01CEUZT8G,3.5914972
A2AGAA1B2ORZW0,B00H3HRWDQ,3.6061368
A2VDLDSGSD32FI,B016TG5V3E,1.2321868
A31O3ANLI6CFJ4,B00C41095Y,4.5234184
AC97LVZ0C0TSK,B00L2CNSL8,4.857901
A2RXWEXESDH2NX,B011G3HJ6C,3.2213585
A1JMSX54DO3LOP,B00X7R3DFM,2.0798633
AN5L4HOQ6ZZOP,B016R0I2WE,4.657187
A25CQ5UC0CJ44C,B018F6H3U0,4.565017
A360VI7SQP0HYW,B01GT4NXU4,4.139889
A326085M0DK10B,B015BCVXF2,4.154473
A7W8CXJOH3UNV,B01GF9OQSQ,3.1999884
AX746FITV1G72,B01DYXP2LQ,1.5529219
A10PEXB6XAQ5XF,B017605TR0,2.0329027
A1FCMIVQTWHYH2,B017733NZ6,4.143144
A7GZXYEZ2OMLQ,B00NOAZJI6,4.848982
A360VI7SQP0HYW,B0165I3WGY,3.1603155
AV6ORIR1JV86P,B00Y228S2O,4.0961475
A3CZHTR1QFY285,B01H1I46YE,4.0169067
A14TMD2G1JAUGS,B01FWPZNAE,4.470444
A1KQJLBDF2OEMD,B005USIO78,2.8643665
A3ALMNUTJS22FZ,B00N00BM2M,3.776489
A3KFTHKGVC63SL,B010GX3S0Y,4.633247
AYIPGMUURK82V,B019B6WUGU,2.8110366
ALN3RU7X0HJX5,B01964TJZ2,4.755387
A37G8WNF7DGY6M,B00MQ20P28,3.4475274
AUF0OPKICU6D4,B01DJWPF6Y,2.8605664
A1WHWFGNKP3CIO,B004XW3LLQ,3.9095504
A3PB5W8OE59743,B012U86IBY,2.7930639
A1121LU5RSP5CH,B01CERDE8G,3.3957136
A3KBRXW4PKK2MT,B016R0I2WE,4.0752006
A2AGAA1B2ORZW0,B00V50VSUU,3.565142
A2EVKNQ71UULXI,B01GGW37V4,3.213102
A1KP314KHCR7AF,B00RY4G3PQ,5.547621
AQFF452SVDF48,B0094B6OLK,1.0784634
A1ACUN6A2LYVMW,B00DRFQRIO,3.4311786
A3JL6LOFVXYCA4,B00NGZOH1E,2.556601
A1IE93W5OH9MGR,B01CRA0U2S,4.9710193
A2JJ1DXY0F6355,B015X67G70,3.5149264
A1XJXYKOWCH9XT,B001V5JCTI,2.0315514
A219Y76LD1VP4N,B0165I3WGY,3.127551
A2EAKYR4AEJU69,B00NP45GG6,1.600545
A1ACUN6A2LYVMW,B017GE76EU,3.6189473
A2U72WDAUX5CD8,B01HCB4LAO,4.2863955
AX746FITV1G72,B019VJ697I,3.1317124
A2B8C9QHIXJO6N,B01GT4NXU4,5.020985
A1H10L6S9KZB2C,B00MXS70SW,5.1870413
AVOPHZPWGEODY,B00UZM2O52,3.8507202
A26GE9ZG68SKIQ,B01CXJDHEQ,2.8541424
A1NE9CRAQ0WUV,B00T4ZG74K,3.491368
A2U79NOE9VJQSF,B00WTUV8WS,5.015899
A2CBOVOOK3Q6D4,B01GUHZYPC,2.3099108
A3GWE80SUGORJD,B01BRFLLP4,3.7606754
A1V0IK7DUYIVAC,B017DSORBE,5.210562
A1BOINGLPB5I1M,B00TOZ9EC2,5.1741557
A326085M0DK10B,B0160IPNVG,3.93034
A8Q2ZFOHTVSCV,B00WRP0DHG,3.8734577
A2V0EO639QKD2K,B00S4D0PDW,3.6576335
ALUG4B13HWSBF,B00HJE3UES,4.7894797
A39YL17T9LO0SP,B01FDI8UWS,2.745401
A2FDUFFMTO735I,B00VTY1WNA,5.2306113
A12K5Y2SEANYW0,B00IU087O8,4.2496233
AWNYF3812RWNG,B00NLJHSQ6,2.0025227
AGA6C1UQDNQ1P,B00ILYKGW4,4.838597
A37GCC410JYT17,B0122DECEW,4.8279037
A3A44JIMIWYFIE,B0100BOE7S,4.106622
A1RVTF261ZMY4M,B01CJ37JJ0,3.5769327
A257TD5GO1T81W,B01AL57X94,2.5362933
A320TMDV6KCFU,B01GYPQQRU,3.786752
A1YQ4CZ5XEC11P,B00R1XYQYA,3.2733705
A1HWY56BX546T8,B01H0IOZM8,3.044836
A1NAXYNAOGJIGN,B01FWYD956,4.8964624
A1B39IGLV2W0GE,B0153KV24O,3.4928687
A2MR87VMPFNFJ5,B01EO6IIM2,1.1149598
A3YPNGXQCY94U,B0165I3WGY,3.4234068
A10C3068FTNIOC,B007Z4WTBW,5.1414
A2UAPFRQOHUFS4,B0198OKW7Y,5.237719
A2MX7TA6LI8I4K,B00EN6LQYQ,4.2000265
A2ZUMHFY3XJ8DT,B0165I3WGY,3.0657778
A11B4CZH8ZB9QQ,B01CT5K792,6.1068854
A21UH6HJAXW2J8,B004UWPNJM,3.2297614
A2LAII96I1O1IY,B00OHZ151W,5.3480935
A24NC3WOFW7LHT,B019YNUQ0M,4.0152764
A2F2878HE7XOM9,B00Q5OG0RM,4.2429276
A3FJ2JGU50THRQ,B01H0IOZM8,1.228331
ACVNKHUOX3QWU,B01CWZH814,2.2164476
A2N1XSD82O6XTV,B018UYNR5C,5.2722898
A1K69VHP8LH96J,B01CD4OVX2,3.486564
A36PA4XPATJSKX,B00DJCFUS8,4.938843
A3C2Q11SFBG1ZO,B00FJFV6AY,4.904384
A3E81XX9ZDNCNO,B00U2R3T2W,4.616462
A34XKT60HI08BV,B00WX7JLGW,5.157939
A1P44JJW47E6QN,B017GQDZWU,5.171052
A2HAVS1COIL5Q4,B01HAQ70M2,4.339515
AGIFTDAFJEXVA,B00AD6O6BU,5.074576
A26YRCLOTDIL0P,B00ZAY07OK,6.0727677
A1EPVSC849EI9R,B00RD4J9EE,-4.4914556
A2FGLRWU445AQ7,B004BLJ9IS,4.865107
AICEEONZRFNJY,B00O3V6PWY,4.0200157
A1G7VXXXLTJX9R,B016WQR86Y,4.0943346
A2R1M0ZIPGN4TW,B0064PJUWY,4.953602
A2FDDTPAER5DBO,B01EKIELGG,2.5140855
ALY4MQYVAEE4U,B01GPCEU6G,2.8817313
A30V9M9DZW8SFU,B011ARRJTG,-0.12557009
A2YJ8VP1SSHJ7,B01BCIZ7UQ,4.586557
A1QFKWSZFO0AOH,B006R7FXFW,4.284078
A1XKTJ1XLTWLCQ,B00WYCXDEM,4.7275925
A13J31ZJVVG2GY,B01GYPPMNE,3.7708585
A2735JIVUDTBZ0,B00BUAZL12,4.6193724
A2RWL2UG5PAFAZ,B01B9XNJP4,5.522442
A2DZUQQXPNUGI7,B010K2B87G,4.3345056
A3VSCCW1FN11B7,B0178AU3V0,2.0684998
A1IFWIZ62O12OT,B01835JNDI,4.488202
A2XKX5TBB6WV00,B00JG6RZCU,3.6585405
A3GWE80SUGORJD,B00M3GWXHW,4.6997895
AYX4FFM42UGTM,B00L0LQCQ4,4.3012238
A2B42XZI4MXOLX,B01317ZZLC,1.6082982
A1QJ17BR5K3C8K,B016ZG19KM,3.4369473
A1OR7X6Y41D32O,B00T513D4U,2.8944433
A3DS9MLHI0EHG6,B00CF9F6G2,5.242544
A1DJY8WVWPJ2H8,B01ATXXTLE,3.8506303
A1YVDKMJY8A76P,B01CPQZSPS,4.048778
A245T0V8KVTV45,B00Z7Z2A6A,5.0217085
AU7WXTKQLFX37,B00Z4EAA5W,4.341744
A1VYZLUB3UXCR1,B006KZ5M84,4.1734324
A1F41PH89SL6JB,B00AA3P7M8,3.6339033
A3N6TV5T5JSG7K,B01FKDKB96,4.410955
A2C8S6EB6MKYAX,B019YNUPFI,3.87331
ACOXR0GL8E2Y7,B017WDM2RG,2.8240087
A1F41PH89SL6JB,B018BL1LIY,1.863362
A1FAJ6G0KD5ASM,B013GZOXPS,5.1924214
AYUTCGVSM1H7T,B009621GIS,4.895898
AX2OKB7GR55FZ,B00IKKZTPI,5.2118216
AM1T5MXP5H5SO,B00PKBZW16,5.4395337
A18LI83Q1F5DKU,B017099OS2,2.892194
A3ESFCDE13IMH4,B01GYPQQRU,3.0113885
A2CDMT445133LY,B00U7O4IQ6,3.5956054
A31CZW8SHN9PTX,B01E1RRX66,1.1816807
A37GCC410JYT17,B00FZ5H8Q4,3.8641703
A2XKX0EWBR2ZT0,B00BGXA7TE,5.107553
A1TR7SQWWLREQR,B0178AU3V0,2.7954786
A3J5XVO97ZC4B2,B012KJXGYA,2.9075058
A6SR7U2PNGN0N,B00N0VI2OM,3.7550125
A3ESFCDE13IMH4,B00R04OXC0,5.3481956
A3MJT1B2NVRPDL,B010W9HEUW,4.9818525
A2VTPPOUWOT9AB,B015G747E6,3.8858707
A1DUWCXDBM40AO,B017DSORBE,3.392683
A3HEG0QCOK446R,B01FKDKB96,4.083627
A2WEE1PU5NZVJQ,B00YAKL5A0,4.388112
AX6RWLTHRQR7,B00IOXX6UQ,5.46555
A1I18OT401WDI,B00VS2DSR6,1.9836792
A2LF3KTH2T6RJA,B00L3LR7VU,3.5963619
A3EJTO1IBULV7T,B00QVNQYIM,3.8832693
A3JHMDPDDFUSLV,B0024CEY2C,4.7602267
A2CJ33Q2E7PUTQ,B007HS1C4Q,5.419477
A7GZXYEZ2OMLQ,B00OMG2XSK,4.0366964
A139GUSKBRWPIT,B01A86GURC,1.8924783
A1TUBKEWD01LLS,B017O4W3V8,1.936251
A916DXE9W36GF,B01CMH15IE,2.5689516
ALY4MQYVAEE4U,B00XWCHNIU,4.4321766
AWNYF3812RWNG,B0094B6OLK,-4.4914556
A1N48Q1NZQ9R2E,B01C8RR9DS,3.8214338
ANEZJAUOG31MG,B00UDEVNWM,5.165485
A2U79NOE9VJQSF,B00VN6WJFO,4.4437118
AHRDOVFRA0KW7,B00UXYQ9LM,4.5384803
A3L8F13NKUQHQ1,B01CXJDHEQ,1.9203814
A1DJY8WVWPJ2H8,B016MWT1XQ,3.2312443
A2JPS7EMNFKXOV,B00GNQWYOK,3.514066
A1AX02Z2IRSAY,B00W5RJ4BC,4.2883263
A3A44JIMIWYFIE,B01GW7E18G,3.6668754
A1JLU5H1CCENWX,B00BQMKC5O,5.3167014
A2NC35OEWK4HE9,B00DLSTT9Q,4.9603276
AGT5F6R7R53LR,B01D6J793W,4.1705127
A20R37WRPLUM1D,B01G65V1DC,3.8621376
A2G9EAG3T2GCW6,B00G3DC7RW,5.163197
A3ANLUEKJBC1IZ,B00OYBCSVU,3.224366
AXVDFGI9OEIVK,B00BF6CA0Q,4.4767694
A3G7QPDLX3SDV0,B01HIZRVFG,2.913229
A2RQ5IRWRU0TVO,B013YQA2C2,3.2439778
APU63TQU832SF,B00CNTSVZM,4.534936
A18EEC1ENOT9YN,B00GEHN8ZW,2.7330296
A37R3BNDHBIZTL,B015VKB8KY,3.4786148
AM1T5MXP5H5SO,B00AM5LHSC,4.528886
A2S5EPJ451WL3I,B00XLUEMYQ,4.376962
A2QROW66DKI83,B00F5FBRD4,4.5256314
A10JAUCIGVRW9F,B00NJ4BB84,5.9658237
A28D20IM3BNAJ1,B00NSAPAQI,5.091489
A21BTVOIQV3JWU,B005GMUU8O,4.4477577
A1JLU5H1CCENWX,B016M8HXW6,4.6902184
A1U0RS0JIDAHDM,B01HF6OU70,5.8681207
A1ACUN6A2LYVMW,B00HTJJST4,3.4938645
A3CMQYU4YPSAFM,B018H41U7C,3.2476432
A3VE7N2XUI8C3K,B01BS4Z7IQ,4.4649377
A3KIA7199DNI2H,B00P6HT5GM,4.079355
A242RIARZU44TF,B0104EOJBM,4.4197927
A2AGAA1B2ORZW0,B00MQ00LEM,3.703405
A219Y76LD1VP4N,B00PHZ3RLC,4.5240602
A2NDDUI5L26D3Q,B00QMGQMOE,2.3197677
A3V9J8I5FHAH19,B018OJZD4Q,2.796773
A3RNQ7PNKEU1UI,B00QIV6JXM,3.8125238
A37D3BRKS7OO2L,B01H0IOZM8,3.2439091
A2MR87VMPFNFJ5,B00TJCFIFM,2.5142205
A387F6OFDVEDZT,B015M4PPXK,3.5086396
A26F5B12T242LL,B00ED3FAO6,2.3370798
A15VY7B7VJ3UNY,B00ZNE45JA,3.7045145
A2PFNDDKHOOMZU,B015BCX0OO,2.5078914
AJAN7T0CSDDZO,B00TC1JYA0,5.128488
A2DZUQQXPNUGI7,B00KE8RLV4,5.5140905
A1J3WRDIB012CI,B00R4ZHYXK,4.161372
A25PLL2FEB615H,B01BTHWXF2,2.0576792
AX59HEWTONQ1M,B01H7J5Z38,-0.40179643
A32A056Q9OYP7D,B00G3W5K9K,4.396067
A3SIBWUE9G31W2,B00UZM2O52,4.46647
A222WQ9VGVPSR5,B01G9QHL8W,2.7580748
A1EBA3T5N28PUV,B01HAQ70M2,4.2806096
A2H7AEDMKV11OJ,B00NDEXI0O,2.5872738
A2LMF4HG470CNF,B00S7KU0I2,3.6906078
A64VNUAXNX8VO,B01BRFLLPO,2.195315
A3GEKHTOCDSCBT,B00A8S22OQ,5.9536777
A2PFNDDKHOOMZU,B01EQ2S2UM,2.5078914
AQFF452SVDF48,B00CF9F6G2,3.8572052
A9DHG0VJ54YZH,B0057XVAJU,3.6284058
A3K3P9U2AB4P4R,B01A4ATX58,3.585564
A2SDFM6RV0SQ4,B01GIX5F4I,4.4861574
A3CJN2S0XLVVLM,B00NTN7M4C,3.4831645
A2RYT2UPEQXUAV,B016YIRT9Q,4.5222774
A2F483MD47JG2T,B0184SY5IM,4.1279263
A2GO4VWZWTL7ZC,B00NWR78L2,3.8814173
A2JPS7EMNFKXOV,B004OA5ZTS,2.8409834
AIQWMQ4JWKZ3T,B00P8DE7YY,3.8736231
A1IFWIZ62O12OT,B00DRF2602,4.2626557
AGA6C1UQDNQ1P,B018PD0F9E,3.3831828
A1DJY8WVWPJ2H8,B0157GPPEM,4.199665
A2BOKBB1IZA13L,B00HI3MSV6,4.7673287
ANKDQ12BPX6Z3,B00ZTMRHQ4,4.1508956
A2C7W167DVNUKH,B00F9Z458E,1.9322063
A2N1XSD82O6XTV,B01F688XAY,5.14955
ADUI5YISBG6Z4,B019GLJC5C,6.1912923
A1630ADTTI0JLO,B00PHFL5KM,4.2240386
A3LXRIY0HE71K,B0191WS0K4,2.7921581
A26V5ROE0OZCDA,B00KFZCAAI,0.11566135
A1VE539RO5061D,B00UZM2O52,1.9039549
A2H7AEDMKV11OJ,B00W22ITCU,2.970457
A2MR87VMPFNFJ5,B00MQF5U02,1.8183292
A31CZW8SHN9PTX,B00AVJUGQI,1.9571487
A23TQDWMUA4F6Y,B00RY4G3PQ,5.348498
A2Y7B4AASUOXM,B00ZDHZKKA,4.181581
A1JXLTQ5VWPGGV,B00S5HPW6C,4.271363
A2YJ8VP1SSHJ7,B00ES2GX3O,4.8807087
A364KQZL1KNS6Q,B01EKIELGG,4.564223
A2CZKERY4LUBVI,B00PG3NQBQ,3.132563
A328S9RN3U5M68,B015BH04E8,3.6427803
A3M3DF2SPC6P8A,B00HQLQYWY,2.8468635
A2WEE1PU5NZVJQ,B00WLQ8QRK,3.5580957
A3FOL8CN5A1TFR,B00GCVZEG6,4.284472
A3W3XC01BFJJMR,B01G0GIXJ2,3.1607864
A3MJT1B2NVRPDL,B018DK6LM4,4.92421
A23ID71VXIBR8T,B013QFWB7K,5.2060966
A222WQ9VGVPSR5,B016NO06XM,3.334618
A2RPMPBKX1MWR7,B01D0ZPA60,4.8765106
A1FI0I69UHS22T,B01A4Q26WY,4.583878
AGIFTDAFJEXVA,B00NTPSMSA,4.956803
A10ED33F8VY4GU,B00CDA4IQC,4.6544375
AYUTCGVSM1H7T,B00RNJLHS0,4.249915
A1F41PH89SL6JB,B01BFYBH24,1.863362
A3FO728397JFZP,B00WZSQ734,4.386129
A1D427FYPTSWR0,B01GKU3D1G,4.1977434
AK3LIR1TVZFVZ,B00NOAZJI6,5.1117706
A1E29AF1LT9N6S,B009QSK1GK,1.9079062
A19MQI49YCA5SK,B0143PGMCC,3.0655942
A2ZU73E6RDADJV,B01EMF4FXG,4.145113
ARF6JCH8L8ANV,B00C9L5L52,3.647753
A3IQ0P3M39IY8U,B00SSS98IQ,3.649381
A1IE93W5OH9MGR,B01DO75D20,4.1161237
A1KE19CDYIO2YN,B0130KVNKC,3.9788144
AX746FITV1G72,B00TWUUBUI,3.3872032
A139GUSKBRWPIT,B00K6ZEK3C,1.6416098
A504UK7D094HT,B0104OFHEK,4.8714576
A2EZZ9UTFNNKRE,B01D9877OQ,5.2514706
A23GRXCXQU3SM8,B019B6WUGU,3.030561
A3EVKU21OXJ242,B015GEUFCW,4.090051
A190TSUIRJIFUK,B017265T6Y,5.2343216
A1RW0U9YBDZ7UT,B00K2BX8WY,3.3045726
A2HZ6MGQ6TPNO0,B00NY7PPCY,3.6081002
A3J9BHGK55ZPJO,B00GXBV0MM,4.213199
A2WG33SBOT901X,B01D2ZNXWQ,3.0519555
A26KWG162U8VBQ,B01HDF9IKM,3.3319545
A2D9S6V1AFXOAO,B01FOGIV3W,3.184592
A1K4S4MWXI9E9M,B00TIUEVL2,4.706464
A23GRXCXQU3SM8,B01CWZH814,3.030561
A222WQ9VGVPSR5,B01C25ABTK,2.453263
A2WEE1PU5NZVJQ,B00RZT2U5W,4.3193045
A1LGEZKBNXPUW9,B00ILKTBSI,3.8628774
A328S9RN3U5M68,B00VD043F4,2.439403
A142HAT43L5W4W,B00CK51JT4,3.871695
A24NC3WOFW7LHT,B005NTW8SU,3.039582
A1FUH1O6FCTUYG,B00QQOX6LY,5.0778747
A1FUH1O6FCTUYG,B00JFLUJ3S,4.6025043
A2Y3ZGVRA3S23L,B00D9CMLNA,3.9147851
A3EONSSI2V1YBC,B01FVFWF3S,4.7781186
A12RUNSGFAZFE7,B00WF8YBRS,4.649058
ALGAUZSEQQWI4,B00RFY3KM4,3.8260634
A2989UZHTNXKM9,B00QZCYET0,4.3159
A2MK1L1Y74WTWH,B019G0SO9S,1.860502
A916DXE9W36GF,B01GYPPNYC,2.5689516
ANNKJUAQ1268I,B01DLR92DY,3.7845254
A2G45Q8V20R779,B00ZEQMP8U,1.6465594
A1HHSUAQDZ1XM6,B00S58YGCC,3.7191243
A2BOKBB1IZA13L,B00NDEXI0O,5.1945806
A3KIA7199DNI2H,B00EVSB3N0,3.6800256
A2V5HEEE7YLXMI,B01BUMJMA0,4.821701
A19MQI49YCA5SK,B00OGKNBX8,2.8525913
A3NICGO82Z9FI1,B00INYO7MC,5.0120554
A2X6LA6IS2C32K,B00DLSTT9Q,5.3695474
A19WWNRLPTXINV,B01H0UI0QS,3.8999145
AOLHNMI8G8R6K,B00G6N3IA4,5.2292013
A1LBXPSSVZVIM0,B01HCB4LFE,5.17605
A3H1TO48SUIM54,B018RU9G0O,4.4456754
A3KBRXW4PKK2MT,B00NMTN4K4,4.0320673
A3UO90FEXQNHRD,B00UCEQTTK,3.0897682
A1K8IDNOJ69AE1,B01BRFLLPO,3.2915628
A7HZKJID44JZ3,B01A1E8WO0,3.2695217
A34RWNEJGJFHEV,B00H62TMJA,4.074117
A1PA6ZO9892OH3,B01HHJZ3EO,4.7621236
A1O96KXOI2UI2N,B01HDF9IKM,3.1915257
A2RQ5IRWRU0TVO,B00VZ3S5SA,3.0312376
A3IZU63H3RBN22,B00TKOT3BO,4.722654
AZPNSCZH6LW40,B00RWKMS1U,3.7026649
A2HX0B5ELOPP5Z,B00P85PU8E,4.3475738
A1ACIK34MC3R7W,B00SJ7LQ9K,2.6880412
AQ5HSBPNASYIG,B015B839PS,3.9752028
A2VCU61TZ2J1FB,B01GYPQQRU,2.785678
A245T0V8KVTV45,B00YQBSEKW,5.146115
A01631062UX24GI4LJKF,B00CQUQ1HI,4.1593103
A21G2H64TFS4JO,B01FC7VFCM,3.864031
A3DQRNADNQWG6H,B00FP43PP8,4.0710106
A2RWL2UG5PAFAZ,B006HMDJN0,4.479559
A178S00H8B3YWA,B019E8ND52,4.5513916
A3KIA7199DNI2H,B01B2EYBIE,3.257313
A1TWV867HVZ60,B00A3ZA4TO,2.4957974
AWNYF3812RWNG,B01CT2VV90,-4.4914556
A245T0V8KVTV45,B00HTJJST4,4.740418
A3OQ0WU2ZHM5J6,B00Q9QAF9A,2.8951147
A2N1XSD82O6XTV,B019GLJC5C,5.3413453
A2VTPPOUWOT9AB,B00BYLQP6W,4.840638
ADUI5YISBG6Z4,B00E6QFG80,5.0798526
AJ80WW1T5KJIC,B006KWAKDE,4.3776298
A3QMGINSU2LNTI,B01AQNZQF4,2.8589485
AK56P9TMUDM8F,B01H5MF0JG,3.244871
A2YF0QVNVT7ZI8,B00X4112W2,2.6637557
A1AYACY5KT0YOG,B01FBZXSI4,2.7704518
A2GO4VWZWTL7ZC,B00PG4T6UU,3.1870255
A2D9S6V1AFXOAO,B00U0LF7JS,5.3225174
A3PATLW8T3PQV7,B01CDZAQTY,3.3880293
AHMV0N47XOIMZ,B00KBAYOTM,4.350021
A15EMPO8TCH2RB,B005C5YZ86,4.5946608
A1983ES85GQ6LC,B01BJST0FC,3.6914976
A2N0V6GUH28XMN,B017ACSD1S,5.7545123
A2K0H6HYH8WB5F,B01DAW6WXS,3.953704
A1FREKK8605YKK,B018BL1LIY,2.7421446
AQF3XAFCMORVK,B00JTDZ1YE,5.0504255
A3KIA7199DNI2H,B008E08FCI,2.2385404
A2S5EPJ451WL3I,B00GRAZD3G,4.545302
A2M1PNKPRUCQYL,B017WLXUQK,4.9480247
AX2OKB7GR55FZ,B00IQBLQNU,5.0152383
A1RCVV077UAKKV,B013RN2YOG,3.9680536
A8A49ZBLUK9BQ,B00EH2E5IK,4.7509904
A8RL5L4BJTEMB,B00ICTUW6I,4.19159
A2VSCTHLAYR9Y3,B00UPQIY2U,4.5815916
AGGDI4VWPPZ6J,B00NTRYYT4,4.943915
AGIFTDAFJEXVA,B00C2WDD5I,4.4660406
A1TVJ9WDRP0UZS,B01GGW37V4,2.9581573
A3CQLQXVXOKLWL,B013NTIQ28,3.4649112
A1KLWQKML2HIXU,B00R8GVRK6,2.402671
A2UJTG9XC4KISL,B00T4ZG74K,3.640876
AX59HEWTONQ1M,B00HS8S65I,1.8396988
AZFENNBSMN980,B00RMB80SO,3.0456958
A1TUBKEWD01LLS,B00YM0ANQU,3.6848924
A1E3QC0C1ODF2N,B018OIL6QQ,3.4417565
A30DBF16JX73UA,B00HVFAY1M,5.4819584
AFWKE30TEASMF,B00HLIYVPE,4.925918
AG63N054UPJH2,B00CSBQ5YO,5.1914244
A2Z3DQ7P9JYRLG,B00OG62G3S,5.0216813
A3J5Q6XEH3K2TY,B01CN19QHQ,4.4566045
A3RV6L8TB9XZNB,B017FC8DS6,2.329171
A2U3FVDELHREMI,B01GZ7IMJC,5.855354
A1YZCADBVKWC9X,B00RO7302W,4.522247
A3LR0J8MJ3Q6SI,B019P93A7G,4.250756
AAKO4YAM9BZE5,B0149039F4,2.7747123
A38KPXZZ1AXYKR,B01HAGVVYU,3.0863607
AUII0MVONK1A1,B01A5OVNQA,4.6180067
A3DQRNADNQWG6H,B00TCI48WC,3.3382535
AQ5HSBPNASYIG,B019E9VZG0,4.9067125
A6ZT9EZ49JTEL,B00CL0KG9M,-4.4914556
AAADYWOGSQ758,B00BF2APBQ,4.127827
A3RNQ7PNKEU1UI,B00MVK5RIW,3.2899315
A2D9S6V1AFXOAO,B00LKNP8DU,3.7086942
AANI9E9T63MOG,B01BJST0FC,3.0297496
AYVJY4Z9CYQWU,B00JCFMXHW,3.969846
AH62R547L3FQT,B01BJST0FC,2.4749424
A2D9S6V1AFXOAO,B00DRFQRIO,3.6758287
A3JVZY05VLMYEM,B00NU3AXHY,4.313776
A1Z7KHEH5I1LUP,B01D6F5MP8,4.172544
A8RL5L4BJTEMB,B00OAN88H0,4.062494
A3KBRXW4PKK2MT,B00OYWP438,5.0392065
A10DX94ATZQEFG,B015DLURNU,4.239664
A2KWQ64TRHB3YH,B015BIHKH6,4.9695044
AHMV0N47XOIMZ,B00EY2UDR0,5.0987043
AK3LIR1TVZFVZ,B00M3GWXHW,5.247336
A267QVSAPZCRT7,B01845NQS0,3.0923007
A2W3RQOSC87P4A,B018WYKTR4,5.3684278
A6SR7U2PNGN0N,B018BL1LIY,2.3226418
A28GRFK2F3TMWE,B01GYQ057Q,3.9965508
A1IFWIZ62O12OT,B01DUO8QXU,3.2557893
A36PA4XPATJSKX,B00F8KSVAS,3.3684673
A1TUBKEWD01LLS,B00IWTSKBW,4.10722
A2V5HEEE7YLXMI,B01DGXSHRK,5.1798267
A3JVZY05VLMYEM,B01BEGXPYG,5.341459
ABTPG9K6K74W,B0153XSCNA,2.4827878
A63YNBWLO7V18,B014BR47MO,4.42118
A1KLWQKML2HIXU,B01757MBGG,-4.4914556
AT2ZB20OCU7X2,B00Q5OG0RM,5.294612
A23GRXCXQU3SM8,B01AQO16VQ,3.030561
AL4D6OHMS2Z9P,B00JXTNMDG,3.3486116
A360VI7SQP0HYW,B0189RIS40,4.464714
A1N48Q1NZQ9R2E,B010W9HEUW,4.381548
A3PB5W8OE59743,B01BQ00CAA,4.8333287
ASUZ2V9ZK5DXS,B00JZWDC9K,4.4540706
A3PV5FJGYOY5NW,B00G7RANLG,4.487971
A3I4EQ1A96IBG8,B014B6KG2K,4.56432
A3AM47VJNSKWZR,B00R9MUH0A,3.9450366
AAZ73E56LMN7V,B015T6EYEW,4.5398893
A2UH7EMPH4GK2L,B0067ZJVK2,0.34062323
A2RU61YN9M0IDQ,B00ON8JVP0,4.2681084
A2DZUQQXPNUGI7,B00FIWMMJ2,5.3160415
A10DX94ATZQEFG,B01A1E8WO0,3.8340304
A2F2878HE7XOM9,B00LMIWFUW,3.3436778
A1RDYQ3CR9WOBH,B00FD5HCC6,4.616737
ALGAUZSEQQWI4,B00NOAZJI6,4.357894
A26GE9ZG68SKIQ,B00O3V6PWY,4.198648
A8YJFGILC2W38,B0108J1BVO,1.0418915
A3KYYFYZ73WDWV,B010KAVO0Y,3.1787
ALGAUZSEQQWI4,B00PQV6H78,4.481445
A1N48Q1NZQ9R2E,B01CERDE8G,2.974631
A1LGEZKBNXPUW9,B01DGXSHRK,4.4787493
A8YJFGILC2W38,B005GI9EXU,2.029804
A1RUGOMYCF8NF4,B010NQV6I0,3.722839
A3L8F13NKUQHQ1,B00NS79DMS,2.9796968
A245T0V8KVTV45,B00MQ5BIE4,4.2728415
A1NAXYNAOGJIGN,B00OAN88H0,4.651624
A1I5JKKMD84DRU,B01FTEBE74,1.844515
A11TXTVCFT246T,B00QG1TRNS,5.43438
A1DJY8WVWPJ2H8,B00XZJ30FU,4.75629
A2BOKBB1IZA13L,B00O3V6PWY,4.9528794
A3E4H5A1X8NJRR,B00J98RD4A,4.758604
A179INWJ0ZLOB4,B016TG5V3E,3.3264596
AMK0DSS0DAP1W,B00VOYNKM6,0.9444525
A2S5EPJ451WL3I,B00TPBIA4S,4.0428843
A37GCC410JYT17,B00MNQH5UC,4.2395444
A10IOT56F4GM85,B00DV7LVP2,3.0390306
A2EVKNQ71UULXI,B01F2SCM6Y,3.213102
A10JAUCIGVRW9F,B01E46BFJU,4.630753
A13QONG1RD57UW,B018PD0F9E,2.9629388
A296HV17AZ10V9,B00K5D7IAC,3.4327285
A2PBXQTE07LEFY,B014VPZHCU,4.7650027
A244SL0KDS6TL0,B0157RBC16,4.196737
A1GXJZGFR0BPJH,B00JTS1TPE,3.7564332
A1SKQ5W90YXHF4,B01HDF9IKM,2.5546076
A24NC3WOFW7LHT,B00UZSTI28,4.326933
A3GWE80SUGORJD,B00629WWJ0,4.744945
AZRPAHQG1VHR0,B01DWF3ZHE,3.960223
A414YEU57FUHJ,B00PBA6QCU,4.5894704
A37KLLG8DXL5J7,B01EAYV5P0,4.0887547
AXX9S5UGOEZR9,B00KZ41KGY,4.060694
A19GA74ZCMMYPM,B0150GDK5K,4.0137124
A272PNE7D26JA7,B01HHJZ3EO,4.4960136
A1CGSOXGAEK30R,B018UQNDOK,4.021364
A1HHSUAQDZ1XM6,B015JQUCU2,4.052762
A1GXJZGFR0BPJH,B01EIB8K9E,4.69461
A22IR36BR0UCVB,B00DPNS95M,4.8276324
A222WQ9VGVPSR5,B00YT6WRQQ,2.6803715
A36PA4XPATJSKX,B00KQS1DJ8,4.2941413
AA9PKGS1AJS9V,B0100BOE7S,5.384126
A3FA93L7JWESR,B01A3H9YOC,4.9062486
ADHBG0CRBVUL1,B01E2H3M1A,2.336424
A2X6LA6IS2C32K,B00F3L4KIE,4.795306
A1HHSUAQDZ1XM6,B00QR33XQ2,5.107335
A2EVKNQ71UULXI,B01BS4Z7IQ,3.9859555
A26V5ROE0OZCDA,B00ENTIAJM,1.6949924
A69JQYYIUQFQL,B012YHT12E,4.305054
A31G4MNGZNYSZI,B00O4GUH1S,4.5400295
A3DA91KQ8UQ76Q,B01F5KX678,4.7355533
ASZ8NR9HIZGJF,B00QIQNWXW,4.781607
A83C3F4X0U3ZW,B00HLIYVPE,3.0301616
AYX4FFM42UGTM,B01FOFAVZ4,2.8918786
A2KVGS0V3LJKA3,B00IXYJ0C4,3.6004202
A2KS7XM8Z13Y78,B010189NMG,3.5455341
A2LLWCQVYKYF0F,B01GU8OI8U,0.44150224
AALCQ67H5TY5L,B017QSL2U0,2.9092467
A2M1PNKPRUCQYL,B00UI5G3CQ,2.6632304
A1FCMIVQTWHYH2,B01HDLC4C0,4.143144
A3SIG6AK2XVJ13,B01DFMO1S6,4.1660175
AIKGKUGNQ6L2F,B00W2TD572,3.4079313
A1A085EGL86PB,B01GLZ0V6K,4.14283
A28GRFK2F3TMWE,B019B6WUGU,3.9965508
A3JONP3MGSSP0F,B00OWIQH5I,3.1731703
A1O206EET8BDM4,B013YR9IFS,4.9192023
A3V9J8I5FHAH19,B01AWPTL0W,1.989664
A2G9YADU04XBHA,B00GQQPU4I,4.065375
A20XM6F911RIDE,B00ABLJ5X6,3.6548102
A30EXJZTDRVDJR,B01CYTLPPI,3.2918303
A10IOT56F4GM85,B0145JMH5M,1.7838069
AXVDFGI9OEIVK,B00GRAZD3G,5.041229
AY9AIGZKJYC6T,B01GYPQQRU,2.7091556
A13QONG1RD57UW,B01ACB72TS,3.9343064
A1CLGNWRCE4QKB,B013GZOXPS,2.6268911
A3V9J8I5FHAH19,B019VJ697I,3.3931894
A116GL1WSBL31P,B01EKIELGG,4.1740093
A2GO4VWZWTL7ZC,B00NS79DMS,3.5520234
A35SD76E2TSGP9,B016TG5V3E,2.1797063
AW16PJHZIQPA5,B00OECC9VS,0.48718962
A10IXICTN64ZSV,B018FM3E5M,3.251871
A2LEDCD5NGDPL5,B00LD6IYUS,4.583121
A4YSGLUQJP68Q,B00H8Q5AGI,4.19802
A1NAXYNAOGJIGN,B018RFX3LC,5.9043555
A18EEC1ENOT9YN,B00S58YGCC,3.834636
A1PSGA348YRV67,B00WLQ8QRK,1.5280296
AQR5TV897ZGKZ,B00V8UVHFS,3.1295617
A23Y4UGTFDMZOP,B01FP256UQ,4.8055077
A1Q3SVFIAWX5YN,B00HND2ES8,4.2197075
A2B42XZI4MXOLX,B00FA0SCM8,1.8536978
A19T1A4TS1WHOZ,B01EYUE4DK,1.5994521
ADT3692HEYU4S,B00Q6Q5ZP2,1.7748203
A31JVB1Y1HXN5I,B01FPJ0DMU,5.002901
AUII0MVONK1A1,B01DWW6H6I,4.5252185
A3SMTE1XV2GC78,B00HTJJST4,4.9943714
A1ACUN6A2LYVMW,B0149IDQV8,4.3751235
A18EEC1ENOT9YN,B00TEB4HAU,3.9332912
AE7Z94S1URTXL,B00NYISFXY,4.353964
AAADYWOGSQ758,B00XTEMJR6,5.2548885
A1LL39K926QN1V,B00OHNCCYI,5.7078843
A1TR7SQWWLREQR,B01GYPPNYC,2.7954786
A2WQZ6RF0O4XER,B010ZFRUQQ,4.91948
A2AGAA1B2ORZW0,B01GBYFK1C,3.5504987
A16NOA3DB7G1SR,B01EGL8HXA,3.705085
A2BEDL4QXLEE3S,B0104OFHEK,5.054666
A2Q7R5EUKTKURJ,B00IJ4K752,4.133316
A3CAIZ5D023DAO,B00L6YJ6AE,4.389708
ASI65UKWLTDJQ,B00OQY2X06,2.6487277
A3LNU5OKNIZV21,B01FDI8UWS,2.3236058
A1QFKWSZFO0AOH,B007SCJ1RG,4.9323435
A225LKCZR6KH1Z,B018JP6WE0,2.538811
A37D3BRKS7OO2L,B01CBM44Q0,3.2439091
A3H7J5POTR9TZW,B00CQUW9YC,2.7698228
A1ZPW21ZBSDZ10,B00O3V6PWY,4.650099
A2LAII96I1O1IY,B01BO8423M,4.510807
A1FEZ774RWJOU,B007GSO4XS,4.3667054
A36CNQTLRIL6LM,B01B52FWAY,2.2454743
A1WUV5NNBO97B6,B00NMVS01K,3.7888632
AQFF452SVDF48,B00N05R8GG,2.7564187
AGBGV16NY06FW,B00I8PT41A,4.779999
A353K0UEDMX3PH,B00JJUZ1W4,4.504683
A3E4H5A1X8NJRR,B00VRQNK58,3.3054435
AB5DP7AM479QJ,B00G0TI2I2,2.4636598
A2EAKYR4AEJU69,B01835JNDI,1.9620517
A3VOJUZV0MRGK,B01DJB7XZG,4.4323535
A2HESNQJZ9OB7H,B015Y80IGS,1.2780396
A287J5FTWL99W6,B00H67YGUK,3.5877318
A1K69VHP8LH96J,B00957XZFG,4.279769
A2M1QYOWLBGRHT,B01DFVOP74,6.0279136
A36I3TGCTO1NHQ,B01DRXCPXG,3.2869143
A1P44JJW47E6QN,B019LOFJE2,3.9392803
A15EMPO8TCH2RB,B01GBMRQH0,4.928493
A1ODI3DRI04JZO,B015BBZB1K,4.5421705
A1FCMIVQTWHYH2,B01HDKFB44,4.143144
A3H1TO48SUIM54,B01HCB4LFE,3.5355494
A2S5EPJ451WL3I,B01G68FXZG,4.5305786
A2C7W167DVNUKH,B01FBZXSI4,0.57956433
A2CZKERY4LUBVI,B00UOFS9QS,4.322962
A1B5MN8PY0JIJQ,B00XB6M0OY,2.179936
A15Y3Q6XIXTGKU,B01D5CAQ1C,4.4075646
A2RWL2UG5PAFAZ,B00LS610HC,4.1524916
A1K5D34E308RSD,B01CXRI0W2,5.216043
A3QU0T2MAJ2VJM,B01BFF1FOS,4.129449
A1LEP3FM28J5RB,B016M0D3GO,3.8571146
AK3LIR1TVZFVZ,B019G904RE,5.599622
A1ACUN6A2LYVMW,B019YNUQ0M,3.823179
A1YS68EIVIMORY,B00ARFOGQ2,2.7497716
A1E29AF1LT9N6S,B00K1MS0NQ,3.489403
A1P44JJW47E6QN,B01A4ST18E,3.3927479
A31W0R6O8EM6V6,B01FV7OB5G,4.7848577
AYUTCGVSM1H7T,B00AXLV0CI,5.266763
A2VSI0RDFNNBEU,B01DKRP6RG,4.437487
A3LR0J8MJ3Q6SI,B01BMODWY8,4.780267
A1PT92FOG5ALFB,B01CWZH814,3.138111
A1TVJ9WDRP0UZS,B011AKJH0C,2.9581573
AGD9CPEWV61AG,B00JQS5FIO,4.75751
A3SMTE1XV2GC78,B00I1VX9YO,4.6869082
A253ZKSZTAZ8W7,B0098AUF7G,4.2933598
A1P44JJW47E6QN,B00AXLV0CI,5.027013
A2PBXQTE07LEFY,B01BHE3H1G,4.803213
A1FWLM5208ESO4,B01D27RNDO,4.2116237
A28U98HYYE5DR1,B00O3V6PWY,4.117205
A3EJDCT3TAEC2,B00TI0T5IQ,4.6887937
A3FA0RACII84DP,B00B3DROPW,3.7556248
A31PEOCXMVP4X4,B00QZHHE7E,4.51002
A2539ZDDALTYR7,B0050YUL0A,4.156516
A2OCN5Z5Y8E8XJ,B01ETJABRE,2.9596097
A32TX5VFAQALG5,B018CHA4GM,3.9656508
A2UJTG9XC4KISL,B00HTJJST4,4.2173696
A2C3N49XB5K19C,B01EAYV5P0,4.967689
A2YJ8VP1SSHJ7,B018P7B0NK,4.947426
A3H1TO48SUIM54,B00O4GUH1S,4.0143976
A1NL7G5VN45RDW,B018RU9G0O,5.268509
A1VA2I63CK09BU,B0143PGMCC,4.241806
A2YJ8VP1SSHJ7,B01DL6EQC2,5.163481
A2MXJZ75PBWCI9,B015L2UR1S,3.9518692
AV6ORIR1JV86P,B01DJI001S,3.7572343
A2PJCE1T0AXDD3,B00XIHMD2K,5.0052056
A2RU61YN9M0IDQ,B0161EFLCK,3.84785
A2FR370CNM7L9,B007Z4WSOK,4.8937993
A253ZKSZTAZ8W7,B0161EFLCK,4.5005984
A30DBF16JX73UA,B00NEON2WC,6.100475
A5KRI5P7KR7SK,B00DPNS95M,2.8420782
A3DQRNADNQWG6H,B0100BOE7S,4.5567737
A3OQ0WU2ZHM5J6,B00NLLP3MU,2.6841426
AAO6QIF5RUMS2,B01CNZ73DG,4.4368343
A2B9C3FMYW18UN,B018BJKTPC,2.3023167
A1K69VHP8LH96J,B00DRFQRIO,4.91816
A21TSBBTF0DMG5,B00BZF0H6G,2.6264277
A8YJFGILC2W38,B018BL1LIY,-4.4914556
A3KFTHKGVC63SL,B00C44H0OE,4.7967
A64VNUAXNX8VO,B00VOYNKM6,2.195315
A37P6T3YZ8KY2F,B00MX7NP1Y,5.802604
A3C713428J4MJ7,B01BU7PHA4,3.3127103
AC10C3YIUN8LO,B00CQWDQA6,4.2485113
A2MK1L1Y74WTWH,B00Z7Z2A6A,2.2355032
A142HAT43L5W4W,B00I1VXA3O,2.0931187
A3O6Z1T0IZ3NT,B00U9U223Y,3.7441754
A1CLGNWRCE4QKB,B01520Y7N8,2.2147768
A32TX5VFAQALG5,B019AJC8DS,3.9647143
A3N9UT7F50XA6L,B00WDXUE6W,3.4639065
A1UH603GXL3ER2,B01HCB4LAO,2.9846847
AGBGV16NY06FW,B0150C55HA,3.6568038
A1K3WZMHNUDZ6N,B01C8CLGR8,4.309613
A1A6ADR8JG12KQ,B006Q1V2XQ,5.584935
A35JGHMCMZIMW4,B01DE64GJW,3.9554684
AJ5I39GJSGSZW,B016MWT1XQ,2.1829576
A38TZJEVGI7OJN,B00WCD5GYS,4.1195383
A2XKX5TBB6WV00,B00WNCHJF2,4.0000153
A1JMSX54DO3LOP,B00UMHJAOS,2.5557292
A3PYB2CTKK93MG,B00D53OFPA,4.4773846
A16E3LZGPATT2,B011TI8CTW,4.7829146
A3P2ROGJMLVZHN,B00RC6JVDC,3.9761097
A3JONP3MGSSP0F,B004UHYPZK,3.225655
A2ESCA4MLAK1QF,B014BR4A3A,2.918158
AYDMB9RBJMTBR,B0096SJLAM,3.6730902
A1DJY8WVWPJ2H8,B01CSNZ15K,3.7281506
ATTQEF12BAZNC,B01FOEQRNA,3.430757
A326085M0DK10B,B00DRFQRIO,4.016088
A1LEP3FM28J5RB,B00MT3H1VC,5.5524473
AWPBNX7NCVR0D,B00Q5OG0RM,5.9895754
A2BC67IP5E7QC1,B003KRP2VW,4.3801036
A34FGMJ3K5O6GT,B0065KX8P8,4.606218
A69JQYYIUQFQL,B0184I7L1U,3.7213118
A23GRXCXQU3SM8,B01EQ2S2UM,3.030561
A1FAJ6G0KD5ASM,B00NXFPENW,5.974035
A2MX7TA6LI8I4K,B018FNBE26,4.866231
A2RO8I1XUKKUU7,B01DV399Y0,4.382586
A1FI0I69UHS22T,B01ADL8LZ6,5.7857485
A2GO4VWZWTL7ZC,B017DPEEUG,3.198919
A2EVKNQ71UULXI,B01DYXP2LQ,3.213102
A2SNF7VCKMYTDF,B00MQHIEKI,4.174093
A2GO4VWZWTL7ZC,B00X7R3DFM,1.8540758
A2S5EPJ451WL3I,B006PYDFTI,2.9618418
A2WEE1PU5NZVJQ,B019G904RE,3.762379
AK3LIR1TVZFVZ,B00ZYX46P8,4.614129
A3E4H5A1X8NJRR,B00A9FYVXS,4.0233846
A31R64J645RAC6,B01D7GSS70,4.6854796
A2G1P9M0BN9BQJ,B014RCH66M,4.6394715
A3PATLW8T3PQV7,B016G5T1CA,2.974065
A2AI4R4JQ6Q772,B01AWS518A,4.8102155
A1SH6H9ZY9AJV9,B016PKYGGC,4.3815846
A3CBZUOAQ1LBU5,B00NJ0Q0SY,6.2746587
A1FWLM5208ESO4,B018BL1LIY,2.8281603
AH85UZ876V6OW,B00ER8D5U8,-4.4914556
A2DEMVB5J42NGI,B01H7HMP1U,4.356235
AH85UZ876V6OW,B01DTRFUY6,-4.4914556
A3AN1E7K5WXIXK,B01EJ2BV0W,4.980126
AYUTCGVSM1H7T,B00MX4LMT4,4.97913
A1E614LDQVKOYE,B01ECK9V12,3.9563248
A2IUIOTFRZHGLD,B00IBF3PJ4,4.0472403
A18EEC1ENOT9YN,B00D9CMLNA,4.8929
A2G9YADU04XBHA,B00WTCSTKA,0.722443
A1UH603GXL3ER2,B0100BOE7S,3.3714886
A1RL1Q5LPSFZL6,B00K9W0F9A,3.216522
A1L6F7EDB5NVUO,B01F5KX678,5.2718554
A1ZDSAPOGRGBJI,B00DRFQRIO,5.3820367
A1Q3SVFIAWX5YN,B01AYAD74Q,3.3901844
A2V06QC9Y4ZL0E,B00XCAOXI0,5.6645784
A15EI56DL57DZC,B01DUP0TL6,5.2053876
A2G45Q8V20R779,B00TIUEVL2,3.4033654
AFWX7LUD88GFR,B00IXR3JLE,4.297537
A2BOKBB1IZA13L,B00T6HTQTY,5.4070773
ACATGMB8JTGU9,B0165I3VSS,3.5455728
A3H38968JZF6VK,B007BVNF4O,3.7260585
A369BMHORFPL0O,B0190HN0DM,2.3653057
AUJKYWUK14BZ2,B01F483E64,1.8279079
A1K3WZMHNUDZ6N,B017DSORBE,3.8248076
A3ANLUEKJBC1IZ,B0174PTMU2,1.9775642
A1VA2I63CK09BU,B00K395P12,3.8783767
ALFGUMMTD7M4R,B0165WFX2Q,3.9857695
AUI3XAZ1513SI,B01D2CC1EU,3.0376873
A1DJY8WVWPJ2H8,B007PPJOGO,3.9370334
A1NE9CRAQ0WUV,B01EO6IIM2,2.0306818
AYX4FFM42UGTM,B00XIHMD2K,5.4114304
A3TC60MGLW1I76,B00EHSUFD8,2.136003
AGE0YGLF7L2ZL,B014LQ18CW,3.463143
AT2ZB20OCU7X2,B00ZRDPPU0,5.1448617
A1ACUN6A2LYVMW,B01EKIELGG,3.9154432
A1BOK1EC36Q0WV,B016XBDENO,4.7191978
